id_vuelo,id_recurso
12,127
13,269
14,208
15,347
6,102
16,343
18,104
17,85
19,91
21,334
20,87
22,259
24,95
25,54
3,254
27,208
23,267
28,35
26,212
30,219
11,285
32,304
33,260
29,194
34,3
35,267
37,239
38,147
36,239
39,162
40,173
31,283
10,319
4,215
43,79
1,39
5,31
7,252
44,90
2,171
45,329
46,333
47,330
48,13
49,193
50,299
51,177
52,31
53,27
54,283
55,179
9,17
56,223
42,41
57,84
66,297
8,274
67,124
69,214
68,142
70,245
72,13
73,69
74,250
75,321
76,138
77,247
78,29
79,237
65,115
80,168
71,47
81,246
83,297
58,168
59,288
84,129
62,337
82,336
63,115
60,81
64,188
61,265
94,60
95,29
96,172
97,195
98,8
99,145
100,11
102,193
103,342
104,256
89,341
105,191
101,36
106,146
109,23
108,51
107,338
110,97
111,99
112,168
86,25
85,223
87,228
91,300
90,208
92,254
88,321
114,98
115,47
116,132
117,261
118,256
113,339
119,139
120,260
121,140
122,296
123,216
124,7
127,206
135,245
130,91
41,156
137,158
134,224
138,220
139,140
141,240
140,146
143,97
144,145
136,195
145,252
142,278
147,304
148,293
146,184
131,225
126,150
128,324
132,41
152,107
125,4
129,47
151,210
153,329
154,54
150,105
155,197
156,131
157,194
133,278
159,6
160,125
162,26
163,27
161,170
164,328
158,28
165,233
149,254
173,274
175,132
169,218
176,97
177,34
178,343
180,197
179,77
181,93
183,57
184,164
186,325
182,129
166,77
171,16
167,137
172,240
168,278
185,2
174,221
196,63
197,220
198,30
193,102
200,314
199,349
170,233
201,1
191,43
202,314
204,118
203,341
206,105
207,136
205,117
208,73
209,265
192,152
188,99
187,81
195,109
190,263
194,108
189,257
93,177
221,326
222,128
223,153
224,239
225,233
226,175
215,246
227,311
228,39
230,258
229,7
232,46
233,161
231,307
213,170
214,245
234,128
218,350
217,165
236,56
239,51
240,157
238,178
241,346
242,229
244,50
245,271
243,198
246,282
247,116
248,323
212,77
220,3
251,238
219,159
210,175
211,316
250,144
249,181
216,318
237,196
254,317
256,98
255,262
257,62
252,259
253,175
235,95
258,304
259,87
261,258
262,242
260,196
263,311
264,16
266,276
267,45
268,344
265,270
269,293
270,10
273,245
283,95
284,98
282,310
285,51
286,282
287,124
288,213
289,285
290,266
291,131
292,138
293,283
295,282
296,317
294,148
297,297
274,43
275,268
276,94
272,48
277,165
299,177
278,337
279,350
280,130
281,90
271,224
300,270
303,226
302,285
301,211
304,104
307,316
306,308
309,138
310,107
305,187
311,324
312,98
308,234
298,242
313,183
315,284
314,16
316,26
317,63
319,214
328,251
327,261
331,146
329,262
330,28
332,226
333,136
334,122
320,60
323,110
324,349
321,64
325,38
322,38
318,118
326,166
335,191
337,211
338,251
336,138
339,188
341,65
342,258
343,146
340,144
344,4
346,278
347,245
345,73
359,203
360,177
353,73
361,208
362,257
363,187
348,248
354,203
355,83
349,80
356,300
357,103
350,172
358,94
351,306
352,63
364,26
366,3
365,344
367,279
368,138
370,188
371,61
372,261
373,198
374,217
369,2
375,139
376,43
378,66
383,119
388,51
389,221
390,165
392,323
393,337
394,269
395,301
391,108
398,350
397,213
399,161
396,242
401,316
386,149
400,64
404,295
403,94
377,337
405,341
379,301
380,265
387,309
406,293
408,94
409,336
410,317
411,191
407,5
412,41
413,207
415,157
385,174
416,57
417,167
418,29
382,204
384,275
402,19
381,71
414,105
430,302
431,112
432,192
433,113
434,270
435,309
436,293
437,63
424,148
438,165
439,217
440,166
441,326
442,179
444,341
428,291
429,151
443,282
448,327
449,139
427,276
447,112
451,15
450,168
452,141
453,54
456,195
457,329
458,47
455,328
446,21
454,144
459,164
460,117
461,29
419,318
421,216
466,273
468,266
445,88
469,341
465,347
470,53
471,315
472,111
467,7
474,235
475,312
477,63
478,312
479,140
480,6
425,86
422,12
473,272
462,98
420,106
423,178
481,48
476,40
464,78
463,118
483,81
482,33
488,314
489,260
426,340
487,316
486,68
484,275
485,253
501,151
502,102
503,74
504,268
505,53
493,77
507,165
508,147
492,292
510,204
511,70
512,226
498,327
513,102
514,178
490,274
496,332
497,262
500,23
506,84
516,254
519,316
520,62
521,29
522,93
523,77
525,139
518,269
524,288
517,134
515,133
495,211
499,227
509,229
494,303
527,268
491,21
526,138
529,278
528,58
531,237
537,38
536,122
533,337
532,224
538,182
530,331
540,334
539,225
541,29
542,174
534,140
535,181
543,232
544,111
545,20
547,185
546,186
548,51
549,209
550,163
551,304
552,211
553,276
555,75
556,290
559,24
558,29
554,264
560,65
561,319
563,272
557,221
564,236
568,168
574,302
573,58
565,274
575,240
576,222
572,175
577,37
570,30
578,284
579,74
580,340
581,196
571,164
582,280
567,148
583,265
569,172
587,248
562,205
588,330
590,16
594,4
595,94
596,67
597,285
593,59
592,240
589,91
584,29
604,176
605,68
600,134
591,301
585,124
606,33
566,261
602,250
586,71
609,204
615,341
614,253
610,215
613,192
616,216
607,21
612,161
603,169
601,17
617,291
620,75
599,20
619,308
621,56
618,240
611,297
624,264
622,328
625,350
598,321
623,156
608,99
626,331
627,262
628,207
630,12
631,92
629,18
632,102
633,10
635,210
636,194
637,47
638,312
634,48
639,85
640,256
646,56
652,16
653,310
654,113
655,14
656,241
643,131
657,350
658,5
659,96
661,87
662,275
663,6
665,317
664,51
649,95
650,226
642,227
647,13
651,164
648,245
660,27
669,177
644,227
668,35
667,209
645,304
666,130
641,306
672,341
673,156
671,22
674,273
676,286
675,117
678,150
679,140
680,299
682,349
681,165
677,154
670,123
694,40
695,313
696,266
697,29
698,106
699,338
700,335
701,300
702,47
703,248
704,122
705,335
706,226
707,162
708,193
709,93
688,54
710,133
711,179
689,50
690,199
683,281
684,126
685,209
686,6
687,174
693,305
692,34
712,239
691,204
714,317
713,209
715,36
716,232
717,74
718,25
719,73
720,178
721,195
722,146
724,29
723,91
725,20
726,205
730,193
731,131
740,60
741,312
742,245
739,139
729,246
744,337
745,312
746,187
748,235
749,210
747,120
743,235
751,282
750,243
752,35
753,22
754,178
727,195
736,48
758,111
759,67
760,202
761,342
735,27
763,338
762,272
757,180
765,151
766,103
764,75
737,33
767,204
769,89
768,258
770,225
771,228
772,277
773,256
774,181
734,173
728,54
756,290
733,184
755,136
738,173
779,177
784,224
785,138
787,245
788,274
786,26
776,255
790,323
789,62
792,189
791,262
794,69
793,118
795,216
797,264
796,295
780,308
778,19
781,148
777,101
798,339
775,297
783,336
802,136
801,26
803,127
804,332
805,46
806,182
808,24
810,313
811,146
813,325
809,34
807,203
814,226
815,40
812,197
800,39
799,65
818,1
820,258
819,100
826,201
827,317
822,268
828,138
829,244
831,148
825,163
833,347
834,168
835,202
830,188
837,77
838,238
836,260
839,190
842,288
843,245
844,335
832,240
817,253
840,192
821,344
823,25
824,316
845,165
846,89
841,234
848,273
847,119
849,181
851,278
850,75
852,70
853,339
855,47
816,39
857,98
858,189
859,327
856,301
854,272
860,15
861,311
863,48
864,240
862,198
865,127
874,160
875,101
876,302
877,242
878,42
879,146
880,287
881,206
882,244
883,39
884,109
885,117
782,334
886,173
888,79
889,327
869,285
890,193
866,153
872,48
867,199
891,305
868,348
873,330
871,340
892,348
870,220
893,253
894,38
896,88
887,190
895,92
897,156
899,42
900,67
903,18
898,261
905,202
901,86
902,238
904,115
916,198
917,67
918,64
911,318
919,120
920,19
921,267
922,244
923,116
924,55
925,150
926,78
928,322
929,212
927,128
906,289
932,209
933,152
934,343
935,222
915,90
930,263
914,279
936,208
931,12
732,343
937,219
938,336
939,76
940,313
941,198
942,215
946,227
945,29
908,103
943,163
909,294
907,279
944,340
910,241
912,78
954,88
949,191
957,109
956,294
959,197
960,117
955,267
962,139
961,118
963,71
958,183
966,267
967,154
964,229
968,45
969,143
965,211
971,74
970,54
947,302
950,58
952,154
948,249
953,239
951,6
972,124
974,302
973,329
975,335
976,156
978,68
979,256
913,239
980,304
982,180
984,223
983,191
985,40
987,184
986,11
988,131
989,3
990,44
991,142
992,158
993,216
994,86
981,255
998,242
1006,329
1001,135
1005,269
977,241
1008,64
1007,34
1011,4
1009,135
1012,181
1014,149
1013,65
1015,84
1016,112
1010,333
1017,103
1019,64
1018,290
1020,26
995,306
1022,228
1003,126
1004,304
999,257
1002,62
1021,164
997,46
1023,167
1025,187
1026,68
1024,100
1000,219
1027,160
996,339
1028,279
1030,144
1032,168
1031,304
1033,216
1036,152
1035,178
1037,75
1038,168
1039,54
1040,195
1041,231
1043,65
1042,246
1034,200
1048,31
1047,26
1049,72
1051,97
1052,102
1053,241
1046,134
1050,114
1054,35
1055,21
1056,29
1058,346
1059,174
1060,18
1061,40
1063,196
1064,147
1044,315
1029,59
1062,233
1045,251
1057,146
1071,24
1065,321
1072,246
1074,163
1073,33
1075,340
1077,309
1076,38
1078,164
1080,158
1079,27
1081,272
1082,97
1083,147
1084,229
1086,282
1068,76
1087,143
1089,290
1088,61
1090,96
1091,137
1092,120
1093,338
1094,284
1095,186
1096,209
1097,112
1098,340
1100,8
1085,300
1099,270
1102,299
1070,178
1101,59
1069,346
1066,306
1103,46
1067,16
1105,95
1106,73
1108,118
1116,179
1117,87
1104,141
1120,159
1118,210
1119,338
1122,240
1121,228
1125,223
1124,198
1123,223
1126,51
1115,54
1127,125
1128,139
1129,65
1130,224
1131,43
1132,132
1111,230
1107,106
1114,43
1112,141
1109,28
1110,326
1134,1
1133,68
1135,49
1138,177
1137,219
1136,104
1140,166
1141,220
1139,109
1142,23
1143,246
1144,215
1146,232
1145,130
1147,286
1148,331
1113,8
1158,302
1153,300
1159,249
1161,111
1162,241
1164,70
1163,210
1165,60
1160,27
1166,126
1167,325
1171,340
1170,32
1169,288
1168,18
1155,34
1149,30
1154,266
1156,315
1150,51
1157,38
1151,169
1172,43
1152,187
1173,296
1174,27
1176,29
1178,212
1177,58
1180,13
1181,244
1183,100
1182,181
1184,317
1186,335
1187,337
1175,20
1188,297
1189,257
1190,232
1191,329
1192,158
1179,109
1193,318
1194,43
1196,132
1185,179
1199,140
1197,77
1195,239
1198,175
1200,302
1203,127
1202,297
1201,143
1204,12
1205,206
1207,71
1206,169
1219,141
1220,313
1221,70
1222,341
1223,123
1224,203
1212,270
1225,1
1226,119
1227,255
1228,140
1229,178
1230,327
1231,14
1232,24
1208,338
1235,344
1234,176
1236,10
1213,245
1214,284
1215,96
1209,81
1216,224
1217,25
1211,284
1218,200
1233,345
1237,68
1238,197
1210,253
1240,137
1241,95
1239,157
1243,206
1242,295
1244,87
1246,143
1245,229
1247,15
1248,46
1249,155
1261,231
1260,283
1262,245
1264,18
1265,274
1263,270
1266,248
1257,155
1269,84
1268,8
1270,270
1272,191
1271,234
1273,62
1267,109
1274,53
1255,321
1256,73
1258,64
1254,280
1280,334
1279,236
1281,196
1283,320
1282,2
1284,300
1287,278
1285,125
1288,269
1290,145
1286,76
1291,304
1292,225
1289,146
1293,78
1275,81
1259,70
1276,119
1277,57
1278,107
1253,245
1302,320
1252,268
1303,66
1305,163
1250,138
1306,66
1301,77
1308,57
1310,200
1307,221
1311,88
1313,238
1314,69
1309,7
1312,309
1304,161
1251,186
1315,209
1295,88
1296,81
1294,195
1321,181
1322,280
1323,247
1324,313
1325,189
1326,94
1327,139
1328,63
1329,257
1319,94
1330,169
1331,335
1333,108
1334,113
1335,266
1336,260
1337,320
1338,18
1316,143
1320,252
1298,55
1332,101
1341,25
1342,289
1343,328
1318,192
1344,50
1345,178
1300,176
1346,102
1347,287
1348,83
1349,47
1350,181
1352,247
1351,101
1353,287
1354,140
1355,303
1356,154
1360,41
1361,108
1362,104
1363,346
1359,272
1365,285
1366,286
1367,182
1364,172
1299,201
1368,219
1369,321
1371,82
1370,50
1373,144
1372,11
1340,1
1358,111
1357,23
1297,275
1380,265
1317,250
1381,13
1382,2
1383,226
1385,7
1386,138
1384,340
1387,76
1376,91
1388,88
1389,350
1390,280
1393,255
1374,122
1379,177
1397,326
1398,112
1377,165
1378,280
1391,67
1392,217
1394,141
1395,316
1375,19
1396,277
1400,84
1401,271
1402,225
1403,66
1399,150
1405,324
1339,33
1406,343
1404,338
1409,232
1411,91
1407,269
1408,221
1410,205
1420,43
1415,332
1422,286
1423,279
1424,26
1425,290
1426,269
1427,105
1428,282
1429,281
1421,82
1431,143
1432,306
1433,60
1414,321
1413,24
1437,237
1430,157
1439,64
1438,64
1412,187
1417,92
1418,243
1416,25
1441,298
1442,222
1443,56
1440,122
1444,347
1445,299
1447,236
1446,287
1448,158
1434,319
1419,45
1435,96
1436,121
1460,165
1461,155
1454,165
1462,51
1463,224
1464,99
1465,222
1466,1
1467,325
1469,127
1468,212
1471,333
1470,78
1472,273
1473,269
1452,99
1476,252
1477,274
1475,156
1453,109
1455,70
1458,269
1456,300
1457,83
1459,188
1449,102
1450,149
1451,107
1474,337
1478,292
1479,318
1481,190
1482,226
1480,207
1483,306
1484,196
1485,349
1486,161
1487,276
1489,335
1488,300
1491,186
1492,325
1490,252
1493,233
1494,74
1495,21
1496,185
1497,259
1498,293
1499,251
1500,10
1504,215
1511,345
1512,6
1513,68
1510,56
1515,124
1514,284
1516,65
1517,89
1520,104
1518,1
1521,198
1522,186
1524,64
1523,346
1525,292
1519,15
1505,168
1507,79
1508,190
1506,208
1532,262
1533,281
1502,23
1534,119
1535,192
1537,148
1536,301
1538,24
1539,119
1540,167
1531,299
1542,1
1541,5
1543,110
1544,178
1545,293
1547,21
1548,149
1546,135
1549,61
1550,285
1551,152
1553,46
1509,113
1528,118
1503,181
1526,94
1529,301
1501,144
1552,14
1530,164
1527,139
1555,187
1554,304
1566,81
1568,239
1567,114
1560,149
1563,293
1569,87
1571,279
1572,28
1570,79
1573,241
1575,340
1574,38
1578,257
1579,257
1576,237
1577,70
1561,216
1556,212
1564,100
1562,246
1565,183
1557,51
1558,302
1580,273
1559,342
1581,344
1582,279
1583,128
1584,25
1585,21
1586,138
1588,189
1589,35
1587,23
1590,91
1592,31
1593,286
1594,247
1591,98
1595,14
1596,55
1597,315
1605,123
1609,175
1601,148
1611,175
1610,259
1613,62
1614,104
1615,257
1616,284
1617,258
1619,144
1618,281
1620,219
1621,39
1622,330
1624,201
1625,319
1612,171
1626,325
1623,256
1608,320
1604,292
1602,30
1603,293
1598,170
1606,314
1600,263
1627,218
1628,229
1607,191
1629,328
1630,249
1599,346
1631,202
1632,158
1633,307
1635,169
1634,133
1636,20
1638,25
1640,67
1639,150
1641,299
1642,104
1643,129
1652,268
1653,45
1637,80
1656,334
1654,209
1658,74
1659,271
1655,43
1660,118
1661,115
1663,230
1662,51
1665,280
1664,55
1648,26
1645,261
1646,110
1644,138
1650,88
1647,79
1649,306
1651,194
1657,77
1669,40
1678,259
1677,17
1679,228
1680,293
1681,348
1682,121
1676,243
1684,15
1683,2
1687,227
1688,240
1689,300
1670,161
1691,182
1692,35
1693,246
1694,54
1672,33
1674,198
1690,45
1673,339
1666,185
1668,321
1675,155
1685,99
1701,345
1702,14
1667,258
1703,157
1704,247
1705,175
1706,186
1700,27
1707,27
1708,345
1710,7
1711,161
1696,165
1697,264
1713,105
1714,206
1715,247
1698,299
1699,124
1712,87
1717,86
1716,185
1709,244
1718,327
1719,119
1695,299
1728,311
1671,29
1729,36
1731,255
1730,195
1732,105
1727,315
1733,283
1734,210
1735,332
1736,82
1737,84
1739,15
1738,4
1740,256
1741,112
1742,210
1686,72
1720,26
1744,212
1724,39
1725,279
1743,201
1723,51
1726,336
1721,251
1746,301
1722,344
1745,248
1747,7
1748,39
1749,230
1750,283
1751,268
1753,164
1752,78
1755,208
1756,70
1758,347
1757,245
1760,193
1759,233
1769,295
1770,225
1761,196
1771,341
1754,235
1772,347
1768,157
1775,188
1774,115
1776,52
1777,187
1779,36
1778,307
1763,206
1780,15
1781,60
1784,233
1785,110
1773,45
1782,244
1783,54
1766,181
1765,319
1767,189
1764,155
1786,296
1788,98
1789,172
1790,162
1791,166
1792,290
1787,47
1793,302
1795,45
1794,175
1796,43
1797,332
1798,280
1799,340
1800,326
1762,262
1801,259
1807,62
1813,112
1814,241
1815,84
1816,32
1802,288
1803,5
1804,31
1805,298
1806,286
1809,36
1810,86
1808,105
1811,254
1817,342
1812,282
1818,113
1819,318
1821,129
1822,319
1823,110
1820,99
1824,349
1825,233
1827,225
1826,285
1828,320
1829,50
1830,225
1832,14
1843,168
1842,158
1844,47
1845,50
1846,272
1847,35
1848,9
1849,55
1850,84
1851,297
1853,60
1852,167
1854,103
1855,242
1833,1
1834,167
1835,126
1836,229
1837,52
1859,106
1838,55
1831,229
1839,279
1840,275
1841,171
1858,229
1856,161
1860,204
1861,68
1862,189
1863,137
1864,123
1866,39
1865,221
1868,65
1867,297
1870,42
1869,147
1871,134
1872,10
1857,337
1881,297
1882,340
1884,241
1885,125
1886,22
1887,127
1888,178
1889,169
1890,78
1883,269
1891,316
1893,194
1894,226
1892,216
1895,339
1896,73
1897,270
1899,78
1898,145
1901,251
1903,55
1902,291
1904,284
1906,215
1900,115
1905,25
1907,187
1908,188
1909,167
1911,231
1912,104
1913,213
1915,132
1914,46
1916,309
1918,61
1917,276
1910,304
1919,172
1921,241
1922,80
1923,329
1920,314
1924,211
1925,82
1926,201
1928,297
1927,321
1931,227
1930,169
1929,19
1879,85
1880,3
1878,312
1877,290
1873,286
1932,25
1933,197
1941,94
1942,227
1943,31
1874,233
1876,92
1945,345
1944,315
1948,312
1946,10
1940,327
1949,271
1947,337
1950,333
1952,138
1955,208
1951,198
1954,181
1957,227
1956,138
1953,26
1958,216
1937,65
1938,265
1939,37
1959,8
1966,120
1965,289
1961,151
1935,338
1967,134
1968,308
1970,192
1971,183
1969,213
1972,86
1973,47
1974,254
1976,191
1977,143
1975,326
1978,102
1875,313
1962,272
1979,92
1963,170
1964,256
1980,127
1934,219
1981,146
1936,188
1983,155
1985,127
1982,58
1986,326
1987,16
1988,310
1989,60
1984,191
1990,346
1991,166
1994,345
1992,75
1996,54
1997,160
1998,296
1999,338
1995,1
2000,259
2001,90
2003,261
2002,178
1993,130
2004,153
2005,150
2006,336
1960,33
2016,35
2017,83
2018,248
2019,347
2020,270
2021,93
2022,187
2025,101
2026,57
2027,313
2023,110
2028,287
2024,112
2011,269
2013,44
2015,299
2012,329
2009,157
2007,188
2010,9
2014,57
2008,189
2030,248
2029,308
2031,254
2033,122
2032,226
2034,177
2035,111
2036,267
2038,51
2037,64
2040,300
2039,58
2041,254
2044,243
2043,178
2045,197
2047,241
2049,147
2046,240
2048,144
2050,165
2051,54
2053,150
2055,169
2054,309
2052,83
2056,284
2042,214
2057,171
2060,78
2059,191
2058,264
2071,93
2073,148
2072,146
2074,296
2075,20
2076,140
2078,146
2077,311
2080,266
2079,86
2062,231
2081,170
2082,113
2084,273
2083,260
2085,170
2087,318
2086,171
2070,21
2088,323
2090,165
2089,227
2091,286
2061,176
2095,75
2063,186
2096,110
2097,113
2094,194
2099,299
2100,83
2098,183
2101,172
2065,328
2102,264
2103,335
2104,227
2106,43
2105,97
2108,160
2109,74
2110,236
2092,116
2067,93
2093,46
2066,334
2069,325
2068,27
2107,343
2064,348
2122,62
2121,107
2123,109
2125,28
2124,138
2126,260
2115,194
2127,321
2129,182
2131,10
2132,66
2128,142
2130,342
2133,224
2134,239
2113,148
2114,87
2112,5
2119,149
2116,178
2118,331
2117,167
2111,274
2120,106
2136,74
2135,175
2137,154
2138,222
2139,283
2140,187
2142,92
2141,228
2144,227
2145,321
2146,322
2148,349
2143,104
2147,257
2149,133
2150,131
2153,183
2151,84
2154,337
2156,79
2155,263
2152,263
2161,47
2158,262
2167,31
2164,71
2169,250
2168,59
2171,63
2170,194
2173,33
2174,149
2175,88
2176,283
2179,125
2172,110
2177,234
2178,312
2180,72
2163,108
2162,181
2183,179
2159,114
2184,65
2185,226
2186,109
2188,318
2187,344
2189,158
2190,38
2191,155
2192,111
2193,171
2194,197
2195,336
2196,245
2160,93
2182,112
2181,47
2198,295
2166,38
2199,163
2197,160
2207,74
2208,36
2209,160
2210,259
2202,258
2157,70
2204,100
2165,212
2205,237
2203,329
2200,44
2201,117
2212,232
2222,238
2220,174
2219,253
2221,81
2223,106
2224,232
2225,87
2226,227
2227,7
2228,305
2229,308
2231,143
2232,303
2230,136
2233,150
2237,163
2213,186
2236,348
2206,320
2239,204
2217,104
2240,329
2216,69
2242,344
2241,10
2238,230
2244,344
2243,162
2247,330
2245,127
2246,101
2249,85
2248,292
2250,130
2214,297
2235,82
2234,95
2251,340
2215,56
2211,1
2253,173
2258,183
2259,176
2218,267
2260,292
2261,259
2262,24
2256,120
2263,104
2255,339
2257,347
2252,315
2274,110
2268,49
2275,72
2277,317
2276,218
2278,161
2279,287
2281,57
2254,185
2280,159
2282,49
2283,241
2285,228
2284,24
2286,233
2287,102
2269,188
2290,83
2271,214
2289,162
2291,312
2265,220
2270,78
2266,86
2272,291
2267,86
2264,304
2288,163
2273,39
2292,75
2293,152
2294,315
2295,73
2296,304
2297,312
2298,325
2299,233
2300,92
2301,244
2302,37
2303,316
2304,169
2316,217
2317,331
2318,344
2319,188
2320,324
2307,93
2321,278
2322,340
2323,104
2324,335
2325,34
2326,89
2327,233
2328,320
2329,250
2305,6
2306,53
2310,172
2308,304
2309,169
2313,315
2311,284
2312,65
2314,251
2315,230
2341,263
2342,113
2343,115
2344,278
2345,67
2346,97
2335,8
2347,297
2349,327
2348,26
2350,134
2351,144
2352,298
2353,53
2330,283
2354,332
2331,47
2332,70
2333,169
2334,222
2336,32
2338,134
2358,80
2337,275
2355,67
2356,128
2357,212
2359,58
2360,123
2361,282
2363,251
2362,315
2364,191
2365,239
2367,142
2368,341
2369,77
2366,155
2370,82
2371,211
2340,42
2339,146
2372,239
2378,31
2385,149
2373,274
2387,32
2388,272
2386,283
2389,13
2390,347
2391,111
2392,169
2384,128
2393,192
2394,14
2395,119
2396,331
2398,139
2399,337
2400,199
2401,274
2402,124
2397,112
2403,130
2404,280
2381,161
2382,69
2408,172
2409,320
2410,258
2411,330
2412,7
2407,110
2413,238
2415,47
2379,312
2414,268
2417,100
2416,190
2419,267
2418,251
2375,66
2421,128
2422,220
2425,91
2423,164
2424,267
2420,75
2376,250
2377,45
2383,330
2405,240
2429,213
2406,224
2380,188
2426,149
2374,292
2427,72
2428,197
2430,34
2431,330
2432,187
2433,237
2434,210
2435,120
2436,94
2437,311
2438,231
2439,216
2440,34
2441,168
2442,302
2454,210
2447,18
2455,142
2457,237
2456,277
2458,289
2460,34
2459,109
2461,164
2463,298
2462,22
2464,126
2465,182
2466,79
2467,150
2469,266
2470,311
2471,58
2468,40
2445,243
2448,119
2446,119
2449,99
2453,55
2452,254
2450,174
2451,252
2472,103
2444,41
2473,205
2474,2
2475,181
2476,82
2477,81
2478,191
2479,19
2480,318
2481,254
2482,189
2483,154
2484,93
2485,16
2488,261
2496,269
2443,182
2497,299
2498,138
2499,100
2500,268
2495,24
2501,227
2502,78
2504,343
2505,160
2506,45
2507,40
2508,107
2503,63
2509,256
2510,292
2489,315
2492,268
2493,6
2494,8
2490,110
2487,212
2491,218
2486,182
2515,293
2521,76
2522,246
2524,323
2523,201
2525,195
2526,249
2527,309
2520,326
2528,135
2529,242
2530,256
2531,347
2532,69
2533,304
2534,317
2535,54
2517,41
2513,129
2516,315
2514,284
2542,237
2543,209
2538,349
2544,350
2546,162
2545,57
2547,123
2549,169
2550,288
2551,152
2552,284
2553,119
2554,26
2555,278
2556,221
2557,147
2548,220
2558,317
2559,167
2536,285
2540,291
2519,99
2511,231
2539,196
2541,72
2560,268
2537,108
2561,280
2562,191
2563,108
2564,314
2565,150
2568,131
2566,296
2518,68
2569,266
2567,105
2572,265
2570,336
2571,149
2574,212
2573,265
2575,158
2512,222
2587,96
2588,249
2589,181
2590,341
2591,270
2592,329
2593,97
2594,330
2581,155
2595,165
2596,256
2597,228
2598,328
2599,30
2600,38
2579,331
2603,102
2602,175
2604,35
2585,110
2586,285
2580,317
2576,255
2577,21
2582,282
2601,264
2605,235
2606,191
2607,8
2608,348
2578,315
2609,68
2611,9
2612,99
2610,267
2613,10
2614,147
2584,137
2615,256
2616,244
2617,41
2618,217
2583,302
2619,49
2620,192
2622,88
2621,48
2626,144
2627,143
2625,232
2624,94
2623,100
2632,245
2628,209
2640,261
2642,133
2641,350
2643,128
2644,121
2646,195
2645,256
2647,36
2649,129
2650,13
2651,117
2648,333
2652,127
2654,216
2655,307
2639,64
2653,213
2656,54
2630,244
2636,136
2637,147
2638,188
2629,100
2631,280
2634,235
2635,124
2633,296
2657,237
2663,138
2664,198
2660,215
2666,267
2665,44
2674,306
2675,280
2658,269
2676,187
2673,206
2679,129
2677,319
2681,214
2680,342
2669,163
2678,284
2682,16
2683,273
2685,295
2687,212
2684,187
2688,194
2662,247
2661,55
2659,125
2668,288
2667,208
2672,154
2671,258
2698,297
2699,199
2697,70
2700,213
2701,331
2670,54
2703,54
2704,55
2693,288
2705,252
2706,19
2707,267
2708,29
2709,128
2690,339
2702,341
2695,94
2691,303
2696,28
2692,50
2689,83
2711,330
2712,295
2686,345
2714,310
2715,214
2717,263
2716,39
2713,201
2718,239
2710,38
2719,63
2721,62
2720,64
2722,167
2694,172
2734,45
2735,148
2733,304
2736,294
2737,187
2727,57
2738,99
2739,148
2741,255
2740,349
2724,15
2730,234
2731,119
2744,271
2743,61
2745,31
2746,327
2742,257
2747,101
2723,15
2725,283
2726,326
2728,173
2729,1
2732,284
2757,350
2759,26
2760,33
2761,50
2762,282
2748,245
2752,140
2766,332
2767,230
2768,202
2769,218
2770,124
2763,111
2771,179
2772,157
2773,66
2775,223
2774,153
2776,264
2764,38
2758,258
2753,157
2751,139
2754,39
2750,131
2755,125
2756,179
2749,215
2777,279
2765,308
2789,159
2790,140
2791,63
2792,79
2793,285
2788,15
2795,339
2796,81
2794,185
2798,247
2799,256
2778,276
2801,195
2797,100
2802,234
2782,63
2804,242
2803,228
2806,102
2805,290
2807,104
2808,306
2810,17
2809,235
2783,252
2784,105
2779,311
2785,235
2816,222
2818,20
2819,73
2817,215
2820,72
2822,27
2786,210
2823,106
2824,29
2825,308
2826,12
2827,243
2821,54
2828,112
2829,241
2830,191
2831,78
2832,186
2811,147
2812,17
2787,116
2813,227
2833,289
2834,321
2836,145
2835,197
2837,77
2838,343
2839,12
2840,159
2842,242
2841,280
2843,220
2844,151
2845,216
2800,319
2814,149
2780,252
2815,185
2852,99
2853,237
2851,194
2854,157
2857,228
2856,153
2858,212
2860,289
2859,212
2862,234
2850,88
2861,159
2863,179
2864,337
2867,52
2865,62
2866,292
2868,83
2846,117
2847,266
2870,102
2848,79
2869,161
2781,44
2855,313
2849,173
2871,272
2872,236
2874,9
2875,318
2876,253
2877,9
2878,36
2873,258
2879,290
2881,83
2882,198
2880,219
2883,71
2884,146
2896,102
2897,222
2898,202
2899,60
2900,78
2887,267
2901,236
2902,286
2903,223
2904,124
2905,66
2906,101
2907,312
2908,55
2909,290
2885,62
2886,37
2913,88
2894,314
2912,46
2890,200
2891,99
2895,74
2888,140
2892,232
2911,192
2893,216
2889,263
2910,136
2914,291
2915,344
2916,77
2919,70
2920,201
2922,157
2921,331
2923,217
2918,61
2925,160
2924,30
2926,3
2917,318
2927,285
2936,299
2937,31
2938,296
2931,285
2939,111
2940,153
2942,25
2941,236
2943,140
2944,183
2928,33
2932,199
2934,50
2929,201
2933,210
2946,346
2954,133
2953,55
2955,219
2956,74
2951,42
2930,24
2957,236
2959,33
2958,179
2961,43
2963,156
2962,171
2964,314
2950,259
2952,197
2965,320
2968,74
2966,331
2969,83
2960,195
2945,83
2935,36
2967,80
2948,51
2947,332
2972,274
2973,126
2974,275
2975,171
2976,201
2978,64
2977,300
2979,334
2971,95
2981,330
2980,330
2982,14
2983,225
2984,13
2985,215
2986,53
2987,63
2949,41
2988,4
2991,176
2992,65
2970,296
2989,150
2990,328
2994,93
2998,54
3004,252
3005,59
3006,291
3002,49
3007,306
2996,16
3008,103
3009,49
3012,310
3010,62
3011,145
3014,299
2999,326
2995,299
3003,161
3000,280
3015,151
3001,134
3016,114
3017,94
3024,225
3018,249
3025,36
3026,206
3020,232
3027,74
3021,72
3019,251
3023,257
3022,329
2997,145
2993,224
3013,89
3028,106
3029,137
3030,45
3031,52
3032,204
3033,207
3034,248
3035,59
3036,2
3037,172
3038,219
3039,6
3040,198
3041,224
3049,34
3048,16
3050,79
3051,328
3053,102
3052,321
3054,64
3056,153
3055,161
3057,245
3059,54
3060,333
3058,291
3061,148
3062,332
3042,322
3043,88
3044,288
3045,271
3047,172
3063,184
3067,23
3068,243
3064,109
3069,227
3065,187
3046,110
3066,86
3071,203
3070,192
3072,36
3073,158
3074,342
3075,16
3077,143
3076,77
3078,177
3079,113
3080,163
3081,276
3082,317
3087,77
3093,340
3096,344
3094,128
3097,58
3099,44
3098,139
3100,179
3102,315
3101,154
3103,28
3104,308
3105,207
3106,284
3088,275
3095,236
3089,293
3091,271
3090,332
3086,277
3083,209
3108,114
3085,309
3084,208
3107,106
3111,282
3112,325
3092,98
3109,103
3113,230
3110,113
3114,347
3115,89
3116,181
3120,291
3119,113
3118,98
3117,24
3121,189
3122,75
3123,272
3125,165
3126,11
3127,139
3135,228
3136,205
3124,211
3138,82
3139,109
3137,34
3141,176
3142,90
3134,106
3140,87
3144,66
3143,287
3145,172
3146,5
3148,114
3147,47
3149,92
3150,348
3152,95
3151,322
3153,204
3154,290
3128,97
3133,2
3129,281
3130,144
3155,305
3156,158
3161,241
3163,138
3164,50
3162,264
3166,26
3167,149
3168,207
3158,332
3170,222
3169,219
3172,46
3171,55
3165,219
3157,339
3160,58
3173,229
3177,276
3159,4
3183,8
3182,267
3185,271
3184,24
3174,320
3187,41
3181,138
3189,6
3191,213
3188,213
3190,348
3186,303
3192,96
3132,213
3193,28
3194,315
3196,94
3195,88
3176,228
3175,266
3178,221
3179,259
3205,107
3206,44
3199,42
3201,118
3208,154
3207,195
3209,220
3210,246
3211,189
3213,11
3212,137
3214,80
3216,278
3217,321
3215,64
3180,25
3218,77
3197,278
3204,113
3219,205
3223,46
3224,186
3222,285
3221,297
3225,230
3226,302
3228,247
3227,248
3230,120
3229,185
3231,240
3203,39
3202,123
3232,269
3233,283
3200,220
3234,182
3198,10
3235,335
3236,272
3237,85
3238,301
3239,44
3131,316
3220,119
3240,152
3241,208
3243,55
3242,117
3244,299
3246,210
3247,179
3248,342
3249,147
3245,14
3251,30
3252,331
3250,32
3255,316
3254,291
3256,38
3253,298
3262,169
3267,4
3266,99
3268,243
3269,106
3270,37
3271,184
3272,262
3258,337
3273,283
3257,244
3274,324
3275,174
3276,238
3277,41
3278,296
3279,207
3263,319
3264,161
3265,107
3261,235
3259,348
3282,68
3260,63
3281,46
3286,207
3284,23
3283,88
3287,131
3289,38
3288,170
3291,131
3290,23
3293,138
3280,94
3294,232
3285,313
3295,4
3297,259
3296,84
3305,301
3300,221
3306,141
3298,56
3307,135
3292,21
3308,83
3309,137
3304,105
3311,80
3312,106
3313,244
3314,238
3315,230
3317,189
3316,43
3318,61
3320,138
3319,158
3322,9
3323,150
3324,174
3325,179
3326,82
3327,345
3328,23
3329,225
3331,228
3330,284
3334,267
3335,316
3333,72
3336,344
3299,254
3303,27
3337,172
3321,228
3310,152
3332,57
3301,315
3302,332
3349,12
3350,330
3351,169
3352,15
3343,244
3353,161
3354,31
3355,106
3356,7
3357,84
3358,251
3346,275
3360,228
3359,329
3362,262
3361,344
3338,222
3366,206
3339,116
3344,289
3340,23
3341,326
3365,191
3348,53
3342,26
3345,153
3347,131
3363,341
3364,58
3367,170
3368,198
3369,153
3370,194
3371,320
3372,58
3374,34
3373,88
3376,340
3377,29
3378,29
3379,95
3389,76
3375,131
3391,336
3392,89
3393,307
3390,53
3394,255
3395,40
3397,34
3398,76
3396,131
3400,340
3399,31
3385,282
3381,144
3386,346
3401,249
3402,345
3403,48
3405,85
3404,288
3407,29
3384,218
3409,67
3408,226
3410,192
3411,211
3412,215
3413,181
3382,136
3387,279
3383,207
3388,76
3406,187
3380,39
3425,343
3426,43
3427,243
3419,324
3428,252
3429,188
3430,112
3431,222
3433,102
3432,156
3434,197
3436,170
3435,35
3437,251
3438,48
3414,316
3415,267
3442,196
3416,200
3441,79
3417,224
3418,113
3439,67
3423,247
3420,131
3424,349
3421,105
3440,188
3443,258
3422,342
3444,192
3445,241
3446,239
3447,218
3448,234
3449,156
3450,27
3451,244
3452,311
3454,273
3455,240
3453,2
3463,205
3464,48
3465,346
3466,94
3467,2
3459,315
3469,72
3470,342
3472,111
3468,345
3471,178
3473,347
3457,73
3474,230
3476,96
3456,126
3458,46
3475,152
3462,318
3460,102
3461,141
3483,225
3486,247
3487,344
3488,111
3485,178
3489,294
3484,26
3491,75
3490,50
3492,73
3494,208
3495,116
3496,300
3493,321
3497,215
3478,138
3477,65
3499,203
3482,290
3500,129
3498,323
3479,247
3502,259
3481,216
3480,90
3503,139
3504,175
3501,188
3506,251
3505,309
3508,213
3507,230
3510,266
3509,99
3511,168
3512,326
3513,280
3515,207
3514,160
3516,325
3520,185
3522,265
3521,113
3523,299
3524,139
3519,8
3525,92
3527,39
3528,232
3526,118
3529,29
3530,38
3532,156
3531,7
3517,86
3533,273
3534,216
3535,243
3518,36
3537,27
3547,34
3546,286
3536,263
3550,123
3549,105
3551,83
3552,38
3548,205
3553,86
3555,295
3556,166
3554,60
3558,211
3557,204
3559,200
3544,238
3545,321
3543,47
3542,237
3540,231
3560,144
3562,87
3563,165
3561,146
3565,281
3538,135
3567,86
3566,317
3569,144
3541,14
3570,240
3571,195
3573,19
3572,111
3539,251
3568,286
3574,270
3575,74
3576,335
3577,158
3579,120
3580,2
3578,136
3581,36
3564,249
3583,228
3584,178
3582,132
3587,214
3588,107
3589,16
3585,264
3591,283
3590,76
3600,341
3601,252
3598,83
3596,252
3602,177
3603,58
3604,88
3606,208
3605,257
3607,254
3608,345
3610,303
3611,261
3612,177
3609,139
3613,251
3595,246
3597,330
3586,43
3593,240
3614,81
3615,232
3599,156
3616,134
3625,182
3626,7
3627,143
3624,155
3628,184
3629,270
3630,250
3632,149
3633,282
3634,11
3631,181
3635,290
3594,179
3636,124
3638,326
3637,64
3623,58
3639,282
3621,117
3620,263
3640,261
3622,207
3592,320
3618,28
3643,19
3645,165
3617,233
3647,172
3646,18
3648,306
3650,154
3644,80
3649,70
3619,272
3642,293
3641,266
3661,17
3662,222
3664,70
3665,85
3663,345
3666,30
3668,87
3667,267
3669,83
3671,15
3670,300
3672,250
3674,154
3673,220
3676,139
3677,339
3678,273
3679,204
3680,344
3681,350
3682,11
3683,340
3684,267
3685,45
3655,165
3686,238
3688,341
3687,76
3689,186
3651,201
3654,166
3659,119
3694,89
3693,334
3695,349
3696,224
3653,96
3699,46
3700,193
3698,253
3701,108
3703,58
3704,302
3702,214
3705,296
3707,52
3652,199
3706,108
3657,323
3691,103
3697,308
3660,259
3692,93
3708,220
3658,290
3709,127
3717,237
3656,344
3718,70
3720,255
3721,180
3719,325
3723,164
3722,99
3725,111
3724,30
3727,250
3690,85
3726,140
3729,185
3728,43
3732,157
3731,87
3730,34
3733,324
3675,176
3734,327
3712,275
3716,314
3735,187
3736,310
3737,111
3738,115
3739,126
3740,302
3741,62
3742,184
3743,316
3744,10
3745,317
3746,222
3711,27
3714,68
3713,190
3715,160
3749,151
3747,248
3752,110
3750,167
3755,350
3761,176
3748,81
3762,70
3764,223
3765,111
3767,56
3766,47
3757,238
3770,305
3771,175
3763,228
3769,120
3772,308
3775,346
3773,347
3774,333
3758,75
3754,144
3780,161
3753,101
3779,238
3782,310
3781,151
3784,324
3783,313
3768,26
3759,263
3776,293
3777,256
3778,121
3710,11
3751,130
3756,103
3760,203
3787,115
3788,302
3789,136
3790,40
3792,191
3793,314
3794,324
3795,178
3796,154
3797,323
3798,25
3799,198
3800,200
3801,168
3785,76
3802,162
3803,240
3786,332
3791,142
3808,188
3815,240
3816,326
3818,10
3819,76
3817,30
3820,138
3821,133
3822,24
3823,152
3814,66
3805,121
3825,14
3824,185
3826,117
3827,291
3812,23
3806,20
3833,255
3811,348
3831,92
3834,76
3835,103
3836,334
3837,285
3804,305
3838,254
3839,268
3840,127
3842,221
3841,319
3843,109
3832,261
3845,91
3846,48
3844,301
3829,236
3813,228
3809,298
3830,341
3828,95
3810,179
3807,36
3857,273
3858,126
3851,226
3860,74
3859,60
3861,253
3862,266
3864,314
3849,150
3865,250
3847,98
3866,269
3867,45
3870,184
3869,38
3850,323
3854,16
3852,235
3853,344
3855,218
3856,209
3868,213
3848,121
3873,183
3872,6
3871,28
3875,126
3876,298
3874,332
3880,321
3887,25
3888,4
3889,117
3890,43
3891,7
3893,120
3892,188
3878,241
3894,263
3896,41
3897,303
3899,128
3877,180
3884,55
3886,122
3901,324
3902,105
3879,289
3895,296
3904,252
3905,233
3883,242
3906,323
3908,263
3907,207
3885,88
3900,145
3881,298
3898,35
3882,332
3909,274
3910,137
3903,322
3912,322
3911,319
3913,199
3914,96
3915,284
3916,42
3917,169
3918,214
3920,19
3919,278
3922,24
3923,149
3924,33
3921,288
3925,189
3927,347
3928,284
3930,174
3926,298
3932,50
3933,140
3929,82
3934,185
3931,99
3937,242
3935,19
3936,271
3943,211
3945,81
3946,199
3942,198
3944,74
3939,71
3947,145
3949,266
3948,155
3940,286
3952,189
3951,300
3955,21
3950,28
3956,125
3941,311
3863,89
3954,49
3953,73
3965,336
3964,50
3960,228
3967,173
3968,65
3969,311
3970,169
3971,67
3972,138
3974,133
3975,79
3976,345
3977,188
3978,70
3979,277
3961,221
3957,217
3962,213
3958,34
3966,308
3963,152
3959,47
3982,192
3973,68
3984,264
3983,26
3980,74
3985,33
3981,300
3986,241
3987,57
3938,211
3988,127
3990,68
3989,201
3992,211
3991,309
3993,232
3996,117
3995,3
3997,283
3998,185
4003,305
3994,283
4009,266
4010,40
4006,68
4012,30
4011,140
4013,27
4014,350
4015,24
4016,188
4017,308
4018,289
4020,128
4021,349
4019,52
4022,258
4004,76
4002,192
4001,123
3999,98
4007,43
4000,31
4023,305
4005,82
4008,265
4025,69
4024,320
4026,61
4027,32
4028,246
4029,155
4031,203
4032,14
4033,317
4034,71
4030,139
4035,130
4037,186
4036,53
4038,294
4039,279
4040,299
4041,344
4042,7
4043,319
4044,246
4047,65
4057,6
4058,196
4059,301
4056,217
4060,29
4062,52
4061,350
4045,256
4063,319
4065,276
4066,189
4067,296
4068,335
4069,207
4070,21
4071,209
4064,313
4046,156
4048,322
4073,346
4072,284
4053,261
4050,200
4054,123
4049,239
4075,168
4074,23
4076,347
4078,145
4079,71
4080,65
4081,125
4083,41
4082,122
4077,98
4084,61
4085,98
4086,15
4055,9
4051,265
4052,154
4087,244
4090,19
4092,94
4088,141
4091,129
4089,191
4103,31
4104,179
4105,47
4106,16
4108,222
4107,165
4109,315
4110,272
4111,147
4112,53
4102,175
4114,272
4113,334
4116,80
4117,118
4118,168
4119,239
4120,268
4094,342
4115,192
4121,73
4093,321
4100,36
4098,72
4127,39
4101,154
4129,40
4126,194
4130,303
4131,29
4128,13
4132,255
4133,61
4134,190
4136,150
4137,321
4138,116
4135,111
4139,172
4140,201
4141,49
4122,191
4142,250
4123,142
4143,20
4144,220
4145,313
4146,312
4147,223
4148,176
4149,198
4095,289
4150,95
4151,168
4153,350
4154,81
4156,308
4155,163
4152,164
4096,189
4097,195
4099,34
4124,33
4159,8
4158,285
4157,206
4161,211
4160,32
4164,217
4162,62
4163,345
4166,326
4165,103
4168,286
4174,152
4171,50
4178,52
4179,180
4181,186
4182,168
4180,294
4184,157
4183,281
4186,242
4185,324
4187,177
4188,188
4189,299
4169,6
4191,101
4190,318
4125,48
4194,33
4193,270
4195,117
4172,163
4167,99
4177,74
4173,109
4170,71
4176,322
4196,31
4197,35
4204,61
4192,153
4208,72
4201,134
4205,157
4209,2
4211,24
4207,59
4214,134
4213,212
4212,275
4216,307
4215,91
4210,207
4217,147
4219,160
4220,350
4223,288
4218,250
4221,205
4222,169
4175,64
4206,253
4200,329
4203,164
4199,100
4202,1
4198,260
4235,86
4236,243
4237,290
4238,232
4239,324
4240,139
4241,193
4242,118
4243,262
4244,209
4245,329
4246,140
4247,72
4248,28
4249,63
4250,49
4251,241
4252,28
4230,221
4231,327
4232,305
4233,269
4234,211
4229,21
4224,211
4225,191
4228,307
4253,306
4254,222
4255,27
4256,107
4257,59
4258,288
4259,154
4260,323
4261,335
4227,331
4262,93
4265,196
4264,142
4263,290
4266,270
4271,94
4278,332
4279,129
4226,139
4280,161
4281,345
4282,81
4284,267
4283,221
4285,244
4277,306
4286,349
4288,297
4287,59
4291,24
4290,161
4289,137
4292,93
4293,30
4294,309
4272,326
4273,216
4295,48
4296,123
4297,133
4275,348
4298,229
4300,25
4301,94
4302,146
4299,214
4303,112
4305,289
4304,341
4306,162
4308,100
4307,139
4268,120
4309,36
4274,6
4276,137
4267,330
4315,155
4314,8
4317,7
4316,346
4318,175
4319,139
4322,55
4321,319
4320,28
4313,318
4323,31
4326,337
4324,15
4325,18
4328,44
4327,140
4329,6
4331,73
4330,195
4312,202
4310,106
4269,248
4332,70
4334,21
4333,263
4335,70
4336,263
4337,104
4338,275
4311,3
4339,109
4340,137
4270,185
4341,229
4342,253
4343,282
4344,235
4345,28
4346,211
4347,334
4349,43
4348,118
4350,204
4351,310
4353,135
4352,141
4354,106
4356,249
4355,196
4358,221
4359,314
4360,343
4361,233
4363,131
4357,317
4362,38
4365,193
4374,116
4373,12
4375,185
4376,294
4372,181
4367,96
4377,274
4379,96
4381,260
4382,316
4380,244
4378,87
4383,315
4384,295
4385,52
4386,247
4387,328
4368,296
4389,81
4364,158
4388,233
4370,227
4371,17
4369,176
4366,95
4390,278
4391,161
4392,303
4393,63
4394,287
4395,56
4397,345
4396,126
4398,323
4399,242
4401,282
4400,288
4402,35
4403,178
4405,162
4404,101
4417,68
4410,97
4418,250
4419,44
4420,43
4421,107
4422,38
4423,149
4424,230
4425,73
4426,212
4427,177
4429,27
4428,307
4430,136
4432,21
4433,202
4431,147
4434,204
4411,68
4406,178
4412,59
4413,319
4414,171
4415,100
4407,141
4416,43
4408,137
4409,37
4435,169
4436,135
4438,54
4437,316
4439,214
4440,321
4441,252
4442,119
4443,309
4444,76
4445,100
4446,137
4447,296
4449,192
4460,239
4461,5
4451,72
4459,318
4463,205
4462,186
4464,298
4465,73
4466,345
4468,9
4467,289
4470,304
4469,307
4471,285
4472,298
4473,150
4474,350
4450,164
4452,292
4453,218
4454,206
4455,210
4456,99
4448,298
4476,207
4477,131
4478,210
4479,118
4480,332
4481,154
4482,11
4483,19
4484,307
4485,137
4486,148
4487,228
4488,82
4489,323
4457,257
4458,217
4492,279
4491,285
4500,231
4501,32
4502,327
4503,48
4504,241
4499,308
4505,213
4506,288
4507,350
4508,343
4510,85
4511,30
4509,175
4512,196
4513,223
4475,227
4514,150
4516,90
4515,244
4517,142
4495,349
4493,215
4496,59
4494,331
4497,65
4490,25
4518,93
4522,120
4528,133
4529,76
4531,304
4523,108
4532,212
4533,206
4535,110
4534,298
4530,181
4536,320
4537,146
4538,263
4540,341
4542,27
4520,288
4541,312
4543,61
4524,25
4539,116
4521,164
4519,328
4527,160
4498,318
4544,294
4525,313
4545,163
4547,39
4548,57
4550,331
4549,242
4552,294
4551,180
4554,14
4553,316
4546,253
4555,70
4556,17
4557,262
4559,95
4560,163
4561,327
4526,313
4562,307
4564,148
4563,217
4565,268
4566,227
4558,170
4568,173
4567,188
4570,50
4569,319
4572,147
4573,320
4571,101
4574,208
4575,206
4576,68
4577,141
4578,87
4579,107
4581,131
4580,31
4582,70
4585,74
4588,105
4589,160
4590,251
4586,224
4587,329
4591,30
4593,216
4592,63
4595,176
4594,167
4596,345
4597,273
4598,73
4602,266
4603,231
4584,186
4605,253
4607,34
4608,96
4583,212
4610,284
4612,91
4613,176
4611,32
4614,35
4615,63
4609,119
4600,45
4599,261
4604,183
4601,45
4606,252
4618,127
4624,330
4627,90
4623,127
4628,196
4625,150
4622,237
4631,203
4629,125
4633,305
4630,132
4635,171
4619,75
4632,178
4634,14
4620,46
4617,306
4616,326
4626,193
4621,152
4646,56
4645,110
4647,155
4648,1
4640,118
4649,229
4650,338
4651,347
4652,336
4653,255
4654,292
4656,270
4655,158
4657,316
4658,175
4659,66
4636,149
4641,87
4637,206
4642,255
4638,63
4643,290
4663,171
4644,259
4639,59
4664,108
4661,241
4662,114
4665,224
4666,327
4668,191
4660,1
4667,49
4669,237
4670,311
4672,323
4673,206
4675,187
4674,17
4676,315
4671,320
4677,193
4678,213
4679,57
4681,297
4680,262
4683,301
4682,220
4689,251
4690,114
4691,70
4684,38
4688,45
4692,252
4693,39
4696,207
4694,250
4697,281
4699,192
4698,73
4700,101
4701,176
4702,296
4695,336
4704,98
4705,226
4706,123
4707,229
4708,74
4703,219
4709,131
4710,173
4686,231
4711,271
4712,139
4687,105
4713,73
4716,103
4715,313
4718,155
4717,341
4719,238
4721,81
4720,178
4722,7
4723,331
4685,227
4724,223
4725,325
4714,165
4729,24
4735,296
4737,52
4736,241
4738,292
4740,314
4739,242
4741,19
4742,35
4743,217
4744,86
4745,144
4746,19
4747,33
4748,57
4750,62
4752,159
4753,260
4734,164
4755,196
4754,91
4756,101
4749,109
4757,81
4759,31
4758,61
4761,66
4760,89
4762,159
4763,37
4764,57
4765,13
4730,31
4727,79
4726,4
4731,260
4771,272
4751,343
4773,88
4772,188
4774,105
4775,61
4776,118
4777,230
4778,181
4779,25
4782,97
4780,141
4781,255
4770,242
4784,208
4783,124
4785,178
4787,133
4788,61
4790,140
4792,229
4789,165
4786,154
4794,282
4793,171
4791,304
4766,302
4733,281
4768,33
4795,212
4800,255
4801,293
4802,3
4732,263
4803,181
4804,155
4806,161
4807,61
4808,267
4805,307
4809,112
4810,115
4811,60
4812,297
4813,312
4798,145
4796,75
4797,100
4799,206
4818,326
4767,72
4816,253
4817,172
4819,347
4815,7
4821,108
4820,235
4823,96
4822,278
4827,169
4826,125
4825,300
4829,320
4830,41
4828,297
4769,281
4824,255
4836,188
4837,240
4814,259
4832,180
4728,198
4841,34
4840,22
4835,135
4842,302
4838,338
4843,181
4844,66
4845,219
4849,139
4848,68
4850,53
4852,178
4851,36
4853,170
4854,50
4839,171
4846,307
4833,166
4847,122
4834,298
4831,11
4866,71
4856,286
4861,169
4857,248
4862,138
4864,163
4855,102
4859,345
4858,187
4865,220
4860,170
4863,115
4872,304
4879,298
4880,324
4869,155
4878,261
4875,241
4873,245
4881,134
4883,124
4884,106
4885,53
4886,98
4887,221
4890,45
4889,9
4888,31
4891,282
4874,8
4871,281
4877,204
4882,98
4867,11
4870,345
4892,344
4893,5
4895,5
4894,348
4896,146
4897,47
4868,241
4900,32
4899,8
4898,91
4902,277
4901,38
4905,177
4903,258
4904,203
4906,161
4907,57
4909,1
4908,281
4910,60
4876,78
4912,148
4911,26
4916,308
4914,108
4918,313
4919,199
4913,199
4917,55
4922,26
4928,310
4920,105
4929,227
4931,134
4932,289
4933,66
4935,24
4936,216
4937,204
4915,263
4934,120
4938,34
4939,68
4927,280
4930,167
4940,110
4941,21
4943,8
4944,108
4942,266
4946,283
4945,345
4947,5
4950,347
4949,235
4951,213
4948,52
4952,70
4924,102
4925,40
4923,197
4958,59
4921,272
4961,108
4962,189
4926,67
4960,289
4964,233
4965,226
4967,37
4968,60
4969,6
4963,107
4966,121
4974,194
4954,189
4970,120
4977,76
4976,69
4978,310
4973,165
4953,84
4979,2
4980,145
4972,251
4959,106
4975,65
4971,9
4955,337
4981,287
4956,164
4982,186
4984,20
4983,74
4987,125
4986,78
4988,224
4989,98
4985,278
4957,333
5001,183
5002,26
5003,307
5004,221
5005,181
5006,178
5007,151
5008,51
5009,70
5010,44
5011,33
5012,282
5013,196
5014,145
5015,113
5016,162
5017,242
5018,211
4995,104
4996,332
4990,77
4997,23
4991,25
4998,31
4999,162
4992,81
5000,205
4993,109
4994,340
5019,199
5020,121
5021,76
5023,140
5022,50
5025,81
5024,109
5026,277
5027,187
5028,70
5029,194
5030,294
5031,318
5032,271
5033,14
5034,107
5035,279
5036,182
5037,129
5038,38
5039,18
5040,38
5041,260
5053,27
5054,136
5055,85
5056,96
5057,38
5046,316
5058,229
5060,123
5059,113
5061,269
5062,37
5063,149
5064,36
5065,264
5066,329
5068,41
5069,185
5067,243
5070,232
5051,318
5050,104
5052,120
5042,279
5047,122
5043,5
5048,297
5044,39
5071,148
5072,9
5073,158
5074,60
5076,12
5075,116
5077,214
5078,7
5079,326
5080,296
5081,35
5082,338
5083,346
5045,205
5049,94
5095,18
5089,111
5096,312
5097,56
5098,179
5099,300
5100,82
5102,159
5101,342
5103,204
5104,262
5105,265
5106,87
5107,105
5108,299
5084,225
5085,180
5086,240
5087,273
5088,336
5094,94
5112,140
5090,224
5091,254
5092,9
5113,44
5114,256
5115,51
5116,344
5117,287
5118,329
5119,309
5120,29
5121,151
5122,12
5123,38
5124,125
5125,338
5131,148
5093,218
5132,125
5134,23
5135,106
5133,317
5136,339
5137,42
5139,101
5140,147
5138,327
5141,15
5142,273
5144,210
5143,111
5126,237
5147,145
5148,162
5149,190
5130,125
5145,309
5129,202
5146,222
5127,172
5150,165
5110,63
5111,172
5109,177
5151,321
5152,254
5153,108
5154,60
5155,340
5128,317
5157,123
5159,23
5158,283
5160,61
5161,124
5162,187
5163,54
5156,190
5166,131
5164,143
5165,212
5167,219
5168,173
5170,288
5169,262
5172,119
5171,255
5173,201
5174,221
5175,159
5176,324
5177,313
5178,38
5179,205
5180,8
5182,118
5181,273
5183,267
5185,125
5184,345
5186,241
5187,243
5188,198
5190,228
5189,304
5191,6
5192,127
5193,147
5194,205
5195,65
5197,125
5198,76
5199,241
5200,217
5201,206
5202,138
5204,103
5205,347
5206,318
5207,297
5196,47
5208,344
5209,246
5210,133
5211,320
5203,320
5212,28
5214,282
5213,218
5216,177
5217,36
5218,33
5219,108
5215,88
5220,153
5221,234
5224,139
5223,303
5226,151
5227,61
5222,276
5230,96
5231,148
5232,109
5233,141
5234,272
5228,126
5229,167
5225,152
5238,151
5236,135
5235,26
5239,3
5241,142
5237,130
5240,216
5243,274
5244,258
5246,207
5248,295
5245,260
5249,14
5251,42
5242,133
5247,166
5250,338
5255,334
5252,113
5253,239
5256,45
5258,196
5262,57
5269,60
5270,80
5257,171
5271,92
5254,304
5272,63
5268,141
5275,78
5273,58
5276,296
5277,34
5274,130
5278,219
5279,348
5282,311
5283,112
5264,22
5281,70
5280,71
5284,118
5285,275
5267,267
5266,112
5263,148
5260,148
5259,79
5286,255
5288,186
5290,321
5294,212
5295,189
5296,249
5297,62
5293,242
5261,51
5298,84
5299,137
5302,171
5303,154
5304,98
5300,37
5305,268
5306,265
5301,341
5307,55
5289,146
5265,94
5291,347
5308,303
5287,68
5292,78
5311,285
5310,216
5312,165
5309,100
5314,29
5315,83
5313,247
5317,305
5316,301
5319,283
5318,342
5321,184
5323,135
5324,158
5325,252
5320,72
5326,145
5322,141
5327,318
5329,251
5330,164
5331,227
5328,80
5333,144
5341,300
5342,210
5344,58
5340,22
5343,264
5336,204
5345,38
5346,104
5347,161
5349,334
5348,64
5352,170
5353,259
5354,310
5351,185
5355,284
5356,210
5357,21
5334,216
5332,187
5335,72
5337,188
5338,134
5339,284
5358,72
5360,125
5359,260
5362,317
5364,310
5361,164
5365,158
5363,163
5366,297
5368,227
5369,195
5370,118
5350,219
5371,310
5367,341
5372,95
5373,312
5374,156
5375,22
5376,345
5377,316
5378,42
5379,59
5380,220
5381,331
5382,193
5383,210
5384,349
5385,29
5386,139
5387,170
5388,312
5389,105
5391,15
5393,267
5394,89
5395,149
5392,29
5397,116
5398,137
5400,140
5401,269
5402,66
5404,310
5399,170
5403,241
5405,144
5406,83
5407,238
5408,234
5410,48
5411,280
5412,260
5413,142
5409,31
5415,350
5414,231
5417,67
5418,183
5416,292
5419,108
5396,178
5420,310
5422,222
5423,228
5421,220
5424,1
5425,41
5426,255
5427,32
5428,214
5429,319
5430,336
5432,164
5431,339
5433,148
5434,79
5435,243
5436,326
5437,344
5443,226
5441,180
5390,211
5444,226
5445,35
5447,29
5446,258
5448,269
5450,167
5449,123
5452,116
5453,56
5451,324
5454,322
5455,67
5456,274
5457,289
5442,98
5439,52
5458,310
5440,28
5459,250
5438,154
5460,149
5461,175
5465,126
5473,317
5474,187
5475,62
5472,247
5476,200
5477,92
5478,80
5480,37
5468,85
5481,272
5479,164
5483,185
5482,211
5484,28
5486,167
5485,22
5466,72
5469,147
5470,58
5467,109
5471,69
5490,247
5491,58
5489,39
5493,9
5494,245
5495,41
5492,252
5496,300
5498,335
5499,235
5500,173
5501,80
5497,36
5502,4
5503,189
5462,300
5464,343
5487,159
5463,5
5504,17
5506,72
5515,3
5505,224
5516,124
5488,17
5517,131
5519,145
5521,243
5514,170
5522,182
5520,329
5523,104
5524,123
5525,202
5526,183
5518,343
5529,173
5528,183
5527,329
5530,179
5531,235
5508,349
5511,252
5509,348
5512,280
5533,265
5513,240
5532,77
5534,243
5535,307
5536,323
5537,55
5538,9
5539,73
5540,308
5510,276
5542,285
5541,151
5544,326
5543,144
5546,148
5547,205
5548,127
5549,66
5550,56
5507,303
5551,147
5553,21
5552,309
5556,31
5562,273
5564,255
5563,134
5565,339
5561,144
5566,24
5569,31
5567,235
5568,225
5545,339
5570,204
5571,173
5572,118
5573,158
5575,21
5576,305
5578,266
5577,69
5559,256
5581,328
5560,39
5555,91
5557,289
5579,84
5554,211
5558,194
5580,274
5583,323
5582,190
5586,265
5585,73
5574,314
5587,205
5590,7
5591,51
5592,84
5584,37
5599,25
5595,204
5593,267
5594,305
5597,55
5596,320
5607,90
5608,149
5609,294
5610,221
5611,10
5613,343
5614,165
5603,208
5615,131
5617,155
5616,55
5618,33
5619,243
5620,16
5600,96
5601,58
5624,264
5612,54
5623,216
5625,259
5602,249
5589,131
5598,245
5621,299
5622,311
5604,333
5626,275
5627,52
5628,301
5606,45
5631,251
5630,55
5632,74
5634,105
5629,294
5635,162
5633,75
5636,280
5639,218
5588,337
5645,166
5638,280
5646,64
5647,142
5648,146
5649,234
5650,64
5652,290
5641,151
5653,72
5651,116
5640,270
5637,303
5642,251
5643,285
5605,220
5644,108
5656,330
5654,255
5655,231
5657,60
5667,142
5668,307
5670,268
5666,328
5671,198
5673,336
5672,150
5674,156
5658,257
5675,314
5677,162
5678,47
5659,183
5679,49
5663,211
5669,114
5676,296
5661,346
5662,154
5665,172
5664,21
5683,198
5682,128
5685,133
5681,304
5686,255
5680,204
5687,125
5689,63
5688,283
5660,42
5690,282
5691,39
5693,190
5692,44
5695,317
5694,336
5697,190
5696,141
5684,315
5698,342
5700,228
5699,82
5701,98
5702,143
5703,116
5705,44
5706,211
5708,183
5709,291
5710,219
5704,127
5707,271
5721,159
5722,350
5715,121
5723,57
5725,350
5726,104
5727,42
5724,263
5720,318
5728,145
5731,204
5730,148
5732,101
5729,228
5733,238
5734,234
5713,57
5711,184
5716,9
5714,308
5717,246
5718,53
5719,38
5712,18
5736,240
5742,104
5741,4
5743,313
5739,41
5745,311
5746,152
5740,317
5747,274
5748,48
5750,300
5749,87
5751,298
5752,341
5753,305
5744,172
5737,251
5755,162
5754,159
5738,18
5735,306
5756,283
5757,253
5758,193
5769,215
5771,102
5772,279
5773,248
5774,228
5775,60
5767,170
5776,15
5778,335
5779,329
5770,272
5777,205
5780,123
5782,200
5781,41
5760,207
5768,137
5759,22
5762,99
5764,174
5761,26
5763,210
5765,244
5766,292
5794,27
5795,56
5796,203
5797,297
5798,246
5788,48
5800,131
5799,256
5801,93
5803,96
5802,156
5804,295
5806,244
5805,187
5807,223
5783,289
5784,215
5811,334
5785,286
5786,118
5787,72
5789,327
5790,8
5810,160
5791,332
5808,93
5812,99
5809,336
5813,43
5814,127
5815,87
5817,37
5816,19
5818,107
5819,116
5822,61
5820,204
5821,132
5823,6
5824,24
5793,170
5792,6
5835,306
5834,196
5836,238
5837,148
5838,313
5839,48
5831,142
5840,221
5841,171
5842,26
5843,194
5844,202
5845,313
5846,4
5847,84
5848,233
5832,108
5829,238
5833,308
5830,158
5828,243
5855,309
5850,195
5856,62
5857,317
5858,350
5861,72
5859,7
5860,332
5862,212
5865,207
5854,30
5866,243
5864,313
5863,297
5868,306
5867,227
5869,238
5871,128
5872,25
5870,275
5826,158
5851,45
5852,15
5827,47
5849,250
5853,262
5873,269
5874,163
5875,296
5876,317
5877,171
5878,137
5825,18
5879,201
5880,170
5881,275
5882,12
5883,203
5884,80
5885,55
5886,26
5887,66
5888,172
5891,204
5890,64
5889,253
5892,287
5893,20
5894,43
5895,129
5896,171
5897,112
5898,344
5900,311
5899,250
5901,19
5902,115
5903,233
5904,83
5905,302
5906,309
5907,211
5908,340
5909,203
5910,337
5913,59
5912,297
5911,323
5915,67
5914,197
5918,209
5919,213
5917,156
5916,205
5921,198
5920,57
5933,143
5934,205
5935,175
5936,12
5937,46
5938,176
5930,10
5939,288
5940,176
5941,348
5942,283
5943,20
5945,238
5944,48
5927,150
5946,74
5948,270
5950,7
5947,172
5922,145
5949,304
5923,76
5928,135
5926,283
5932,135
5929,245
5931,158
5924,318
5925,211
5951,231
5952,288
5954,130
5953,75
5955,296
5956,335
5958,322
5957,350
5959,215
5961,161
5960,125
5962,160
5963,203
5974,274
5968,243
5976,88
5978,263
5975,170
5977,207
5979,263
5982,140
5980,245
5981,303
5983,92
5984,318
5986,330
5985,137
5987,82
5964,216
5965,162
5966,203
5972,104
5973,55
5988,88
5971,213
5967,262
5970,286
5969,216
6000,221
6001,116
6002,33
6003,333
6004,149
6005,163
6006,94
5994,241
6007,313
6008,246
6010,71
6009,49
6011,350
6012,78
6013,225
5989,109
6016,211
6015,264
6017,58
6014,49
5991,341
5990,332
5998,258
5992,142
5996,130
5997,86
5993,13
5995,347
5999,316
6018,330
6019,191
6020,156
6021,8
6023,53
6026,216
6027,173
6028,249
6022,334
6024,49
6025,192
6029,214
6030,114
6031,204
6032,100
6033,230
6034,336
6035,213
6036,114
6037,58
6038,150
6039,310
6040,253
6041,72
6053,190
6054,90
6055,111
6056,145
6057,96
6058,130
6059,14
6060,162
6061,341
6047,144
6062,257
6064,299
6063,233
6065,277
6066,334
6045,291
6046,121
6070,35
6069,331
6048,108
6052,186
6044,285
6049,80
6042,301
6050,335
6043,33
6051,290
6071,146
6072,277
6073,31
6074,57
6075,92
6076,288
6077,13
6078,110
6079,209
6080,133
6081,76
6082,103
6083,15
6068,97
6091,312
6092,178
6093,210
6094,310
6089,172
6095,134
6096,170
6097,100
6098,279
6099,204
6101,167
6100,134
6103,243
6104,307
6102,277
6105,286
6107,186
6106,338
6084,269
6108,44
6090,343
6085,100
6111,24
6088,61
6087,97
6110,169
6086,25
6109,183
6112,230
6113,317
6115,312
6114,20
6116,203
6117,5
6119,211
6118,325
6120,69
6121,162
6122,246
6123,211
6124,293
6067,111
6133,264
6134,173
6135,71
6137,89
6139,229
6138,336
6140,218
6141,244
6128,315
6136,155
6125,184
6126,134
6131,192
6148,334
6149,94
6150,203
6146,187
6127,15
6151,279
6152,234
6130,282
6153,236
6154,203
6155,326
6157,128
6158,259
6147,152
6160,191
6159,348
6161,54
6144,25
6143,272
6162,257
6129,131
6132,90
6142,200
6156,139
6163,125
6145,255
6169,274
6166,103
6167,275
6164,256
6168,162
6165,309
6170,335
6172,281
6173,110
6171,89
6174,1
6176,176
6175,170
6177,33
6179,113
6181,181
6182,18
6178,130
6180,349
6194,83
6195,279
6196,306
6197,303
6198,216
6199,215
6200,255
6201,279
6202,143
6188,219
6203,301
6205,297
6204,350
6206,343
6207,85
6209,155
6208,235
6210,138
6211,279
6192,199
6183,151
6193,216
6184,218
6185,184
6191,158
6186,121
6189,158
6187,224
6190,62
6212,50
6213,225
6214,347
6215,290
6216,32
6217,38
6218,268
6219,42
6221,155
6220,155
6222,55
6223,288
6224,219
6226,58
6228,191
6227,46
6229,7
6230,122
6231,95
6232,327
6233,208
6234,117
6236,221
6237,55
6238,229
6239,75
6240,122
6241,67
6225,247
6246,118
6235,225
6247,149
6245,286
6248,134
6249,117
6250,184
6252,39
6251,173
6253,17
6254,172
6256,178
6255,64
6257,227
6258,19
6259,279
6260,50
6261,6
6243,5
6242,269
6244,296
6264,40
6273,322
6272,226
6274,77
6276,154
6277,265
6262,326
6279,115
6280,166
6281,15
6271,178
6282,171
6283,275
6284,344
6285,149
6286,299
6278,298
6287,14
6288,165
6263,42
6265,235
6269,139
6275,82
6266,188
6270,163
6267,343
6268,30
6289,335
6290,36
6291,32
6293,226
6292,316
6294,55
6295,129
6296,346
6297,347
6298,243
6300,51
6301,249
6299,238
6313,79
6306,26
6314,69
6315,97
6317,113
6316,106
6319,243
6318,264
6320,222
6321,5
6322,82
6323,119
6324,164
6325,270
6326,143
6302,29
6329,188
6330,102
6328,59
6303,170
6307,273
6304,47
6308,219
6305,47
6309,116
6312,61
6310,200
6311,204
6331,141
6332,266
6333,42
6334,325
6335,55
6336,127
6337,164
6338,9
6339,18
6340,80
6341,312
6327,170
6343,265
6342,313
6344,282
6349,133
6355,340
6356,150
6358,46
6357,328
6360,327
6361,51
6359,7
6362,190
6363,146
6365,307
6367,20
6366,67
6364,142
6345,118
6368,176
6350,69
6346,216
6351,212
6352,84
6353,172
6347,184
6372,117
6354,122
6348,152
6370,219
6369,4
6373,295
6374,337
6371,344
6375,338
6376,244
6378,184
6377,110
6379,291
6380,287
6383,286
6382,201
6384,258
6381,46
6385,143
6386,63
6389,348
6388,1
6387,227
6401,349
6402,208
6395,52
6403,276
6404,28
6405,6
6407,293
6406,210
6408,329
6409,103
6411,297
6410,65
6412,148
6413,168
6415,44
6414,306
6416,206
6398,162
6417,13
6418,284
6396,23
6390,152
6397,268
6391,173
6399,133
6392,349
6394,121
6393,44
6419,161
6420,244
6400,4
6422,160
6423,29
6424,238
6425,334
6426,157
6421,48
6427,104
6428,303
6429,27
6430,166
6431,210
6434,6
6432,281
6440,312
6441,333
6442,117
6439,69
6444,12
6445,50
6443,230
6449,55
6451,9
6452,160
6453,32
6454,1
6450,163
6456,92
6437,175
6448,17
6436,240
6447,316
6433,326
6438,104
6446,103
6435,175
6457,51
6459,217
6455,213
6461,254
6460,311
6462,192
6463,296
6466,25
6464,245
6467,303
6458,186
6465,197
6468,103
6469,325
6472,303
6481,211
6471,237
6483,252
6475,74
6485,206
6476,347
6486,105
6488,145
6489,150
6487,320
6490,178
6492,211
6491,289
6494,113
6493,159
6495,250
6497,285
6496,238
6478,135
6480,2
6484,119
6477,128
6502,212
6482,183
6498,83
6473,194
6479,273
6501,50
6500,322
6470,200
6474,147
6503,194
6499,343
6504,95
6505,223
6506,47
6507,206
6508,158
6509,231
6510,64
6511,50
6512,101
6513,339
6515,165
6514,138
6516,205
6517,282
6518,135
6519,65
6520,213
6521,278
6522,77
6524,179
6529,171
6536,85
6535,264
6537,349
6523,341
6539,228
6538,146
6540,216
6541,4
6543,73
6544,324
6542,260
6546,243
6545,349
6547,6
6548,330
6532,327
6533,234
6534,160
6530,124
6527,152
6531,181
6526,250
6549,89
6525,287
6552,87
6528,42
6551,192
6550,109
6553,291
6554,308
6555,211
6556,168
6557,37
6558,40
6559,192
6560,327
6561,173
6563,71
6564,55
6565,258
6562,228
6577,100
6578,125
6579,103
6580,160
6581,341
6582,281
6571,315
6583,305
6585,165
6584,189
6586,91
6588,212
6587,194
6589,119
6590,347
6566,238
6593,50
6592,350
6594,109
6572,188
6573,106
6567,1
6574,50
6568,336
6575,21
6576,138
6569,131
6570,75
6595,206
6591,277
6596,272
6597,36
6598,232
6599,344
6600,80
6601,64
6602,329
6603,115
6604,107
6605,72
6606,123
6607,143
6608,156
6619,114
6620,55
6613,219
6621,3
6622,312
6623,208
6624,242
6625,225
6626,288
6627,189
6629,88
6628,138
6632,264
6631,156
6609,118
6610,136
6611,299
6630,4
6614,43
6615,112
6612,14
6617,79
6618,9
6616,176
6644,15
6645,312
6646,105
6638,208
6647,55
6648,289
6649,121
6651,53
6650,188
6652,288
6653,91
6654,132
6655,171
6656,225
6657,121
6659,48
6660,291
6658,209
6661,302
6639,102
6640,290
6633,47
6641,146
6634,21
6642,175
6635,235
6643,135
6636,228
6637,315
6662,9
6663,18
6664,281
6665,139
6666,139
6667,54
6668,131
6669,330
6670,53
6671,86
6672,277
6673,330
6674,248
6675,210
6676,294
6688,14
6683,49
6689,270
6690,34
6691,141
6692,2
6693,218
6694,260
6695,139
6696,191
6697,146
6698,288
6699,228
6700,270
6701,102
6679,130
6704,55
6703,268
6705,234
6678,331
6680,297
6684,305
6681,242
6677,291
6682,317
6702,17
6685,319
6706,222
6686,245
6707,204
6708,295
6709,216
6711,1
6710,323
6712,246
6713,38
6714,75
6715,104
6716,287
6717,12
6718,94
6719,290
6687,315
6721,216
6722,240
6723,69
6724,330
6725,176
6727,192
6728,116
6726,325
6729,240
6730,306
6720,178
6732,306
6731,183
6733,180
6734,22
6736,165
6735,46
6737,327
6738,185
6739,138
6740,230
6742,323
6741,86
6743,253
6745,29
6746,17
6747,17
6748,133
6744,23
6749,153
6750,264
6753,29
6752,234
6754,247
6751,263
6755,21
6756,51
6758,36
6757,172
6759,150
6760,227
6772,192
6773,267
6774,314
6775,305
6776,288
6766,43
6777,155
6779,10
6778,332
6781,218
6780,97
6782,341
6784,238
6783,109
6785,233
6761,48
6788,228
6789,275
6762,60
6763,67
6787,24
6764,26
6767,106
6765,296
6768,16
6771,302
6769,221
6790,273
6791,165
6786,272
6792,209
6794,200
6793,214
6795,196
6796,287
6797,12
6798,125
6800,11
6799,237
6802,300
6801,266
6803,327
6770,140
6815,89
6808,285
6817,206
6816,317
6814,55
6818,205
6819,257
6820,342
6821,52
6822,145
6823,169
6824,126
6825,255
6826,44
6827,205
6828,178
6829,152
6830,301
6812,29
6813,247
6809,32
6832,226
6811,304
6806,42
6807,106
6804,257
6810,334
6831,277
6833,184
6835,153
6834,75
6836,103
6838,100
6837,65
6839,349
6840,186
6841,256
6843,128
6844,59
6845,19
6805,165
6846,301
6848,128
6849,24
6850,193
6842,73
6851,62
6853,322
6852,67
6854,131
6857,169
6855,92
6858,119
6859,232
6856,154
6847,186
6865,114
6870,336
6872,123
6873,325
6871,31
6860,17
6875,309
6874,332
6876,329
6878,300
6877,45
6879,167
6881,50
6880,20
6882,59
6884,285
6883,201
6866,165
6864,19
6861,349
6863,212
6867,304
6869,156
6862,288
6885,140
6886,317
6887,148
6889,148
6888,192
6868,256
6890,334
6891,127
6892,126
6895,95
6893,265
6894,108
6896,349
6899,3
6897,131
6898,182
6901,312
6902,123
6900,329
6905,313
6914,50
6913,50
6915,2
6917,203
6916,236
6918,331
6908,334
6919,143
6920,113
6912,100
6922,8
6923,282
6910,114
6926,335
6925,342
6924,83
6921,227
6927,307
6909,5
6929,87
6904,316
6906,321
6907,311
6931,264
6932,19
6911,235
6930,207
6935,136
6936,236
6933,112
6938,234
6939,62
6934,77
6940,57
6937,341
6942,226
6941,323
6928,234
6903,278
6953,109
6955,158
6954,151
6956,288
6957,268
6958,163
6959,185
6960,150
6961,133
6963,212
6962,50
6964,172
6966,50
6965,46
6968,146
6969,118
6947,143
6970,335
6971,327
6948,75
6972,267
6974,53
6973,97
6975,42
6976,217
6978,211
6979,133
6977,178
6980,186
6981,50
6949,29
6985,264
6986,124
6987,147
6984,236
6988,243
6943,174
6989,282
6991,215
6992,334
6993,306
6994,5
6990,317
6995,60
6998,36
6967,327
6999,73
6997,135
7001,318
7000,23
6944,17
6945,73
6950,17
6946,55
6983,116
6952,147
6982,132
6951,57
6996,9
7012,280
7013,271
7014,61
7007,24
7015,308
7017,26
7016,13
7018,317
7019,326
7020,2
7021,126
7022,20
7023,74
7024,50
7025,56
7027,110
7026,301
7008,172
7004,2
7003,18
7009,47
7005,159
7010,17
7006,68
7002,120
7011,120
7028,17
7029,165
7030,287
7031,190
7032,297
7033,287
7034,270
7035,324
7036,208
7037,214
7038,242
7039,70
7040,343
7041,258
7047,257
7049,235
7050,288
7051,278
7052,221
7053,4
7048,114
7054,54
7055,157
7056,16
7058,224
7057,28
7059,4
7060,257
7061,231
7046,84
7067,81
7066,121
7068,66
7042,342
7070,263
7071,327
7072,238
7073,183
7074,18
7075,88
7076,102
7069,157
7077,283
7078,284
7079,314
7080,335
7081,238
7062,297
7082,219
7063,218
7064,294
7065,42
7044,314
7043,182
7045,24
7094,140
7095,71
7096,246
7097,10
7098,93
7099,23
7100,63
7101,26
7102,140
7103,191
7104,174
7105,141
7106,202
7107,200
7091,170
7109,172
7110,203
7111,233
7089,235
7090,246
7092,38
7088,314
7112,334
7113,184
7115,49
7114,11
7093,198
7086,156
7083,245
7085,53
7087,256
7116,184
7108,210
7118,329
7117,20
7127,342
7129,273
7128,321
7130,239
7131,267
7132,16
7133,311
7134,286
7135,118
7126,325
7136,63
7137,32
7139,100
7140,35
7138,47
7143,38
7142,64
7141,16
7119,243
7120,181
7144,79
7145,218
7146,164
7084,297
7149,349
7148,231
7147,140
7150,111
7151,205
7152,272
7153,344
7154,239
7157,200
7155,173
7156,303
7123,234
7124,44
7121,124
7122,139
7158,345
7162,130
7169,309
7160,108
7172,141
7168,158
7171,151
7173,191
7174,121
7175,254
7176,327
7177,160
7170,194
7178,120
7179,66
7180,237
7181,185
7182,279
7159,1
7125,312
7163,131
7165,334
7166,313
7164,244
7186,204
7167,307
7161,289
7183,282
7185,253
7188,187
7189,327
7187,29
7190,285
7192,179
7194,284
7191,251
7195,209
7193,348
7196,274
7198,62
7199,210
7197,195
7184,260
7201,311
7210,69
7211,329
7213,339
7212,10
7214,71
7215,7
7217,197
7216,157
7218,181
7209,54
7219,124
7220,173
7221,174
7222,350
7223,286
7225,112
7224,227
7227,221
7228,276
7229,326
7226,93
7200,234
7202,338
7205,198
7230,240
7231,272
7206,44
7207,299
7203,21
7208,288
7204,248
7243,45
7244,302
7245,46
7246,229
7247,285
7248,318
7249,246
7250,62
7251,275
7252,292
7237,260
7253,234
7255,192
7254,260
7256,286
7232,175
7259,182
7258,58
7260,73
7238,200
7239,269
7240,183
7233,125
7241,20
7234,232
7242,269
7235,249
7236,65
7257,97
7261,183
7262,283
7263,89
7264,121
7265,37
7266,215
7267,200
7268,127
7269,131
7271,55
7270,99
7274,21
7273,253
7272,59
7280,265
7277,97
7286,340
7288,348
7287,316
7289,69
7290,266
7292,216
7291,86
7294,4
7295,155
7296,149
7297,3
7298,4
7299,92
7281,110
7282,200
7303,239
7283,319
7293,25
7302,318
7284,259
7285,162
7275,327
7300,271
7301,17
7276,273
7304,301
7279,180
7305,194
7306,240
7307,198
7308,3
7309,192
7310,98
7311,348
7312,231
7313,260
7314,274
7278,86
7316,266
7315,56
7318,78
7317,174
7319,57
7321,127
7320,84
7322,304
7323,209
7324,284
7325,349
7326,340
7327,140
7328,23
7329,253
7331,99
7330,50
7332,204
7333,287
7334,153
7335,288
7336,26
7337,31
7338,192
7339,121
7340,88
7341,54
7342,242
7343,242
7344,155
7345,167
7346,37
7347,308
7348,308
7350,302
7351,67
7352,153
7353,119
7354,319
7355,128
7356,314
7357,211
7358,340
7349,275
7359,128
7360,190
7361,140
7363,243
7364,168
7366,198
7367,333
7368,61
7369,179
7370,343
7371,105
7373,260
7365,344
7372,269
7374,202
7375,273
7376,41
7362,63
7377,286
7378,96
7389,19
7390,300
7388,260
7393,68
7392,309
7394,307
7396,102
7395,131
7397,145
7391,142
7399,23
7398,272
7401,84
7403,32
7400,42
7383,312
7384,270
7385,145
7379,10
7386,34
7402,149
7380,153
7387,39
7382,220
7404,249
7381,117
7405,209
7406,48
7407,169
7408,344
7410,219
7409,94
7411,174
7412,339
7413,211
7414,291
7415,316
7417,149
7416,95
7418,310
7419,77
7424,159
7430,337
7431,146
7432,40
7433,86
7434,117
7435,227
7436,183
7438,192
7439,163
7440,245
7441,50
7443,42
7442,328
7428,286
7420,55
7437,331
7429,155
7421,324
7422,217
7423,140
7425,136
7444,55
7426,296
7447,307
7448,310
7445,232
7446,345
7427,51
7449,323
7450,77
7451,259
7452,183
7454,241
7455,12
7456,193
7453,126
7457,321
7458,214
7459,40
7460,78
7461,309
7463,135
7462,86
7464,211
7465,278
7466,230
7467,334
7468,291
7470,54
7469,261
7481,90
7483,161
7482,151
7480,210
7484,226
7485,264
7475,64
7486,337
7488,9
7487,141
7471,26
7490,109
7489,268
7492,294
7491,170
7494,2
7495,38
7496,269
7477,279
7472,79
7478,51
7476,92
7473,51
7497,235
7474,181
7493,331
7479,331
7498,105
7499,136
7500,235
7501,54
7502,179
7503,91
7505,157
7506,263
7507,89
7508,70
7504,290
7509,129
7511,13
7510,55
7523,318
7524,200
7525,69
7516,203
7526,281
7527,77
7529,282
7530,86
7528,87
7531,16
7532,220
7533,137
7535,293
7534,254
7536,93
7512,224
7539,287
7540,318
7513,336
7515,54
7520,81
7518,86
7519,8
7538,267
7517,216
7521,40
7522,266
7537,336
7541,216
7514,310
7542,82
7544,260
7545,118
7546,187
7543,83
7547,188
7548,35
7549,57
7550,311
7551,285
7552,178
7553,227
7554,265
7559,132
7567,295
7568,51
7569,299
7570,221
7566,226
7572,200
7557,298
7573,66
7571,210
7574,143
7575,204
7556,137
7576,146
7577,45
7578,26
7579,81
7580,130
7555,177
7563,214
7560,304
7564,85
7565,321
7561,21
7562,274
7585,71
7583,264
7592,247
7593,190
7594,138
7596,41
7595,284
7597,74
7598,292
7584,312
7591,194
7600,11
7599,158
7601,270
7602,254
7604,253
7603,339
7605,64
7606,179
7558,287
7607,148
7589,191
7588,146
7590,319
7586,7
7608,319
7587,263
7582,271
7614,172
7620,48
7619,165
7612,95
7622,50
7623,105
7618,286
7624,263
7626,42
7625,134
7627,228
7621,62
7628,64
7631,132
7630,304
7629,61
7632,177
7633,253
7635,10
7634,165
7581,170
7636,92
7609,160
7610,278
7615,308
7613,175
7611,69
7616,74
7645,341
7644,159
7647,189
7648,174
7617,258
7649,20
7652,261
7650,248
7651,117
7654,118
7655,185
7653,126
7656,286
7657,232
7659,259
7660,111
7658,14
7661,117
7664,52
7662,48
7663,314
7666,48
7665,271
7667,6
7668,15
7669,326
7670,53
7646,3
7671,223
7672,312
7673,276
7674,326
7675,126
7678,136
7676,21
7679,188
7682,33
7641,127
7638,224
7639,194
7643,262
7637,292
7642,170
7685,32
7684,82
7677,314
7681,120
7686,63
7687,189
7680,205
7683,241
7640,167
7690,334
7689,309
7691,325
7692,233
7688,326
7694,251
7696,190
7695,300
7697,143
7699,10
7698,333
7702,319
7701,63
7704,350
7700,3
7705,251
7706,292
7709,18
7707,279
7693,13
7703,295
7708,149
7711,297
7712,158
7713,226
7715,185
7714,232
7716,283
7717,110
7718,57
7719,118
7721,268
7720,215
7722,28
7723,35
7724,203
7726,34
7725,313
7728,85
7729,27
7730,258
7731,243
7732,234
7727,202
7734,74
7742,66
7744,215
7743,240
7741,274
7745,294
7746,273
7747,264
7748,160
7750,224
7733,304
7751,107
7737,21
7749,220
7752,50
7754,272
7738,280
7735,135
7736,128
7739,114
7740,72
7759,330
7761,51
7760,46
7763,15
7757,257
7765,189
7766,212
7762,47
7758,129
7767,193
7768,309
7710,169
7755,26
7764,160
7770,157
7769,144
7771,13
7772,289
7773,15
7775,3
7776,314
7778,92
7777,60
7774,38
7779,70
7781,230
7784,28
7785,23
7780,211
7786,219
7783,211
7788,193
7787,210
7789,80
7790,329
7791,304
7782,110
7756,334
7792,197
7753,129
7794,236
7795,208
7797,220
7796,291
7800,324
7799,333
7798,196
7802,243
7801,318
7804,50
7805,71
7803,185
7806,292
7807,157
7808,139
7809,58
7810,144
7812,235
7813,303
7814,168
7816,7
7815,30
7811,180
7817,336
7818,348
7820,88
7821,46
7822,108
7819,220
7793,174
7824,86
7823,200
7825,33
7830,71
7826,304
7833,263
7831,11
7828,167
7832,183
7829,302
7834,241
7827,303
7835,83
7837,5
7848,42
7849,150
7847,290
7850,341
7851,11
7852,68
7853,203
7854,243
7855,312
7856,55
7857,82
7858,326
7859,76
7860,14
7838,23
7839,24
7864,45
7846,142
7863,94
7843,213
7861,38
7862,73
7840,311
7841,161
7842,307
7865,183
7866,90
7867,257
7868,230
7869,9
7845,270
7871,321
7870,101
7873,60
7874,70
7872,342
7875,168
7876,241
7877,180
7836,233
7881,136
7882,241
7883,307
7880,3
7885,71
7887,44
7886,3
7884,86
7888,24
7890,267
7889,201
7892,35
7891,344
7894,342
7895,49
7896,98
7893,151
7878,46
7879,330
7844,248
7903,247
7897,135
7902,66
7905,144
7904,248
7906,223
7907,201
7909,311
7908,125
7910,97
7911,5
7913,273
7912,347
7915,82
7914,151
7901,236
7916,26
7917,28
7918,52
7919,206
7920,192
7921,198
7923,253
7898,235
7900,158
7922,327
7899,316
7935,83
7936,27
7937,170
7938,26
7934,144
7939,177
7940,157
7941,337
7943,95
7942,233
7928,327
7944,128
7945,316
7946,65
7947,63
7948,121
7949,252
7950,128
7929,258
7930,304
7924,246
7931,20
7951,237
7932,335
7925,179
7933,194
7926,5
7927,37
7952,344
7953,172
7954,256
7955,291
7956,204
7957,132
7958,220
7959,217
7960,36
7961,162
7962,89
7963,279
7964,40
7965,166
7976,308
7975,330
7977,168
7979,344
7978,76
7980,25
7981,219
7982,256
7983,15
7984,303
7986,45
7985,307
7987,23
7989,259
7991,30
7990,66
7993,112
7992,325
7994,166
7988,341
7995,303
7996,107
7998,204
7999,32
7997,192
7970,327
8000,77
8002,243
8001,58
8003,300
8004,254
7973,108
7967,279
7971,244
7968,282
7972,229
7969,212
7966,11
7974,300
8016,166
8017,9
8018,316
8019,123
8020,256
8021,189
8022,179
8023,233
8010,346
8024,128
8026,7
8025,209
8027,196
8028,174
8005,31
8014,229
8015,215
8006,88
8008,43
8009,339
8007,3
8011,115
8012,24
8013,63
8029,321
8030,128
8031,214
8032,275
8033,254
8034,26
8035,278
8036,165
8037,207
8038,175
8040,159
8039,336
8041,218
8045,86
8052,269
8053,11
8054,248
8050,312
8051,313
8055,163
8056,50
8057,86
8058,192
8059,319
8062,134
8061,276
8060,145
8063,218
8064,166
8065,83
8066,237
8046,89
8067,290
8049,85
8047,210
8044,334
8068,317
8042,96
8070,26
8043,104
8069,253
8048,157
8072,113
8073,141
8074,68
8076,2
8071,207
8077,153
8079,208
8080,25
8078,57
8081,296
8075,87
8083,153
8082,238
8087,117
8085,132
8086,274
8098,226
8097,12
8099,14
8101,226
8100,176
8102,151
8103,202
8096,104
8104,132
8105,29
8106,35
8107,182
8108,81
8109,258
8110,147
8111,308
8112,229
8113,300
8088,307
8089,241
8114,179
8084,93
8090,348
8115,253
8091,240
8116,130
8117,337
8092,227
8118,189
8119,214
8120,327
8121,107
8123,144
8124,38
8122,210
8125,45
8126,272
8129,41
8128,348
8127,19
8095,100
8093,161
8134,298
8140,140
8141,81
8142,108
8143,315
8144,56
8145,26
8147,55
8094,54
8146,41
8148,241
8150,132
8149,263
8151,346
8139,332
8152,4
8153,318
8155,90
8154,298
8157,103
8156,25
8137,57
8131,303
8138,25
8130,288
8136,106
8133,67
8132,284
8135,209
8158,256
8159,45
8160,202
8161,218
8162,136
8163,258
8164,337
8165,141
8166,237
8167,172
8168,14
8169,28
8171,217
8170,131
8172,22
8174,52
8173,20
8175,71
8176,58
8177,148
8188,312
8190,2
8191,224
8192,247
8193,65
8194,240
8195,32
8189,159
8196,342
8198,109
8199,91
8200,319
8197,67
8201,288
8186,169
8182,28
8179,300
8183,343
8185,175
8180,53
8178,77
8184,328
8181,133
8187,180
8204,136
8202,240
8203,207
8205,319
8206,236
8207,118
8210,196
8209,113
8211,289
8212,141
8208,172
8213,30
8214,138
8215,336
8217,89
8216,233
8220,210
8218,234
8219,91
8222,278
8221,348
8234,248
8235,21
8236,164
8237,28
8233,115
8238,147
8240,159
8239,48
8241,284
8242,285
8243,202
8244,251
8245,349
8246,321
8247,134
8223,301
8224,156
8225,112
8250,116
8226,135
8248,30
8227,1
8249,95
8228,119
8230,100
8231,249
8229,22
8232,266
8251,137
8253,279
8252,135
8254,52
8255,81
8257,210
8256,261
8258,270
8260,284
8259,309
8261,131
8262,96
8263,234
8265,196
8264,133
8266,24
8267,168
8268,77
8270,20
8273,330
8269,210
8282,25
8283,20
8284,348
8285,34
8286,149
8288,36
8287,25
8271,26
8290,328
8289,240
8291,67
8292,52
8293,325
8294,148
8295,48
8296,184
8297,117
8298,178
8299,224
8300,73
8301,140
8281,133
8302,272
8304,92
8303,110
8305,137
8277,77
8278,302
8274,301
8275,170
8306,17
8279,342
8276,143
8308,31
8280,299
8307,295
8309,347
8310,265
8311,203
8313,99
8312,39
8315,10
8314,5
8316,231
8272,250
8317,60
8318,119
8319,319
8321,208
8320,113
8322,248
8323,251
8324,76
8325,62
8326,341
8328,42
8329,227
8331,174
8330,29
8332,52
8334,326
8333,122
8335,108
8336,324
8337,171
8327,115
8338,150
8340,140
8339,346
8341,83
8342,336
8343,84
8346,270
8345,161
8348,247
8347,29
8344,8
8350,209
8349,152
8355,246
8362,227
8352,109
8363,148
8364,223
8365,288
8366,181
8361,204
8367,219
8368,235
8369,260
8370,289
8372,300
8371,174
8374,45
8373,239
8375,315
8376,183
8377,17
8379,276
8378,350
8356,13
8351,195
8357,319
8354,268
8380,169
8358,55
8353,36
8381,116
8359,122
8383,243
8382,213
8384,28
8385,15
8386,350
8387,173
8388,304
8390,252
8389,68
8391,266
8392,150
8393,76
8396,312
8360,202
8395,237
8397,327
8398,59
8394,64
8409,305
8410,229
8412,104
8413,236
8414,166
8415,253
8416,151
8417,179
8418,36
8411,63
8419,191
8421,304
8422,233
8420,333
8424,242
8425,264
8426,37
8427,11
8405,227
8404,145
8406,208
8407,233
8399,234
8408,128
8423,297
8400,117
8402,343
8403,24
8401,228
8429,85
8428,202
8430,308
8431,211
8432,62
8434,320
8435,73
8437,258
8436,61
8438,70
8439,4
8440,280
8433,211
8441,225
8442,159
8443,39
8444,151
8445,47
8446,126
8447,2
8449,34
8450,332
8451,196
8452,190
8448,129
8454,43
8455,279
8456,325
8453,132
8457,350
8459,51
8462,202
8460,204
8458,119
8463,105
8464,216
8465,300
8461,282
8466,175
8477,20
8479,39
8480,30
8478,70
8481,172
8483,135
8482,328
8484,279
8486,152
8485,14
8487,290
8489,24
8490,253
8488,220
8467,273
8492,162
8493,184
8494,143
8495,19
8496,70
8497,88
8498,139
8499,4
8501,3
8500,143
8502,60
8503,317
8504,311
8505,96
8506,69
8491,65
8508,168
8507,203
8472,213
8509,157
8473,50
8475,77
8471,28
8476,50
8474,160
8470,279
8468,29
8510,122
8511,169
8512,160
8514,330
8513,37
8515,131
8516,141
8518,194
8517,2
8519,162
8520,325
8522,202
8521,119
8524,111
8469,121
8523,321
8525,312
8537,189
8536,226
8538,230
8539,330
8540,30
8541,125
8542,257
8543,105
8545,63
8546,343
8544,307
8547,89
8548,290
8549,8
8526,116
8550,244
8527,231
8528,64
8529,88
8530,80
8554,118
8531,201
8532,282
8533,105
8534,31
8535,57
8555,86
8556,106
8557,345
8558,86
8559,23
8560,83
8561,219
8563,324
8562,280
8565,47
8567,327
8564,98
8552,299
8551,1
8553,348
8566,72
8569,6
8571,242
8580,208
8579,87
8570,59
8581,164
8582,274
8585,15
8583,47
8584,268
8578,200
8587,323
8589,259
8590,293
8591,314
8592,323
8594,15
8593,65
8588,95
8595,170
8596,50
8572,169
8586,316
8576,186
8577,111
8568,266
8573,187
8575,270
8574,118
8597,335
8598,96
8599,156
8600,121
8601,314
8602,48
8604,175
8603,106
8605,164
8606,200
8607,51
8608,213
8609,205
8612,257
8613,262
8614,130
8615,325
8610,148
8619,119
8623,93
8622,314
8624,221
8626,21
8625,322
8627,327
8629,75
8628,317
8630,153
8632,4
8633,98
8634,81
8631,141
8617,259
8635,132
8616,117
8620,151
8621,148
8618,78
8637,292
8641,257
8611,333
8640,125
8642,182
8644,350
8645,57
8646,57
8647,131
8648,5
8649,221
8650,296
8651,345
8652,74
8653,145
8654,15
8655,308
8643,271
8657,347
8656,41
8638,66
8659,76
8658,307
8639,79
8662,22
8664,139
8665,139
8666,188
8668,75
8667,342
8669,102
8671,8
8672,219
8670,218
8660,59
8663,148
8681,143
8683,283
8682,350
8661,143
8684,52
8685,20
8686,59
8676,172
8687,346
8688,133
8690,71
8689,315
8691,256
8693,244
8679,183
8692,348
8694,107
8680,2
8695,33
8677,7
8678,332
8675,327
8636,18
8673,317
8674,247
8706,154
8707,234
8709,301
8708,167
8711,300
8710,328
8712,50
8713,292
8704,194
8701,261
8715,69
8717,88
8716,283
8718,54
8719,257
8714,142
8702,82
8703,290
8698,134
8697,165
8721,328
8696,259
8720,33
8722,286
8699,10
8723,35
8700,326
8724,44
8705,79
8725,68
8726,94
8728,157
8729,263
8730,4
8727,266
8731,325
8733,33
8734,224
8732,259
8735,52
8736,44
8737,326
8748,2
8750,134
8749,159
8751,135
8753,238
8752,202
8743,230
8754,301
8756,179
8757,53
8759,196
8758,210
8755,298
8761,229
8742,218
8760,68
8763,105
8762,52
8764,191
8766,42
8738,14
8744,121
8746,341
8739,66
8765,324
8740,129
8745,151
8747,323
8741,19
8768,188
8769,314
8767,255
8778,154
8779,220
8780,70
8777,23
8781,96
8782,65
8783,172
8784,295
8787,216
8788,282
8785,224
8786,289
8790,278
8791,22
8789,61
8792,269
8793,185
8773,340
8774,8
8776,342
8801,78
8775,286
8800,291
8770,334
8803,283
8804,214
8805,317
8806,193
8802,260
8809,288
8811,332
8812,267
8808,166
8797,43
8814,263
8771,41
8794,44
8807,218
8795,272
8817,154
8810,51
8798,175
8796,23
8813,60
8799,162
8772,69
8815,18
8818,121
8816,110
8819,246
8820,29
8821,166
8823,40
8824,47
8822,94
8826,22
8825,125
8829,242
8831,197
8827,93
8830,179
8828,100
8833,279
8842,87
8843,193
8841,102
8845,246
8844,78
8846,109
8847,298
8848,328
8849,149
8851,28
8850,124
8852,12
8853,277
8855,258
8854,8
8856,237
8858,188
8859,255
8834,96
8860,275
8861,338
8862,299
8863,242
8835,116
8832,99
8839,28
8864,29
8857,231
8866,136
8838,133
8840,103
8865,27
8836,119
8837,272
8868,105
8867,246
8870,162
8871,271
8872,124
8873,223
8876,11
8875,40
8877,263
8874,130
8880,62
8869,46
8879,41
8882,239
8881,36
8883,190
8885,19
8884,67
8878,156
8886,80
8888,229
8887,232
8893,38
8900,331
8895,15
8901,2
8899,281
8903,250
8904,198
8902,137
8907,338
8905,170
8908,315
8909,125
8910,107
8912,110
8898,203
8897,215
8913,3
8896,73
8906,35
8916,145
8915,132
8894,135
8911,34
8914,142
8917,116
8889,82
8918,42
8920,41
8921,62
8922,98
8923,260
8924,64
8925,17
8926,157
8927,227
8928,181
8929,150
8930,212
8931,250
8932,50
8890,153
8891,123
8933,117
8919,226
8937,18
8945,339
8946,128
8947,181
8948,224
8944,119
8949,246
8951,101
8950,309
8952,96
8953,235
8940,347
8954,185
8955,162
8957,112
8958,350
8956,71
8938,335
8941,326
8959,78
8942,304
8939,64
8943,58
8961,15
8960,227
8935,240
8962,30
8936,232
8963,120
8964,56
8965,71
8934,157
8966,109
8967,240
8968,303
8969,22
8970,7
8972,125
8973,250
8971,114
8974,6
8976,87
8977,150
8978,340
8975,8
8980,93
8979,119
8981,121
8983,54
8984,286
8985,18
8987,217
8988,124
8982,276
8990,156
8989,78
8986,27
8991,158
8992,234
8996,206
8892,157
9002,284
9003,111
9004,220
9006,89
8997,146
9005,101
8993,33
8999,182
8998,77
8995,164
9000,348
9001,202
8994,289
9007,314
9008,69
9009,282
9011,16
9010,149
9013,27
9014,36
9015,301
9016,180
9018,138
9017,158
9019,336
9021,341
9020,114
9022,177
9027,90
9012,78
9028,169
9024,191
9025,248
9023,42
9026,14
9029,51
9030,235
9031,260
9032,4
9033,104
9034,25
9035,181
9036,4
9037,273
9039,223
9040,64
9038,326
9041,92
9053,285
9054,323
9055,40
9056,52
9047,119
9057,57
9059,318
9058,275
9060,290
9061,85
9062,306
9063,39
9064,256
9065,251
9066,140
9042,316
9043,88
9070,218
9069,110
9044,71
9051,267
9052,78
9045,20
9046,296
9050,95
9048,178
9049,323
9071,18
9073,163
9072,148
9074,310
9075,98
9076,119
9077,12
9078,68
9079,215
9081,16
9082,169
9083,80
9068,94
9067,300
9080,327
9095,78
9096,207
9097,196
9088,12
9098,271
9100,290
9099,218
9101,293
9102,219
9103,296
9105,187
9104,292
9106,311
9108,147
9107,315
9085,312
9110,331
9111,12
9112,199
9086,306
9084,301
9087,164
9094,96
9093,175
9090,49
9089,264
9109,256
9091,9
9113,347
9114,160
9115,230
9092,336
9116,115
9117,116
9118,125
9119,119
9121,273
9122,258
9124,146
9125,183
9120,337
9123,170
9126,326
9128,156
9129,314
9130,108
9127,226
9131,315
9132,279
9134,261
9135,261
9143,132
9133,115
9144,281
9142,265
9141,27
9145,163
9146,264
9148,118
9147,91
9149,259
9150,238
9152,214
9151,6
9153,224
9154,64
9156,150
9155,162
9157,211
9139,333
9138,151
9140,129
9136,178
9159,122
9137,304
9158,158
9170,72
9160,43
9171,242
9162,79
9172,213
9173,15
9174,252
9175,338
9169,93
9177,60
9179,328
9176,98
9180,21
9181,137
9178,287
9184,268
9185,174
9182,234
9183,335
9186,49
9187,346
9161,238
9166,204
9188,231
9189,32
9190,273
9165,12
9191,67
9192,259
9194,164
9193,230
9195,140
9163,279
9167,264
9196,195
9164,338
9168,77
9197,121
9198,16
9199,321
9201,311
9204,331
9205,134
9202,47
9206,99
9208,224
9207,43
9209,308
9200,50
9210,26
9203,118
9213,228
9221,5
9222,83
9224,79
9225,135
9226,186
9223,243
9227,263
9216,292
9219,1
9228,229
9229,266
9230,229
9231,58
9220,156
9233,287
9232,37
9235,266
9236,318
9237,280
9238,336
9234,257
9239,334
9218,285
9212,110
9243,25
9242,158
9215,90
9214,203
9211,213
9241,315
9217,5
9244,304
9245,216
9240,82
9248,109
9246,231
9247,267
9249,162
9251,56
9254,75
9255,123
9256,245
9252,325
9257,53
9253,190
9250,102
9259,166
9258,152
9265,280
9264,71
9260,152
9267,263
9266,336
9268,190
9262,171
9261,283
9270,197
9271,118
9274,174
9263,108
9277,212
9269,55
9273,151
9272,154
9279,337
9283,343
9286,146
9288,209
9290,330
9291,253
9281,285
9293,299
9294,280
9292,264
9296,337
9295,15
9298,98
9297,92
9299,218
9289,226
9287,234
9301,171
9302,31
9300,248
9304,184
9306,306
9303,285
9305,264
9309,188
9308,92
9284,303
9307,313
9285,248
9278,202
9282,64
9280,274
9276,254
9313,234
9312,100
9310,232
9321,339
9324,64
9275,118
9323,33
9325,313
9326,221
9322,181
9327,272
9329,281
9328,100
9330,325
9331,221
9332,229
9333,96
9334,73
9320,112
9336,104
9338,71
9317,47
9340,9
9341,243
9342,238
9335,8
9339,186
9343,207
9344,61
9318,6
9347,123
9337,205
9316,235
9319,96
9350,50
9351,82
9352,124
9353,108
9354,299
9311,275
9355,143
9356,286
9357,56
9359,344
9360,317
9346,155
9362,209
9363,171
9364,173
9365,60
9366,241
9367,21
9361,332
9368,99
9370,4
9371,253
9369,187
9372,223
9345,27
9373,107
9348,310
9349,44
9374,245
9375,181
9314,128
9358,75
9315,205
9376,140
9377,33
9378,234
9379,81
9380,191
9381,144
9382,28
9383,271
9384,230
9385,192
9386,242
9387,254
9388,160
9389,173
9390,248
9392,77
9393,190
9394,88
9396,330
9391,14
9397,167
9399,209
9398,320
9395,257
9410,166
9412,208
9411,253
9413,81
9409,146
9414,293
9415,31
9416,243
9417,147
9419,316
9420,237
9418,59
9421,333
9423,118
9401,55
9404,155
9424,195
9422,90
9406,240
9407,170
9425,37
9402,256
9405,51
9408,292
9403,196
9400,267
9426,221
9428,306
9430,22
9429,273
9431,173
9438,5
9427,166
9439,201
9440,26
9442,280
9441,210
9443,112
9445,272
9444,228
9435,271
9434,91
9436,71
9433,64
9455,65
9449,10
9457,28
9456,215
9458,149
9459,317
9461,24
9460,164
9463,243
9462,75
9432,10
9452,138
9464,320
9465,216
9466,214
9467,249
9468,266
9437,223
9447,198
9448,343
9446,221
9453,326
9454,295
9451,319
9478,116
9479,184
9472,339
9469,9
9470,26
9473,30
9475,154
9471,189
9476,139
9477,244
9480,325
9482,217
9490,309
9492,285
9491,344
9493,304
9495,134
9494,29
9496,6
9498,102
9497,263
9499,115
9500,173
9501,49
9502,158
9474,102
9503,127
9506,278
9489,172
9505,16
9450,223
9483,217
9487,319
9488,29
9504,246
9507,223
9509,209
9510,346
9484,278
9508,66
9511,324
9514,314
9512,98
9513,175
9515,135
9516,115
9519,70
9518,280
9520,192
9517,12
9522,196
9485,298
9486,17
9521,119
9533,286
9534,8
9481,208
9535,130
9536,11
9538,329
9537,237
9539,287
9541,56
9542,273
9531,250
9543,91
9540,29
9545,176
9529,9
9547,69
9528,187
9546,43
9548,287
9549,56
9532,334
9544,321
9550,281
9525,178
9526,78
9530,314
9524,183
9551,194
9552,325
9553,256
9554,192
9555,158
9556,283
9557,52
9559,105
9560,198
9561,236
9558,205
9562,297
9563,256
9523,250
9564,320
9565,325
9576,166
9577,84
9575,303
9578,246
9567,116
9566,17
9579,181
9580,211
9582,42
9583,237
9581,21
9584,65
9585,117
9587,277
9588,239
9586,282
9589,333
9590,61
9527,242
9574,291
9573,302
9569,163
9572,343
9591,285
9568,264
9595,162
9593,304
9570,36
9592,12
9594,70
9596,240
9597,178
9571,141
9598,307
9599,274
9601,299
9602,340
9603,302
9604,311
9600,347
9605,294
9607,151
9606,174
9608,58
9609,42
9610,292
9611,20
9612,40
9613,28
9614,124
9616,269
9617,273
9618,310
9620,270
9621,214
9619,198
9615,30
9633,24
9634,38
9635,83
9636,158
9637,34
9638,120
9639,189
9640,291
9641,213
9642,4
9643,233
9644,254
9645,67
9646,87
9627,214
9647,121
9649,92
9648,36
9650,25
9628,135
9625,341
9629,94
9626,73
9630,45
9622,139
9631,43
9632,238
9623,58
9624,15
9651,173
9653,71
9652,224
9654,219
9655,237
9656,245
9658,234
9657,258
9659,251
9660,116
9661,220
9663,192
9662,265
9665,123
9666,203
9668,159
9667,285
9670,44
9669,206
9664,243
9671,298
9672,45
9673,175
9674,158
9675,66
9676,188
9677,338
9678,346
9679,23
9681,146
9680,109
9683,204
9684,7
9682,226
9685,34
9687,293
9688,221
9689,115
9691,121
9690,15
9692,237
9686,169
9693,211
9694,5
9696,288
9695,338
9697,76
9709,327
9710,52
9711,179
9712,21
9713,40
9714,9
9715,92
9716,231
9703,158
9706,209
9717,242
9718,294
9719,227
9721,130
9722,326
9720,2
9704,332
9701,35
9705,45
9702,38
9707,97
9726,86
9708,115
9723,239
9727,229
9728,215
9700,298
9729,15
9730,306
9731,222
9732,182
9734,38
9733,120
9736,139
9735,75
9737,115
9738,263
9724,127
9739,247
9699,227
9725,300
9740,72
9698,41
9751,160
9752,318
9753,304
9755,135
9754,267
9756,228
9757,345
9758,345
9759,85
9760,120
9761,146
9763,330
9762,64
9764,130
9745,173
9746,334
9747,91
9741,237
9748,96
9749,150
9768,189
9742,163
9750,259
9744,138
9743,49
9767,56
9765,178
9766,281
9769,181
9770,202
9773,47
9772,95
9774,276
9775,302
9771,337
9776,92
9778,210
9779,121
9777,32
9780,57
9781,160
9784,68
9782,56
9783,68
9796,116
9797,299
9798,172
9799,75
9800,263
9790,142
9801,227
9803,174
9793,280
9804,178
9802,226
9805,115
9806,146
9807,33
9809,213
9808,326
9785,64
9786,27
9787,348
9788,84
9789,20
9791,293
9813,138
9794,213
9792,39
9795,62
9811,29
9812,19
9815,36
9814,19
9816,241
9810,186
9818,43
9817,323
9820,120
9819,318
9821,235
9823,58
9822,169
9825,146
9826,310
9824,137
9830,95
9829,40
9828,119
9831,82
9827,14
9834,220
9832,238
9833,303
9835,121
9836,214
9837,345
9840,252
9838,279
9839,347
9842,45
9851,326
9843,238
9852,137
9853,161
9855,90
9856,221
9858,128
9854,328
9859,15
9860,152
9861,204
9857,332
9862,228
9863,23
9865,83
9864,103
9841,157
9850,235
9846,321
9849,326
9847,94
9872,12
9873,37
9845,238
9875,201
9874,189
9877,29
9871,55
9878,255
9848,29
9879,300
9880,97
9881,127
9883,160
9882,189
9884,329
9887,249
9885,65
9888,173
9889,143
9876,135
9868,314
9886,239
9844,325
9866,74
9891,51
9895,256
9867,35
9897,297
9900,328
9899,347
9892,274
9869,164
9898,116
9893,213
9894,175
9870,291
9896,97
9890,62
9910,348
9909,327
9911,215
9913,128
9912,102
9914,82
9916,163
9915,292
9917,7
9918,136
9919,261
9920,165
9921,83
9922,231
9905,92
9906,273
9904,280
9907,128
9903,249
9908,157
9901,6
9902,77
9925,276
9926,142
9927,10
9928,97
9924,121
9929,151
9931,301
9932,301
9930,227
9933,92
9934,114
9935,158
9937,176
9923,256
9939,239
9938,309
9940,325
9941,58
9942,58
9943,185
9936,350
9944,75
9947,103
9948,280
9945,343
9950,48
9949,119
9946,325
9953,312
9951,176
9961,154
9952,231
9956,210
9954,78
9955,186
9959,327
9958,110
9960,7
9970,50
9965,267
9972,310
9974,326
9973,263
9975,128
9976,215
9977,78
9978,322
9980,272
9979,75
9981,237
9983,259
9982,68
9971,324
9986,125
9966,268
9988,335
9989,206
9987,165
9990,98
9991,207
9993,105
9992,327
9994,245
9996,224
9995,217
9998,197
9999,111
9962,176
9997,10
9984,83
10000,255
9963,60
9967,244
9964,218
9968,335
10004,289
9969,252
10001,277
10003,31
10006,321
10007,218
9957,348
10002,107
10008,98
10009,259
10010,71
10011,198
10012,120
10013,290
10014,262
10015,303
10016,153
10017,313
10005,150
10021,16
10020,10
10019,271
9985,176
10022,101
10023,193
10025,37
10028,195
10026,117
10027,35
10024,310
10018,186
10029,186
10030,231
10031,26
10032,305
10033,107
10034,51
10035,4
10036,44
10037,41
10038,188
10039,343
10040,313
10041,233
10049,232
10050,33
10051,84
10052,125
10053,220
10054,135
10055,301
10056,78
10057,155
10058,43
10060,87
10061,114
10062,160
10059,301
10064,255
10065,345
10066,74
10063,221
10042,319
10067,241
10043,82
10044,57
10045,18
10068,314
10046,314
10047,60
10048,290
10070,75
10071,229
10072,161
10073,59
10074,291
10069,195
10075,31
10076,315
10078,93
10077,279
10079,23
10080,330
10081,140
10082,176
10087,88
10095,10
10094,54
10096,87
10097,131
10098,178
10099,317
10100,161
10101,193
10102,296
10103,321
10104,110
10105,177
10085,278
10106,348
10107,171
10108,179
10088,213
10083,258
10084,346
10092,255
10093,71
10086,164
10089,38
10109,279
10112,25
10119,321
10120,171
10121,29
10122,83
10123,317
10118,258
10124,33
10125,205
10126,177
10128,74
10127,175
10129,124
10130,45
10132,105
10131,72
10133,56
10134,349
10135,82
10113,81
10114,128
10136,188
10137,202
10110,108
10138,250
10139,214
10140,295
10141,79
10142,229
10143,164
10144,79
10145,244
10146,194
10148,137
10147,73
10149,159
10111,269
10115,163
10091,205
10090,313
10117,317
10116,234
10151,171
10150,162
10163,32
10162,45
10161,350
10164,37
10166,138
10167,107
10165,124
10168,181
10169,247
10171,177
10172,57
10170,58
10173,312
10174,249
10176,190
10175,213
10178,29
10180,228
10179,139
10181,63
10156,141
10153,301
10154,98
10186,63
10157,184
10184,60
10188,273
10187,346
10189,195
10185,10
10190,96
10191,108
10192,336
10194,12
10196,73
10195,215
10193,149
10197,129
10198,89
10199,189
10152,209
10177,91
10158,211
10182,141
10183,51
10159,246
10160,61
10200,256
10201,192
10155,78
10202,302
10203,106
10205,184
10204,142
10207,305
10208,301
10206,263
10209,246
10210,14
10211,68
10213,275
10214,350
10215,269
10216,241
10217,99
10218,5
10219,327
10220,242
10222,328
10221,4
10212,49
10223,81
10224,345
10225,267
10227,182
10226,229
10228,55
10237,170
10238,307
10239,110
10242,140
10241,82
10243,19
10240,294
10245,112
10244,104
10246,245
10236,164
10248,142
10249,41
10247,248
10253,246
10250,16
10251,204
10254,266
10255,340
10252,189
10232,67
10231,182
10256,203
10229,92
10257,267
10258,71
10261,200
10266,237
10267,279
10268,305
10269,348
10265,233
10270,190
10272,69
10273,14
10271,79
10274,266
10233,232
10276,310
10277,347
10275,75
10279,19
10280,255
10262,48
10278,342
10263,249
10230,147
10259,300
10264,113
10234,26
10281,246
10260,288
10282,6
10283,113
10284,186
10285,37
10286,133
10288,83
10287,223
10289,269
10290,242
10293,96
10291,160
10292,211
10295,242
10294,205
10297,195
10296,324
10299,341
10298,51
10301,113
10300,287
10312,142
10313,44
10314,328
10315,211
10235,279
10316,79
10311,76
10317,261
10318,313
10320,137
10321,64
10322,36
10319,332
10323,123
10324,267
10326,36
10325,182
10304,100
10309,108
10307,139
10303,10
10306,8
10308,349
10310,239
10330,212
10331,126
10332,313
10333,253
10328,90
10335,77
10334,347
10336,41
10337,185
10327,330
10346,249
10341,154
10348,86
10349,87
10350,123
10302,125
10351,85
10347,234
10352,170
10353,308
10354,187
10355,150
10356,272
10344,257
10357,195
10358,64
10359,115
10342,49
10329,131
10343,147
10338,82
10339,329
10361,176
10340,291
10345,116
10362,333
10305,201
10363,136
10360,114
10365,340
10364,56
10366,140
10368,53
10369,90
10370,307
10373,335
10372,316
10371,254
10374,286
10376,347
10375,300
10367,221
10382,349
10388,14
10387,255
10389,42
10390,349
10392,46
10391,322
10393,55
10377,29
10394,108
10384,270
10395,154
10397,349
10398,13
10396,184
10383,147
10403,326
10404,224
10386,143
10405,320
10406,292
10407,28
10408,74
10410,104
10409,131
10378,154
10411,47
10412,125
10413,174
10416,65
10415,243
10418,346
10417,214
10421,113
10422,349
10380,139
10423,114
10400,230
10420,1
10425,267
10428,287
10427,63
10429,232
10430,288
10431,174
10432,155
10402,207
10434,169
10436,31
10435,274
10379,291
10401,46
10437,41
10433,212
10385,246
10442,275
10443,155
10424,113
10444,90
10426,154
10445,103
10438,137
10446,235
10448,217
10447,208
10449,224
10441,16
10450,20
10451,83
10453,121
10452,12
10454,90
10455,239
10419,224
10457,1
10456,166
10399,151
10439,31
10461,300
10458,266
10459,126
10460,327
10440,129
10462,255
10464,7
10465,324
10463,86
10466,346
10469,60
10471,187
10381,20
10414,228
10470,128
10473,20
10474,259
10472,9
10475,325
10476,26
10477,342
10478,318
10468,138
10467,259
10479,59
10480,167
10481,3
10483,336
10482,177
10485,207
10486,101
10484,129
10488,261
10487,75
10489,41
10490,346
10491,174
10492,133
10493,2
10495,243
10494,7
10496,267
10497,45
10498,166
10500,156
10499,66
10502,1
10507,138
10514,131
10513,162
10503,58
10515,11
10517,136
10518,241
10519,270
10520,258
10521,265
10523,104
10516,54
10522,185
10524,104
10526,189
10527,248
10504,223
10528,172
10529,239
10531,268
10530,8
10509,120
10505,83
10508,161
10510,125
10512,190
10525,131
10501,280
10511,207
10533,242
10532,350
10506,106
10535,101
10534,110
10536,45
10538,233
10540,79
10541,29
10539,81
10537,290
10542,146
10544,107
10543,275
10556,256
10557,214
10558,155
10559,273
10547,313
10560,318
10561,264
10546,144
10563,260
10562,245
10566,316
10564,330
10567,67
10569,126
10568,319
10565,110
10572,145
10573,220
10555,214
10548,210
10571,180
10549,321
10554,145
10552,109
10550,260
10545,146
10570,280
10551,326
10553,221
10575,290
10576,30
10574,166
10577,123
10579,204
10578,17
10581,247
10580,329
10583,119
10584,222
10585,162
10582,59
10586,344
10592,59
10599,325
10598,44
10600,344
10601,244
10602,238
10604,29
10603,323
10605,6
10606,265
10607,34
10609,97
10608,99
10610,310
10611,149
10596,103
10613,347
10614,241
10595,230
10615,203
10593,141
10597,267
10587,124
10591,187
10590,146
10612,118
10589,88
10588,42
10616,242
10617,160
10619,250
10618,123
10620,172
10621,56
10623,116
10622,4
10594,199
10624,84
10625,248
10627,258
10626,332
10628,324
10629,333
10630,9
10632,148
10631,27
10633,198
10634,317
10637,51
10638,133
10639,70
10640,244
10649,6
10650,344
10648,106
10651,337
10652,41
10653,348
10654,59
10655,227
10656,4
10657,107
10658,105
10659,116
10660,309
10662,322
10644,37
10636,334
10643,258
10635,108
10641,318
10646,217
10647,189
10642,97
10645,85
10661,95
10674,325
10675,337
10676,301
10677,254
10668,86
10678,60
10679,89
10681,176
10680,85
10682,71
10683,168
10684,171
10665,257
10685,100
10686,241
10687,76
10666,138
10690,196
10691,186
10667,213
10663,299
10689,333
10664,291
10688,48
10670,31
10673,43
10669,317
10671,26
10692,34
10693,120
10694,149
10695,207
10696,307
10697,182
10698,238
10672,322
10700,199
10702,84
10701,119
10703,19
10704,209
10699,42
10706,321
10712,145
10711,172
10715,30
10710,87
10713,200
10714,129
10717,263
10718,130
10716,262
10719,349
10720,188
10724,222
10721,113
10722,282
10723,111
10725,347
10726,289
10727,231
10728,100
10705,99
10707,162
10708,28
10730,41
10709,226
10731,254
10733,67
10732,270
10734,134
10735,202
10729,121
10736,180
10737,71
10739,114
10738,207
10741,183
10740,203
10743,236
10744,30
10745,219
10746,74
10742,101
10747,328
10748,103
10751,32
10750,13
10752,90
10753,205
10754,201
10755,214
10757,66
10758,331
10760,340
10756,25
10759,137
10749,29
10761,288
10762,1
10763,14
10773,167
10774,16
10775,230
10772,187
10776,164
10777,161
10771,4
10778,144
10779,275
10780,135
10781,163
10782,9
10783,340
10786,323
10785,120
10787,30
10789,301
10788,346
10767,19
10768,76
10769,350
10764,131
10784,134
10765,209
10766,136
10791,112
10792,327
10770,226
10790,216
10793,200
10794,327
10795,266
10796,13
10798,71
10797,145
10799,168
10801,236
10803,146
10806,324
10805,88
10808,340
10809,148
10800,1
10807,310
10804,115
10802,139
10821,267
10815,160
10822,94
10823,211
10824,80
10825,167
10826,319
10827,292
10829,326
10828,317
10830,116
10832,244
10831,298
10833,74
10834,137
10810,294
10811,187
10838,104
10812,13
10813,183
10837,45
10814,252
10820,76
10835,331
10836,67
10817,200
10816,282
10839,286
10841,65
10842,206
10843,53
10840,49
10844,25
10846,130
10845,262
10847,132
10819,174
10849,87
10848,216
10850,162
10851,54
10818,119
10855,236
10854,276
10857,112
10856,109
10858,143
10859,42
10860,15
10862,140
10863,188
10861,109
10864,235
10865,191
10868,342
10866,343
10852,342
10853,234
10869,76
10867,24
10870,110
10882,349
10883,21
10884,344
10885,49
10886,36
10887,249
10888,180
10889,8
10890,44
10891,286
10892,265
10893,150
10894,56
10895,202
10873,322
10896,58
10898,68
10897,283
10899,332
10877,274
10878,199
10872,191
10879,7
10881,243
10876,109
10874,238
10880,335
10900,147
10901,64
10871,233
10875,141
10902,265
10903,213
10904,207
10905,77
10906,338
10907,170
10909,136
10908,326
10910,230
10911,203
10913,174
10914,259
10912,243
10926,276
10920,182
10927,104
10928,194
10929,162
10930,210
10931,295
10932,35
10933,124
10934,11
10935,211
10937,92
10938,121
10939,279
10940,142
10936,78
10941,212
10923,94
10943,192
10942,108
10921,247
10922,12
10917,121
10916,193
10915,219
10918,45
10925,321
10919,152
10924,118
10944,223
10945,46
10946,220
10947,279
10948,119
10949,316
10950,110
10951,113
10952,133
10954,195
10955,147
10953,67
10956,62
10959,93
10957,270
10958,207
10960,164
10962,244
10961,210
10974,261
10975,31
10976,272
10968,73
10977,149
10978,285
10979,350
10980,159
10982,299
10983,232
10984,326
10985,153
10986,229
10987,321
10971,62
10966,220
10967,179
10969,59
10970,174
10973,346
10963,313
10972,240
10964,49
10965,110
10998,334
10992,309
11000,80
11001,310
10999,239
11002,41
11004,94
11003,189
11006,222
11007,37
11005,28
11008,313
11009,342
11010,295
11011,157
10988,116
11014,61
11015,166
10989,93
11013,264
10990,25
10996,75
10991,225
10997,151
11012,227
10993,285
10995,186
10981,38
11016,34
11017,65
11019,103
11018,94
11020,295
11021,151
10994,143
11024,30
11023,84
11022,313
11025,170
11026,172
11027,347
11028,65
11031,8
11032,254
11033,110
11030,68
11034,81
11035,339
11037,239
11038,206
11039,253
11040,23
11041,205
11042,99
11043,314
11036,262
11029,6
11054,118
11048,244
11055,160
11057,211
11056,73
11059,280
11060,311
11061,48
11062,154
11063,174
11065,41
11064,163
11066,139
11058,342
11067,90
11046,283
11045,314
11072,215
11071,111
11070,230
11044,227
11052,89
11047,102
11068,220
11069,33
11049,255
11050,93
11073,159
11074,163
11051,243
11075,139
11053,125
11076,213
11077,226
11080,80
11079,279
11078,260
11081,107
11082,191
11085,203
11084,277
11083,39
11086,87
11087,49
11088,265
11089,136
11094,47
11091,119
11092,85
11093,168
11090,109
11096,284
11095,252
11099,46
11100,297
11098,126
11097,346
11101,297
11103,107
11102,53
11115,10
11108,133
11116,125
11117,196
11114,210
11118,304
11119,269
11120,328
11121,31
11122,298
11123,63
11124,283
11125,270
11126,201
11127,162
11128,334
11129,182
11130,71
11104,239
11109,71
11105,124
11110,283
11106,199
11111,112
11131,199
11107,5
11112,128
11113,236
11132,300
11134,113
11133,142
11135,106
11136,211
11137,304
11138,208
11139,45
11140,150
11141,27
11142,263
11143,85
11146,227
11145,333
11147,247
11144,36
11149,200
11148,281
11152,284
11151,304
11153,220
11150,313
11154,209
11159,182
11157,174
11167,274
11166,88
11158,281
11169,311
11168,84
11170,160
11172,241
11171,227
11173,243
11174,92
11175,150
11176,195
11178,13
11177,137
11179,108
11180,273
11163,196
11164,118
11160,196
11165,226
11156,221
11181,252
11155,340
11184,328
11182,113
11183,313
11161,97
11185,205
11187,164
11186,141
11188,214
11189,315
11190,148
11162,43
11191,43
11194,282
11196,23
11195,204
11192,157
11197,289
11199,183
11198,87
11202,165
11204,232
11203,70
11200,219
11205,193
11193,46
11207,278
11201,252
11214,139
11215,192
11206,139
11209,9
11208,301
11210,69
11213,166
11216,187
11211,298
11217,272
11218,208
11212,311
11219,292
11221,140
11231,171
11232,172
11230,208
11233,106
11225,100
11227,95
11236,184
11235,109
11234,13
11237,35
11238,25
11239,114
11241,162
11242,188
11228,71
11240,76
11220,145
11243,281
11226,199
11223,47
11245,118
11224,298
11244,52
11246,78
11247,137
11222,140
11248,288
11249,130
11250,268
11251,226
11252,196
11253,64
11255,326
11254,281
11256,160
11257,94
11258,171
11259,71
11229,15
11260,171
11262,68
11263,26
11264,57
11265,325
11266,8
11267,178
11268,138
11269,1
11270,198
11272,61
11261,200
11271,219
11281,165
11282,333
11283,174
11284,236
11274,308
11285,261
11286,224
11287,331
11288,5
11289,344
11290,294
11291,214
11292,19
11293,103
11294,339
11277,236
11280,280
11275,142
11273,334
11278,110
11279,335
11300,117
11301,330
11302,182
11304,91
11305,91
11306,337
11307,127
11303,26
11308,30
11309,41
11311,48
11310,62
11312,318
11297,174
11295,249
11296,334
11299,62
11298,53
11313,310
11276,331
11316,160
11325,122
11326,277
11314,310
11323,199
11327,70
11330,277
11328,236
11331,70
11329,316
11324,21
11332,249
11333,161
11335,74
11334,60
11336,61
11339,278
11340,293
11341,142
11342,212
11338,103
11337,26
11315,17
11321,279
11320,108
11317,274
11318,105
11319,142
11343,152
11344,250
11346,148
11322,292
11347,217
11345,344
11348,207
11349,183
11351,271
11353,234
11350,16
11354,205
11355,212
11352,35
11357,285
11356,297
11359,246
11360,223
11358,198
11362,175
11363,118
11364,175
11361,67
11366,338
11368,316
11367,97
11365,89
11376,336
11378,45
11372,297
11370,42
11379,154
11380,7
11381,38
11383,124
11384,184
11385,77
11377,123
11386,110
11388,234
11374,228
11389,255
11387,134
11375,34
11371,23
11382,339
11390,259
11369,308
11373,338
11400,153
11401,185
11402,172
11403,122
11395,321
11404,187
11405,256
11406,238
11409,265
11408,350
11410,169
11407,96
11411,333
11413,122
11412,272
11391,149
11392,98
11393,216
11420,77
11394,69
11419,224
11399,197
11398,136
11421,258
11422,270
11423,44
11425,324
11427,335
11416,3
11426,154
11428,337
11424,315
11429,192
11430,221
11433,248
11432,43
11414,255
11431,225
11418,121
11417,332
11396,30
11434,62
11397,260
11415,270
11440,13
11447,250
11448,152
11446,167
11449,152
11450,43
11451,256
11452,327
11453,339
11454,173
11455,29
11456,277
11457,32
11458,287
11459,310
11444,326
11445,237
11463,148
11438,211
11462,247
11443,174
11435,31
11439,133
11436,162
11441,111
11437,142
11442,315
11464,256
11460,161
11461,224
11465,200
11466,180
11467,147
11468,116
11469,55
11470,344
11472,281
11471,27
11473,149
11474,257
11475,68
11476,103
11477,134
11478,320
11481,146
11485,140
11490,190
11491,308
11492,253
11493,349
11494,173
11496,155
11495,315
11489,114
11497,84
11498,173
11499,66
11500,282
11501,146
11503,309
11504,92
11502,162
11505,118
11506,206
11486,57
11487,144
11508,188
11482,134
11509,246
11510,90
11511,252
11507,161
11512,320
11513,319
11515,261
11514,287
11516,278
11518,302
11517,142
11519,258
11520,333
11521,343
11483,21
11488,128
11484,195
11480,249
11525,284
11479,52
11532,42
11533,212
11534,322
11528,242
11535,130
11531,270
11536,12
11538,152
11539,261
11537,143
11541,105
11542,310
11544,179
11545,37
11546,79
11547,340
11526,82
11529,198
11527,272
11540,132
11543,185
11548,34
11524,243
11522,196
11530,60
11523,5
11554,331
11549,5
11550,193
11551,273
11552,63
11557,11
11553,341
11567,106
11568,190
11569,199
11570,67
11571,131
11572,242
11573,328
11574,175
11562,88
11575,328
11576,220
11577,339
11579,134
11578,159
11580,71
11558,132
11559,110
11582,269
11565,78
11561,206
11564,40
11560,290
11555,336
11563,178
11581,102
11556,208
11583,170
11584,289
11585,157
11586,167
11587,2
11588,226
11589,282
11590,343
11591,127
11592,85
11593,129
11594,98
11596,265
11595,210
11597,17
11598,8
11599,207
11566,323
11600,227
11606,72
11612,337
11602,159
11614,166
11613,36
11615,153
11611,229
11616,36
11619,186
11617,349
11618,209
11620,163
11621,201
11622,227
11623,347
11624,278
11625,253
11626,55
11628,142
11627,135
11607,116
11601,138
11608,248
11609,166
11610,108
11629,311
11604,50
11605,244
11603,107
11630,62
11631,255
11632,211
11634,173
11635,61
11636,267
11637,38
11638,89
11633,25
11640,330
11639,51
11641,295
11642,185
11643,265
11644,46
11646,170
11647,7
11648,193
11651,317
11653,143
11650,227
11645,231
11649,131
11657,85
11662,55
11660,340
11652,203
11665,107
11666,7
11667,207
11669,198
11670,210
11671,22
11655,251
11672,149
11674,249
11663,146
11668,81
11661,318
11673,289
11675,135
11676,187
11677,110
11664,65
11679,334
11678,118
11680,228
11654,208
11658,311
11656,204
11681,275
11659,172
11683,23
11684,252
11682,297
11685,346
11686,132
11687,72
11688,259
11689,8
11691,325
11693,297
11694,79
11690,222
11692,53
11696,128
11702,266
11703,341
11701,180
11700,239
11704,203
11705,205
11707,282
11708,169
11706,310
11709,269
11710,108
11711,13
11713,332
11712,274
11714,194
11715,236
11716,48
11697,243
11698,89
11699,197
11695,6
11720,294
11717,201
11718,324
11722,318
11721,318
11723,84
11724,199
11719,275
11734,163
11736,30
11737,271
11728,40
11738,28
11739,155
11740,323
11741,343
11735,197
11743,187
11742,311
11744,334
11745,305
11746,332
11747,112
11748,260
11749,263
11751,137
11726,87
11733,215
11727,91
11725,313
11750,217
11729,162
11731,231
11752,322
11730,313
11732,57
11753,106
11754,63
11755,25
11756,253
11758,31
11759,183
11757,101
11760,298
11762,188
11761,334
11764,46
11763,164
11765,347
11766,141
11778,267
11779,4
11777,229
11780,166
11781,157
11767,127
11772,268
11775,57
11768,73
11776,187
11769,137
11770,207
11771,230
11773,14
11774,163
11782,112
11783,11
11784,289
11785,202
11786,54
11787,183
11788,120
11789,321
11790,226
11792,65
11793,10
11794,57
11791,311
11798,334
11807,156
11806,228
11808,159
11809,311
11811,249
11810,350
11799,251
11812,193
11813,170
11814,29
11815,141
11816,133
11817,233
11818,135
11819,277
11820,39
11802,70
11803,71
11800,238
11804,166
11805,55
11801,270
11796,189
11795,328
11797,125
11832,210
11833,37
11834,262
11835,342
11836,87
11837,115
11838,307
11839,12
11840,63
11841,296
11842,344
11843,162
11844,264
11845,56
11826,226
11847,3
11846,188
11849,147
11848,282
11830,149
11831,226
11821,206
11822,109
11823,31
11824,65
11825,13
11850,261
11829,107
11851,73
11853,310
11852,130
11854,100
11856,192
11855,56
11857,111
11859,40
11858,61
11860,280
11861,54
11862,183
11828,93
11827,140
11863,258
11868,307
11871,79
11877,231
11876,101
11875,260
11878,260
11879,292
11881,279
11880,256
11883,303
11884,200
11882,272
11885,201
11886,269
11888,18
11887,208
11889,130
11872,312
11873,268
11869,290
11874,183
11890,241
11870,146
11893,339
11892,257
11867,50
11891,172
11865,233
11864,168
11894,317
11895,345
11866,337
11896,117
11898,160
11899,211
11897,289
11900,204
11901,256
11903,125
11902,286
11905,295
11904,289
11907,274
11906,237
11913,72
11920,15
11921,251
11919,84
11922,281
11924,124
11923,317
11925,111
11926,90
11927,209
11928,241
11929,3
11930,88
11932,312
11931,232
11933,53
11917,100
11936,109
11918,276
11911,300
11935,242
11916,334
11908,324
11912,341
11909,189
11914,204
11934,70
11915,216
11937,30
11939,33
11940,229
11938,326
11941,188
11943,230
11944,29
11945,48
11942,182
11946,316
11948,124
11949,263
11910,93
11947,144
11951,78
11952,48
11950,269
11955,159
11954,57
11953,139
11956,282
11957,98
11958,204
11959,134
11962,205
11960,310
11961,21
11963,7
11964,165
11965,73
11976,337
11978,130
11977,278
11979,173
11980,306
11982,13
11981,10
11983,125
11985,75
11984,151
11986,321
11987,94
11988,35
11989,299
11970,150
11992,229
11991,330
11993,6
11994,287
11995,192
11997,269
11996,172
11999,161
11990,144
11998,247
12000,289
12001,333
12002,251
11971,272
12003,309
12005,315
12004,176
11974,339
11973,323
11975,155
12010,193
12011,92
12008,298
12012,97
12013,64
12014,38
12016,293
12015,347
12017,101
11972,205
11968,170
12007,287
11966,137
12006,111
12009,155
11967,312
11969,36
12018,2
12019,289
12020,291
12023,30
12022,346
12021,67
12025,88
12026,114
12024,20
12027,321
12028,86
12029,151
12030,33
12031,38
12032,310
12033,160
12034,263
12035,55
12036,315
12037,345
12038,239
12039,271
12040,134
12041,19
12053,37
12054,213
12055,109
12056,251
12057,62
12042,25
12058,342
12059,283
12060,161
12061,70
12062,272
12063,101
12064,247
12066,157
12065,199
12051,198
12047,300
12068,152
12070,306
12069,183
12052,231
12043,224
12048,326
12044,136
12045,89
12049,245
12046,19
12050,287
12071,147
12072,179
12073,240
12074,180
12075,70
12076,257
12077,41
12079,252
12080,274
12078,226
12081,294
12082,78
12083,153
12085,103
12067,328
12095,285
12096,101
12097,60
12084,176
12098,207
12100,27
12099,240
12094,94
12101,275
12102,331
12104,115
12103,19
12105,312
12106,170
12108,323
12109,61
12110,212
12111,260
12087,238
12086,307
12112,225
12113,205
12114,189
12115,342
12116,264
12107,43
12088,328
12090,315
12092,256
12091,145
12093,236
12089,197
12117,318
12119,88
12118,162
12129,3
12131,227
12130,131
12120,224
12124,216
12126,117
12127,226
12121,326
12122,29
12123,266
12139,247
12125,22
12140,348
12141,297
12142,92
12143,201
12144,128
12145,239
12146,15
12147,332
12148,315
12136,36
12134,90
12151,282
12149,157
12152,50
12154,236
12156,192
12155,222
12150,138
12157,260
12158,231
12161,322
12159,143
12160,134
12153,228
12162,108
12128,42
12138,293
12132,51
12168,83
12137,102
12133,274
12169,276
12165,219
12135,69
12164,175
12170,229
12167,194
12171,25
12163,344
12174,149
12173,288
12172,15
12176,223
12175,256
12166,169
12177,105
12178,110
12179,273
12180,155
12181,206
12182,149
12185,57
12183,278
12186,24
12184,238
12187,243
12189,163
12188,326
12190,151
12202,268
12196,212
12191,18
12204,260
12205,191
12206,140
12207,239
12209,195
12208,262
12210,90
12212,182
12211,253
12203,81
12213,233
12201,327
12216,161
12214,186
12215,86
12217,30
12192,154
12199,184
12198,293
12195,11
12194,317
12220,62
12221,221
12223,205
12222,154
12225,222
12226,50
12224,170
12227,272
12229,142
12228,316
12232,263
12230,260
12231,61
12234,162
12233,313
12193,336
12200,184
12197,259
12235,228
12236,90
12237,70
12218,294
12238,153
12239,177
12240,86
12242,114
12241,167
12243,7
12245,159
12244,131
12246,328
12256,346
12257,30
12254,73
12258,110
12259,234
12255,294
12260,45
12261,330
12263,272
12262,186
12251,81
12265,240
12247,328
12249,345
12248,244
12266,111
12252,133
12267,19
12253,259
12219,68
12264,68
12250,103
12269,185
12268,234
12270,9
12271,66
12272,207
12273,251
12274,242
12275,99
12276,149
12278,86
12277,59
12279,292
12280,318
12282,328
12283,167
12281,212
12285,101
12284,240
12286,143
12288,64
12289,91
12291,86
12287,105
12290,8
12303,250
12304,156
12305,82
12306,299
12307,291
12308,202
12309,62
12310,280
12311,38
12312,221
12313,234
12314,143
12315,14
12316,48
12297,169
12317,335
12318,124
12319,255
12300,188
12320,172
12302,150
12301,205
12298,133
12294,103
12292,237
12293,6
12299,82
12321,122
12323,94
12322,222
12324,331
12326,27
12327,229
12295,272
12328,135
12329,228
12325,134
12330,38
12331,35
12332,30
12296,200
12333,197
12334,16
12335,185
12339,161
12340,301
12337,159
12338,263
12345,193
12341,250
12351,247
12352,270
12353,33
12354,188
12355,269
12336,184
12356,245
12357,75
12359,154
12361,229
12362,160
12347,26
12360,313
12358,121
12346,55
12349,14
12348,157
12363,186
12342,44
12344,153
12350,226
12364,9
12343,11
12369,287
12375,199
12376,175
12377,310
12378,274
12379,194
12380,90
12381,331
12382,320
12383,58
12384,338
12385,156
12374,75
12386,126
12387,37
12372,75
12373,164
12365,329
12391,321
12368,344
12367,57
12371,181
12392,33
12389,295
12393,98
12394,273
12395,281
12396,85
12398,232
12397,349
12399,2
12366,40
12388,244
12400,36
12401,143
12402,280
12405,65
12404,269
12370,259
12390,66
12403,180
12412,259
12414,148
12411,260
12415,104
12416,312
12417,74
12418,105
12419,270
12420,236
12421,273
12423,66
12422,67
12424,115
12425,178
12408,204
12406,130
12410,323
12409,50
12413,261
12407,152
12430,123
12436,319
12437,84
12438,136
12439,312
12440,171
12441,226
12443,183
12442,184
12435,126
12447,304
12444,164
12445,315
12448,240
12446,36
12449,97
12432,347
12450,118
12451,92
12452,77
12454,301
12453,154
12427,139
12426,273
12431,248
12429,225
12434,42
12433,145
12455,3
12457,261
12458,242
12456,203
12460,325
12459,318
12461,90
12464,246
12462,257
12466,199
12465,265
12428,199
12468,20
12471,299
12469,158
12467,271
12470,25
12463,95
12473,216
12472,224
12484,21
12486,129
12485,298
12478,244
12487,276
12488,63
12489,285
12492,168
12490,140
12491,22
12493,186
12496,76
12495,292
12497,137
12494,258
12474,89
12479,9
12475,287
12476,20
12480,170
12477,161
12481,67
12498,226
12501,158
12482,38
12499,339
12500,109
12483,81
12502,90
12504,322
12503,181
12505,345
12506,311
12507,268
12510,115
12511,64
12508,241
12512,9
12509,167
12513,88
12514,112
12515,289
12516,315
12518,13
12519,7
12520,147
12521,9
12517,162
12522,349
12524,260
12525,174
12523,12
12526,268
12527,86
12528,212
12540,80
12541,66
12542,256
12543,259
12544,116
12545,335
12546,260
12534,260
12547,97
12549,76
12548,76
12550,177
12551,285
12552,320
12553,202
12555,127
12556,113
12554,242
12557,311
12538,113
12539,189
12529,191
12530,182
12558,171
12537,199
12559,302
12561,248
12560,304
12563,171
12562,312
12564,237
12565,34
12567,107
12566,164
12568,127
12569,125
12536,15
12532,236
12570,344
12535,180
12580,340
12531,11
12579,241
12581,252
12582,77
12583,162
12584,284
12586,286
12585,163
12588,342
12571,239
12574,34
12587,244
12589,28
12591,320
12590,66
12593,246
12533,81
12592,140
12577,127
12573,47
12575,60
12598,339
12597,148
12600,253
12601,226
12602,223
12599,268
12604,26
12603,333
12607,123
12608,339
12609,274
12606,34
12610,155
12611,252
12605,259
12578,61
12595,118
12572,159
12596,114
12594,176
12613,292
12621,348
12612,341
12622,159
12624,26
12625,289
12623,187
12627,113
12626,30
12628,228
12630,185
12629,232
12631,112
12632,131
12635,247
12633,86
12616,192
12636,117
12634,218
12637,66
12614,176
12639,132
12640,128
12641,226
12642,216
12638,294
12643,325
12644,5
12646,109
12647,258
12645,96
12619,304
12651,260
12620,43
12655,249
12576,349
12656,270
12653,82
12648,251
12617,77
12649,305
12654,203
12652,119
12657,51
12618,100
12650,243
12658,30
12660,79
12662,130
12659,159
12661,329
12664,128
12665,290
12666,119
12668,137
12669,344
12615,108
12663,288
12674,21
12680,171
12667,311
12681,249
12682,38
12678,32
12685,89
12670,244
12679,183
12687,322
12688,120
12683,17
12677,271
12692,145
12693,43
12694,212
12671,288
12695,251
12696,298
12698,330
12697,245
12675,45
12700,17
12701,88
12699,263
12686,188
12690,184
12691,299
12689,311
12704,185
12672,299
12684,71
12673,19
12676,163
12705,23
12706,247
12702,117
12714,73
12716,321
12717,273
12715,71
12718,208
12719,214
12722,323
12723,287
12724,137
12725,12
12726,10
12720,180
12707,1
12708,131
12709,217
12710,27
12711,123
12712,16
12721,93
12713,43
12703,251
12727,292
12733,274
12740,76
12734,255
12739,197
12742,281
12741,292
12743,92
12744,167
12745,58
12746,83
12747,305
12748,113
12749,57
12750,312
12752,11
12751,270
12735,25
12737,111
12728,99
12738,10
12736,171
12729,109
12754,84
12731,239
12730,127
12753,122
12756,61
12732,298
12758,290
12760,320
12761,162
12759,320
12762,228
12764,201
12763,322
12765,105
12766,29
12767,319
12757,113
12768,52
12769,15
12774,51
12773,196
12775,37
12776,64
12777,348
12778,127
12779,299
12770,80
12772,279
12755,194
12790,305
12789,132
12791,225
12792,237
12793,146
12795,208
12794,69
12796,77
12797,212
12798,73
12799,3
12800,177
12801,261
12784,92
12802,137
12785,315
12780,125
12786,215
12783,112
12806,160
12787,76
12804,267
12803,281
12788,94
12805,197
12771,269
12781,115
12782,99
12807,170
12808,89
12809,249
12810,318
12811,260
12812,167
12813,22
12815,157
12816,115
12817,305
12818,334
12814,67
12819,42
12820,97
12821,309
12824,106
12825,300
12823,178
12826,77
12827,144
12829,88
12830,147
12828,30
12831,274
12832,225
12833,316
12835,174
12834,229
12836,256
12838,341
12822,150
12845,317
12837,6
12841,225
12849,332
12850,129
12851,24
12853,74
12854,224
12855,263
12856,202
12857,242
12858,271
12859,70
12860,13
12861,134
12862,107
12852,237
12848,10
12843,139
12866,23
12839,13
12842,218
12865,9
12840,286
12846,220
12867,106
12863,275
12868,249
12869,48
12870,230
12871,30
12872,216
12874,254
12873,16
12875,59
12847,75
12877,201
12878,39
12876,45
12881,218
12882,280
12883,37
12884,47
12880,126
12885,270
12886,131
12887,294
12888,246
12889,258
12890,147
12892,114
12879,285
12893,222
12864,13
12894,240
12896,249
12895,191
12891,151
12897,70
12844,77
12907,168
12898,304
12908,284
12909,221
12910,260
12911,286
12912,292
12913,8
12914,76
12916,302
12917,67
12918,7
12915,350
12920,169
12919,76
12904,43
12905,133
12903,270
12902,206
12927,11
12926,101
12928,192
12930,27
12929,280
12932,41
12933,16
12931,255
12934,252
12935,122
12937,335
12938,137
12936,252
12939,264
12942,15
12940,110
12941,208
12943,90
12946,224
12944,229
12947,162
12925,12
12949,145
12948,42
12951,313
12950,182
12953,143
12955,3
12954,164
12945,349
12952,326
12956,157
12957,156
12958,94
12959,320
12923,211
12963,173
12962,223
12964,114
12965,305
12966,96
12967,241
12969,221
12968,182
12970,188
12971,194
12921,348
12899,237
12924,301
12900,75
12960,304
12906,216
12901,113
12922,262
12982,31
12983,235
12984,185
12985,205
12986,198
12976,34
12987,182
12989,321
12981,228
12988,96
12990,337
12993,93
12991,32
12992,67
12994,63
12979,315
12961,227
12972,278
12980,169
12973,32
12975,122
12974,18
12995,261
13000,303
13005,44
13006,88
13007,15
13008,64
12997,339
13010,125
13012,193
13011,108
13009,197
13013,181
13014,344
13016,20
12977,284
13015,272
13017,108
13018,159
12999,287
12996,190
13001,345
12998,107
13003,175
13002,110
13004,339
12978,132
13019,151
13020,332
13022,213
13021,202
13023,86
13024,196
13025,64
13026,11
13027,144
13028,229
13029,184
13030,154
13031,257
13032,23
13033,9
13034,62
13035,194
13036,54
13037,268
13038,327
13039,186
13040,255
13041,37
13053,137
13054,66
13055,227
13056,308
13045,293
13057,100
13059,24
13058,105
13061,175
13060,11
13062,39
13049,273
13064,323
13063,138
13065,255
13066,238
13046,42
13042,184
13070,12
13043,105
13047,229
13044,313
13048,345
13069,271
13067,238
13050,279
13068,173
13051,138
13052,300
13071,210
13072,62
13075,122
13074,306
13077,269
13079,152
13080,105
13081,128
13082,278
13083,66
13073,143
13078,12
13076,66
13088,169
13095,152
13089,132
13097,318
13096,131
13099,175
13100,107
13090,209
13103,317
13104,205
13105,321
13106,10
13107,315
13098,62
13102,128
13101,112
13092,229
13085,19
13086,31
13084,11
13087,139
13093,252
13094,43
13112,158
13114,120
13115,70
13116,97
13117,266
13118,36
13119,24
13121,267
13122,137
13091,123
13124,109
13113,212
13123,338
13110,178
13111,127
13125,268
13126,157
13108,235
13120,350
13127,105
13130,96
13139,123
13131,322
13133,156
13140,13
13128,312
13142,68
13144,215
13141,202
13138,69
13145,264
13143,83
13109,16
13146,113
13148,227
13147,288
13152,131
13151,185
13149,137
13150,257
13132,170
13136,188
13134,85
13137,310
13129,41
13135,330
13156,12
13154,167
13155,258
13157,22
13158,170
13159,335
13153,214
13162,156
13163,121
13164,217
13160,343
13165,222
13166,209
13167,245
13170,18
13168,84
13169,198
13173,151
13171,137
13161,26
13172,346
13176,73
13177,197
13178,105
13179,169
13181,55
13180,326
13182,256
13185,84
13186,32
13188,61
13189,237
13175,224
13183,129
13193,313
13194,125
13190,251
13196,341
13184,87
13197,117
13199,204
13195,33
13191,155
13192,209
13174,142
13198,318
13200,122
13201,65
13202,199
13203,235
13206,108
13207,76
13208,21
13204,337
13209,71
13210,265
13187,218
13205,73
13211,345
13213,320
13216,323
13214,89
13215,175
13212,269
13220,269
13229,164
13218,170
13230,157
13231,294
13232,206
13217,141
13228,70
13233,70
13234,162
13235,245
13224,269
13236,256
13237,45
13239,314
13238,138
13242,93
13226,193
13241,339
13227,175
13225,128
13219,193
13243,225
13240,171
13244,299
13223,230
13222,212
13221,176
13245,27
13246,156
13247,264
13248,230
13249,48
13250,227
13251,149
13252,241
13253,335
13254,251
13255,96
13257,311
13256,80
13259,110
13258,76
13260,56
13261,222
13262,333
13263,63
13264,326
13265,110
13266,241
13269,342
13267,278
13278,63
13272,257
13271,79
13274,19
13270,163
13275,219
13273,285
13268,26
13279,38
13277,347
13281,180
13284,258
13276,177
13280,222
13282,291
13293,113
13294,209
13295,191
13296,299
13298,138
13283,110
13297,81
13292,294
13299,320
13300,338
13301,296
13302,145
13303,164
13305,91
13304,199
13306,85
13307,85
13308,197
13309,104
13310,298
13311,29
13285,73
13286,257
13287,29
13313,171
13288,291
13314,223
13315,85
13316,71
13318,81
13317,56
13319,65
13320,333
13321,152
13322,141
13324,274
13323,306
13325,192
13326,210
13289,126
13290,247
13291,74
13327,253
13337,131
13339,296
13340,123
13341,321
13338,246
13342,38
13344,42
13343,48
13345,310
13347,292
13348,175
13346,285
13349,43
13328,285
13350,32
13329,12
13330,92
13331,186
13332,219
13333,311
13334,285
13335,8
13354,202
13336,312
13352,73
13351,193
13353,133
13355,149
13356,334
13358,280
13357,191
13312,333
13360,141
13362,216
13361,233
13359,80
13363,109
13366,98
13364,27
13367,266
13370,337
13365,194
13368,19
13375,233
13378,344
13377,288
13373,162
13376,193
13369,72
13382,255
13385,245
13383,95
13384,101
13386,121
13379,102
13387,237
13381,47
13389,211
13390,50
13388,196
13372,308
13391,210
13394,326
13392,35
13398,29
13393,233
13374,152
13399,62
13395,16
13396,169
13380,189
13397,316
13408,299
13404,176
13409,181
13410,284
13407,59
13412,153
13411,84
13413,175
13414,3
13415,234
13402,115
13417,165
13416,181
13418,56
13420,234
13421,205
13419,271
13400,149
13403,261
13371,302
13405,112
13401,219
13406,194
13423,3
13433,280
13432,248
13434,325
13435,178
13438,84
13436,337
13439,262
13440,321
13441,241
13437,342
13443,154
13442,309
13445,12
13444,339
13446,9
13424,150
13428,201
13429,300
13425,185
13426,27
13430,248
13427,38
13450,266
13447,290
13422,281
13448,135
13449,122
13451,193
13452,240
13453,102
13454,159
13455,162
13456,171
13457,284
13458,3
13459,341
13460,204
13461,232
13462,75
13463,152
13431,282
13475,147
13476,203
13477,336
13478,61
13468,327
13479,52
13480,133
13481,176
13482,321
13483,133
13484,327
13485,217
13486,32
13487,113
13488,38
13466,132
13491,206
13492,84
13490,285
13467,312
13469,122
13470,4
13473,203
13474,32
13471,188
13465,199
13472,224
13464,221
13489,310
13493,65
13494,177
13495,65
13496,270
13497,66
13498,86
13499,104
13502,182
13500,27
13503,76
13504,93
13505,269
13507,62
13501,313
13506,45
13508,189
13509,54
13511,339
13510,341
13513,21
13517,197
13512,246
13524,28
13526,61
13525,279
13523,126
13527,43
13529,81
13528,308
13530,289
13531,13
13533,72
13532,6
13535,208
13537,86
13536,271
13538,16
13539,50
13516,20
13541,262
13542,121
13543,81
13545,88
13534,72
13546,186
13549,344
13547,81
13550,235
13544,249
13552,100
13551,128
13548,74
13554,69
13553,208
13515,328
13555,21
13518,122
13514,296
13520,292
13540,215
13521,286
13519,284
13558,251
13557,149
13522,175
13556,274
13561,123
13559,26
13565,132
13562,134
13564,144
13569,32
13563,241
13576,270
13577,200
13578,312
13560,190
13575,110
13580,178
13579,303
13581,70
13582,15
13583,15
13584,331
13585,93
13587,314
13588,316
13589,225
13590,110
13591,18
13586,190
13568,117
13572,200
13574,15
13571,109
13570,274
13573,283
13601,93
13602,34
13603,108
13604,179
13596,279
13593,102
13605,131
13599,122
13607,77
13609,289
13606,264
13608,87
13610,265
13611,95
13613,226
13615,31
13612,198
13616,225
13614,68
13597,239
13566,165
13594,262
13598,347
13592,273
13600,148
13595,290
13567,5
13617,256
13619,42
13620,259
13621,37
13622,58
13624,286
13625,151
13626,188
13627,283
13628,48
13623,171
13629,190
13631,215
13630,7
13632,13
13618,297
13634,159
13633,15
13636,241
13638,227
13639,62
13637,193
13642,251
13635,224
13647,11
13648,89
13651,335
13649,224
13650,131
13653,100
13652,226
13656,54
13654,244
13657,119
13655,14
13658,119
13659,20
13660,255
13643,38
13661,242
13644,12
13645,29
13646,66
13663,244
13665,2
13662,11
13641,101
13640,167
13664,197
13677,155
13678,18
13679,17
13671,6
13680,347
13681,138
13682,253
13683,253
13685,151
13684,245
13686,92
13688,324
13687,26
13689,42
13690,187
13666,335
13667,278
13694,13
13670,232
13675,311
13693,56
13669,109
13672,319
13673,154
13676,8
13691,45
13674,8
13692,151
13695,274
13696,348
13668,198
13697,139
13698,108
13700,196
13699,258
13701,275
13702,320
13703,84
13704,149
13705,79
13707,283
13706,60
13708,23
13710,136
13709,259
13715,35
13712,98
13724,213
13721,173
13725,219
13727,187
13726,328
13728,8
13730,45
13723,198
13722,275
13729,348
13731,182
13733,73
13732,67
13734,69
13735,119
13716,154
13719,191
13713,195
13720,287
13711,185
13714,259
13744,56
13717,249
13745,227
13746,270
13748,59
13749,203
13747,204
13750,53
13751,108
13752,61
13753,269
13743,37
13755,157
13756,166
13757,295
13758,6
13759,303
13760,154
13754,15
13739,137
13718,9
13740,200
13736,207
13737,148
13741,221
13738,44
13762,335
13742,254
13763,250
13761,54
13764,101
13766,59
13767,93
13765,165
13768,297
13769,103
13771,59
13772,10
13773,71
13770,40
13785,190
13786,2
13778,225
13787,261
13788,310
13789,40
13790,185
13791,113
13792,51
13793,330
13794,25
13795,65
13797,6
13796,104
13798,85
13774,125
13775,95
13802,247
13776,29
13801,216
13777,185
13783,123
13799,51
13800,315
13780,48
13779,165
13803,321
13804,10
13805,290
13782,338
13806,273
13808,305
13807,338
13809,287
13810,14
13811,223
13813,233
13812,221
13814,268
13815,204
13784,331
13816,221
13821,343
13828,230
13829,255
13827,102
13831,156
13781,296
13832,278
13830,111
13834,329
13835,344
13833,180
13837,55
13836,41
13838,161
13839,192
13840,271
13841,167
13822,250
13844,191
13819,58
13823,156
13825,130
13826,346
13843,64
13817,233
13824,48
13820,220
13818,6
13842,313
13845,290
13846,192
13847,253
13848,35
13849,173
13850,22
13851,146
13852,28
13853,35
13855,90
13854,124
13856,236
13858,83
13857,114
13859,94
13860,338
13865,184
13873,12
13874,197
13872,234
13876,200
13875,108
13877,43
13878,238
13879,308
13880,142
13881,3
13883,231
13882,155
13861,221
13884,214
13885,159
13886,198
13869,80
13866,16
13871,105
13870,221
13867,203
13889,90
13862,258
13868,346
13864,168
13887,71
13888,195
13891,319
13890,15
13892,150
13893,140
13863,326
13894,74
13895,211
13896,39
13897,279
13899,182
13898,306
13900,129
13901,137
13904,282
13902,243
13903,241
13905,37
13906,301
13907,186
13908,231
13909,322
13910,146
13912,56
13911,247
13917,145
13923,284
13915,102
13925,284
13926,46
13924,146
13927,47
13929,285
13928,293
13922,127
13932,8
13931,289
13933,255
13934,102
13935,286
13936,2
13937,229
13930,333
13914,272
13916,25
13920,280
13939,17
13946,39
13918,339
13947,201
13919,39
13938,297
13949,207
13950,309
13952,254
13953,162
13945,188
13913,278
13954,258
13955,93
13958,85
13956,259
13957,250
13959,337
13960,273
13961,130
13951,238
13921,207
13948,93
13942,268
13943,93
13962,33
13941,158
13963,265
13966,94
13944,251
13964,3
13969,25
13968,212
13970,37
13971,199
13965,70
13972,89
13973,115
13974,262
13967,314
13977,326
13978,34
13979,13
13976,89
13975,77
13940,154
13981,25
13982,165
13988,315
13990,198
13987,58
13989,97
13991,14
13993,269
13992,349
13994,61
13995,32
13996,292
13997,171
13998,193
13999,338
14000,124
14001,12
13984,114
13985,228
13986,302
13983,131
14002,162
14003,98
13980,111
14012,248
14010,241
14017,113
14015,120
14018,15
14020,349
14006,188
14011,72
14022,273
14023,182
14024,157
14025,57
14008,72
14007,51
14004,178
14009,185
14028,3
14014,104
14005,343
14026,296
14027,212
14013,58
14016,40
14019,232
14021,49
14029,86
14031,229
14030,143
14032,198
14034,269
14033,135
14035,6
14037,18
14036,198
14038,33
14040,58
14039,94
14041,188
14053,195
14054,95
14055,99
14052,261
14056,341
14057,200
14058,77
14059,89
14060,258
14061,161
14063,342
14062,166
14065,233
14064,84
14066,132
14067,332
14047,34
14070,116
14048,1
14046,183
14049,349
14042,17
14050,182
14069,332
14043,195
14051,298
14068,81
14044,14
14045,234
14072,135
14073,267
14071,211
14074,99
14075,289
14076,169
14077,188
14079,184
14078,211
14080,343
14081,258
14082,142
14083,27
14085,104
14084,162
14095,4
14097,132
14096,333
14098,3
14099,7
14101,112
14100,237
14102,199
14103,76
14104,31
14105,244
14106,159
14107,170
14108,41
14086,78
14088,316
14091,29
14087,80
14092,164
14093,344
14112,96
14089,204
14110,133
14090,87
14094,332
14109,327
14113,192
14115,65
14114,204
14116,167
14117,159
14118,243
14119,225
14120,39
14123,1
14122,168
14124,211
14125,289
14111,89
14127,3
14121,325
14130,276
14135,122
14136,17
14137,223
14134,55
14138,305
14141,47
14140,252
14142,92
14143,274
14144,281
14145,174
14147,197
14148,46
14146,296
14151,330
14149,184
14150,115
14139,119
14131,245
14132,145
14128,58
14153,219
14155,323
14129,160
14156,33
14157,201
14152,202
14158,131
14154,301
14159,106
14161,23
14162,7
14163,302
14164,149
14165,80
14160,288
14168,187
14166,148
14167,51
14133,156
14169,173
14170,106
14126,192
14171,260
14175,43
14172,137
14173,107
14174,142
14176,44
14179,270
14178,162
14180,16
14182,207
14185,32
14177,115
14183,13
14187,257
14186,202
14181,140
14184,209
14199,67
14193,91
14201,334
14202,212
14203,21
14200,317
14204,35
14205,28
14196,299
14207,343
14208,145
14209,90
14211,44
14210,176
14212,114
14194,263
14195,244
14206,190
14188,70
14191,59
14192,217
14198,97
14217,90
14216,184
14219,166
14220,95
14222,151
14221,268
14218,273
14223,19
14224,44
14226,43
14225,103
14227,339
14228,205
14229,112
14190,227
14189,293
14214,106
14237,9
14238,70
14236,255
14240,322
14241,188
14239,344
14242,17
14243,44
14245,140
14244,27
14246,191
14247,233
14249,113
14248,177
14250,161
14251,181
14213,264
14197,242
14252,95
14230,96
14257,43
14258,290
14259,204
14215,160
14260,244
14254,57
14256,314
14264,169
14263,282
14262,340
14265,144
14266,268
14270,161
14269,268
14268,36
14267,252
14271,77
14261,290
14253,287
14233,67
14234,349
14235,130
14272,143
14232,267
14279,327
14281,13
14278,110
14282,45
14231,295
14280,165
14283,175
14285,127
14286,57
14287,247
14255,266
14289,297
14291,199
14290,240
14288,110
14284,293
14293,115
14294,28
14273,272
14274,55
14275,108
14276,173
14277,67
14296,318
14299,4
14304,263
14306,307
14295,142
14307,128
14305,197
14308,95
14309,113
14298,221
14301,296
14303,123
14292,335
14310,180
14300,159
14302,235
14297,13
14313,74
14312,23
14323,30
14315,207
14311,338
14324,31
14326,188
14316,174
14325,18
14327,131
14329,88
14330,179
14328,239
14331,337
14332,114
14333,182
14334,288
14336,229
14337,320
14322,115
14314,335
14339,291
14338,299
14335,69
14320,274
14321,6
14317,234
14318,232
14341,73
14340,199
14342,263
14343,128
14345,68
14344,234
14346,223
14348,252
14347,196
14349,258
14351,111
14350,328
14352,227
14319,152
14356,255
14353,305
14360,133
14354,3
14361,224
14355,82
14362,216
14363,126
14365,112
14364,5
14367,332
14368,331
14369,303
14370,339
14371,122
14372,142
14373,103
14366,2
14357,125
14358,92
14359,314
14374,179
14375,279
14376,3
14387,180
14389,215
14388,168
14390,309
14392,94
14391,99
14393,71
14395,268
14396,29
14394,190
14397,294
14399,28
14400,152
14398,73
14401,151
14381,176
14402,136
14404,350
14403,6
14405,216
14406,188
14407,255
14409,247
14410,259
14412,281
14411,74
14385,82
14415,23
14386,216
14417,170
14418,108
14416,343
14408,217
14419,317
14422,2
14421,123
14420,250
14379,75
14423,303
14424,89
14426,324
14428,243
14429,269
14425,179
14427,74
14380,68
14377,272
14382,171
14435,95
14430,168
14436,84
14438,136
14437,259
14434,11
14439,267
14441,281
14440,288
14442,9
14443,21
14444,120
14445,169
14447,96
14446,308
14448,324
14449,250
14383,128
14433,79
14450,67
14451,102
14431,288
14414,234
14432,162
14459,155
14457,61
14461,311
14458,39
14462,94
14454,121
14463,29
14464,237
14465,250
14460,1
14466,341
14467,252
14468,328
14470,22
14469,230
14471,339
14452,21
14473,26
14455,35
14453,105
14384,235
14456,319
14474,38
14472,143
14413,108
14478,12
14479,333
14475,273
14477,28
14481,50
14476,137
14482,200
14483,246
14484,85
14485,39
14480,242
14486,120
14487,311
14488,151
14490,19
14491,116
14492,12
14489,210
14503,86
14495,3
14502,273
14504,123
14501,63
14493,312
14505,190
14506,242
14509,295
14497,76
14510,165
14511,274
14514,99
14515,8
14517,71
14518,187
14499,303
14508,153
14519,168
14498,91
14513,251
14500,206
14507,37
14516,302
14496,118
14512,146
14520,313
14523,155
14524,238
14522,22
14521,305
14525,146
14526,289
14528,40
14527,313
14494,211
14529,237
14530,196
14531,286
14532,310
14378,43
14533,221
14534,194
14535,20
14536,174
14537,170
14539,181
14540,29
14542,221
14541,43
14543,130
14544,61
14538,300
14545,128
14546,159
14551,183
14557,23
14558,307
14556,207
14559,221
14560,191
14562,186
14563,195
14564,118
14565,218
14566,100
14568,163
14567,12
14561,206
14569,293
14570,228
14571,189
14552,170
14548,214
14549,72
14553,1
14554,23
14547,302
14555,180
14572,163
14574,180
14573,157
14575,36
14576,122
14550,111
14577,67
14578,110
14579,85
14580,180
14581,15
14582,327
14583,44
14584,92
14586,278
14585,93
14587,58
14588,307
14589,256
14592,105
14591,331
14594,270
14593,326
14590,56
14596,183
14597,52
14598,113
14595,71
14601,123
14600,8
14602,193
14599,289
14603,242
14613,329
14612,345
14614,302
14616,185
14617,135
14618,253
14619,77
14620,36
14621,202
14623,161
14622,101
14615,174
14624,154
14625,81
14626,80
14608,272
14631,92
14632,347
14630,322
14604,337
14633,252
14634,233
14635,289
14636,301
14637,87
14638,305
14639,160
14640,190
14641,334
14642,271
14644,158
14628,40
14643,198
14627,210
14606,228
14629,26
14610,52
14605,130
14607,346
14611,279
14645,183
14609,63
14657,18
14658,218
14650,85
14656,228
14659,268
14660,118
14662,38
14664,84
14661,248
14663,281
14665,255
14666,200
14668,31
14667,15
14669,305
14670,259
14646,319
14651,218
14647,21
14652,57
14653,284
14673,150
14654,268
14671,199
14672,5
14655,108
14648,333
14674,190
14675,40
14649,143
14676,316
14677,272
14678,86
14679,54
14680,15
14681,145
14682,276
14683,270
14684,109
14685,240
14686,142
14687,218
14688,225
14690,298
14689,105
14700,215
14701,264
14702,70
14703,240
14705,108
14706,55
14695,326
14707,123
14708,192
14709,247
14704,200
14711,54
14712,200
14714,103
14691,275
14710,333
14713,9
14692,298
14693,174
14694,153
14697,273
14698,248
14718,313
14719,327
14720,211
14721,324
14722,50
14723,63
14724,135
14725,245
14726,325
14727,21
14728,304
14729,274
14730,183
14731,230
14696,129
14734,42
14699,40
14735,200
14736,231
14737,120
14739,79
14740,82
14741,165
14738,179
14742,86
14744,141
14746,270
14747,325
14745,55
14748,171
14749,315
14751,109
14750,276
14752,71
14733,5
14743,95
14754,336
14732,61
14755,169
14756,92
14716,88
14760,42
14758,156
14761,111
14759,198
14715,122
14757,215
14753,125
14717,151
14773,229
14774,277
14775,153
14766,227
14776,284
14778,178
14777,42
14780,127
14779,206
14781,15
14782,121
14783,264
14785,199
14786,337
14762,171
14763,40
14784,184
14764,14
14765,232
14768,188
14767,229
14790,37
14770,191
14791,302
14792,298
14793,29
14794,70
14795,135
14796,343
14797,271
14798,224
14800,82
14799,161
14801,68
14802,331
14803,347
14769,303
14809,33
14810,235
14811,125
14812,50
14808,179
14813,211
14814,292
14816,50
14815,37
14818,126
14817,20
14820,297
14819,242
14821,35
14822,337
14823,157
14824,274
14825,325
14771,137
14787,145
14804,222
14831,256
14830,127
14827,341
14832,49
14834,157
14833,106
14835,128
14837,109
14838,219
14839,170
14841,295
14840,116
14842,73
14844,236
14829,193
14843,286
14836,15
14845,304
14826,341
14846,39
14788,84
14772,212
14828,171
14789,315
14806,296
14807,286
14847,124
14848,109
14849,6
14850,266
14805,299
14852,93
14853,34
14851,16
14855,138
14854,133
14856,95
14857,76
14858,51
14860,127
14859,219
14862,271
14861,54
14864,229
14863,272
14866,61
14875,228
14876,214
14877,59
14874,258
14879,158
14880,342
14881,76
14882,152
14870,109
14883,80
14884,22
14878,194
14886,209
14887,339
14889,230
14872,28
14885,44
14888,41
14865,172
14867,328
14871,237
14890,188
14869,306
14868,117
14891,5
14892,27
14893,179
14894,124
14896,192
14895,206
14898,338
14900,2
14899,6
14901,36
14873,130
14902,184
14903,345
14904,63
14905,60
14907,187
14897,174
14916,320
14917,85
14918,325
14919,279
14920,253
14908,23
14921,298
14910,312
14922,140
14923,321
14924,166
14925,186
14926,26
14927,156
14928,288
14913,213
14932,92
14911,272
14929,39
14931,47
14906,115
14914,121
14933,206
14930,32
14934,87
14935,284
14912,329
14915,350
14937,225
14936,244
14938,277
14941,22
14940,45
14942,301
14909,45
14944,135
14943,291
14945,253
14946,68
14947,245
14948,295
14939,240
14960,162
14961,325
14962,12
14963,307
14954,3
14964,234
14966,273
14965,153
14968,170
14969,51
14970,240
14971,67
14972,171
14973,282
14949,111
14950,169
14951,336
14952,183
14953,332
14957,71
14955,322
14956,175
14959,262
14958,200
14967,100
14977,74
14978,150
14980,341
14981,278
14982,251
14983,277
14975,230
14979,97
14984,147
14987,98
14985,349
14986,49
14988,261
14989,310
14990,89
14993,208
14991,106
14974,72
14992,108
14998,237
15005,128
15006,154
14995,36
15007,37
15004,126
15009,292
15008,139
15011,264
15010,143
15012,297
15013,9
14976,90
15014,318
15015,45
15016,45
15019,333
15020,253
15017,287
15001,44
14999,294
15018,144
15025,6
15026,3
15000,237
15027,214
15024,57
15021,315
15003,177
15022,253
15023,316
14996,54
15002,220
14997,11
14994,154
15028,185
15030,53
15029,185
15032,221
15031,118
15034,271
15035,130
15036,88
15037,220
15038,229
15039,168
15040,191
15033,273
15041,266
15043,44
15052,98
15053,85
15054,154
15051,93
15055,296
15056,326
15059,53
15060,85
15058,64
15062,13
15057,330
15061,49
15064,222
15063,47
15065,208
15066,249
15047,32
15071,231
15070,254
15073,91
15072,61
15069,185
15074,340
15048,343
15075,73
15076,307
15077,145
15042,69
15078,279
15079,336
15080,337
15081,345
15083,124
15082,127
15084,139
15086,280
15044,201
15050,126
15085,168
15045,61
15049,140
15046,15
15067,219
15088,241
15090,101
15068,36
15089,41
15087,97
15091,192
15093,282
15094,108
15092,58
15095,217
15096,71
15097,213
15099,299
15100,151
15101,137
15102,183
15103,131
15105,239
15106,270
15108,268
15109,195
15107,109
15110,237
15111,74
15098,44
15113,163
15114,191
15112,235
15104,193
15115,164
15126,203
15128,317
15125,111
15129,247
15130,54
15131,139
15132,23
15133,174
15134,333
15135,135
15127,175
15136,121
15137,256
15138,15
15121,289
15139,4
15120,21
15122,182
15144,240
15145,195
15146,136
15147,180
15149,59
15150,346
15143,62
15151,4
15123,289
15152,59
15153,310
15155,283
15156,89
15154,129
15157,27
15118,75
15158,298
15160,165
15161,222
15117,130
15162,332
15159,173
15140,196
15116,232
15141,335
15119,81
15124,172
15142,130
15163,111
15168,211
15175,68
15176,146
15171,227
15177,210
15178,40
15179,134
15180,28
15181,286
15182,71
15183,205
15174,228
15184,186
15185,38
15186,301
15188,35
15187,171
15172,291
15173,131
15170,97
15148,289
15167,15
15169,135
15165,195
15164,305
15192,298
15189,171
15190,244
15166,221
15191,99
15193,215
15194,48
15196,328
15195,228
15198,296
15197,154
15200,337
15201,26
15199,260
15202,187
15203,133
15205,44
15204,36
15206,259
15207,137
15208,290
15210,79
15211,223
15209,135
15213,175
15214,304
15216,45
15217,243
15219,270
15218,250
15215,350
15220,169
15221,327
15222,263
15223,128
15224,111
15212,201
15227,237
15233,261
15231,281
15234,97
15232,95
15235,34
15236,171
15238,229
15237,255
15239,280
15240,70
15241,187
15243,33
15242,211
15244,231
15246,40
15245,93
15230,241
15229,247
15226,97
15248,109
15228,174
15256,23
15225,90
15249,244
15253,271
15250,115
15257,214
15252,202
15251,299
15247,307
15258,187
15259,198
15254,94
15261,294
15262,86
15263,294
15264,277
15267,156
15275,93
15265,141
15255,305
15277,311
15278,328
15276,118
15274,29
15279,314
15280,156
15282,126
15283,249
15281,195
15284,208
15285,14
15287,119
15286,260
15268,59
15288,122
15271,220
15266,62
15272,45
15273,93
15260,266
15269,116
15289,320
15291,13
15290,166
15270,113
15292,206
15293,146
15294,198
15296,233
15295,312
15297,28
15298,61
15299,116
15300,188
15301,187
15302,2
15303,132
15304,124
15305,47
15308,178
15306,130
15318,188
15319,85
15320,325
15322,239
15317,13
15323,181
15321,336
15324,316
15325,44
15326,132
15327,32
15328,213
15329,56
15330,241
15331,193
15309,257
15310,146
15311,142
15332,28
15307,177
15312,237
15313,196
15314,297
15336,179
15342,22
15343,147
15344,163
15345,125
15346,310
15347,15
15341,228
15349,252
15350,269
15348,239
15351,255
15352,274
15354,184
15355,122
15353,149
15356,117
15357,109
15335,233
15337,273
15358,278
15316,320
15338,15
15315,53
15339,259
15333,287
15359,299
15360,117
15361,126
15362,273
15363,65
15364,159
15366,58
15365,75
15367,258
15334,255
15368,161
15369,6
15377,60
15379,97
15378,5
15373,70
15380,265
15381,321
15382,201
15383,340
15384,104
15388,277
15389,203
15386,176
15390,332
15385,92
15340,170
15376,50
15375,33
15370,105
15374,202
15372,77
15371,40
15387,153
15396,10
15399,292
15403,222
15402,129
15404,348
15405,289
15406,76
15408,262
15409,139
15407,329
15410,203
15411,174
15414,213
15413,99
15415,82
15412,166
15397,228
15401,247
15398,99
15416,110
15395,233
15391,189
15400,207
15419,99
15392,177
15418,243
15420,102
15421,43
15422,140
15393,313
15423,156
15394,45
15425,142
15424,71
15426,133
15427,2
15428,15
15429,44
15431,20
15430,88
15417,141
15434,250
15433,86
15435,138
15432,221
15436,132
15438,133
15446,242
15445,29
15448,144
15450,20
15449,70
15447,46
15452,235
15451,208
15453,254
15455,290
15454,73
15458,273
15457,117
15441,107
15456,251
15440,170
15442,317
15439,158
15437,262
15443,163
15444,98
15459,35
15460,195
15465,187
15462,61
15472,192
15468,54
15471,137
15475,177
15476,250
15477,161
15473,45
15478,143
15480,300
15474,214
15481,92
15482,42
15483,107
15479,49
15484,112
15466,17
15469,136
15467,132
15470,263
15461,8
15464,139
15495,303
15496,43
15490,107
15494,127
15498,280
15499,195
15497,3
15500,217
15485,202
15501,29
15502,84
15503,244
15504,165
15463,287
15505,28
15486,237
15506,193
15507,317
15508,192
15491,265
15509,310
15488,1
15487,29
15492,50
15489,113
15493,194
15520,52
15521,102
15522,148
15513,74
15519,224
15524,92
15525,193
15526,90
15527,170
15528,44
15529,278
15523,176
15530,248
15531,161
15533,89
15534,84
15514,276
15515,307
15512,192
15532,301
15516,206
15510,291
15517,81
15518,258
15535,185
15537,343
15539,308
15540,48
15541,266
15511,264
15542,259
15544,178
15536,320
15543,136
15545,16
15548,16
15547,189
15546,332
15549,18
15550,51
15551,274
15538,300
15558,47
15561,275
15560,214
15562,265
15563,58
15564,258
15565,65
15567,325
15566,74
15559,224
15568,81
15569,42
15570,320
15552,60
15571,37
15556,166
15553,95
15555,77
15576,59
15557,246
15582,235
15584,7
15581,300
15583,337
15585,31
15586,308
15587,56
15588,63
15589,240
15590,125
15592,134
15554,318
15593,280
15594,266
15575,84
15572,335
15591,105
15578,149
15577,143
15580,139
15573,113
15574,46
15595,171
15579,326
15607,160
15606,257
15608,193
15610,197
15600,26
15603,271
15613,175
15612,134
15611,54
15614,15
15615,98
15597,266
15616,108
15617,206
15619,178
15601,83
15598,207
15618,156
15621,178
15596,81
15609,97
15620,95
15602,202
15604,204
15623,161
15624,299
15625,5
15626,164
15622,80
15627,21
15629,55
15630,204
15631,229
15628,78
15632,53
15634,12
15635,147
15633,253
15636,103
15637,294
15639,325
15641,194
15642,78
15643,249
15645,81
15638,18
15646,171
15647,16
15644,270
15648,129
15650,284
15649,236
15651,264
15653,16
15654,100
15640,328
15652,222
15605,214
15655,248
15657,185
15658,85
15656,55
15659,325
15660,77
15661,242
15664,103
15663,78
15599,278
15667,311
15665,133
15669,32
15673,42
15672,340
15674,157
15671,22
15670,274
15668,199
15666,269
15662,288
15680,325
15683,66
15687,286
15688,318
15689,344
15690,67
15691,341
15686,50
15692,116
15693,337
15695,160
15677,53
15694,158
15696,287
15697,93
15679,63
15702,48
15703,274
15699,8
15684,324
15681,284
15698,135
15685,1
15682,212
15700,260
15675,93
15678,6
15704,300
15705,232
15707,345
15706,12
15676,25
15701,321
15719,300
15713,227
15720,82
15721,285
15722,341
15723,287
15724,139
15725,89
15727,51
15728,79
15729,292
15726,139
15730,183
15731,99
15732,120
15716,185
15711,109
15736,147
15710,333
15712,243
15735,110
15708,63
15714,247
15709,287
15717,196
15734,242
15737,181
15738,186
15739,281
15715,106
15740,32
15741,164
15743,300
15744,342
15745,186
15746,254
15747,258
15748,130
15749,251
15733,254
15742,155
15759,51
15760,343
15761,319
15762,126
15764,109
15763,164
15765,238
15766,228
15767,82
15768,153
15769,317
15770,174
15771,244
15772,123
15750,131
15775,227
15776,56
15774,206
15751,331
15752,174
15753,236
15777,209
15778,202
15779,150
15780,247
15781,19
15782,345
15783,331
15784,77
15785,79
15786,189
15787,350
15788,120
15789,199
15773,335
15756,21
15754,134
15758,158
15755,334
15757,283
15791,311
15790,167
15802,307
15803,251
15804,310
15805,267
15801,198
15806,120
15807,76
15808,268
15810,223
15809,330
15812,211
15811,155
15814,168
15813,100
15815,322
15817,292
15818,346
15816,264
15792,139
15793,46
15819,76
15820,305
15821,341
15822,306
15823,50
15824,295
15825,262
15826,90
15827,84
15828,181
15829,214
15830,137
15831,329
15797,343
15794,151
15798,44
15799,28
15795,297
15800,340
15796,247
15832,42
15837,24
15844,7
15843,293
15845,186
15846,174
15847,72
15849,24
15848,146
15850,235
15851,262
15852,222
15853,330
15854,233
15855,286
15856,224
15857,128
15838,46
15860,56
15839,12
15859,282
15840,69
15833,134
15841,62
15834,146
15842,28
15835,20
15858,109
15861,44
15836,252
15862,191
15863,1
15864,219
15865,182
15866,76
15867,329
15868,1
15869,33
15870,113
15871,261
15872,315
15873,150
15875,104
15874,279
15876,264
15877,267
15878,66
15883,241
15890,334
15889,173
15891,116
15892,298
15893,237
15895,235
15894,312
15896,303
15897,167
15898,318
15899,135
15900,186
15902,187
15903,31
15904,12
15905,5
15906,216
15879,150
15880,342
15881,326
15882,291
15901,11
15718,330
15907,93
15908,129
15910,35
15909,29
15911,123
15912,287
15914,237
15913,147
15915,272
15916,16
15917,225
15919,287
15918,324
15886,332
15884,91
15885,225
15920,216
15922,87
15887,220
15921,268
15888,257
15924,120
15925,122
15936,266
15935,295
15937,173
15938,208
15939,110
15940,57
15942,247
15941,148
15943,1
15945,252
15944,102
15946,258
15947,275
15948,60
15926,307
15951,52
15952,53
15927,212
15928,300
15950,86
15932,314
15933,81
15934,265
15949,189
15923,201
15954,97
15929,116
15931,213
15956,297
15955,228
15953,160
15957,152
15958,264
15960,237
15961,274
15962,313
15930,232
15959,173
15963,309
15965,137
15964,47
15973,299
15974,341
15976,243
15977,216
15978,15
15975,194
15979,137
15980,8
15981,343
15983,166
15982,295
15985,329
15986,36
15967,32
15989,342
15990,240
15988,316
15991,314
15992,203
15969,206
15971,226
15972,252
15966,127
15987,39
15968,241
15984,187
15970,236
15993,225
15995,270
15997,141
15998,63
15996,263
15994,51
15999,324
16000,275
16001,208
16004,56
16002,65
16005,50
16007,347
16006,72
16008,286
16010,102
16003,126
16009,228
16011,146
16012,273
16013,178
16020,345
16019,327
16023,326
16022,165
16025,252
16021,24
16015,86
16017,280
16024,55
16018,345
16016,105
16026,275
16014,192
16027,313
16028,119
16030,96
16029,293
16031,5
16032,336
16033,124
16034,16
16035,306
16036,173
16037,327
16038,31
16039,321
16041,169
16040,289
16044,252
16045,217
16043,167
16047,127
16046,316
16048,108
16049,107
16050,219
16051,252
16052,304
16053,234
16054,184
16055,221
16056,41
16057,110
16058,192
16042,316
16066,89
16064,164
16067,117
16068,89
16065,44
16070,296
16069,57
16071,141
16059,118
16072,269
16073,219
16074,215
16075,339
16076,165
16078,246
16077,254
16079,121
16061,226
16060,259
16082,213
16062,171
16089,207
16063,203
16091,87
16090,258
16092,240
16093,296
16095,236
16097,59
16096,87
16098,50
16099,89
16088,99
16100,115
16102,101
16094,95
16101,51
16103,181
16104,157
16106,133
16105,147
16083,58
16085,342
16081,165
16087,147
16080,166
16084,312
16107,205
16109,177
16108,167
16110,161
16112,323
16111,336
16113,250
16114,316
16115,256
16116,294
16117,350
16086,89
16119,202
16118,18
16121,240
16120,251
16122,249
16124,286
16125,27
16127,284
16126,288
16123,60
16132,1
16135,47
16136,58
16133,54
16137,211
16139,253
16138,323
16140,315
16134,104
16142,157
16144,84
16145,208
16143,99
16141,233
16128,222
16150,51
16151,79
16152,50
16148,39
16153,98
16146,136
16154,15
16155,332
16157,74
16158,173
16130,24
16160,266
16159,328
16156,164
16162,73
16149,320
16166,214
16129,171
16167,283
16163,122
16169,196
16161,95
16170,348
16168,123
16171,75
16147,7
16165,59
16178,207
16177,164
16131,176
16179,84
16183,224
16181,292
16182,44
16184,268
16185,333
16186,6
16187,34
16188,3
16190,288
16189,109
16172,110
16173,242
16175,291
16196,347
16197,283
16195,285
16180,265
16198,267
16199,337
16201,109
16202,124
16200,342
16176,194
16203,86
16205,282
16204,291
16206,283
16207,165
16209,321
16210,149
16191,148
16208,146
16193,151
16194,201
16174,265
16211,193
16192,175
16212,108
16213,85
16217,10
16215,174
16214,191
16218,202
16220,169
16219,33
16228,264
16216,258
16229,107
16232,19
16230,193
16233,34
16235,322
16227,265
16234,78
16237,117
16238,281
16239,144
16240,115
16241,290
16243,80
16242,250
16244,8
16231,232
16236,235
16221,294
16245,238
16224,208
16247,178
16251,341
16225,105
16164,271
16222,48
16248,350
16223,54
16246,140
16250,73
16254,312
16261,216
16262,110
16263,12
16264,60
16260,31
16265,203
16266,90
16267,255
16268,225
16269,306
16270,191
16271,61
16272,95
16273,236
16257,262
16274,168
16275,244
16276,120
16259,192
16249,194
16256,268
16226,263
16255,111
16258,157
16253,227
16252,284
16278,75
16277,162
16279,43
16281,129
16282,240
16283,143
16284,72
16285,35
16286,193
16287,238
16289,1
16290,2
16291,164
16280,148
16293,145
16292,95
16296,19
16288,299
16297,152
16299,181
16298,184
16300,275
16294,78
16295,307
16301,241
16302,224
16303,183
16304,278
16305,203
16306,66
16307,56
16308,262
16310,186
16309,270
16313,237
16315,214
16316,280
16314,295
16312,38
16318,323
16319,197
16311,278
16320,23
16322,293
16323,105
16321,94
16324,277
16325,193
16317,73
16332,17
16333,300
16334,319
16335,266
16336,16
16337,344
16338,255
16339,16
16340,105
16341,119
16342,300
16343,129
16345,14
16344,245
16327,322
16329,111
16331,239
16326,199
16330,137
16328,319
16347,78
16346,161
16348,258
16352,274
16350,166
16359,8
16361,156
16360,301
16363,117
16362,53
16366,78
16364,108
16367,337
16365,153
16368,344
16370,342
16369,181
16372,185
16371,161
16373,278
16353,180
16351,322
16354,204
16349,37
16358,336
16374,328
16375,232
16356,101
16355,259
16386,108
16387,228
16357,244
16388,149
16389,342
16390,315
16391,271
16392,200
16393,27
16394,62
16395,337
16396,112
16380,208
16397,206
16398,181
16399,323
16383,31
16376,236
16379,182
16403,230
16402,203
16382,11
16381,286
16384,296
16377,184
16400,321
16385,96
16401,271
16404,166
16405,308
16407,202
16406,278
16408,90
16378,321
16409,208
16410,293
16411,107
16412,350
16413,10
16415,256
16416,348
16414,308
16417,100
16418,348
16419,37
16421,15
16420,181
16433,337
16434,123
16435,244
16436,119
16437,127
16427,41
16438,332
16440,129
16441,299
16442,342
16443,275
16439,295
16445,264
16444,231
16446,326
16425,346
16426,106
16424,237
16432,311
16422,121
16431,204
16423,196
16428,272
16429,343
16430,168
16450,328
16451,91
16452,312
16454,188
16453,83
16455,254
16456,306
16457,268
16459,290
16460,7
16458,121
16461,282
16462,331
16447,255
16448,268
16463,122
16466,218
16449,119
16467,104
16475,170
16476,188
16478,103
16474,167
16479,226
16480,184
16481,11
16483,144
16465,12
16482,66
16484,176
16486,59
16477,256
16485,281
16487,208
16489,24
16488,46
16470,248
16464,183
16490,314
16471,53
16468,241
16473,295
16469,84
16491,285
16492,305
16493,126
16494,103
16495,110
16472,210
16497,29
16496,146
16499,280
16498,71
16501,168
16500,340
16502,282
16504,78
16503,267
16505,162
16509,115
16517,61
16518,291
16519,276
16520,5
16512,138
16521,64
16523,58
16522,211
16516,130
16525,258
16526,270
16524,11
16527,41
16528,342
16529,138
16531,19
16532,84
16533,350
16530,128
16510,245
16511,84
16513,158
16514,120
16507,212
16515,237
16506,11
16536,75
16534,23
16535,263
16537,251
16538,141
16539,234
16540,25
16541,289
16542,53
16544,186
16545,235
16543,221
16547,213
16546,307
16549,61
16548,109
16550,69
16553,300
16508,236
16560,19
16562,276
16561,275
16564,108
16565,185
16566,9
16563,239
16567,300
16559,162
16568,60
16569,217
16570,161
16571,175
16572,127
16574,77
16575,237
16576,260
16552,78
16573,165
16556,96
16555,44
16578,137
16584,251
16585,254
16586,130
16587,70
16551,295
16583,107
16590,180
16589,219
16591,35
16592,263
16593,218
16594,346
16554,245
16596,342
16597,224
16599,251
16588,52
16598,268
16600,85
16557,257
16581,209
16606,2
16605,94
16595,211
16577,142
16582,243
16558,51
16602,197
16579,163
16611,291
16613,290
16614,188
16615,288
16616,6
16617,289
16618,343
16612,109
16619,346
16620,97
16580,192
16621,221
16623,21
16622,95
16625,116
16624,69
16628,334
16629,272
16630,137
16632,298
16633,131
16634,11
16635,173
16636,227
16638,21
16603,175
16609,269
16641,180
16608,220
16642,86
16644,297
16643,202
16645,31
16647,327
16601,44
16649,59
16650,335
16651,138
16604,2
16646,109
16627,245
16652,48
16653,321
16656,66
16655,48
16657,343
16659,29
16660,52
16654,191
16661,318
16662,68
16663,14
16626,318
16658,285
16631,146
16669,20
16670,68
16671,68
16665,70
16672,189
16674,25
16668,255
16648,223
16673,43
16664,55
16675,349
16676,146
16677,80
16680,110
16679,350
16681,116
16683,210
16637,2
16684,306
16682,297
16686,84
16678,256
16667,74
16607,336
16685,47
16666,171
16688,28
16639,224
16690,289
16689,220
16693,182
16695,162
16694,313
16687,218
16696,290
16697,216
16692,45
16699,310
16691,68
16700,70
16702,246
16703,308
16704,17
16705,204
16698,181
16701,228
16706,52
16711,294
16707,8
16712,235
16714,111
16715,209
16713,3
16716,42
16718,314
16640,99
16717,59
16710,215
16719,136
16708,254
16721,97
16720,349
16722,221
16724,238
16732,224
16733,220
16734,79
16709,184
16736,106
16737,137
16731,45
16738,61
16739,173
16723,27
16735,52
16741,257
16740,332
16742,1
16743,273
16745,203
16744,334
16747,88
16746,51
16748,54
16727,42
16749,328
16728,169
16729,311
16725,235
16730,266
16726,335
16750,63
16761,121
16762,190
16763,125
16764,348
16765,188
16766,238
16767,305
16768,174
16769,66
16770,260
16771,46
16755,175
16773,99
16751,162
16752,282
16756,230
16757,133
16758,283
16753,220
16759,21
16754,303
16760,1
16774,220
16772,28
16776,140
16775,152
16781,185
16787,285
16788,234
16789,152
16791,56
16786,175
16792,280
16794,182
16795,31
16796,261
16797,72
16793,137
16799,194
16782,176
16798,195
16783,52
16803,214
16804,303
16805,316
16806,46
16784,10
16808,280
16790,95
16810,248
16811,303
16812,110
16813,111
16785,95
16814,202
16815,130
16817,253
16816,206
16818,85
16819,2
16820,78
16802,16
16800,70
16801,332
16824,132
16825,243
16826,176
16823,280
16610,150
16822,134
16779,87
16807,219
16777,4
16821,224
16780,263
16809,188
16778,346
16828,279
16829,108
16831,284
16832,159
16830,277
16834,88
16827,239
16836,283
16835,151
16838,293
16837,246
16833,111
16839,177
16841,344
16840,42
16842,176
16846,278
16853,42
16854,13
16855,205
16857,66
16858,43
16856,172
16852,69
16861,87
16859,321
16849,306
16860,255
16862,210
16863,329
16865,337
16864,3
16867,334
16866,25
16868,125
16869,339
16871,117
16870,24
16844,209
16847,175
16850,4
16843,43
16848,23
16851,145
16873,27
16874,309
16876,345
16845,11
16872,101
16877,88
16878,324
16879,293
16875,15
16880,67
16883,349
16882,266
16881,162
16885,119
16887,146
16888,121
16884,204
16886,132
16890,325
16889,120
16902,70
16903,206
16904,101
16905,254
16906,26
16907,320
16908,239
16909,18
16896,49
16910,260
16911,65
16913,254
16912,10
16914,186
16891,11
16915,296
16892,123
16893,69
16894,287
16895,210
16919,16
16901,242
16897,155
16898,173
16899,28
16900,177
16918,56
16916,138
16917,327
16920,48
16921,185
16922,170
16923,218
16924,236
16925,348
16926,214
16927,238
16929,235
16930,12
16928,256
16931,312
16932,14
16934,229
16933,252
16946,329
16947,235
16948,313
16949,11
16950,275
16951,96
16952,130
16945,224
16953,81
16955,250
16954,279
16956,6
16957,209
16958,13
16959,7
16960,182
16962,164
16961,45
16935,270
16936,127
16937,348
16963,43
16964,118
16966,310
16967,49
16965,157
16968,337
16969,192
16971,191
16970,28
16972,118
16974,24
16975,214
16973,89
16976,311
16978,111
16977,38
16979,7
16981,318
16980,98
16982,73
16983,277
16938,334
16939,190
16940,260
16941,8
16984,136
16985,54
16942,326
16986,147
16943,305
16944,68
16987,262
16988,278
16989,84
16990,117
16991,13
16992,74
16993,255
16994,184
16995,153
16996,229
16997,222
16998,79
16999,47
17011,182
17012,3
17013,329
17014,67
17015,18
17016,332
17017,51
17018,254
17019,63
17020,334
17021,315
17022,243
17023,56
17024,83
17025,275
17026,136
17027,63
17028,219
17000,324
17001,253
17002,115
17003,200
17004,231
17005,308
17006,191
17007,101
17008,26
17009,137
17010,90
17029,126
17030,135
17032,2
17031,141
17033,191
17034,265
17035,24
17036,3
17037,289
17038,267
17039,263
17040,2
17041,115
17053,198
17054,90
17055,245
17056,332
17057,214
17058,46
17059,109
17060,3
17061,154
17062,126
17063,293
17064,249
17065,296
17066,308
17047,280
17042,309
17043,177
17044,304
17045,349
17046,137
17048,308
17049,87
17070,230
17067,172
17068,54
17069,206
17071,135
17050,185
17072,129
17073,93
17074,11
17075,176
17076,167
17078,74
17080,145
17077,180
17079,262
17081,227
17083,182
17052,170
17082,285
17051,249
17084,24
17096,72
17097,75
17095,186
17089,215
17098,147
17100,14
17101,191
17099,202
17102,53
17103,77
17104,212
17105,332
17107,13
17106,214
17109,114
17108,200
17110,76
17090,28
17087,255
17091,344
17088,55
17116,328
17118,277
17117,198
17119,26
17086,76
17122,200
17123,83
17115,259
17121,301
17124,286
17126,266
17127,102
17125,214
17128,305
17130,206
17131,144
17129,24
17132,22
17093,91
17133,138
17112,79
17092,315
17094,119
17113,195
17114,298
17135,169
17120,248
17136,130
17138,45
17139,336
17141,263
17142,40
17137,337
17111,265
17143,243
17144,37
17140,193
17145,54
17146,240
17147,90
17148,270
17149,114
17153,132
17154,238
17156,213
17155,318
17085,145
17157,150
17159,65
17160,118
17161,212
17162,257
17158,221
17150,46
17164,308
17151,266
17167,135
17174,81
17173,125
17175,342
17172,227
17134,74
17176,299
17178,251
17180,310
17179,271
17177,338
17181,274
17182,129
17183,200
17184,285
17185,283
17186,132
17187,241
17163,132
17168,62
17169,51
17166,61
17152,324
17171,26
17165,160
17189,261
17188,252
17190,147
17170,104
17191,322
17192,126
17194,169
17193,202
17195,258
17196,26
17197,94
17199,203
17198,336
17200,79
17201,215
17202,97
17203,195
17204,148
17206,201
17205,237
17207,2
17208,23
17209,227
17210,327
17212,279
17211,220
17214,205
17213,180
17217,156
17219,104
17220,9
17218,295
17216,232
17222,64
17223,224
17221,282
17225,258
17226,124
17224,78
17228,201
17227,55
17231,105
17230,252
17232,60
17215,325
17229,82
17237,240
17235,150
17240,154
17245,50
17246,233
17247,333
17244,46
17250,44
17249,55
17248,110
17251,78
17252,1
17256,340
17253,309
17255,270
17238,129
17257,110
17254,133
17258,69
17241,48
17259,238
17233,311
17234,97
17239,189
17243,173
17262,8
17266,297
17268,277
17269,83
17270,132
17264,67
17272,320
17273,311
17274,185
17271,19
17275,193
17277,101
17276,200
17279,185
17267,101
17265,266
17260,217
17263,303
17261,133
17242,50
17280,162
17281,2
17278,329
17236,299
17282,251
17285,14
17283,341
17286,256
17287,64
17289,222
17288,12
17284,329
17290,145
17293,341
17291,41
17294,78
17292,38
17295,193
17296,257
17297,11
17309,220
17299,146
17308,4
17310,46
17311,300
17312,42
17313,339
17315,4
17314,222
17317,34
17316,230
17318,207
17319,67
17320,101
17321,19
17322,227
17298,214
17304,327
17323,309
17305,218
17325,84
17306,306
17303,200
17324,301
17307,212
17300,183
17326,341
17327,143
17328,39
17329,68
17330,321
17331,274
17333,168
17332,90
17334,95
17335,171
17337,122
17336,321
17338,172
17301,347
17302,222
17339,46
17341,154
17346,102
17347,60
17348,329
17349,2
17350,338
17345,163
17351,205
17344,340
17352,13
17354,212
17353,247
17355,233
17356,254
17357,71
17359,145
17361,265
17358,278
17360,118
17363,291
17362,267
17343,200
17340,98
17364,8
17365,308
17366,183
17374,89
17375,345
17376,189
17377,122
17378,108
17379,15
17380,215
17342,232
17382,102
17384,251
17383,212
17385,173
17381,302
17388,58
17386,308
17387,188
17389,309
17390,308
17373,88
17369,288
17391,62
17370,318
17371,285
17368,58
17372,133
17392,222
17367,60
17394,202
17393,291
17395,187
17396,5
17398,343
17400,69
17399,296
17402,218
17401,81
17403,6
17397,170
17405,253
17404,331
17407,37
17406,166
17408,46
17409,237
17410,120
17411,111
17413,11
17412,64
17415,206
17414,293
17416,14
17417,312
17418,338
17419,124
17420,342
17421,78
17422,226
17433,44
17434,162
17435,223
17436,133
17437,142
17438,20
17439,39
17440,266
17441,127
17442,278
17443,130
17444,275
17445,56
17446,74
17427,262
17448,191
17449,231
17450,277
17451,264
17453,342
17452,71
17454,124
17455,240
17456,209
17457,39
17431,256
17458,92
17459,253
17460,93
17461,243
17447,104
17432,343
17425,168
17428,83
17423,58
17429,340
17430,222
17424,287
17426,338
17462,318
17463,190
17466,5
17475,217
17477,256
17476,8
17464,284
17474,344
17478,206
17480,189
17481,51
17483,3
17479,266
17484,87
17482,341
17485,291
17487,129
17488,219
17486,54
17489,239
17490,138
17465,210
17471,51
17470,114
17472,307
17468,224
17469,247
17473,258
17491,13
17494,290
17467,82
17492,288
17493,298
17495,256
17497,276
17498,200
17496,6
17499,3
17501,299
17502,50
17500,280
17503,286
17505,213
17504,104
17506,309
17508,83
17507,133
17511,40
17512,71
17513,174
17514,143
17515,100
17516,278
17510,215
17517,32
17518,155
17519,32
17520,178
17522,58
17521,135
17524,281
17526,246
17525,166
17527,160
17529,71
17528,281
17523,57
17536,254
17509,326
17531,29
17533,235
17532,161
17537,166
17534,48
17530,53
17538,343
17539,312
17540,131
17541,161
17542,301
17543,56
17545,181
17544,132
17546,211
17547,61
17548,12
17549,40
17550,221
17552,294
17553,146
17554,166
17555,170
17551,23
17556,73
17557,332
17558,53
17559,290
17570,347
17560,137
17572,104
17571,288
17573,250
17574,256
17569,228
17575,281
17576,308
17577,229
17578,261
17579,343
17581,268
17580,227
17583,312
17582,38
17584,62
17585,251
17561,218
17562,6
17587,255
17563,142
17588,122
17589,68
17590,217
17591,259
17592,164
17593,203
17594,218
17535,36
17595,193
17596,42
17597,221
17598,187
17599,31
17600,40
17567,269
17564,138
17604,237
17605,315
17606,137
17607,347
17608,150
17603,254
17609,226
17610,212
17611,324
17612,243
17613,15
17614,267
17615,196
17601,39
17616,33
17566,327
17617,186
17618,342
17619,47
17620,305
17602,312
17565,47
17568,178
17586,69
17632,285
17633,35
17631,219
17634,156
17636,26
17635,320
17625,54
17637,271
17638,115
17640,201
17639,187
17641,265
17642,49
17643,316
17644,18
17645,141
17646,289
17626,239
17649,103
17627,316
17648,317
17621,7
17628,228
17622,47
17630,205
17623,74
17651,332
17624,238
17652,269
17650,177
17629,121
17653,320
17656,293
17655,229
17657,30
17654,107
17658,117
17660,2
17659,36
17662,236
17661,273
17671,239
17673,215
17674,168
17647,97
17675,186
17676,315
17677,15
17678,35
17679,309
17680,150
17682,304
17681,170
17684,246
17683,214
17664,59
17663,196
17666,346
17669,292
17668,122
17665,139
17670,332
17667,133
17685,51
17689,134
17695,115
17697,192
17696,36
17698,159
17699,162
17700,20
17701,239
17702,349
17703,289
17705,282
17706,22
17704,60
17707,42
17708,178
17690,40
17672,340
17686,332
17691,181
17688,134
17692,277
17687,178
17709,133
17693,258
17710,35
17712,138
17694,185
17711,44
17713,151
17714,195
17715,126
17716,325
17717,144
17718,161
17719,266
17720,196
17721,292
17722,299
17723,317
17725,33
17724,255
17726,114
17731,72
17738,305
17739,228
17740,76
17741,69
17742,15
17743,79
17744,155
17745,154
17746,181
17748,253
17749,341
17747,260
17737,43
17750,194
17727,64
17734,105
17754,108
17732,86
17733,222
17728,316
17729,310
17735,116
17751,154
17753,330
17752,307
17755,12
17736,69
17756,307
17757,196
17759,221
17760,48
17758,164
17761,339
17762,70
17763,74
17730,244
17764,345
17765,157
17766,91
17767,139
17768,289
17769,154
17770,235
17773,168
17771,128
17783,270
17784,94
17785,341
17782,98
17786,185
17787,165
17788,325
17789,176
17790,43
17793,159
17792,219
17794,247
17791,294
17795,106
17772,58
17778,94
17799,254
17779,38
17775,291
17780,14
17777,232
17781,10
17798,200
17776,349
17796,92
17797,302
17774,297
17801,237
17802,126
17803,160
17804,174
17800,10
17805,164
17807,57
17806,273
17808,16
17809,333
17810,180
17811,176
17812,319
17824,37
17818,304
17826,108
17827,318
17815,328
17825,16
17829,219
17830,304
17831,278
17832,322
17834,130
17833,299
17828,88
17837,168
17836,158
17813,97
17816,290
17835,265
17817,11
17814,260
17819,109
17823,117
17821,15
17841,57
17838,116
17839,222
17842,303
17843,260
17840,321
17844,67
17845,36
17846,100
17848,211
17847,8
17849,277
17851,147
17820,304
17850,271
17852,319
17853,111
17854,190
17822,203
17855,326
17856,233
17866,287
17867,262
17858,276
17869,204
17857,292
17859,213
17873,36
17874,305
17861,268
17875,328
17876,301
17877,304
17868,179
17879,3
17880,18
17881,165
17883,229
17882,66
17872,299
17860,24
17863,312
17878,60
17884,267
17885,36
17864,321
17887,290
17886,205
17890,118
17889,234
17892,64
17893,210
17888,234
17894,248
17871,158
17870,161
17891,305
17865,218
17895,343
17905,198
17907,65
17904,157
17908,64
17909,154
17910,300
17899,29
17913,273
17862,215
17896,137
17916,49
17911,253
17917,310
17919,260
17918,8
17900,179
17901,121
17898,88
17921,332
17922,285
17902,64
17920,178
17912,348
17914,216
17906,66
17903,193
17915,22
17897,132
17923,218
17924,60
17925,87
17927,285
17926,339
17928,334
17931,254
17932,48
17929,309
17930,193
17935,283
17933,9
17937,127
17936,72
17938,229
17939,308
17934,171
17940,97
17952,59
17953,112
17941,160
17954,173
17943,68
17955,339
17956,25
17958,177
17957,45
17959,62
17960,76
17961,187
17964,10
17962,262
17963,311
17965,315
17948,72
17969,17
17944,45
17942,86
17945,120
17968,235
17947,275
17949,104
17970,197
17971,345
17972,262
17974,68
17973,116
17975,176
17976,330
17977,201
17979,62
17978,173
17980,302
17982,228
17981,62
17984,19
17950,350
17990,6
17991,261
17966,223
17993,139
17994,245
17995,122
17997,34
17998,195
17999,202
17983,164
18001,215
18002,306
18003,336
18004,103
18005,114
18006,197
18007,323
18008,60
18000,2
18009,13
18010,215
17951,346
18013,62
18012,305
18014,185
18011,303
18017,190
18015,335
18016,49
17992,11
18021,30
18022,121
18023,152
18020,174
17985,185
18024,278
18026,112
18028,276
18027,299
17986,173
17946,350
18025,54
17967,233
17996,183
17989,279
17988,178
17987,181
18018,311
18019,207
18029,287
18030,87
18031,153
18032,87
18033,221
18034,188
18035,118
18036,54
18037,129
18038,59
18039,192
18040,344
18041,220
18053,304
18054,87
18055,324
18056,138
18057,271
18058,241
18047,98
18059,170
18061,302
18062,60
18060,6
18063,259
18064,237
18065,246
18066,193
18068,56
18069,108
18067,325
18051,195
18070,286
18052,309
18042,43
18043,307
18071,112
18072,83
18073,327
18074,254
18075,145
18076,67
18077,2
18078,272
18079,340
18081,310
18080,167
18083,52
18082,156
18048,350
18044,340
18046,64
18049,59
18050,265
18087,350
18086,188
18084,4
18096,94
18097,333
18098,7
18099,207
18085,124
18091,286
18088,344
18104,163
18105,194
18106,61
18107,221
18108,32
18109,73
18110,177
18103,26
18111,199
18113,254
18112,309
18114,253
18116,233
18115,149
18117,343
18119,99
18090,192
18120,334
18121,103
18118,1
18089,241
18101,144
18100,71
18093,13
18127,318
18128,168
18129,268
18130,178
18131,292
18132,127
18126,29
18133,344
18135,158
18134,120
18137,178
18138,259
18136,67
18139,270
18140,71
18143,349
18142,23
18092,180
18141,193
18122,106
18123,108
18094,88
18124,277
18125,55
18095,329
18145,4
18144,304
18146,303
18147,184
18148,242
18149,101
18150,292
18151,41
18152,304
18154,133
18153,23
18156,345
18155,150
18158,165
18157,298
18160,334
18159,330
18161,332
18162,156
18164,65
18163,291
18165,349
18166,28
18045,96
18176,201
18177,253
18178,333
18167,45
18171,151
18180,73
18179,42
18181,79
18182,337
18102,82
18183,55
18184,338
18175,180
18185,322
18186,212
18189,182
18188,40
18190,216
18187,38
18191,63
18193,150
18194,44
18172,232
18192,31
18169,97
18174,269
18170,182
18168,167
18195,114
18173,159
18196,321
18198,342
18197,25
18199,213
18200,267
18202,153
18203,119
18201,261
18204,300
18205,226
18206,54
18207,349
18208,291
18209,74
18210,162
18211,272
18212,286
18213,67
18214,172
18226,85
18222,237
18227,281
18228,130
18229,329
18230,75
18215,260
18231,11
18233,12
18232,305
18234,148
18236,77
18237,203
18235,267
18238,4
18216,269
18239,87
18220,21
18217,223
18219,214
18221,122
18224,27
18223,310
18218,218
18225,1
18241,4
18240,121
18242,192
18243,144
18245,79
18246,120
18247,73
18248,180
18250,113
18252,292
18254,72
18251,206
18253,117
18256,118
18255,115
18258,266
18257,117
18259,19
18261,272
18260,12
18249,299
18244,279
18262,319
18263,90
18267,203
18264,286
18266,192
18265,89
18270,118
18272,283
18268,224
18280,285
18281,208
18282,322
18284,35
18283,342
18286,12
18285,239
18287,38
18289,10
18279,290
18290,70
18292,208
18291,185
18288,289
18293,243
18294,284
18297,268
18298,175
18295,291
18296,118
18299,261
18300,21
18301,205
18276,276
18271,161
18275,233
18277,193
18269,307
18278,187
18310,105
18309,309
18311,85
18305,27
18312,49
18313,5
18315,37
18316,201
18314,298
18317,29
18318,344
18320,172
18322,156
18321,173
18302,349
18319,173
18273,109
18306,171
18303,130
18274,113
18304,9
18323,348
18324,58
18308,211
18307,87
18325,102
18326,261
18329,241
18327,118
18330,175
18331,241
18328,94
18332,112
18333,127
18335,17
18336,287
18337,76
18339,158
18340,189
18338,325
18342,87
18344,88
18343,116
18345,217
18346,8
18341,97
18334,257
18357,332
18358,182
18359,191
18360,105
18361,6
18362,343
18363,184
18364,276
18365,14
18366,91
18367,122
18368,17
18369,90
18370,172
18371,85
18356,172
18373,321
18347,146
18348,223
18349,232
18350,113
18351,324
18352,219
18353,226
18354,271
18355,107
18375,307
18376,217
18377,260
18378,216
18379,299
18374,104
18381,154
18380,27
18383,265
18382,198
18372,104
18384,57
18390,57
18396,158
18398,296
18399,223
18400,204
18401,100
18402,109
18397,313
18387,10
18403,297
18406,108
18404,334
18405,140
18407,199
18408,167
18409,186
18391,278
18385,220
18413,241
18412,38
18386,283
18392,322
18388,98
18411,119
18393,184
18389,147
18414,79
18394,337
18395,349
18415,91
18417,227
18418,262
18419,174
18420,124
18416,269
18422,8
18421,72
18423,3
18424,330
18425,18
18427,244
18426,342
18428,30
18429,300
18430,248
18431,215
18432,243
18433,264
18434,105
18435,317
18436,256
18437,239
18438,165
18439,275
18441,21
18440,237
18442,301
18443,102
18444,202
18445,118
18446,2
18410,262
18447,246
18448,77
18449,4
18451,127
18450,210
18454,271
18453,69
18452,143
18455,9
18459,4
18466,231
18457,180
18469,195
18456,206
18467,121
18465,339
18468,228
18470,312
18472,54
18473,29
18475,57
18474,112
18476,68
18471,291
18477,192
18478,237
18479,52
18462,120
18460,116
18482,284
18461,219
18458,178
18483,257
18464,155
18480,114
18484,130
18485,117
18486,108
18487,122
18481,335
18488,271
18491,241
18490,173
18492,99
18493,33
18494,314
18489,239
18495,116
18496,159
18463,342
18498,325
18503,114
18502,124
18504,95
18505,248
18506,206
18507,188
18509,142
18508,328
18510,292
18497,48
18511,101
18514,165
18513,216
18512,18
18516,1
18501,344
18515,50
18500,93
18526,138
18525,229
18524,125
18529,225
18528,31
18530,222
18531,331
18532,97
18533,246
18535,250
18536,60
18537,55
18517,119
18534,303
18518,323
18499,178
18521,311
18522,167
18527,41
18520,29
18523,229
18539,336
18519,117
18540,87
18538,65
18541,88
18543,99
18544,172
18545,64
18542,81
18546,184
18547,195
18548,59
18549,278
18550,66
18552,249
18551,191
18553,228
18554,60
18555,241
18563,343
18564,128
18566,10
18565,278
18567,193
18559,90
18568,173
18569,63
18571,88
18572,16
18570,74
18573,199
18574,35
18576,65
18575,145
18560,218
18558,19
18557,41
18556,221
18561,326
18578,169
18580,171
18562,300
18583,211
18579,132
18582,14
18577,67
18581,103
18584,264
18585,126
18586,101
18587,111
18588,90
18589,88
18590,242
18591,328
18592,180
18593,280
18594,227
18595,176
18596,290
18598,103
18600,8
18601,72
18602,349
18603,17
18605,154
18606,68
18604,90
18608,235
18610,5
18599,216
18607,255
18609,66
18611,164
18597,303
18612,193
18613,325
18614,187
18615,320
18617,111
18616,224
18619,30
18618,236
18621,62
18630,187
18624,342
18632,155
18633,252
18634,258
18631,315
18635,284
18638,34
18640,143
18637,292
18639,70
18641,14
18644,167
18643,118
18642,172
18646,210
18645,308
18647,284
18636,144
18620,251
18622,174
18648,109
18649,118
18629,183
18650,260
18651,72
18652,107
18653,8
18655,342
18657,143
18656,136
18654,281
18660,283
18658,176
18661,126
18626,334
18625,238
18659,114
18662,349
18627,10
18664,152
18668,222
18628,243
18663,62
18665,194
18670,183
18623,98
18666,155
18669,128
18667,260
18671,106
18672,332
18673,107
18674,322
18678,268
18675,350
18681,81
18679,271
18688,164
18677,212
18690,307
18692,144
18691,28
18694,305
18676,324
18696,182
18693,316
18695,161
18698,287
18697,135
18701,76
18699,76
18700,348
18703,78
18702,238
18704,32
18705,183
18707,262
18706,137
18708,204
18680,233
18682,267
18683,148
18686,266
18685,120
18709,225
18710,122
18687,291
18711,281
18712,185
18684,164
18715,255
18713,125
18689,322
18717,36
18714,59
18719,286
18725,193
18718,329
18722,174
18716,102
18728,83
18729,149
18730,176
18732,51
18733,106
18731,279
18734,276
18736,13
18737,47
18735,268
18740,242
18739,119
18738,321
18741,328
18742,81
18743,29
18745,39
18720,142
18744,332
18724,288
18723,77
18721,129
18746,275
18726,10
18727,234
18747,252
18748,146
18749,300
18750,306
18752,83
18753,349
18751,323
18754,86
18756,64
18757,57
18755,77
18758,138
18760,254
18759,184
18772,74
18773,288
18766,333
18774,170
18776,338
18775,345
18777,109
18769,35
18779,284
18778,206
18780,180
18782,290
18783,236
18781,235
18784,43
18761,14
18762,280
18788,236
18771,96
18785,257
18770,64
18767,302
18765,108
18790,68
18791,162
18792,10
18794,312
18789,108
18795,326
18793,335
18796,160
18764,74
18797,301
18798,24
18800,70
18801,276
18802,169
18799,212
18768,169
18763,4
18809,65
18810,225
18811,58
18787,287
18812,301
18813,303
18814,7
18815,281
18816,320
18817,350
18818,47
18819,70
18820,283
18821,312
18822,21
18806,45
18804,303
18805,241
18803,120
18807,303
18808,140
18827,294
18826,342
18829,8
18830,32
18833,274
18832,223
18834,115
18831,334
18835,287
18836,342
18837,288
18839,281
18823,125
18838,112
18828,34
18824,184
18825,74
18840,190
18841,344
18843,107
18842,76
18845,5
18847,145
18846,113
18849,149
18852,137
18844,26
18850,66
18848,127
18859,86
18862,37
18860,22
18863,66
18864,15
18865,324
18866,273
18869,10
18868,306
18786,78
18858,26
18870,248
18872,146
18873,299
18871,101
18874,265
18875,306
18876,259
18867,133
18878,22
18879,349
18880,144
18881,203
18882,335
18877,321
18856,18
18851,123
18854,167
18857,213
18889,267
18890,75
18853,168
18891,63
18886,37
18883,347
18884,57
18885,326
18887,107
18892,40
18888,30
18893,280
18895,323
18855,107
18894,102
18897,46
18861,112
18896,89
18899,219
18900,297
18911,116
18906,258
18912,297
18901,253
18913,340
18914,53
18915,118
18917,215
18916,130
18919,48
18898,70
18920,145
18921,133
18918,107
18922,251
18923,203
18903,90
18904,104
18905,96
18902,115
18924,85
18909,1
18908,38
18910,88
18925,233
18928,331
18907,268
18935,13
18936,265
18938,183
18939,223
18940,37
18941,248
18937,99
18943,194
18942,206
18944,339
18934,313
18945,321
18946,312
18947,210
18948,221
18949,6
18950,26
18951,79
18952,204
18953,227
18954,12
18927,89
18929,350
18931,335
18930,34
18932,105
18933,338
18957,150
18926,341
18956,315
18965,89
18968,42
18967,320
18958,233
18970,200
18955,279
18971,154
18972,29
18973,141
18969,90
18959,288
18974,301
18975,247
18963,312
18960,179
18961,81
18964,259
18962,129
18984,113
18979,55
18985,172
18986,228
18987,211
18988,26
18966,101
18989,182
18990,80
18981,161
18994,343
18996,36
18993,105
18995,293
18997,100
18999,173
18983,181
18998,209
19001,195
19000,185
19003,204
19002,200
19005,305
19004,233
19007,330
19006,310
18982,25
18992,104
19008,34
18980,76
18977,214
18976,333
18978,43
19009,78
19010,34
18991,75
19011,222
19012,144
19014,7
19015,84
19016,317
19017,189
19018,7
19019,104
19020,186
19021,337
19023,156
19013,163
19025,309
19024,204
19022,232
19027,264
19028,38
19026,86
19029,280
19031,161
19032,41
19033,14
19034,185
19035,203
19036,84
19037,169
19038,338
19030,1
19040,87
19041,278
19039,300
19053,81
19054,236
19055,281
19056,25
19057,214
19058,245
19059,116
19060,8
19061,188
19062,25
19063,100
19064,236
19065,216
19066,145
19067,65
19068,240
19069,223
19070,56
19042,348
19043,295
19044,277
19045,85
19046,223
19051,158
19052,210
19048,201
19050,141
19047,242
19049,259
19071,344
19074,282
19073,199
19072,307
19076,236
19077,297
19078,334
19079,285
19080,75
19081,332
19082,230
19075,28
19083,330
19090,18
19085,300
19095,256
19097,54
19099,180
19098,165
19100,348
19096,82
19102,112
19101,124
19104,252
19103,179
19105,146
19107,279
19106,306
19108,6
19109,73
19091,268
19113,182
19114,283
19115,8
19112,191
19116,61
19084,322
19117,116
19118,166
19120,176
19119,244
19121,129
19088,311
19122,184
19123,342
19125,21
19126,240
19127,219
19124,290
19089,312
19110,184
19086,227
19111,250
19093,212
19094,226
19087,228
19092,122
19128,160
19130,268
19129,19
19132,83
19131,222
19135,34
19133,159
19144,341
19145,31
19146,249
19147,314
19148,336
19151,3
19143,230
19149,324
19152,48
19150,213
19153,188
19154,261
19156,198
19157,10
19158,176
19159,13
19136,142
19139,151
19140,336
19137,83
19155,330
19141,117
19138,135
19142,114
19134,212
19160,322
19161,132
19162,4
19163,91
19165,97
19166,171
19167,199
19168,219
19164,290
19169,270
19170,35
19171,49
19172,318
19173,106
19178,208
19185,343
19184,110
19187,36
19188,66
19189,211
19190,230
19186,117
19192,76
19191,66
19193,202
19194,300
19195,262
19197,317
19196,113
19199,319
19200,120
19202,261
19201,267
19198,40
19177,326
19179,179
19174,25
19180,192
19182,268
19176,244
19183,244
19175,84
19204,307
19181,179
19205,193
19207,257
19203,210
19208,162
19206,272
19210,205
19212,294
19209,24
19213,322
19211,122
19215,95
19214,233
19216,254
19218,141
19220,36
19217,251
19230,117
19231,33
19232,69
19229,328
19234,150
19233,87
19224,115
19236,280
19235,41
19238,115
19239,22
19237,297
19240,20
19242,284
19241,283
19243,246
19244,142
19226,341
19221,56
19222,241
19223,120
19219,272
19225,5
19227,293
19228,200
19245,183
19247,335
19246,177
19248,323
19250,202
19249,110
19251,316
19253,49
19254,288
19252,91
19257,230
19255,94
19258,141
19256,198
19270,31
19271,253
19272,155
19273,75
19274,87
19275,341
19276,103
19277,139
19278,51
19279,264
19280,67
19281,343
19264,275
19282,287
19283,42
19285,105
19284,147
19286,17
19287,213
19265,224
19262,245
19266,31
19263,110
19267,75
19269,312
19268,131
19261,63
19259,345
19260,84
19289,206
19290,73
19291,245
19288,121
19292,181
19293,175
19294,270
19295,149
19296,241
19297,156
19298,269
19299,176
19300,15
19302,25
19301,99
19307,110
19314,181
19315,184
19317,187
19318,220
19313,309
19316,213
19319,264
19321,199
19320,317
19323,349
19325,76
19324,155
19322,180
19326,241
19327,169
19328,227
19304,299
19308,343
19309,346
19303,52
19310,16
19312,344
19305,30
19306,132
19311,204
19340,74
19341,299
19342,182
19343,7
19329,156
19344,292
19346,87
19345,292
19347,6
19349,260
19348,105
19335,133
19351,229
19350,92
19353,250
19352,11
19355,268
19357,55
19356,250
19332,147
19333,254
19330,201
19354,31
19331,29
19339,116
19336,12
19334,59
19337,199
19358,199
19338,268
19360,347
19359,213
19361,249
19362,344
19363,273
19365,72
19364,149
19366,51
19367,96
19368,287
19371,151
19369,140
19370,307
19372,305
19382,52
19381,72
19383,134
19384,165
19385,50
19386,340
19389,228
19388,34
19387,324
19390,98
19391,18
19392,252
19393,91
19394,345
19376,69
19373,109
19377,145
19374,333
19378,321
19375,81
19379,208
19380,55
19395,254
19396,15
19397,95
19398,185
19399,56
19400,327
19401,118
19403,49
19402,147
19404,317
19405,304
19406,331
19407,143
19408,28
19409,26
19410,345
19413,60
19422,5
19424,126
19417,135
19425,82
19426,150
19421,118
19429,202
19428,207
19427,36
19423,149
19430,270
19431,170
19432,148
19433,98
19434,124
19435,113
19436,28
19437,184
19418,140
19414,10
19412,270
19411,327
19419,137
19420,256
19438,338
19416,201
19439,66
19415,235
19451,128
19445,100
19453,331
19452,91
19454,24
19456,143
19455,223
19458,330
19459,154
19460,68
19461,239
19457,321
19462,42
19463,224
19464,140
19440,204
19448,19
19446,109
19447,203
19441,336
19468,13
19469,66
19470,323
19471,306
19472,220
19473,127
19474,121
19475,35
19476,246
19477,209
19478,166
19480,254
19479,17
19466,121
19484,66
19485,196
19486,8
19487,244
19481,225
19489,139
19490,34
19491,322
19488,249
19493,322
19449,108
19494,42
19495,101
19496,13
19442,109
19467,67
19483,67
19482,275
19492,68
19450,206
19502,189
19501,81
19503,132
19506,34
19507,20
19505,160
19508,318
19465,214
19509,32
19510,135
19511,243
19512,70
19504,340
19444,80
19514,82
19515,30
19517,204
19513,270
19518,269
19519,237
19516,125
19520,56
19500,293
19499,225
19498,39
19443,56
19531,347
19525,52
19497,115
19532,103
19533,223
19534,308
19536,95
19528,90
19537,239
19538,299
19539,239
19540,126
19541,57
19543,115
19544,312
19542,229
19526,129
19547,259
19527,61
19535,40
19522,333
19545,180
19521,45
19523,220
19524,236
19546,117
19529,326
19548,289
19549,65
19550,18
19551,138
19552,22
19530,233
19554,130
19555,278
19556,45
19553,123
19558,184
19560,8
19561,232
19557,138
19562,62
19559,98
19564,292
19563,304
19565,273
19573,139
19578,274
19576,86
19571,178
19572,238
19566,68
19574,268
19575,149
19577,191
19570,11
19585,235
19587,170
19588,45
19589,228
19579,253
19590,26
19591,56
19593,30
19594,65
19596,130
19597,209
19598,68
19599,72
19584,85
19600,237
19602,56
19601,229
19603,253
19605,95
19592,324
19604,141
19608,31
19609,43
19568,336
19610,53
19611,328
19569,174
19586,257
19595,175
19606,134
19567,12
19582,94
19583,216
19612,325
19613,183
19581,265
19580,80
19614,221
19615,204
19616,56
19617,51
19618,349
19619,124
19620,319
19621,310
19622,20
19623,215
19624,284
19625,294
19626,186
19607,314
19638,349
19632,91
19639,323
19640,265
19641,189
19642,256
19643,86
19644,162
19645,221
19646,49
19647,139
19648,156
19650,101
19649,179
19651,242
19653,230
19654,326
19655,177
19630,104
19652,152
19629,147
19631,26
19633,2
19627,347
19637,115
19628,175
19636,61
19635,205
19634,347
19656,155
19657,212
19658,46
19659,309
19660,212
19661,273
19662,240
19663,50
19664,232
19665,335
19666,34
19667,77
19668,165
19674,3
19670,267
19681,17
19682,93
19683,93
19684,187
19686,242
19685,182
19687,184
19680,333
19688,297
19689,33
19690,25
19692,41
19693,298
19694,222
19691,76
19695,125
19677,79
19675,50
19678,286
19676,106
19679,138
19673,123
19669,82
19672,179
19696,39
19671,206
19698,291
19699,2
19697,190
19700,13
19701,33
19702,6
19703,201
19704,308
19705,12
19706,288
19707,314
19708,114
19709,219
19710,70
19711,101
19712,271
19713,178
19714,266
19715,328
19718,255
19716,319
19719,15
19720,210
19717,29
19721,116
19722,113
19724,196
19726,249
19723,117
19725,43
19732,281
19738,1
19739,17
19740,78
19741,335
19735,232
19742,274
19743,228
19744,134
19733,41
19729,311
19746,35
19745,173
19736,241
19747,110
19749,232
19748,53
19751,12
19750,110
19737,217
19731,2
19727,7
19734,97
19730,83
19762,39
19728,256
19764,205
19765,279
19766,133
19767,37
19763,275
19768,279
19769,223
19770,275
19771,332
19772,247
19773,11
19774,246
19775,182
19757,243
19778,131
19777,36
19779,187
19758,341
19759,243
19752,42
19760,333
19753,304
19761,290
19754,78
19755,108
19756,155
19780,286
19781,114
19782,233
19783,3
19784,239
19785,189
19787,344
19786,312
19788,40
19790,106
19789,338
19776,2
19791,109
19792,211
19794,200
19805,230
19806,22
19807,224
19808,286
19809,120
19804,36
19810,337
19811,337
19812,58
19813,171
19815,326
19814,242
19816,274
19818,112
19817,334
19819,192
19820,40
19821,39
19795,155
19796,41
19797,239
19798,84
19799,348
19793,98
19800,172
19801,180
19802,144
19803,335
19822,214
19823,214
19824,10
19825,160
19826,339
19827,86
19828,9
19829,197
19830,293
19831,96
19832,158
19833,128
19834,157
19835,301
19847,30
19848,14
19849,176
19850,112
19851,55
19852,54
19853,156
19854,75
19841,30
19855,261
19856,33
19857,147
19859,307
19860,51
19858,160
19861,34
19862,258
19864,312
19836,196
19863,329
19844,274
19837,343
19845,226
19843,218
19838,105
19846,296
19839,167
19865,347
19866,136
19867,323
19868,128
19842,196
19869,38
19870,30
19871,234
19872,83
19873,305
19875,272
19874,138
19877,208
19878,232
19876,229
19880,79
19879,96
19889,130
19890,179
19891,177
19888,274
19892,213
19894,283
19895,263
19896,57
19897,113
19898,147
19899,339
19900,257
19901,178
19893,132
19902,187
19903,233
19904,124
19885,93
19884,172
19886,115
19881,40
19907,186
19908,61
19909,105
19906,317
19910,221
19911,298
19912,151
19913,313
19914,140
19915,167
19916,235
19917,337
19918,214
19920,257
19921,347
19923,58
19924,238
19925,193
19882,87
19926,93
19919,70
19927,17
19922,206
19928,344
19930,175
19929,98
19932,264
19933,328
19935,254
19936,9
19931,135
19937,215
19938,159
19939,55
19940,92
19905,194
19887,161
19934,126
19941,195
19945,228
19883,29
19943,140
19949,19
19944,80
19947,67
19942,214
19946,3
19950,100
19951,180
19952,274
19948,200
19953,235
19954,201
19955,339
19956,346
19957,245
19959,173
19960,250
19958,49
19961,187
19962,37
19964,317
19963,113
19965,28
19966,313
19967,122
19968,4
19969,192
19970,62
19971,193
19974,55
19840,166
19975,97
19976,314
19977,76
19973,228
19972,78
19978,29
19990,340
19989,86
19991,30
19992,241
19988,139
19983,81
19994,224
19993,2
19995,158
19996,26
19997,48
19999,196
20001,59
20000,270
19979,277
20003,293
20002,60
19980,294
19998,283
19986,189
19985,341
19981,225
19982,300
19987,184
19984,257
20007,253
20008,131
20009,58
20010,38
20011,161
20012,132
20013,13
20005,290
20015,295
20016,316
20018,35
20019,157
20020,140
20004,337
20017,308
20014,347
20006,239
20026,134
20027,162
20021,219
20023,207
20024,35
20022,248
20025,200
20028,240
20029,47
20030,95
20031,292
20032,67
20033,27
20034,330
20035,34
20036,223
20037,214
20038,192
20039,36
20040,245
20041,180
20046,317
20054,51
20055,28
20056,117
20053,254
20042,134
20058,16
20057,88
20059,340
20060,145
20062,136
20061,195
20063,84
20064,230
20065,326
20067,13
20066,220
20050,300
20044,282
20051,140
20043,155
20052,219
20047,332
20048,7
20070,121
20068,229
20071,168
20069,329
20045,226
20073,79
20072,298
20074,305
20075,178
20049,68
20076,256
20079,50
20078,348
20077,263
20080,314
20081,26
20082,325
20084,19
20083,141
20096,78
20095,162
20097,157
20098,332
20099,118
20101,17
20100,80
20102,252
20103,279
20104,1
20106,229
20107,66
20108,276
20105,276
20090,206
20109,201
20091,106
20086,27
20092,337
20093,270
20085,33
20094,337
20089,107
20087,108
20088,6
20113,103
20115,175
20110,284
20123,127
20124,350
20125,1
20126,263
20112,89
20127,159
20122,81
20128,103
20129,125
20130,132
20131,336
20132,269
20133,308
20135,297
20136,228
20137,38
20139,309
20118,158
20138,122
20116,258
20117,179
20119,283
20134,292
20120,223
20111,152
20121,159
20114,94
20140,14
20142,118
20141,330
20145,168
20143,66
20148,240
20151,194
20157,54
20159,254
20158,283
20149,80
20160,74
20156,11
20163,347
20162,193
20161,131
20164,349
20165,83
20166,207
20168,168
20167,347
20169,272
20171,251
20170,155
20173,195
20172,343
20174,105
20175,264
20144,113
20146,162
20176,323
20155,234
20153,327
20154,84
20147,226
20177,286
20152,96
20178,85
20180,222
20182,184
20181,172
20150,226
20179,154
20183,186
20184,279
20186,251
20185,30
20187,214
20188,261
20190,208
20191,325
20192,349
20193,165
20194,265
20195,314
20196,297
20197,47
20198,96
20199,184
20200,89
20201,344
20203,275
20204,104
20189,22
20202,264
20205,21
20206,216
20208,270
20207,181
20210,251
20209,229
20213,12
20214,233
20215,39
20211,273
20216,71
20217,261
20219,208
20220,205
20218,95
20223,301
20224,265
20222,196
20221,269
20225,81
20227,322
20229,210
20228,58
20226,224
20231,322
20234,177
20235,110
20236,145
20238,75
20212,207
20239,259
20230,298
20240,140
20233,67
20232,204
20237,312
20241,258
20242,237
20243,142
20244,202
20245,218
20247,2
20246,209
20250,143
20251,255
20248,200
20253,175
20256,276
20254,96
20255,178
20257,79
20252,281
20249,340
20258,201
20267,253
20268,67
20260,89
20259,261
20261,108
20262,176
20274,208
20275,201
20276,113
20266,90
20277,320
20278,23
20279,178
20280,325
20281,42
20272,20
20283,277
20284,242
20285,122
20273,208
20286,129
20287,26
20289,6
20290,303
20288,198
20271,210
20263,99
20269,225
20264,154
20265,332
20282,5
20270,37
20301,303
20303,233
20304,347
20302,105
20305,4
20306,109
20307,263
20309,130
20308,323
20295,160
20311,20
20310,201
20312,11
20314,97
20313,190
20291,30
20299,166
20300,107
20320,331
20292,184
20298,14
20321,298
20322,93
20324,77
20323,93
20319,198
20325,172
20326,28
20296,136
20327,292
20328,16
20329,331
20330,278
20331,288
20332,299
20334,290
20333,18
20335,142
20336,156
20337,63
20297,170
20315,185
20293,327
20318,335
20338,89
20317,282
20294,148
20339,124
20340,266
20316,285
20343,145
20344,75
20345,30
20346,323
20348,332
20347,102
20350,118
20349,179
20352,293
20353,122
20351,286
20354,150
20342,206
20341,306
20366,195
20367,62
20368,16
20369,29
20370,189
20360,154
20371,145
20373,217
20372,19
20374,200
20375,134
20376,285
20377,344
20357,19
20378,322
20379,326
20355,192
20359,194
20358,323
20356,178
20361,214
20365,2
20362,84
20383,21
20384,288
20386,268
20385,343
20387,126
20363,300
20389,184
20388,199
20391,132
20390,318
20393,68
20392,284
20395,254
20396,116
20381,82
20382,140
20380,131
20394,194
20400,84
20402,214
20364,235
20398,68
20404,176
20401,200
20403,104
20397,141
20407,75
20409,19
20406,31
20408,232
20410,8
20420,113
20421,156
20414,169
20422,127
20423,169
20424,133
20425,107
20426,350
20427,251
20428,89
20419,331
20429,113
20405,165
20430,193
20431,245
20432,43
20434,223
20433,174
20415,261
20411,29
20399,127
20416,167
20413,62
20412,122
20435,87
20417,204
20418,177
20436,68
20437,251
20438,316
20440,207
20441,207
20442,212
20443,114
20444,149
20445,292
20446,102
20439,48
20447,172
20449,285
20448,94
20450,316
20452,26
20451,269
20464,65
20465,19
20466,213
20467,24
20463,14
20468,158
20469,319
20470,199
20472,79
20471,190
20473,259
20475,120
20476,36
20477,79
20474,41
20479,29
20478,76
20480,309
20455,310
20481,41
20482,242
20483,180
20484,272
20485,131
20486,78
20487,232
20488,169
20490,67
20491,6
20492,27
20459,307
20489,171
20456,40
20453,53
20457,342
20458,343
20498,315
20500,349
20499,308
20501,256
20502,265
20503,210
20454,336
20504,330
20505,118
20506,136
20508,107
20509,44
20510,67
20511,279
20512,40
20513,182
20514,75
20495,47
20497,157
20461,119
20496,167
20494,282
20507,232
20460,196
20462,227
20516,93
20517,246
20518,45
20515,45
20519,209
20520,30
20521,268
20522,139
20523,48
20525,159
20526,292
20527,25
20524,285
20530,60
20532,58
20533,314
20535,198
20536,21
20537,275
20538,48
20539,52
20540,309
20541,56
20542,341
20543,193
20534,321
20531,332
20529,69
20547,46
20548,160
20549,93
20550,133
20552,46
20553,25
20554,42
20555,206
20556,16
20557,51
20558,145
20559,285
20560,317
20561,184
20562,169
20563,233
20551,333
20564,255
20545,148
20565,273
20546,67
20544,263
20493,50
20566,55
20568,61
20569,44
20571,345
20570,41
20572,118
20574,232
20573,44
20575,283
20576,212
20578,69
20577,40
20528,107
20567,73
20579,47
20587,269
20588,245
20591,218
20589,245
20592,243
20594,300
20593,45
20595,179
20596,98
20597,273
20598,308
20599,208
20600,184
20590,149
20583,217
20580,54
20581,173
20584,201
20585,235
20608,216
20609,177
20610,3
20611,118
20612,249
20613,127
20614,148
20615,310
20616,230
20617,4
20618,201
20607,159
20620,326
20619,300
20623,4
20624,297
20621,316
20582,51
20622,349
20586,206
20603,38
20601,60
20604,313
20602,19
20606,113
20625,19
20628,88
20629,275
20626,295
20627,232
20633,128
20640,248
20641,136
20643,74
20642,136
20644,22
20645,343
20646,145
20639,191
20647,217
20648,233
20605,51
20650,328
20649,145
20651,106
20653,18
20654,327
20655,273
20656,7
20652,231
20634,305
20636,77
20638,252
20635,307
20637,112
20657,175
20658,248
20659,35
20632,286
20631,88
20660,152
20661,50
20630,197
20663,280
20665,163
20662,231
20666,199
20667,266
20664,129
20668,267
20670,79
20669,201
20671,99
20673,234
20672,240
20674,16
20675,148
20676,235
20678,238
20679,175
20677,347
20680,342
20681,54
20682,136
20684,70
20683,63
20685,157
20697,49
20698,66
20699,322
20700,234
20701,15
20691,86
20702,46
20704,126
20705,47
20696,177
20695,151
20694,136
20690,25
20708,157
20692,330
20709,122
20711,282
20712,224
20693,323
20713,101
20714,247
20716,31
20687,299
20717,204
20718,318
20719,90
20720,6
20688,156
20710,210
20715,16
20689,312
20721,305
20686,38
20722,298
20723,117
20724,73
20725,236
20726,343
20727,238
20703,21
20728,153
20729,341
20730,85
20732,294
20733,260
20731,327
20734,158
20735,102
20737,287
20738,136
20736,138
20707,197
20739,192
20706,196
20740,108
20742,254
20751,60
20752,311
20753,248
20741,342
20754,116
20755,44
20756,158
20758,180
20757,326
20761,289
20759,166
20762,165
20750,237
20746,109
20764,338
20763,114
20767,8
20765,16
20768,280
20744,310
20766,166
20745,142
20749,327
20747,200
20743,23
20769,85
20770,12
20760,337
20771,18
20773,189
20772,25
20774,280
20776,1
20777,283
20778,1
20779,291
20782,134
20780,195
20781,42
20783,55
20775,3
20784,277
20785,52
20787,236
20786,24
20788,128
20789,77
20748,91
20792,41
20791,133
20790,314
20794,147
20795,48
20796,46
20793,15
20797,332
20798,266
20799,267
20800,18
20804,113
20803,20
20801,110
20802,186
20805,115
20806,233
20808,208
20807,101
20809,308
20810,186
20811,323
20812,220
20813,344
20815,347
20817,231
20826,203
20825,26
20827,52
20816,163
20829,310
20820,137
20828,342
20818,29
20831,345
20832,232
20824,189
20830,24
20833,2
20834,104
20836,200
20835,8
20837,333
20838,59
20839,293
20841,172
20821,24
20822,233
20823,92
20840,139
20842,154
20814,272
20819,22
20843,128
20844,193
20845,61
20848,254
20849,228
20850,166
20851,203
20852,168
20847,56
20854,218
20853,206
20846,223
20856,304
20855,301
20857,134
20866,122
20869,271
20863,249
20870,108
20871,154
20873,288
20874,18
20872,338
20875,248
20876,93
20878,171
20879,212
20858,292
20877,239
20880,85
20882,224
20881,108
20859,78
20867,250
20868,302
20865,11
20860,244
20890,11
20892,287
20893,5
20894,255
20895,192
20885,215
20896,270
20897,196
20899,141
20898,245
20900,28
20901,246
20902,294
20891,290
20884,54
20903,164
20886,262
20908,109
20907,109
20906,28
20905,157
20909,95
20910,277
20911,191
20912,123
20888,109
20913,320
20889,81
20914,280
20915,306
20917,332
20918,289
20919,300
20916,285
20904,251
20921,192
20920,242
20864,232
20924,13
20925,256
20926,50
20923,231
20922,134
20883,336
20887,162
20862,189
20937,152
20938,34
20939,323
20940,329
20936,117
20941,332
20943,271
20944,53
20942,164
20945,76
20947,146
20946,181
20948,90
20950,48
20949,36
20927,152
20928,329
20929,53
20930,26
20953,211
20861,326
20931,253
20934,63
20935,271
20933,243
20954,115
20932,177
20955,197
20957,228
20956,287
20958,12
20959,242
20952,190
20960,285
20961,84
20962,10
20964,263
20963,276
20965,155
20966,11
20969,132
20968,309
20951,47
20971,213
20980,218
20981,294
20982,208
20983,46
20984,301
20986,17
20987,239
20970,146
20988,141
20967,107
20990,11
20985,134
20991,88
20992,242
20989,270
20994,124
20995,248
20993,305
20979,107
20997,27
20996,340
20998,266
20972,168
20975,75
20976,349
20974,322
20978,283
20977,247
20973,93
21000,196
20999,340
21001,332
21002,195
21004,341
21005,140
21006,89
21007,225
21008,217
21009,1
21010,266
21012,95
21011,240
21014,190
21015,242
21013,300
21003,137
21016,324
21027,181
21026,256
21017,265
21018,225
21019,58
21020,107
21021,67
21022,271
21023,18
21024,315
21025,231
21028,147
21030,335
21029,342
21031,188
21032,90
21034,168
21033,325
21035,309
21036,346
21038,136
21039,289
21037,237
21040,242
21041,52
21042,318
21053,121
21055,16
21056,321
21050,18
21058,6
21059,294
21060,98
21043,211
21061,116
21063,230
21064,266
21065,199
21048,248
21045,256
21057,222
21054,350
21049,240
21062,109
21046,322
21047,156
21066,172
21052,287
21068,193
21069,23
21070,313
21067,8
21071,98
21072,39
21073,109
21074,175
21044,295
21075,269
21051,319
21077,121
21080,111
21076,242
21082,127
21081,338
21083,82
21078,126
21079,94
21085,277
21084,272
21093,28
21094,333
21086,230
21096,317
21097,257
21099,191
21098,136
21100,168
21101,247
21089,27
21103,348
21102,106
21106,26
21104,329
21088,20
21110,284
21111,51
21087,219
21112,74
21109,83
21095,273
21113,60
21105,249
21108,241
21091,202
21090,291
21092,44
21107,12
21114,311
21115,9
21117,61
21118,34
21119,341
21116,347
21120,243
21122,109
21123,4
21121,33
21124,253
21125,58
21126,277
21127,325
21130,183
21137,68
21138,278
21141,26
21140,78
21143,244
21144,349
21142,188
21145,58
21139,172
21147,266
21146,197
21149,115
21150,182
21131,88
21132,7
21154,140
21155,15
21134,280
21133,131
21136,67
21152,188
21151,346
21128,127
21135,219
21148,339
21153,32
21129,281
21156,131
21168,258
21169,150
21170,132
21167,161
21171,59
21172,70
21173,280
21174,138
21175,333
21176,81
21177,153
21178,299
21179,306
21180,33
21181,135
21157,17
21158,159
21159,15
21160,258
21184,266
21161,175
21162,280
21163,251
21185,144
21182,64
21183,172
21186,263
21187,146
21188,186
21189,133
21190,34
21191,182
21192,254
21194,329
21195,300
21196,184
21197,127
21193,339
21165,203
21166,177
21164,108
21201,168
21199,115
21210,238
21211,262
21212,59
21209,208
21214,90
21213,53
21200,149
21216,265
21215,50
21217,91
21205,303
21218,208
21219,245
21220,311
21221,197
21224,280
21222,83
21223,231
21225,64
21207,197
21203,169
21204,329
21206,325
21202,119
21208,106
21235,14
21236,123
21237,194
21238,216
21239,138
21240,247
21241,306
21242,329
21243,258
21245,205
21244,347
21246,236
21247,139
21248,28
21198,40
21251,238
21252,142
21250,251
21226,141
21231,104
21249,55
21232,337
21233,279
21228,251
21227,28
21234,26
21230,138
21229,63
21253,312
21255,310
21254,36
21256,212
21257,185
21258,58
21259,15
21260,288
21261,166
21262,40
21263,173
21264,17
21265,85
21274,172
21275,46
21269,226
21276,12
21278,135
21277,6
21279,73
21280,128
21282,265
21281,210
21283,171
21284,137
21285,246
21287,256
21286,78
21288,6
21266,110
21270,67
21267,114
21268,27
21290,337
21294,309
21273,10
21271,297
21291,195
21292,30
21293,256
21295,52
21289,42
21297,67
21296,188
21298,215
21272,157
21299,234
21300,22
21301,317
21302,135
21303,25
21304,43
21306,255
21307,189
21308,30
21309,265
21310,176
21311,145
21305,99
21313,318
21323,213
21324,212
21325,301
21326,341
21327,168
21328,228
21312,310
21330,22
21332,310
21318,237
21329,136
21331,279
21333,24
21334,177
21335,186
21339,124
21338,145
21337,123
21340,335
21314,215
21319,136
21315,183
21320,5
21316,259
21321,249
21336,65
21317,320
21322,22
21341,237
21343,280
21344,240
21346,143
21345,213
21342,250
21347,10
21349,241
21348,343
21350,255
21351,146
21353,120
21354,121
21356,289
21355,139
21352,307
21357,336
21358,2
21361,57
21359,167
21370,204
21372,337
21371,146
21373,153
21369,296
21374,318
21376,187
21377,43
21379,28
21380,213
21378,245
21381,162
21383,211
21382,304
21384,167
21385,121
21386,87
21362,300
21360,46
21388,125
21387,142
21389,3
21390,318
21391,235
21392,285
21393,220
21394,311
21395,257
21398,113
21397,78
21399,2
21400,244
21401,316
21396,318
21365,152
21366,108
21363,195
21407,131
21408,72
21410,249
21409,73
21406,264
21411,332
21412,171
21413,119
21414,321
21415,234
21416,278
21417,25
21418,176
21420,338
21419,242
21422,108
21421,177
21423,290
21402,343
21367,27
21368,177
21404,205
21431,114
21405,310
21430,106
21432,204
21433,191
21434,287
21427,259
21435,176
21436,271
21437,184
21438,258
21440,130
21439,8
21441,193
21442,228
21443,225
21444,105
21403,93
21425,164
21448,2
21445,311
21364,158
21426,307
21424,89
21428,316
21429,40
21449,277
21446,249
21450,108
21451,339
21452,286
21447,347
21453,188
21454,63
21456,99
21455,214
21457,343
21458,184
21459,265
21460,94
21461,334
21462,154
21463,347
21464,198
21465,261
21375,68
21469,178
21472,63
21477,92
21476,299
21478,34
21479,127
21480,178
21482,226
21483,202
21484,284
21475,310
21486,86
21487,18
21485,140
21488,191
21491,152
21492,82
21490,130
21489,210
21493,301
21494,216
21495,185
21466,326
21473,74
21467,241
21474,232
21468,170
21496,4
21471,25
21497,158
21470,90
21498,314
21499,336
21500,317
21501,142
21502,254
21503,294
21504,288
21505,96
21507,26
21506,41
21508,84
21509,15
21481,9
21510,180
21511,90
21512,39
21515,108
21514,93
21517,298
21516,20
21525,319
21527,168
21526,29
21528,292
21530,234
21529,46
21532,112
21533,146
21531,272
21524,206
21535,5
21534,313
21536,183
21537,313
21538,345
21539,247
21541,148
21540,124
21542,285
21543,331
21544,270
21545,270
21546,296
21518,94
21513,259
21547,238
21519,107
21553,58
21552,43
21554,260
21555,66
21557,254
21558,89
21559,44
21556,53
21560,268
21561,5
21550,225
21549,130
21520,87
21548,97
21523,112
21551,283
21563,206
21565,291
21571,326
21572,342
21573,213
21575,170
21576,187
21574,266
21577,83
21578,137
21579,64
21580,201
21581,304
21582,54
21570,180
21584,318
21585,269
21586,12
21588,49
21587,324
21589,246
21590,80
21591,227
21566,181
21562,317
21583,157
21568,21
21567,246
21564,90
21521,82
21569,131
21592,346
21593,138
21594,106
21595,234
21596,221
21597,254
21598,224
21599,105
21600,291
21601,305
21603,282
21602,341
21604,281
21522,51
21605,348
21606,45
21607,325
21608,202
21609,188
21610,63
21611,276
21612,113
21613,303
21614,163
21615,304
21616,85
21617,274
21618,33
21620,263
21619,76
21622,119
21621,260
21623,65
21624,130
21626,48
21635,152
21625,73
21636,298
21637,96
21634,106
21638,203
21639,343
21640,306
21641,187
21642,283
21643,44
21645,39
21644,109
21646,256
21647,215
21649,97
21648,6
21650,203
21630,258
21628,26
21629,264
21631,59
21633,53
21632,102
21659,195
21660,179
21658,112
21662,208
21663,170
21664,20
21665,117
21666,37
21667,142
21668,133
21669,259
21671,154
21670,329
21651,272
21661,274
21674,131
21675,214
21655,324
21676,306
21679,170
21678,30
21680,99
21681,138
21683,97
21677,197
21684,339
21685,22
21686,121
21672,36
21673,120
21682,108
21657,238
21656,127
21654,100
21692,45
21695,191
21694,6
21689,167
21697,329
21698,345
21687,348
21627,63
21699,291
21700,42
21704,65
21702,194
21705,273
21701,33
21688,337
21693,212
21696,302
21691,82
21690,299
21706,135
21707,83
21711,296
21703,203
21712,201
21709,334
21718,148
21717,255
21721,118
21720,32
21716,207
21722,179
21723,254
21724,139
21726,113
21727,208
21728,3
21725,207
21729,296
21730,87
21731,86
21652,21
21719,233
21732,188
21733,306
21713,213
21734,340
21714,221
21653,64
21715,239
21710,155
21745,80
21739,275
21746,139
21744,309
21748,139
21736,241
21749,283
21747,308
21750,245
21752,245
21751,40
21753,89
21708,310
21755,317
21756,267
21757,196
21758,63
21740,265
21737,182
21735,185
21743,129
21754,159
21738,129
21741,250
21742,263
21759,287
21762,157
21763,142
21761,80
21764,349
21765,84
21767,223
21766,112
21769,192
21770,281
21771,347
21768,1
21773,27
21772,339
21760,23
21776,158
21774,313
21775,194
21788,311
21787,151
21789,135
21790,137
21791,257
21792,42
21794,214
21793,35
21781,183
21795,63
21798,203
21799,151
21797,254
21784,219
21800,341
21782,219
21803,25
21801,129
21805,186
21802,28
21804,315
21807,338
21796,160
21806,73
21810,124
21808,273
21809,5
21811,201
21783,222
21777,219
21815,337
21817,44
21814,234
21816,297
21820,86
21819,101
21821,64
21823,323
21822,241
21826,307
21824,51
21825,168
21828,82
21827,20
21812,202
21818,26
21830,331
21829,343
21813,39
21779,161
21778,49
21786,293
21780,90
21785,308
21833,228
21835,223
21834,325
21831,91
21832,242
21836,148
21837,47
21839,334
21838,215
21844,345
21852,350
21853,30
21854,107
21851,196
21856,214
21857,39
21858,56
21859,319
21860,314
21861,106
21862,350
21863,65
21864,103
21845,311
21846,265
21847,328
21848,295
21850,211
21842,100
21840,158
21841,229
21843,67
21849,215
21855,109
21865,309
21876,76
21878,119
21879,21
21877,87
21880,336
21881,329
21882,9
21883,301
21884,10
21886,245
21885,226
21870,248
21866,101
21867,324
21868,116
21869,82
21872,60
21873,228
21871,223
21874,321
21875,102
21898,181
21892,236
21900,245
21901,129
21902,177
21903,112
21904,200
21905,313
21906,233
21907,154
21908,39
21895,263
21909,66
21911,349
21910,200
21887,186
21893,66
21888,197
21894,122
21889,277
21897,36
21890,122
21896,332
21891,122
21899,19
21923,11
21924,143
21925,282
21917,41
21926,226
21928,73
21929,35
21927,141
21930,183
21931,278
21921,156
21934,271
21935,228
21914,327
21918,251
21937,184
21939,320
21938,32
21940,145
21920,83
21932,27
21933,95
21941,292
21915,95
21942,85
21912,250
21943,98
21944,120
21945,153
21947,248
21948,299
21949,232
21936,34
21946,100
21950,199
21951,339
21919,172
21952,303
21913,257
21922,262
21955,233
21954,303
21956,86
21959,61
21953,181
21960,347
21957,195
21958,54
21961,201
21962,168
21963,350
21964,75
21965,166
21966,312
21916,49
21967,17
21970,148
21968,213
21969,110
21971,216
21972,260
21973,341
21974,35
21975,29
21976,272
21988,149
21981,118
21990,10
21989,258
21991,181
21992,234
21993,17
21995,25
21987,174
21982,147
21977,228
21997,139
21998,150
21999,162
22001,78
21984,315
22002,229
22003,262
22005,312
22004,96
22000,123
21994,154
22007,127
22008,273
21985,90
21996,3
22006,106
22009,136
21983,338
21986,24
21979,148
22011,255
22010,11
21978,239
22019,330
21980,36
22022,69
22023,306
22021,31
22020,135
22025,284
22024,171
22017,12
22012,142
22013,142
22015,347
22016,242
22028,205
22014,86
22027,170
22018,347
22026,197
22029,312
22030,340
22031,248
22032,102
22033,93
22034,301
22035,83
22036,343
22037,185
22038,321
22040,34
22041,224
22039,68
22049,253
22048,103
22050,243
22052,249
22051,238
22053,117
22055,323
22054,8
22057,154
22058,166
22059,61
22060,34
22061,102
22062,309
22042,177
22056,346
22065,136
22064,257
22066,281
22067,151
22068,157
22046,329
22047,267
22069,80
22063,24
22070,82
22072,64
22071,163
22073,280
22074,305
22075,41
22076,1
22077,157
22078,265
22079,324
22081,256
22080,187
22045,39
22082,31
22043,259
22044,285
22085,242
22083,165
22095,70
22094,179
22096,251
22097,337
22099,152
22084,236
22100,199
22101,185
22093,317
22103,107
22102,342
22106,50
22107,227
22105,209
22098,290
22108,35
22109,210
22111,67
22110,320
22112,223
22089,331
22087,27
22088,260
22113,333
22086,168
22114,22
22104,129
22090,281
22091,6
22092,145
22115,255
22116,284
22117,237
22118,194
22119,161
22121,122
22120,132
22123,13
22124,135
22125,253
22122,84
22127,330
22126,10
22128,246
22130,40
22131,255
22132,43
22133,60
22129,42
22134,274
22137,8
22140,136
22141,325
22142,255
22143,216
22145,335
22139,213
22146,1
22147,310
22148,172
22144,95
22149,267
22138,165
22150,287
22151,90
22136,121
22160,333
22157,304
22161,296
22162,306
22163,326
22165,40
22166,336
22167,150
22168,153
22155,174
22169,307
22159,69
22171,37
22170,208
22152,340
22156,187
22164,295
22158,222
22172,227
22153,233
22154,311
22135,175
22183,43
22184,114
22185,345
22187,209
22186,131
22177,310
22190,36
22189,256
22188,263
22191,63
22192,276
22193,103
22194,86
22196,282
22195,120
22175,230
22176,247
22180,341
22202,96
22203,37
22204,98
22205,86
22201,127
22181,302
22174,180
22206,207
22208,343
22210,271
22211,207
22212,79
22173,192
22214,81
22215,291
22216,26
22213,63
22197,212
22220,219
22221,323
22222,246
22223,11
22182,289
22224,213
22225,164
22199,66
22207,205
22179,196
22219,152
22226,148
22228,46
22229,302
22217,57
22198,132
22231,78
22230,55
22232,135
22233,133
22178,126
22227,267
22235,133
22237,336
22236,182
22238,68
22234,243
22239,168
22240,264
22242,236
22241,95
22200,98
22209,166
22218,170
22253,316
22247,280
22255,310
22256,212
22252,22
22257,175
22259,93
22260,2
22258,334
22261,60
22254,269
22262,210
22264,160
22266,319
22265,305
22267,100
22268,178
22249,106
22269,105
22248,346
22244,196
22270,30
22271,75
22250,248
22245,350
22273,176
22274,332
22243,324
22277,241
22275,159
22276,221
22280,241
22272,337
22246,266
22279,271
22278,56
22263,259
22251,280
22281,147
22282,262
22283,337
22286,92
22287,229
22285,245
22288,247
22289,133
22291,270
22290,42
22292,329
22293,80
22295,3
22294,43
22296,84
22284,313
22297,302
22299,122
22300,115
22301,69
22302,5
22303,10
22304,6
22305,11
22306,301
22307,12
22308,150
22309,291
22310,340
22298,10
22311,319
22318,98
22324,308
22313,45
22325,263
22326,327
22327,147
22312,130
22328,289
22330,35
22329,70
22331,51
22323,216
22332,334
22333,228
22336,318
22334,290
22337,305
22335,136
22320,329
22314,288
22319,41
22321,132
22315,153
22322,163
22338,1
22339,118
22342,83
22343,334
22341,150
22344,219
22345,34
22316,155
22340,211
22346,37
22348,63
22347,264
22350,99
22349,336
22352,260
22351,225
22356,66
22353,178
22354,197
22355,291
22357,284
22366,332
22367,3
22368,42
22369,321
22370,286
22371,133
22372,300
22373,96
22374,134
22375,17
22377,24
22376,132
22378,138
22358,179
22317,158
22379,189
22361,36
22381,282
22363,303
22384,350
22383,252
22385,326
22386,105
22387,234
22388,64
22389,269
22390,277
22382,50
22391,345
22392,345
22393,134
22394,101
22395,206
22397,26
22380,46
22396,185
22360,203
22364,346
22398,180
22359,138
22400,216
22402,37
22403,185
22401,168
22404,266
22406,48
22399,188
22408,40
22409,272
22407,237
22411,281
22414,184
22413,42
22412,331
22415,72
22416,322
22410,93
22417,113
22362,82
22405,128
22419,310
22418,130
22422,312
22423,324
22425,128
22426,350
22427,179
22428,11
22424,299
22430,339
22431,332
22421,173
22433,248
22434,12
22429,343
22365,278
22420,21
22441,132
22438,164
22436,350
22439,143
22440,268
22442,155
22437,169
22444,5
22445,172
22448,234
22443,164
22451,302
22455,195
22456,282
22457,144
22458,226
22459,128
22460,110
22453,229
22463,329
22446,99
22432,83
22465,220
22467,330
22462,239
22469,261
22468,3
22470,64
22466,336
22464,180
22471,208
22472,267
22473,345
22474,283
22449,103
22476,261
22475,46
22454,263
22435,144
22450,84
22447,293
22485,285
22487,42
22488,348
22489,61
22490,52
22491,276
22492,143
22493,165
22494,208
22486,141
22495,235
22496,244
22497,210
22461,61
22452,187
22477,70
22482,246
22481,76
22483,196
22479,279
22478,316
22480,192
22498,350
22484,101
22500,124
22511,10
22512,272
22504,328
22513,197
22514,221
22510,55
22515,50
22518,210
22517,298
22516,92
22519,160
22520,273
22521,260
22522,324
22523,329
22524,181
22505,280
22501,198
22506,121
22502,223
22507,34
22527,299
22508,142
22503,26
22499,257
22509,233
22526,332
22525,217
22530,17
22529,46
22528,20
22533,75
22532,339
22531,318
22534,94
22536,135
22535,115
22538,344
22537,321
22540,227
22550,147
22551,325
22553,159
22554,312
22555,280
22556,31
22545,235
22557,48
22552,128
22559,85
22558,54
22560,57
22561,63
22539,124
22562,72
22563,343
22541,253
22546,5
22542,328
22543,69
22548,279
22544,346
22564,306
22565,115
22549,319
22547,146
22566,88
22567,172
22568,161
22569,132
22570,188
22571,2
22572,268
22573,6
22575,32
22574,215
22576,102
22578,148
22577,173
22579,159
22580,38
22581,327
22582,258
22583,173
22585,192
22584,90
22586,262
22587,125
22588,256
22589,194
22590,19
22602,143
22601,255
22603,86
22604,222
22600,64
22605,106
22608,220
22606,78
22607,228
22609,328
22610,302
22612,99
22613,192
22614,239
22615,76
22611,7
22595,312
22618,99
22617,305
22596,279
22591,209
22597,244
22592,233
22598,57
22616,221
22620,158
22619,191
22621,74
22622,81
22623,234
22625,278
22624,249
22627,258
22628,113
22629,87
22626,240
22631,229
22630,251
22593,249
22639,89
22599,55
22641,151
22638,177
22642,141
22644,303
22645,277
22646,54
22647,227
22643,157
22648,258
22649,197
22650,227
22640,277
22651,45
22653,297
22652,285
22632,189
22594,56
22655,289
22656,258
22635,106
22636,82
22637,115
22634,19
22658,280
22659,26
22633,344
22660,212
22662,277
22661,168
22663,191
22664,58
22666,17
22667,334
22665,160
22668,197
22654,301
22669,69
22670,65
22671,135
22672,277
22673,51
22657,69
22677,261
22684,133
22685,148
22683,264
22688,139
22687,195
22680,347
22689,16
22690,265
22691,242
22692,269
22693,236
22695,158
22696,247
22686,225
22698,205
22697,108
22694,214
22681,115
22678,22
22682,277
22700,272
22674,36
22679,258
22699,96
22675,103
22701,223
22702,305
22676,261
22704,124
22703,206
22705,289
22706,55
22708,201
22709,93
22711,349
22710,295
22713,108
22707,203
22712,329
22721,317
22723,331
22724,193
22714,182
22719,107
22716,255
22715,39
22725,133
22726,239
22728,102
22729,161
22718,106
22730,20
22731,13
22722,99
22732,264
22727,37
22717,205
22720,311
22742,139
22743,244
22744,140
22746,245
22745,243
22741,192
22747,93
22748,6
22749,186
22751,109
22750,303
22752,82
22753,127
22754,89
22755,303
22756,277
22733,43
22759,181
22760,121
22734,131
22762,30
22761,38
22763,108
22764,36
22765,198
22758,348
22739,339
22766,216
22767,346
22768,197
22769,134
22770,241
22771,220
22772,53
22773,264
22774,210
22737,216
22757,288
22738,92
22740,314
22779,348
22781,6
22780,124
22775,224
22782,171
22776,343
22735,30
22777,111
22736,85
22778,350
22787,183
22795,83
22796,215
22790,245
22794,49
22797,37
22798,55
22799,277
22801,37
22802,42
22804,99
22803,71
22793,60
22805,103
22806,265
22791,81
22800,293
22809,94
22811,82
22789,114
22810,350
22807,2
22792,240
22784,150
22808,180
22783,88
22786,322
22812,151
22785,196
22788,77
22813,325
22814,325
22815,346
22816,183
22817,103
22818,14
22821,283
22819,182
22822,43
22820,163
22825,161
22827,206
22823,19
22828,50
22826,259
22829,187
22824,74
22830,220
22831,237
22832,338
22833,63
22839,248
22835,169
22845,58
22846,66
22848,162
22849,127
22850,187
22844,326
22851,283
22852,190
22854,210
22853,159
22855,253
22856,300
22847,26
22857,194
22858,234
22859,198
22861,124
22860,138
22834,177
22840,18
22862,227
22863,182
22836,306
22864,245
22865,212
22866,66
22867,281
22868,297
22869,114
22870,124
22871,49
22874,240
22873,211
22872,120
22875,67
22876,301
22837,226
22843,334
22838,323
22842,324
22879,144
22885,25
22884,130
22886,166
22887,26
22841,155
22888,141
22889,182
22890,239
22883,230
22892,91
22893,63
22894,256
22895,327
22891,293
22896,127
22897,46
22898,322
22899,312
22902,216
22901,316
22877,307
22880,124
22900,111
22881,121
22882,79
22903,57
22878,200
22904,90
22906,261
22905,29
22907,221
22909,149
22917,332
22908,318
22918,292
22919,257
22910,327
22914,167
22913,196
22912,325
22911,103
22916,6
22921,237
22922,24
22920,277
22915,146
22934,19
22928,45
22935,292
22936,255
22937,196
22938,336
22940,336
22939,229
22942,278
22941,340
22943,139
22944,194
22945,236
22946,107
22947,13
22923,21
22950,231
22951,255
22949,155
22924,236
22926,234
22925,21
22932,330
22927,344
22930,336
22931,105
22929,19
22952,334
22953,332
22933,251
22954,240
22956,74
22957,82
22955,196
22958,157
22960,194
22959,154
22948,61
22962,347
22961,5
22963,307
22964,59
22965,239
22967,203
22968,97
22966,196
22969,141
22970,331
22971,245
22972,121
22974,304
22975,334
22973,247
22976,303
22978,194
22977,187
22980,45
22982,174
22981,328
22984,54
22979,71
22983,345
22985,344
22986,85
22988,234
22987,252
22990,2
22991,345
22992,340
22993,96
22989,210
22995,197
22996,100
22997,249
22994,294
23000,307
22998,219
23010,18
23004,139
23009,117
23011,229
23008,258
23014,188
23013,41
23012,216
23015,121
23017,172
23020,70
23018,45
23016,78
23006,342
23024,49
23021,99
23007,155
23005,347
23003,107
23025,343
23022,266
23001,101
23019,305
23023,186
22999,80
23002,102
23027,107
23026,72
23028,212
23029,254
23031,338
23032,9
23030,160
23034,310
23036,26
23035,156
23037,147
23038,339
23039,301
23041,13
23040,290
23033,212
23053,175
23054,211
23055,188
23056,115
23057,239
23058,90
23059,21
23060,119
23046,173
23061,341
23063,262
23062,182
23064,262
23065,128
23066,160
23044,299
23069,249
23070,220
23045,12
23068,229
23042,295
23047,123
23051,30
23052,163
23050,179
23048,122
23043,322
23067,106
23071,106
23072,128
23073,177
23075,275
23049,142
23074,144
23076,342
23077,288
23080,192
23079,62
23078,133
23081,156
23084,152
23082,197
23083,138
23085,247
23086,148
23087,309
23091,258
23088,235
23101,100
23102,83
23100,36
23103,182
23095,48
23104,222
23105,25
23106,2
23107,244
23108,18
23109,49
23110,109
23112,55
23111,325
23113,131
23114,322
23117,244
23116,27
23119,321
23118,64
23089,342
23115,307
23121,54
23120,184
23123,95
23122,49
23124,306
23125,156
23127,323
23126,74
23128,2
23129,145
23130,330
23131,282
23132,41
23097,264
23098,201
23090,278
23096,222
23099,101
23094,141
23134,150
23133,295
23092,349
23135,179
23136,97
23137,170
23138,16
23139,251
23093,143
23141,10
23142,9
23143,59
23144,117
23145,264
23146,236
23147,99
23148,275
23149,255
23140,31
23150,64
23151,310
23153,176
23152,329
23154,102
23156,281
23155,336
23157,213
23169,227
23170,162
23163,269
23171,131
23172,236
23173,78
23174,225
23176,190
23175,91
23177,177
23179,29
23178,92
23166,85
23180,294
23181,300
23182,240
23158,16
23168,86
23159,71
23164,44
23160,212
23167,308
23161,144
23165,82
23162,227
23184,6
23183,86
23186,84
23185,231
23187,109
23188,343
23190,50
23191,164
23189,80
23192,93
23194,74
23193,235
23196,260
23197,322
23195,330
23198,214
23199,69
23211,97
23204,325
23212,280
23207,340
23214,180
23213,226
23216,42
23215,293
23218,86
23217,142
23220,327
23219,188
23222,140
23224,337
23221,191
23223,196
23227,21
23225,154
23226,259
23208,141
23228,288
23209,135
23200,4
23210,80
23206,20
23201,91
23203,178
23202,182
23205,308
23229,47
23230,226
23231,119
23232,215
23234,332
23233,39
23235,312
23236,9
23237,289
23238,282
23239,217
23240,170
23241,35
23251,240
23246,337
23253,83
23254,209
23255,16
23256,218
23257,3
23258,82
23260,345
23261,184
23252,157
23262,340
23259,67
23264,27
23263,215
23242,152
23249,299
23269,125
23270,131
23268,343
23271,200
23273,59
23272,97
23274,325
23248,199
23275,213
23267,282
23277,162
23278,154
23279,232
23280,85
23276,53
23281,99
23282,292
23283,220
23284,126
23247,277
23265,318
23250,336
23285,31
23244,301
23266,350
23245,202
23243,168
23286,28
23287,175
23288,41
23289,216
23290,320
23291,167
23293,328
23294,6
23295,246
23296,201
23292,75
23297,250
23299,302
23298,249
23309,107
23310,257
23312,253
23304,195
23311,334
23313,166
23314,167
23315,321
23316,234
23317,50
23318,32
23319,28
23321,312
23322,129
23301,194
23300,254
23320,160
23327,194
23328,3
23305,322
23302,129
23326,287
23303,303
23323,114
23324,142
23308,349
23325,162
23307,154
23306,171
23329,275
23330,152
23331,35
23333,51
23334,283
23336,15
23335,70
23332,57
23337,133
23338,61
23339,175
23341,243
23340,328
23343,82
23344,232
23346,279
23342,223
23347,314
23348,185
23349,326
23350,296
23352,62
23353,261
23354,274
23351,148
23356,5
23345,43
23355,324
23357,8
23367,83
23365,322
23358,274
23366,264
23368,315
23370,148
23372,152
23371,342
23369,297
23373,39
23374,153
23377,247
23376,192
23375,210
23378,147
23379,327
23380,182
23381,323
23361,226
23382,222
23359,3
23362,221
23364,253
23360,215
23363,107
23383,270
23384,178
23385,160
23386,128
23387,116
23388,329
23390,40
23389,187
23391,166
23393,82
23392,152
23394,235
23395,97
23396,282
23397,250
23398,125
23399,201
23411,43
23412,80
23413,300
23414,144
23415,222
23416,161
23417,60
23418,34
23419,47
23420,62
23405,88
23422,256
23421,217
23424,79
23423,20
23425,321
23426,136
23427,151
23428,331
23406,241
23400,159
23407,94
23401,347
23410,251
23402,216
23403,215
23429,162
23404,168
23430,153
23433,18
23408,98
23435,168
23432,141
23437,141
23438,118
23439,279
23440,26
23441,211
23442,126
23409,274
23436,181
23446,146
23451,188
23452,43
23453,297
23454,87
23431,265
23445,113
23455,121
23443,56
23448,91
23450,287
23447,94
23449,113
23434,147
23456,70
23444,249
23458,294
23459,32
23460,173
23461,222
23462,153
23463,220
23457,296
23465,179
23466,3
23467,322
23468,72
23469,108
23471,41
23472,95
23470,189
23473,43
23474,7
23475,86
23477,201
23476,262
23478,307
23479,284
23481,103
23480,18
23483,255
23484,134
23485,312
23486,181
23487,149
23488,25
23490,62
23482,159
23492,189
23493,269
23496,123
23491,344
23495,33
23494,296
23501,266
23502,132
23504,98
23507,92
23508,347
23489,296
23506,155
23509,23
23512,349
23510,342
23511,126
23513,324
23464,68
23497,250
23498,51
23499,271
23505,72
23500,79
23503,63
23518,318
23525,95
23515,246
23526,48
23527,106
23528,107
23530,249
23529,30
23532,22
23516,132
23534,177
23535,86
23533,349
23537,125
23536,8
23524,11
23521,197
23517,101
23519,65
23522,202
23531,141
23538,71
23523,231
23520,200
23514,253
23539,5
23542,285
23543,99
23546,267
23545,220
23555,295
23540,345
23553,31
23544,177
23556,91
23554,70
23557,130
23558,330
23559,175
23561,137
23562,176
23564,58
23560,127
23565,68
23566,19
23563,284
23541,54
23567,191
23568,27
23549,261
23548,331
23576,299
23570,233
23550,339
23547,252
23578,145
23581,84
23580,120
23577,323
23579,212
23582,292
23583,23
23585,295
23586,134
23575,196
23584,6
23588,203
23587,33
23589,1
23591,350
23590,292
23571,272
23552,143
23592,150
23551,184
23574,190
23573,315
23572,35
23569,199
23593,326
23595,155
23596,333
23597,309
23598,285
23599,329
23594,349
23601,100
23600,29
23602,220
23603,110
23604,148
23605,326
23606,310
23607,310
23608,3
23609,265
23610,247
23613,261
23612,128
23614,14
23615,274
23616,59
23618,301
23617,339
23619,32
23620,281
23621,47
23622,18
23611,334
23624,205
23623,53
23634,91
23635,231
23633,195
23637,36
23636,145
23639,252
23640,164
23641,127
23628,289
23638,197
23642,115
23644,31
23643,236
23647,50
23646,191
23645,178
23648,336
23629,199
23626,30
23627,67
23630,174
23631,275
23632,199
23651,49
23659,335
23625,85
23649,158
23660,311
23650,149
23662,152
23661,155
23656,9
23652,10
23654,60
23653,318
23655,141
23657,68
23664,156
23667,139
23674,124
23673,270
23675,245
23676,265
23677,9
23678,205
23679,24
23680,285
23681,175
23682,244
23684,245
23685,237
23686,158
23665,177
23689,333
23690,245
23666,41
23683,267
23688,323
23672,233
23658,112
23668,292
23670,83
23669,309
23663,80
23687,344
23691,268
23692,309
23693,117
23671,71
23694,74
23695,235
23696,173
23697,2
23698,319
23700,99
23701,130
23703,59
23702,178
23704,16
23699,88
23707,327
23711,37
23716,39
23718,287
23720,37
23719,300
23721,317
23717,113
23723,139
23722,196
23725,255
23715,22
23727,192
23724,59
23726,145
23729,18
23732,23
23728,245
23730,189
23733,216
23731,271
23708,193
23712,287
23709,309
23714,88
23710,328
23706,238
23705,168
23713,86
23735,171
23734,345
23738,86
23739,227
23736,62
23742,76
23737,224
23743,82
23741,208
23745,225
23746,92
23748,109
23747,203
23740,54
23749,35
23750,6
23751,316
23744,182
23763,151
23764,228
23765,288
23766,87
23760,266
23767,81
23768,166
23769,44
23770,70
23771,318
23772,106
23774,129
23775,52
23773,93
23762,276
23776,117
23757,212
23777,40
23778,79
23780,136
23779,313
23761,267
23752,281
23759,166
23753,284
23754,133
23756,234
23781,172
23755,69
23782,338
23783,137
23784,145
23758,131
23785,17
23786,124
23787,281
23790,62
23788,272
23791,173
23789,270
23792,187
23793,7
23794,27
23795,277
23797,242
23799,163
23803,306
23804,5
23805,122
23796,187
23808,340
23802,298
23806,261
23807,320
23809,69
23810,91
23813,180
23811,340
23812,247
23815,134
23814,102
23818,69
23816,200
23817,256
23800,65
23798,248
23819,80
23820,11
23821,206
23823,333
23801,230
23822,218
23833,236
23835,148
23836,131
23837,270
23834,235
23832,3
23839,319
23840,199
23842,159
23843,92
23841,343
23845,85
23844,320
23838,108
23846,233
23847,348
23850,17
23848,21
23824,345
23828,14
23849,347
23829,45
23825,16
23830,151
23826,170
23827,308
23831,134
23851,200
23852,109
23853,266
23854,241
23857,84
23858,82
23859,49
23860,135
23855,251
23862,98
23863,298
23866,195
23856,274
23871,123
23864,288
23872,304
23861,272
23873,244
23876,220
23874,47
23875,49
23870,180
23878,213
23877,17
23882,303
23879,78
23881,72
23884,215
23886,255
23885,48
23880,254
23868,192
23867,210
23883,317
23891,165
23890,216
23887,286
23893,306
23892,97
23889,203
23894,11
23895,122
23898,198
23888,86
23897,31
23896,348
23899,301
23869,268
23900,102
23901,101
23865,264
23906,70
23908,112
23913,191
23912,180
23914,149
23915,114
23916,146
23917,259
23911,159
23919,39
23920,47
23921,81
23918,210
23923,154
23924,30
23902,320
23903,15
23904,70
23909,129
23922,298
23905,98
23910,27
23907,33
23925,319
23926,75
23927,169
23928,285
23940,60
23939,152
23941,350
23942,145
23943,66
23944,190
23946,186
23945,124
23947,329
23948,140
23933,4
23950,237
23952,126
23951,79
23931,272
23955,94
23956,236
23954,22
23930,5
23932,113
23929,188
23953,237
23936,58
23934,331
23937,271
23957,205
23935,296
23958,36
23959,222
23960,298
23961,72
23963,215
23962,234
23964,110
23965,281
23966,301
23967,246
23968,100
23969,302
23938,99
23949,287
23970,97
23977,185
23983,34
23982,125
23974,163
23979,97
23986,272
23987,126
23988,164
23989,250
23990,145
23991,193
23992,111
23993,251
23995,268
23996,244
23984,25
23994,120
23978,317
23985,267
23976,270
23971,167
23980,346
23975,35
23972,112
23997,273
23973,246
23999,69
23998,51
23981,214
24000,70
24001,297
24002,322
24003,134
24004,129
24005,80
24008,111
24006,238
24009,115
24010,155
24007,229
24011,230
24012,249
24014,107
24015,81
24013,200
24016,234
24018,39
24019,46
24020,301
24021,17
24017,163
24022,237
24023,278
24024,155
24025,339
24026,104
24027,131
24028,295
24029,26
24030,235
24031,203
24032,263
24033,186
24034,250
24035,4
24036,133
24037,307
24038,39
24040,339
24041,287
24039,5
24050,350
24051,108
24049,277
24052,341
24053,350
24054,106
24056,330
24055,298
24057,67
24058,117
24059,97
24061,114
24060,230
24062,313
24064,39
24063,95
24068,82
24069,107
24042,290
24065,90
24066,121
24067,159
24046,323
24043,250
24044,39
24047,233
24045,89
24070,236
24071,259
24072,314
24073,16
24074,180
24075,280
24076,345
24077,331
24078,38
24080,33
24081,287
24082,127
24083,250
24084,303
24079,182
24085,27
24096,269
24095,105
24097,168
24098,100
24099,201
24048,350
24100,197
24101,118
24103,299
24104,296
24105,328
24102,205
24106,156
24107,31
24109,218
24086,241
24108,153
24087,224
24088,236
24089,147
24112,254
24090,275
24111,186
24091,178
24092,66
24110,52
24093,197
24094,302
24113,284
24114,108
24115,46
24117,116
24118,55
24119,240
24120,99
24121,234
24116,245
24122,298
24124,285
24123,45
24125,31
24126,322
24127,12
24128,319
24130,157
24129,203
24132,114
24133,182
24131,263
24135,350
24136,43
24137,153
24138,205
24140,182
24134,30
24141,224
24143,137
24144,110
24146,205
24145,238
24139,151
24142,106
24147,257
24148,308
24149,322
24152,6
24154,21
24151,8
24164,225
24150,54
24165,283
24166,32
24155,179
24157,218
24167,261
24168,333
24169,306
24171,164
24158,350
24163,159
24173,276
24174,267
24170,134
24175,71
24176,297
24177,313
24178,286
24156,285
24159,338
24179,291
24172,329
24153,132
24160,3
24180,190
24161,156
24181,7
24162,339
24193,202
24194,125
24195,34
24196,42
24192,99
24197,344
24199,14
24198,251
24200,30
24201,280
24202,273
24203,136
24204,67
24205,256
24206,206
24186,73
24207,10
24182,285
24187,108
24183,70
24188,82
24209,191
24184,128
24189,294
24185,186
24190,1
24208,159
24210,257
24211,339
24212,227
24213,196
24191,63
24214,28
24215,89
24217,133
24218,64
24216,164
24219,201
24221,129
24220,147
24222,234
24223,284
24224,125
24225,190
24233,301
24232,26
24234,239
24235,138
24237,154
24236,310
24231,190
24238,347
24239,305
24241,110
24240,320
24243,209
24242,290
24244,305
24245,83
24246,300
24247,142
24226,58
24227,341
24228,219
24229,20
24253,332
24230,169
24249,111
24250,23
24254,137
24252,2
24255,32
24256,55
24257,154
24251,338
24258,76
24248,16
24259,113
24260,136
24261,266
24262,249
24263,123
24265,324
24264,120
24266,3
24267,12
24269,177
24270,42
24268,269
24274,299
24275,95
24271,225
24276,77
24277,148
24278,271
24273,333
24279,70
24280,270
24281,306
24282,300
24283,158
24284,311
24285,151
24286,182
24288,120
24287,180
24289,78
24291,160
24290,189
24272,35
24294,233
24295,262
24296,66
24297,4
24298,272
24299,2
24293,309
24300,112
24292,343
24301,115
24303,275
24302,314
24305,264
24304,275
24306,162
24308,199
24309,118
24307,2
24310,257
24311,349
24312,43
24313,345
24314,202
24315,52
24317,168
24319,229
24320,150
24321,70
24318,113
24322,106
24323,203
24324,320
24316,190
24325,143
24326,132
24327,109
24336,320
24337,310
24335,14
24338,165
24340,278
24339,203
24342,225
24344,51
24341,120
24343,104
24345,66
24346,342
24348,106
24329,313
24347,236
24349,82
24331,47
24352,210
24354,246
24355,107
24356,223
24357,130
24358,4
24359,189
24361,213
24364,334
24353,7
24362,201
24330,264
24368,260
24365,162
24369,192
24370,238
24371,32
24373,195
24374,189
24372,299
24376,116
24375,49
24377,306
24367,339
24378,189
24379,226
24380,215
24382,89
24366,316
24363,18
24332,129
24351,248
24383,61
24384,206
24381,307
24385,298
24333,143
24334,24
24386,146
24328,284
24387,329
24389,247
24390,157
24388,275
24392,38
24391,74
24395,90
24350,226
24394,74
24397,113
24396,331
24398,44
24399,308
24401,277
24400,151
24403,189
24409,255
24410,116
24393,57
24360,33
24405,308
24406,130
24404,89
24407,256
24402,99
24408,232
24411,93
24412,193
24414,133
24425,292
24426,335
24427,86
24428,9
24429,309
24430,194
24431,210
24413,22
24432,2
24434,92
24435,217
24433,327
24436,210
24438,86
24437,301
24440,344
24441,183
24442,224
24415,160
24416,297
24417,64
24418,39
24419,334
24424,246
24423,259
24421,18
24422,104
24443,102
24444,278
24445,314
24446,310
24447,249
24448,301
24451,257
24449,42
24452,156
24450,31
24454,52
24453,250
24455,211
24439,4
24420,134
24456,347
24459,290
24457,162
24458,319
24471,256
24461,240
24472,157
24474,77
24473,347
24475,201
24477,170
24470,292
24478,303
24476,291
24480,343
24479,193
24482,308
24481,73
24483,114
24484,247
24487,89
24485,123
24486,245
24488,150
24468,263
24466,311
24467,177
24489,43
24469,223
24494,24
24460,77
24465,175
24495,235
24496,91
24497,97
24499,158
24498,132
24500,59
24502,114
24493,91
24504,236
24505,85
24501,167
24507,218
24506,104
24503,211
24509,36
24490,137
24464,61
24492,261
24491,331
24462,27
24508,295
24463,246
24510,57
24511,347
24512,21
24513,316
24515,32
24516,146
24514,205
24517,273
24518,112
24521,304
24520,30
24523,237
24519,118
24524,64
24522,207
24536,184
24530,120
24537,161
24538,135
24539,135
24540,80
24541,4
24542,206
24543,104
24544,332
24545,270
24546,349
24548,10
24549,245
24547,42
24525,183
24526,269
24553,304
24534,207
24527,212
24552,209
24531,198
24528,338
24532,54
24550,348
24529,132
24533,311
24551,101
24535,343
24555,67
24554,224
24556,163
24557,207
24558,320
24559,136
24560,34
24561,47
24562,307
24563,203
24564,29
24565,163
24566,31
24567,119
24568,331
24569,110
24570,295
24571,151
24574,168
24573,345
24575,64
24576,215
24578,202
24577,299
24579,339
24572,326
24588,262
24583,256
24590,19
24591,54
24592,322
24593,108
24596,94
24595,39
24598,139
24597,310
24594,108
24581,256
24600,303
24599,103
24589,140
24601,306
24580,88
24582,167
24585,286
24586,318
24587,149
24608,206
24584,251
24607,175
24610,308
24612,342
24611,213
24614,30
24613,58
24615,66
24602,119
24616,135
24603,310
24617,312
24606,228
24618,37
24619,186
24604,154
24620,335
24609,319
24621,123
24631,197
24633,73
24632,120
24630,128
24636,247
24605,155
24634,325
24635,243
24638,100
24637,233
24640,41
24639,298
24641,87
24643,72
24642,41
24646,135
24644,227
24645,90
24622,99
24626,337
24629,243
24628,328
24627,331
24623,40
24652,51
24651,109
24624,65
24650,188
24648,307
24653,234
24649,154
24625,345
24647,115
24657,54
24655,324
24656,313
24654,270
24658,67
24659,322
24660,95
24661,312
24665,226
24664,228
24666,84
24662,338
24663,60
24667,40
24675,109
24678,178
24679,297
24680,193
24676,90
24681,193
24683,286
24682,224
24685,166
24684,234
24686,277
24688,218
24689,222
24671,279
24668,18
24669,20
24677,139
24687,40
24673,251
24674,155
24690,111
24672,166
24670,333
24692,269
24695,40
24693,22
24694,107
24696,203
24697,243
24708,12
24709,61
24698,154
24691,81
24710,162
24707,279
24711,275
24702,180
24714,135
24712,106
24715,272
24716,304
24718,40
24719,321
24717,307
24721,85
24720,350
24722,121
24703,347
24699,215
24700,258
24704,75
24705,349
24706,228
24713,344
24701,215
24724,120
24735,325
24727,151
24736,77
24737,217
24738,81
24740,180
24741,192
24739,100
24734,257
24742,318
24745,215
24743,350
24723,143
24746,151
24748,73
24747,123
24750,27
24749,17
24744,314
24751,323
24728,142
24725,338
24730,235
24729,233
24732,47
24752,33
24733,109
24726,33
24756,260
24753,234
24755,298
24766,190
24765,218
24767,327
24731,348
24769,44
24770,113
24771,75
24768,295
24773,36
24772,142
24775,326
24776,311
24774,315
24777,118
24764,216
24778,105
24780,94
24781,109
24760,51
24757,245
24779,163
24761,333
24758,278
24759,311
24762,207
24763,307
24782,90
24783,117
24784,83
24785,106
24786,51
24787,271
24754,332
24789,216
24788,251
24791,67
24790,268
24792,201
24793,209
24795,22
24798,50
24805,133
24806,250
24807,194
24809,136
24810,188
24804,170
24808,66
24811,269
24812,137
24813,293
24814,95
24815,185
24817,183
24816,107
24819,284
24820,123
24818,339
24797,153
24802,295
24825,248
24826,127
24827,301
24828,239
24824,58
24829,56
24830,170
24831,150
24794,293
24832,328
24833,114
24834,195
24835,209
24838,331
24837,231
24840,10
24839,108
24842,135
24836,222
24844,82
24841,73
24845,37
24847,194
24846,118
24849,246
24848,65
24850,208
24822,308
24853,305
24851,85
24854,178
24855,201
24856,340
24852,141
24823,236
24861,62
24857,331
24862,95
24843,203
24863,302
24860,305
24864,324
24865,152
24868,172
24867,267
24869,278
24870,115
24871,273
24872,320
24873,192
24799,130
24800,16
24821,162
24866,85
24796,255
24858,266
24874,310
24859,161
24878,245
24801,101
24875,253
24877,25
24876,125
24803,73
24890,32
24891,23
24889,249
24892,266
24894,233
24893,50
24895,167
24896,69
24897,150
24898,89
24900,131
24899,285
24901,345
24902,105
24884,261
24885,200
24906,278
24905,321
24886,153
24887,324
24883,309
24888,310
24879,160
24907,84
24908,110
24909,307
24911,119
24912,1
24913,261
24914,302
24915,297
24916,52
24917,180
24918,181
24910,228
24919,161
24880,91
24881,312
24904,142
24923,70
24928,120
24930,345
24929,319
24931,148
24932,330
24934,17
24935,169
24882,59
24936,172
24937,227
24939,340
24938,140
24941,260
24926,303
24940,336
24933,240
24927,181
24920,142
24921,331
24925,65
24922,128
24942,102
24924,321
24903,74
24945,240
24946,111
24947,310
24943,290
24948,315
24949,265
24944,125
24950,279
24952,28
24954,91
24953,148
24951,130
24956,113
24955,192
24957,131
24958,198
24959,100
24961,328
24963,200
24962,304
24960,136
24965,227
24967,340
24966,73
24970,171
24976,71
24977,303
24978,270
24979,269
24981,179
24980,239
24982,50
24983,292
24973,43
24984,258
24985,74
24972,247
24988,324
24987,329
24975,194
24986,184
24989,30
24990,152
24992,69
24993,259
24968,167
24994,86
24971,214
24969,32
24991,11
24964,15
24995,243
24974,255
24997,188
24999,104
24998,173
24996,99
18533,310
10131,133
24704,5
11643,353
25000,236
5399,408
10691,108
17077,368
261,425
9166,184
24283,448
2579,102
19739,449
1700,66
22311,203
15328,304
3368,177
6941,422
19597,465
12674,169
10101,95
24831,24
7082,319
12653,296
3444,314
20775,419
22929,442
22193,281
8825,329
4389,421
14908,5
9688,452
15716,163
19220,343
18028,129
5774,479
8844,255
18368,15
22714,93
1572,379
16318,52
9636,335
6782,475
17426,483
13642,370
13472,88
12963,455
7885,32
21207,452
4718,309
16025,290
4593,48
21785,181
16553,464
16159,370
22151,192
5985,457
10913,138
3621,487
288,366
18003,156
1587,221
8255,99
6732,67
19466,343
13207,488
16305,288
12600,318
6106,205
1649,491
2516,414
15938,230
21204,401
4953,155
7675,391
10746,175
10011,159
15338,205
10095,142
22779,380
3673,465
1382,248
4120,339
4308,376
11836,96
9609,211
18258,212
3970,417
9183,238
11332,76
17057,240
9620,490
5573,370
24938,356
8374,458
2416,390
8992,396
16528,20
12845,409
22242,451
20329,275
10268,359
2861,361
7960,362
5338,407
1569,178
2069,3
14236,86
20401,10
21383,287
3566,390
22267,200
19780,143
727,75
5570,323
15060,119
19655,98
21257,314
2837,474
1796,346
2107,108
14943,54
667,130
24469,118
346,250
8598,392
15884,491
15817,101
5711,478
15518,320
2272,262
9264,15
826,274
23821,60
6530,242
19672,188
24907,53
9790,21
12048,388
564,323
21191,370
8651,218
9799,115
10368,130
5025,290
6316,30
9725,164
19401,223
22878,44
22393,18
11585,399
1659,50
10817,400
15089,18
13901,167
13247,47
4067,127
16901,425
6536,438
8688,204
1342,154
23804,199
9262,481
3990,56
1249,42
4444,295
3663,259
5335,70
22946,31
20007,107
17518,476
4875,313
8450,187
1246,174
15107,381
17588,202
15418,410
8458,268
3807,84
8805,404
14663,437
20031,299
7304,6
9837,91
22040,194
21071,416
18169,467
12863,425
7954,424
17496,485
6374,413
3797,298
8826,362
15946,207
3246,307
84,447
4144,342
16811,27
12195,58
17075,105
17963,97
20675,446
16899,147
16676,45
10543,205
1604,495
7470,209
16396,436
6974,55
4300,319
24887,176
8733,426
5368,115
6025,452
15392,484
1362,492
21939,215
3899,146
23651,245
19010,106
281,274
9452,425
13627,295
10718,66
1032,454
8677,45
9616,149
181,408
14601,85
16798,103
2468,480
11497,248
5204,22
3822,174
1342,397
3016,452
1483,312
19129,359
9470,43
2108,450
453,135
17735,48
724,445
21831,411
4359,173
21953,458
23277,288
22791,162
13982,235
15001,395
1715,424
4158,358
12040,434
3689,339
11393,191
9325,163
18220,399
3742,355
9114,305
7069,268
20728,488
21338,305
5326,456
19112,454
13656,122
20544,160
9008,481
14869,270
18693,188
3756,369
9635,297
22846,171
6106,425
20612,41
7096,169
7990,267
17535,242
22042,454
7463,298
14010,179
15019,214
428,8
16142,89
12143,176
22709,3
11431,500
6528,178
14094,224
19972,240
11932,37
23070,444
11881,251
10738,358
15955,321
23828,123
17540,329
16340,468
11084,74
17677,449
16753,304
2452,365
2624,415
17799,383
5084,393
24583,201
2389,360
18775,453
10362,425
462,107
2384,57
11863,431
9363,3
14683,329
21901,159
18033,427
16632,144
13409,190
11081,332
18166,270
20534,78
19234,490
10792,159
1759,73
16877,144
572,461
3288,270
9282,494
24240,187
2822,225
21128,473
10989,312
24756,150
13160,273
4153,204
22165,273
19308,236
23063,454
18206,176
6879,226
8972,256
4377,421
13551,310
20179,456
4121,132
21092,498
10443,94
19180,336
14519,267
1071,228
14007,65
6339,47
3944,417
17460,71
23720,174
9759,125
20314,310
9426,324
10961,84
8521,158
13306,165
2921,228
22987,202
17199,304
12742,63
20164,365
1808,309
4596,434
1454,48
15907,214
8801,291
20276,478
10811,167
14688,493
14471,177
24,132
14549,495
15268,292
14726,264
15729,282
1275,239
6210,477
18360,443
4600,38
19537,153
21509,341
1290,253
12342,102
2740,364
23738,137
7927,342
2199,280
9198,307
20229,128
4494,29
11093,18
13714,401
12751,172
24272,138
16220,450
7109,141
10886,234
821,395
6837,321
23127,31
18144,472
17583,384
15453,455
23991,328
15161,20
5742,290
4922,246
17632,365
11162,253
22863,427
22,233
24508,461
22894,293
19383,288
12939,128
24527,259
7071,378
11704,480
1713,256
11504,175
12609,217
23818,104
20176,106
11018,316
9594,91
20029,237
1573,298
17574,156
8540,58
1099,207
12405,80
1693,385
20731,395
22383,189
9449,18
12568,499
12666,296
16172,65
20271,336
3647,120
2183,114
8332,172
21946,54
20096,40
6727,117
7407,386
21767,395
23620,475
14532,384
17708,227
18886,450
13425,393
9440,227
9756,159
12170,139
21807,123
7124,453
19673,117
7676,264
4314,243
440,46
13767,143
14401,120
15019,451
14191,63
21126,101
19483,477
12178,266
16051,13
15145,473
1491,289
18303,318
13702,159
12617,392
2889,284
17636,391
22322,303
23966,416
10393,482
3496,453
23118,307
13657,305
6651,146
19619,261
1309,187
5913,7
6360,120
16792,309
11212,40
24006,185
11059,478
3023,291
8945,349
6767,292
11175,383
13451,500
208,485
3035,436
18345,347
2081,10
24678,63
6644,403
9774,472
20400,408
3665,96
23082,176
6833,312
23487,43
15834,128
9908,9
10198,456
4814,43
12306,112
14099,193
8513,350
18125,247
8421,83
16781,424
2072,114
23401,493
18872,321
23731,30
22252,25
3814,16
8800,426
12212,147
11180,358
14467,416
9036,385
709,85
14847,80
2961,241
15075,352
24263,20
6341,338
8956,377
14969,70
14973,167
15709,10
12132,453
806,426
24522,152
10264,110
6914,164
2072,200
5438,322
16871,257
20524,207
9169,294
22133,48
22929,21
23787,141
16586,278
1735,66
758,483
2386,12
2483,247
6116,297
9198,54
15147,309
13100,360
4934,258
14279,233
12770,169
13290,221
3625,452
19460,82
520,86
17345,393
3697,132
11375,395
13671,437
21030,332
3772,63
22887,57
20766,380
1508,465
20019,36
12940,344
23144,256
12380,363
5862,438
19698,290
9738,54
17655,49
6398,91
18257,290
22077,151
5508,484
14221,96
5258,136
18887,260
3029,373
21077,57
2045,35
4154,67
19908,15
21210,475
17652,180
7629,271
5266,196
24004,94
18570,142
12497,238
3447,370
22149,163
1572,450
11998,474
11989,289
5644,168
3586,449
17663,239
11306,49
22365,347
23525,147
2463,48
24019,150
23909,189
11336,476
20643,312
13837,186
21015,345
16016,251
6817,16
20099,35
10686,413
16202,137
24219,38
11696,87
13420,172
7535,333
10082,337
15945,42
5490,355
14621,11
1321,102
5881,358
23296,200
8047,337
13973,135
18927,363
22187,235
11768,122
11538,64
14217,418
5723,247
1250,481
24258,265
13223,139
19428,455
16980,66
9774,194
2913,266
13772,196
3819,19
10781,148
2128,479
17852,66
1416,319
12620,170
22995,19
8841,207
3995,483
19262,178
15362,455
19861,151
15924,456
12497,287
5509,429
11727,27
3922,184
19099,338
327,427
7398,388
9310,245
12090,439
4394,26
11742,136
21805,463
16174,197
6260,22
7857,275
8883,6
3433,215
606,146
24192,236
13445,334
4401,105
23489,7
21197,49
8186,486
20056,291
1256,251
20573,68
14055,448
2728,432
19372,284
11081,193
19034,247
21067,365
21358,179
5784,485
10578,405
16026,496
14454,16
21668,355
2014,116
21532,496
13751,15
18051,499
6319,22
4417,184
8597,413
13984,294
11332,413
13355,249
11964,377
5710,492
465,344
17278,25
23666,459
607,345
16759,222
7631,264
12500,491
15166,209
22079,248
19326,295
6340,255
24402,74
8579,225
6110,424
7250,420
11505,428
23027,217
15361,153
20968,167
19398,386
12865,358
17522,210
4137,459
22802,94
7876,186
6880,486
3396,366
10706,498
19471,333
10806,31
16742,466
24002,117
5466,20
15870,442
20867,118
18843,414
6945,230
21842,228
685,292
14882,252
1161,325
3867,5
18018,43
12712,314
21120,73
20187,240
1403,435
11143,493
21816,399
13822,132
11360,436
3890,418
3780,360
22788,91
4185,62
3146,284
3100,212
21466,397
7672,318
24817,347
18319,203
16552,275
5845,285
21313,339
7920,61
22882,47
17464,443
16872,440
16824,500
21798,271
24977,372
19302,45
22336,249
14180,327
15794,147
9796,48
14344,182
11613,248
24524,428
13300,151
5435,487
2838,366
1982,103
19058,198
1288,34
11125,18
5698,101
20258,8
24860,201
17991,274
4148,44
22265,419
1800,284
3139,75
5908,3
17244,265
23605,144
13116,59
2941,377
15307,94
11161,105
10153,393
17308,250
18398,259
10256,173
19595,181
3625,285
19313,283
21904,376
11264,143
7874,180
24632,228
13899,203
2300,214
15974,281
18920,176
8978,199
817,45
7561,340
17908,24
22180,150
19791,101
24695,71
14429,157
2192,129
13854,390
23771,52
8851,386
10979,89
791,379
21795,387
23353,437
507,248
23506,265
14231,480
14198,359
3690,448
2838,497
18514,221
21545,330
8174,105
11431,325
21262,254
4888,30
13604,236
3595,259
2292,107
8885,286
22752,365
2888,137
974,67
10017,203
1254,481
14487,199
2408,50
15224,119
20581,56
2256,4
13408,218
1462,208
7651,151
17665,466
8643,296
11328,428
1819,85
12470,133
17502,53
206,12
18542,111
19081,425
8110,90
4169,311
18869,403
21076,69
4154,388
23136,295
5286,485
13654,53
2632,110
6813,146
5120,55
11652,154
18390,497
3908,363
14038,83
6053,277
10586,136
8092,148
20774,310
3628,413
20812,203
6200,282
4418,199
21577,396
17399,244
904,264
13623,119
20057,71
7352,364
10377,292
1927,241
12201,434
11575,414
4380,147
4595,68
19085,149
14234,260
190,423
2495,490
10730,65
13733,332
8436,9
22225,269
17963,261
16782,460
93,323
1145,428
20900,281
21089,359
3883,94
17646,317
1998,130
19322,500
5857,427
6326,123
2724,261
23892,365
5099,419
14141,374
11495,289
23127,201
6579,394
17308,234
23114,127
7762,103
1461,94
7002,188
19774,209
17428,323
2204,11
24933,125
3256,298
11699,265
5240,429
22609,90
674,77
21950,14
7898,27
22205,5
9075,226
17909,292
12214,13
21937,231
20429,66
3524,283
7899,52
13574,163
12484,450
5000,197
17149,401
11733,126
17169,373
20109,113
14377,260
19849,28
213,270
2735,427
2221,115
24294,64
14246,130
15269,428
3438,284
23580,452
11452,292
4070,494
5501,391
21666,323
19146,294
3447,487
1589,500
17990,329
6759,34
15298,68
15531,478
18509,330
1436,79
14868,364
21152,286
14414,133
24301,350
18708,497
2429,111
23464,65
11938,383
11905,282
15493,243
24532,395
11370,66
24579,171
24130,27
21954,379
7690,30
6638,323
2651,469
22412,193
20206,439
24046,317
391,61
2612,152
9786,301
7191,378
13860,104
18170,153
7931,332
6594,177
17430,98
700,110
2758,212
22165,86
19408,157
4965,99
2748,243
14126,104
4357,131
2838,431
2964,42
17823,193
24782,292
10551,306
22283,278
4740,98
10448,288
7434,46
11701,244
3348,102
19927,422
13860,443
22669,142
11819,295
7468,129
2412,42
19225,392
3188,372
8347,329
19963,242
19283,385
7933,110
22564,15
12232,391
765,72
21298,405
4997,280
11521,103
19445,217
13541,137
8595,454
3515,135
17424,189
13006,45
828,260
20132,461
893,295
21087,71
22451,412
2774,43
20514,401
23954,317
6958,192
18516,426
7176,237
11522,31
22167,372
24073,315
17397,310
14233,88
7951,470
4592,490
1326,251
5854,96
15818,388
15294,4
16772,38
21103,1
24118,395
2045,225
15083,288
7918,34
23778,341
9311,103
919,254
3605,108
4103,282
23775,278
19865,143
13172,97
12583,128
839,350
12958,266
20880,343
11883,140
16844,123
700,339
18111,131
11330,415
19086,101
13790,337
5007,319
16683,213
22612,180
711,447
20184,69
2802,397
123,194
14219,425
6769,41
8475,254
8310,12
18608,216
22507,214
17709,392
8491,486
24896,328
2344,277
9787,372
16915,432
20258,264
4936,472
7698,473
13842,15
7329,136
11487,341
24856,413
466,429
11577,236
4087,476
2770,50
9462,293
9264,186
5071,147
7850,258
13523,361
3469,444
11733,422
4459,449
21097,271
13879,176
5392,108
7384,42
176,129
15416,244
23944,351
9944,1
4828,215
18183,401
24398,7
16031,479
4634,121
9792,82
15152,302
5440,343
3825,402
14038,153
1830,26
15071,414
12928,480
3855,93
8352,222
19652,358
9038,478
20942,68
23509,301
7469,176
24117,496
7402,17
12476,304
15092,196
8417,119
23790,396
19320,427
19298,115
20831,89
7753,365
3394,498
14911,110
8513,482
9970,181
18350,268
17161,93
10427,469
22092,427
16397,424
8086,62
1141,82
1077,60
20456,331
23668,224
9832,344
9714,252
947,429
24472,316
15215,320
17275,237
14221,2
10902,147
16131,76
10950,353
6341,36
5859,393
15412,5
17619,430
14629,384
23384,144
24061,202
15617,476
1684,373
3571,58
21212,160
14199,305
289,339
15479,54
23127,160
14089,120
4395,38
2967,380
13677,157
20002,30
1463,5
2236,466
7860,278
6245,155
11095,155
13336,21
17684,432
22072,370
16692,454
10216,366
10596,465
978,136
7850,187
482,66
2429,153
7421,429
15613,325
18715,180
17619,1
23592,138
3131,232
4283,84
22639,98
11644,232
11979,376
14411,5
1511,311
6122,306
24736,491
3959,316
18579,369
19226,138
8845,447
20211,444
17203,341
17657,209
15025,492
15540,452
5747,5
13348,73
14748,479
13285,50
15026,163
6959,179
11643,278
24770,161
24199,448
14514,365
22188,53
22938,34
13283,176
23123,265
24920,127
9532,480
4143,194
11245,46
799,174
8106,349
13931,279
2634,18
20342,8
7239,350
20869,47
1085,382
23890,365
19700,393
9881,273
248,35
19615,415
21377,327
19476,109
9736,23
21814,194
16019,49
15575,232
16379,153
9709,103
41,448
23240,367
22208,318
14,32
23841,442
4890,115
2613,445
18462,272
22998,14
1930,77
5080,398
20139,130
21616,82
8333,83
18026,372
8310,182
12746,383
24283,432
5169,58
19068,242
6399,314
4218,22
22395,282
8284,466
8305,259
7410,164
13804,238
428,179
7234,405
22093,383
7108,55
858,108
21944,421
1440,348
6520,171
15080,68
6788,169
19184,310
19743,355
1350,424
8053,404
21283,255
21946,204
2838,51
17932,354
2694,32
15352,494
24326,150
20815,139
22160,150
13771,495
4940,50
2417,116
8119,150
2780,20
21604,264
1895,400
19673,73
2301,52
11112,132
19603,360
1458,196
12518,492
16588,127
4623,482
24724,31
11710,449
4547,216
9883,29
16894,8
7277,289
10606,102
4780,383
20082,327
9761,389
6583,193
4486,205
20484,486
7193,123
17277,75
9095,490
23875,24
20763,297
19660,159
10525,28
24122,431
7618,492
20519,204
22844,248
8705,85
19644,163
7145,315
10790,305
11792,453
7894,164
5854,389
20419,230
6067,77
22478,324
18352,126
16368,408
617,5
19249,442
1828,52
22571,328
23412,194
10842,171
18817,346
11808,321
15872,415
19623,400
11649,185
16433,146
14181,61
18701,145
7958,409
9107,291
17330,134
7719,300
5524,236
24735,363
18240,376
16784,80
14864,344
5819,223
3629,133
18953,50
11739,405
5577,144
23692,97
23361,121
14555,116
21465,300
16790,90
14578,346
3254,203
18368,76
11263,95
3720,340
18027,444
2690,31
5507,54
13049,302
16746,191
12824,425
20332,277
24666,1
24475,193
2089,239
14197,43
21483,324
4508,167
11990,60
22646,302
4158,105
8478,438
16298,431
10103,81
18194,302
23751,306
16581,12
691,438
5858,201
17073,169
11157,282
24446,173
12020,64
6729,243
12770,297
19888,321
6656,52
17151,423
19586,394
14512,246
15310,467
20878,477
10288,22
7258,57
3418,285
5316,164
22783,399
11117,39
3487,174
2085,480
23316,412
22382,380
5143,121
13584,474
22063,247
9981,187
17303,426
23987,405
24522,241
9081,80
457,38
12214,469
3316,412
4669,342
21621,499
8306,327
351,478
7025,145
2983,139
7795,447
22375,339
6432,237
6983,132
6150,345
13821,449
1548,423
8932,7
18564,257
14073,366
9157,451
22140,340
17456,457
13556,372
18535,206
6072,158
19263,423
7412,325
4506,269
3830,362
14787,254
15247,182
23018,486
12280,428
21936,213
21054,63
10648,365
24940,63
3484,482
2040,339
10658,314
6783,134
16891,265
14378,405
13860,125
5333,74
18957,472
20296,177
5283,69
16163,413
14621,170
24655,47
2350,159
18283,9
13750,331
21382,341
4250,93
4847,427
18248,377
8690,197
617,21
13878,30
874,475
6062,162
226,314
13727,124
14644,105
18112,46
12244,178
11371,92
4530,361
12834,419
5185,389
3143,189
4704,65
9317,301
1641,54
11377,222
17197,10
22322,222
7804,368
24255,6
9897,52
12709,428
12506,408
299,148
11353,436
11205,115
9776,285
13192,331
14439,218
5013,401
17374,275
22742,460
7024,381
10511,82
4944,223
11445,472
21396,383
9065,59
16305,381
3736,290
24764,206
10078,500
17925,499
8963,445
7810,179
12893,310
1962,306
12096,424
1821,178
7369,332
23355,51
490,342
13236,279
3012,450
12071,240
24750,303
10901,381
22914,253
17553,470
16125,84
5239,83
24669,390
5654,341
5738,14
6401,435
24536,112
2868,206
23726,195
6059,208
5560,149
20926,336
448,433
14270,448
11264,82
5978,290
24201,495
6988,84
5224,253
9794,101
13828,77
18346,374
20467,305
14288,124
10861,32
7278,322
8144,208
5718,61
11013,334
15223,153
1808,120
15794,31
15415,71
14035,277
6173,13
855,185
23611,287
15949,460
18424,306
13392,286
22285,74
6192,452
1221,164
294,167
18606,450
20058,10
18124,331
5012,142
10111,112
3514,207
16051,425
7341,430
21766,401
11080,98
910,451
12502,95
18590,357
1300,377
20428,490
18317,298
4005,8
24089,107
10064,21
2092,18
15037,334
14329,345
5792,220
18903,331
15777,299
11104,380
3460,137
2962,397
16181,297
22755,103
5884,498
17684,321
8861,343
16404,34
23702,278
13315,161
5614,430
14954,251
18150,351
10178,152
11395,177
24731,1
5787,217
10757,440
21424,304
21595,476
17048,89
13470,474
9430,289
19182,375
9481,247
19792,330
6068,257
22763,270
8679,232
6702,320
20389,269
2054,458
9847,306
16136,343
15209,128
697,125
1940,197
23921,351
7105,280
8762,259
24282,260
12244,20
2736,255
1740,284
17833,296
11708,306
11923,103
23119,306
1340,363
18000,5
7968,50
2387,215
1044,207
10067,140
19438,500
12780,231
13149,225
15403,413
14393,95
22910,65
607,465
16849,356
5000,411
12371,81
4670,492
3453,351
2593,363
16708,64
6456,412
20747,301
3240,21
23250,53
21158,135
19438,137
24502,216
3626,265
5478,328
23867,91
16747,211
12274,79
16830,369
22792,365
17884,117
11309,231
24287,267
6857,381
7914,83
10181,423
22650,442
7015,498
8724,399
1372,49
8934,27
22022,315
792,240
22646,366
6533,306
19067,195
5232,32
22332,312
9389,100
9810,469
6810,290
18949,129
15542,411
16429,274
19189,62
13309,102
15440,119
21945,61
1786,425
7648,418
6961,392
9013,92
16217,47
19068,99
7687,192
830,448
10075,254
14903,321
43,288
19084,181
11550,109
3510,481
2027,232
3796,138
2230,106
13030,497
22805,415
18050,477
16560,49
16601,436
22295,427
9061,175
21625,254
9538,374
16282,90
2414,81
23733,339
21989,315
11994,462
6261,346
2541,300
5866,385
5003,182
1290,50
14096,49
15781,39
16682,112
23368,40
22927,151
22581,239
6360,289
45,369
15404,401
8678,40
18982,329
2683,67
12688,491
17300,124
1663,466
10758,438
6409,331
20493,388
14014,21
7176,305
14658,157
3848,242
13340,34
21138,64
5811,453
6167,409
24854,41
23084,179
1046,125
3409,249
19068,482
1877,421
24545,72
22177,291
19667,159
12449,225
2251,110
17958,412
14498,43
16192,112
11215,49
9406,345
22280,430
7017,58
4676,251
20684,365
20721,221
18233,209
1797,385
8845,285
2521,344
883,75
23921,398
9708,146
12247,82
9645,136
23534,31
5398,346
13176,498
15153,485
16724,147
14030,37
3815,265
11982,438
13229,381
5691,436
6796,190
23136,3
1824,30
12392,465
10216,78
7594,382
17216,331
23143,336
670,225
18108,146
715,404
15376,22
20673,388
7683,91
22147,115
23130,317
22512,173
11619,192
15978,301
11549,283
20245,495
5573,374
8597,281
2083,427
11513,286
21050,197
23756,163
11600,464
24037,147
7884,384
6291,45
13383,53
23129,393
21941,78
8875,475
9158,453
14558,484
15671,447
5457,22
13221,337
6465,230
14456,432
8083,460
4690,376
10998,45
8492,73
5207,149
12219,92
21146,250
10806,386
20453,435
6695,427
11658,87
13061,308
6528,192
17855,240
17300,388
6920,128
5591,398
5367,7
16334,340
1478,500
11614,31
7872,58
763,51
6651,220
8945,78
17977,257
3307,157
19721,376
20643,140
18333,103
1943,85
19487,161
23257,157
7985,278
21709,285
23871,334
14539,82
18833,26
16786,425
4985,142
15120,345
2459,155
18253,13
7833,443
13904,231
5036,144
21084,1
13355,456
200,449
14801,248
5659,56
21481,123
15490,457
3995,288
18481,139
12130,106
22133,426
24338,9
22940,499
6394,334
19336,215
1748,201
18343,367
11961,428
14568,361
1631,77
22463,57
23189,458
19358,161
18338,310
4651,246
6712,245
15604,129
2555,5
8583,487
1003,219
21799,235
17910,472
9862,393
3541,302
21027,424
9825,257
23992,312
4773,238
17297,277
4218,368
23365,222
2608,157
24686,216
394,15
22609,54
5448,81
12387,309
6170,415
20982,5
10362,30
16171,494
24309,400
24707,64
20197,411
16081,497
18807,11
8603,425
9991,383
9549,168
10450,411
10646,282
8785,73
17967,345
9300,480
11509,165
20176,146
11120,425
21202,377
18202,468
7049,32
18581,238
24544,48
6616,425
19072,325
8065,426
7357,452
11059,130
16231,282
5685,482
18376,370
21633,56
13049,112
17670,238
3734,350
10830,70
4165,20
24266,200
24156,398
3862,198
1109,461
798,314
2133,75
3337,11
14969,282
5596,337
22249,473
22212,91
6067,45
17026,48
7452,158
3530,113
18776,290
10959,358
12856,327
5541,461
3141,358
2886,90
19807,466
16406,121
24561,236
1995,28
1018,224
21703,11
18451,115
11899,407
6789,305
24463,453
16287,224
20049,87
16103,55
21886,296
14447,249
11755,122
8135,315
16792,62
13856,178
10979,364
17933,191
17983,88
18069,346
7131,119
12603,206
17346,195
45,264
3808,270
14045,491
3836,249
21100,400
18104,254
7143,122
1936,222
22043,377
2733,46
24191,66
20873,443
24126,337
11166,177
19132,95
10307,417
5729,461
12937,434
1745,455
14616,223
19010,82
10807,22
22438,374
2831,8
10439,146
22325,93
10489,196
2521,152
21632,457
10468,83
22830,92
5179,219
20023,323
14428,294
3503,15
11426,378
1631,499
1729,238
19308,53
17714,240
23692,488
17205,308
5819,286
23996,381
15691,182
19755,240
6889,296
24371,415
3690,394
15877,491
17777,399
18296,447
8899,119
545,380
18263,238
1813,423
16675,58
3573,416
21337,269
17095,325
19274,175
944,346
21975,307
22410,406
10352,487
13527,185
3998,268
5398,266
14786,223
3204,441
4945,436
15577,260
13469,312
2702,261
8934,261
15873,363
18982,500
15160,84
12877,385
20278,446
19295,187
16465,83
13920,10
5086,90
21435,91
10252,5
16901,199
6266,173
2207,500
13147,404
21349,149
18017,337
5855,40
3702,373
15231,212
20736,50
4702,62
3265,366
5632,461
11747,347
22060,384
24819,357
23321,273
12395,427
15570,498
24936,208
18017,195
13184,81
10254,355
12843,465
1015,105
7139,436
5473,498
18939,296
10713,281
17785,93
2920,77
6449,445
12668,157
13416,296
9635,467
12862,427
330,450
23084,94
15865,306
24948,157
7192,325
24061,427
5129,231
19374,64
1800,23
18129,460
13581,259
6220,182
23924,173
15580,196
15919,348
2183,153
9917,169
4335,204
4351,151
292,160
3529,50
22864,293
14926,181
20927,318
2101,24
378,376
3479,334
23380,157
16016,186
7000,177
4625,324
6665,314
2466,63
21224,342
12873,252
17871,496
15218,196
1678,328
15485,95
1654,234
18907,127
21825,96
10939,496
18982,232
23954,462
17990,429
24853,104
7645,425
6218,402
9321,86
5293,469
16370,254
20133,410
9633,302
13289,265
20729,473
981,348
19754,177
20249,466
11951,66
5037,195
10066,447
10625,498
24152,91
2150,266
5162,403
23809,491
20055,116
18417,431
12582,153
6116,109
14345,236
14057,352
12800,153
728,185
2661,359
3384,496
1419,233
21379,307
3354,136
16971,121
6058,427
23867,307
1070,214
22787,449
18312,403
4999,154
8043,395
18307,471
6739,41
6317,296
24422,301
19177,82
10742,276
13607,309
5194,456
8072,182
561,435
23948,99
13761,116
3595,136
2246,34
14019,491
16212,323
22683,271
3098,370
7413,438
20503,467
15067,100
15676,163
377,157
5751,139
22042,307
22898,223
5744,396
21046,493
19047,322
22253,406
8583,129
10028,333
9824,43
3008,364
21077,108
17184,229
18562,14
3295,317
10256,202
5726,260
10080,179
19201,197
15992,228
11263,331
13988,99
13288,5
8823,5
14982,315
22310,27
3829,285
1576,107
21017,202
3258,348
3326,235
23164,369
7023,236
7065,201
19442,231
13059,19
6362,20
1557,17
10859,155
10526,147
2379,152
18243,215
20560,164
11389,242
2938,46
5763,495
17997,112
15213,490
255,223
11322,22
2241,140
17279,439
24038,53
8686,9
4302,484
24934,353
23910,489
10452,115
2798,387
8042,213
13614,22
12143,151
12479,368
10042,417
24978,174
17688,202
1469,191
19830,200
3908,147
8779,271
24162,119
12849,136
23010,26
1174,304
17207,323
1374,355
8713,217
19615,190
10160,81
6116,306
2149,422
19996,418
13900,347
18212,162
2557,269
724,320
16417,263
5958,494
12901,37
9960,318
6800,307
4812,380
15035,364
1759,380
24326,89
1210,251
1212,59
18895,219
15385,332
18127,132
13120,156
20808,304
11094,212
8851,27
21243,204
12822,193
24660,82
19559,18
3206,54
13655,320
16833,182
3430,486
13376,172
23621,71
10639,438
20553,58
22238,241
20526,453
22862,397
3845,318
20318,347
3354,241
16781,69
12029,491
8096,61
22942,360
5548,425
7720,46
23287,399
1503,50
18732,349
23250,440
23199,379
5514,80
11212,363
1504,15
11072,158
5810,209
15356,320
14181,356
4718,398
4119,181
8710,1
1743,125
13588,287
13996,438
18764,464
24499,180
1875,289
13952,474
21098,290
18424,166
1458,372
10210,114
20362,412
2328,94
17319,55
24058,111
10370,429
20414,75
6043,88
7529,250
19976,61
18847,438
2540,202
14411,56
11172,474
4436,304
19025,155
6836,276
3471,312
4206,132
7054,40
13549,451
6970,122
11625,235
11808,412
27,406
14191,90
20110,396
14951,194
23672,494
13370,143
3515,425
9078,452
15258,320
18289,201
12444,423
9917,271
13197,398
15482,304
9692,298
20777,269
9614,32
4544,449
17329,113
2582,129
8336,271
8620,433
9311,274
22133,328
6918,489
11509,340
21311,382
23146,17
4603,246
5867,240
17682,90
17991,30
6270,268
7377,201
17326,399
7713,497
15009,29
3459,190
2584,26
8640,332
1164,16
16403,467
17695,246
7401,485
17382,476
3916,161
8479,308
23444,125
15048,270
8746,408
8677,154
2437,183
8756,238
19560,85
13355,7
20300,213
17567,174
18851,483
11214,340
17737,328
5014,87
17950,242
23043,227
22558,76
7658,51
985,179
16717,98
16017,61
399,478
20041,469
24405,305
9716,123
8042,488
23487,346
22394,380
12779,27
15171,95
19629,307
3650,483
3570,290
6544,488
19495,74
24618,20
5219,417
20612,60
811,471
24430,469
24055,384
18101,384
9285,487
20577,435
59,363
15992,390
18911,143
17211,377
22502,480
22010,164
1436,127
6914,286
556,6
8418,99
12209,181
4577,46
17290,448
16955,391
4824,307
18416,126
2007,244
23051,21
22897,231
13521,45
19843,402
4769,194
12318,4
12751,329
24380,88
8258,58
6602,325
16741,456
1214,495
12057,15
16668,139
13760,174
7590,484
13612,152
7390,290
18043,147
18997,282
7168,274
13186,258
8177,217
8075,282
9886,461
4752,316
23485,249
4148,284
9866,206
5170,388
6493,51
14068,375
22867,16
14121,105
714,147
12148,407
14059,487
17254,95
16883,280
1156,171
15712,250
23525,433
20394,323
24538,39
22963,54
2594,364
1627,259
24539,467
20640,135
17701,333
2010,342
12430,195
24008,225
17797,163
3834,85
11133,352
13397,463
17522,148
10719,419
12228,496
24111,432
9033,42
20102,62
7847,111
20745,305
9445,21
3235,445
759,406
19130,477
15000,76
1621,406
18176,420
13371,236
10570,486
4916,228
23166,9
3411,440
1686,93
10315,152
19941,106
17133,429
12263,33
8315,9
9326,156
15565,198
3332,25
933,124
20778,365
6447,220
4266,332
6334,320
17072,35
21163,183
5340,293
19453,200
12514,145
16991,160
377,21
24910,156
114,2
1252,495
19383,275
9954,323
4290,33
11634,264
19348,448
24318,331
6060,157
20098,464
14560,485
17126,31
8977,397
22257,50
13190,405
3965,177
19551,167
19659,15
14541,39
6348,58
23710,327
8043,479
12041,425
6698,191
12824,144
21778,228
10650,83
19895,367
14900,459
14171,254
15382,202
19906,61
18331,129
23911,377
746,59
20106,135
18248,480
11301,395
18832,415
23046,278
24978,369
12073,123
3723,462
16733,73
24748,346
2362,174
18191,137
23506,445
12803,425
4278,457
6951,168
8797,370
5838,320
24099,268
19068,306
21415,165
11825,90
14441,284
12287,140
5191,246
8349,304
21420,258
23973,468
17327,198
6867,217
8488,325
7343,123
17519,492
16082,103
20438,224
3461,217
17628,93
4978,5
5283,312
22962,297
23160,61
18190,362
13890,389
17599,110
21947,123
23958,364
5673,94
5433,351
17007,312
18153,269
14612,225
10778,180
3592,126
1281,397
18582,96
13400,375
326,130
1258,404
10342,150
18685,137
360,283
12779,41
1753,328
20767,476
11637,313
19381,133
9861,95
23931,336
5411,28
15557,218
8934,341
19516,256
12288,269
5190,405
12215,45
13684,172
23474,223
10040,180
11195,16
4874,195
19004,97
23938,84
7552,69
22872,79
23107,27
8584,407
7363,88
22266,171
9596,15
13177,465
1213,258
9625,280
14795,369
14259,316
747,315
1232,426
13085,464
15460,191
975,320
19814,431
7639,187
2445,355
16757,173
10802,87
9662,189
9142,103
7467,362
10293,421
24455,229
18906,407
10592,61
7437,486
18528,28
21870,297
12931,392
5937,484
23245,116
23464,406
12408,223
7497,75
919,108
6465,459
11893,93
23676,480
7412,269
14978,220
2971,172
1866,418
2296,84
8772,49
3238,78
6929,349
17612,390
22817,112
17294,273
2871,370
6956,401
17347,123
7928,135
3717,424
23271,492
5507,299
16563,243
4297,386
17612,26
23553,436
22856,318
11374,216
7018,168
24283,212
15696,133
17122,120
23394,476
19118,183
3433,450
16247,406
21356,494
23991,130
22920,222
14713,83
16595,107
18863,355
9675,376
8854,4
12932,381
20149,13
5328,147
17661,235
22964,204
13893,377
9336,404
12613,167
11961,401
4449,443
6184,423
5908,120
8583,54
1336,393
21485,313
18836,144
24379,418
2288,314
23690,11
9114,200
24007,378
13445,107
18350,500
10551,279
22468,255
15663,412
17192,137
22968,141
8264,45
21809,368
17255,422
13136,359
18702,354
14080,275
8213,367
24469,305
10875,234
19709,188
13638,14
6609,139
11728,17
17575,238
13865,147
18120,57
8943,484
13556,470
1731,434
9128,494
515,99
6469,168
21250,152
5072,66
1400,282
438,8
14939,260
5869,1
24418,96
14196,429
17229,487
20318,283
17864,452
1532,187
16183,165
1820,349
10205,307
1069,315
21683,372
19486,230
24450,228
19386,356
8548,381
23631,334
20419,417
14107,415
24556,372
4651,29
17197,457
9581,96
1593,34
19630,63
7650,118
4209,135
18706,472
3707,353
2798,231
19686,119
24898,11
12350,245
17370,218
4220,411
7922,466
13576,413
4140,473
6935,265
3000,182
24244,6
12587,232
6808,121
6189,241
6255,164
15194,78
17659,170
11088,52
6768,212
6996,366
21720,361
20023,370
207,53
5651,443
6893,158
7160,301
11729,428
21175,96
10910,189
7426,137
24618,429
3462,374
18713,192
12602,330
8562,345
23610,408
24273,222
11770,243
23309,415
2081,24
10788,282
19687,70
7001,361
15507,253
630,305
16789,253
8704,459
9989,372
1311,10
18015,398
10029,380
21585,422
20109,281
24314,424
10477,343
19495,136
16746,75
15402,186
22365,401
12638,263
22226,90
3024,279
5629,447
1071,253
5423,170
12272,226
3596,99
13919,361
13521,201
7980,79
12217,168
15820,347
12607,3
6802,137
13549,489
18324,175
17795,139
17095,304
19795,266
2056,364
4720,122
17893,226
1349,67
13138,40
11015,366
22737,468
16177,138
5217,21
24273,31
2080,79
9169,143
15458,237
14632,164
21819,257
16443,306
11091,212
18003,178
15635,357
4778,182
24247,48
14934,350
20484,320
22467,79
8036,191
910,55
24676,83
16456,304
19543,491
13955,436
17388,181
6608,4
14454,329
22239,59
3450,299
2181,410
3396,72
14383,421
6994,289
6116,15
17038,30
3422,145
20547,311
22813,20
18227,48
20297,162
17102,332
1244,324
18680,490
9654,75
6489,184
18927,445
20352,326
20528,40
13794,448
8063,202
15480,75
16931,190
14607,283
7786,269
11628,42
1764,49
23897,166
7065,259
7873,243
16317,253
15143,16
18420,70
12581,230
1683,420
5222,172
12446,154
14056,188
16038,333
3934,115
19382,344
24927,448
9094,310
677,463
24775,180
6157,82
1511,369
4909,491
2161,400
7004,283
10466,2
13456,392
20744,314
13681,99
8041,56
6761,352
8705,91
11008,236
22972,2
2533,345
4248,7
3733,494
6952,7
2832,165
12094,357
7203,409
20273,357
16727,19
11926,224
18558,137
20749,80
16002,307
21263,305
3967,389
3072,47
20706,251
467,249
8889,110
18321,271
23223,445
9527,462
22904,72
3767,101
5107,275
10897,213
949,58
16394,219
21556,389
10149,493
18219,234
20034,149
19263,303
19143,28
2824,415
19260,298
5379,88
20048,433
13543,442
15010,282
10080,215
14370,292
17742,185
21835,142
1721,209
8472,5
895,346
13771,409
19932,120
1675,173
17049,150
20286,219
15482,466
11154,160
13151,345
8735,211
18235,236
14448,228
2561,465
22669,373
19715,263
17534,78
10912,15
8930,263
10890,25
11078,168
12056,394
11096,426
16371,376
1193,46
17173,328
13310,23
13237,372
24156,199
8684,293
9845,405
23774,358
23918,457
14557,419
10523,465
1430,385
23109,167
16944,140
1607,45
17619,332
18636,62
997,333
15198,417
12143,52
4707,93
5491,265
8663,29
13199,247
18814,146
11125,413
5892,109
19125,386
5814,236
24202,225
8043,159
22735,382
21506,220
24575,28
9603,454
19138,299
14076,58
8627,370
449,54
6976,202
5313,315
23589,498
4498,288
192,186
7437,363
16330,444
1574,397
8811,114
10430,30
17557,263
5520,56
7876,84
10844,202
12549,9
12374,69
10209,4
19463,117
3431,212
7651,463
12165,213
20346,361
21050,214
11550,55
24236,228
15335,434
19483,219
24413,26
20170,274
24601,265
15835,244
18437,206
23430,119
13102,334
3883,162
17101,28
6466,9
14525,194
12531,296
831,6
8631,252
20962,499
18020,40
21398,430
21356,121
11736,279
15185,170
3385,324
22470,449
20004,162
8374,119
24513,280
15841,499
12874,79
5570,438
14169,234
18195,288
17832,348
16630,471
13609,31
14311,308
9759,160
24264,224
5024,72
18076,353
11925,37
24818,78
8576,81
8923,207
16758,251
16744,237
14732,317
19483,278
18936,394
22392,236
7693,79
10192,314
22420,327
6425,436
20303,181
23887,75
8968,54
9562,4
21297,273
3737,406
390,424
12095,456
18799,110
10477,64
10361,227
4737,313
20542,464
18072,373
5908,90
1359,440
6603,57
14333,278
12099,277
3240,470
21940,57
6291,422
23797,287
1123,181
7777,384
11731,352
9284,19
11706,377
13042,10
6489,237
4026,105
15881,461
17780,439
1604,378
20697,464
2573,488
18684,56
19298,135
11795,105
5929,373
1385,452
17418,323
4473,410
22318,263
1553,453
12454,33
10298,14
15116,22
11162,106
1016,301
626,270
1507,439
24919,112
23677,113
4241,77
18502,176
15628,275
9268,231
16423,97
9705,32
20230,252
7355,294
8022,159
13730,354
11729,205
21241,89
15657,333
15025,463
16990,291
1927,408
14302,188
8815,11
1179,283
20436,147
4634,476
13975,197
19557,96
5930,45
16107,352
24385,323
6773,235
22289,17
2304,466
12333,288
22007,140
4782,194
24210,251
6866,253
6646,98
5774,437
13439,126
24635,3
10389,115
2736,227
17070,438
6708,323
11788,406
3531,246
3578,128
941,2
1517,456
23720,82
14601,259
7186,418
18346,78
6582,392
4344,49
141,159
16274,480
23424,220
9350,466
23050,487
16845,218
23898,451
7772,336
22983,385
1636,242
23087,132
16798,329
18385,44
16593,50
3084,74
6167,135
5003,485
15697,80
1260,475
13160,182
10810,152
6904,432
15438,411
2816,324
9187,166
10281,273
17588,227
22051,99
8008,204
22938,338
14405,204
19996,115
5156,88
15153,229
19067,367
7452,461
24283,371
22923,362
14381,21
7732,125
1203,173
19321,160
8555,468
12438,199
11882,389
1055,196
16507,309
14722,156
20708,389
16936,395
1468,426
6488,200
15854,295
6905,200
21845,330
11318,448
8951,74
7828,78
21431,155
15982,433
10166,95
4615,10
21057,167
4391,469
2080,354
10717,174
11257,500
19422,362
23214,40
2284,139
21761,336
1553,492
789,389
857,301
19886,218
18807,171
8761,225
1593,237
22408,370
1010,485
5092,85
21425,389
2504,419
21150,485
7895,445
4867,158
8582,412
15618,128
6692,202
18622,465
22654,19
1797,31
4421,471
127,97
23159,268
531,154
7806,198
13807,259
8437,119
5533,145
8029,275
18402,168
23345,57
9344,46
20474,196
4792,183
811,68
11707,169
4436,15
15725,478
2377,353
1771,14
21685,328
7085,384
9584,448
12942,27
18849,348
14924,426
13303,399
11900,166
8792,437
20337,420
535,277
13088,61
9076,125
3360,55
24083,262
23314,157
15308,426
2226,139
2386,440
15262,110
24001,36
8489,145
8353,443
3332,10
3432,413
10056,349
23799,271
13592,27
1400,28
17527,375
21512,94
17396,222
19086,306
13850,482
15340,429
22463,273
14363,282
19353,258
14072,63
21362,20
17200,10
619,431
6006,24
17316,214
15862,484
3476,374
8096,448
635,388
22270,187
22106,253
9288,482
21025,75
528,485
8521,43
9064,308
15549,202
19415,310
18409,484
5680,234
10402,101
800,33
14121,68
23302,378
12600,402
11630,435
8409,16
14248,277
9290,176
21148,128
23002,76
21112,336
16348,380
1557,312
3570,497
14821,38
22227,425
3642,474
18959,213
20269,65
13272,349
6168,494
10075,44
2029,408
14268,226
6978,443
21231,250
15041,357
906,437
5967,202
12990,295
2162,364
17779,310
4588,383
7928,81
16922,146
21311,480
21933,21
19644,247
4896,160
14595,90
15992,44
22589,460
348,221
16219,376
15133,211
23329,103
15785,25
22399,271
21636,488
21842,417
24380,206
18265,210
11249,203
21204,286
19498,166
23580,297
6032,240
14143,207
2191,423
19465,61
10412,314
3962,203
20229,81
8231,84
12677,326
3572,89
12484,262
5227,350
12200,465
23139,327
6695,118
16903,319
5600,156
16704,278
8095,276
622,444
7428,54
17153,211
23216,325
20873,187
11795,485
6896,309
16421,25
162,34
17352,383
4602,52
20256,3
1379,491
8701,199
13939,270
11692,45
17924,446
10853,111
4112,59
18306,265
24543,294
19226,254
3113,405
2918,399
7497,377
7037,100
22269,461
183,72
15898,353
15342,315
15262,465
23414,63
5235,217
9495,440
17785,464
11180,494
12902,413
9657,471
20665,212
22423,261
10065,74
784,279
8712,5
23287,148
21797,461
21699,25
5944,355
13487,199
604,481
6537,287
23683,262
20938,17
18263,145
18908,360
10406,444
22107,158
7754,254
19618,492
3074,72
14855,22
16397,158
14869,160
24717,126
16429,220
21753,20
5898,314
11473,29
14919,269
14872,135
17341,194
4698,358
6092,62
9477,295
2930,415
8246,22
12311,126
6383,116
22845,42
21108,82
115,7
5381,358
13665,446
16532,483
21309,488
13723,353
7943,291
10745,272
7840,200
8286,282
18268,112
24603,260
24020,335
3981,242
17506,105
1438,486
23471,273
17441,499
1343,28
21796,135
20689,254
12305,150
19887,95
15753,319
11648,169
265,395
1835,57
29,442
23919,84
22564,311
13152,296
738,394
10367,299
7035,265
4747,419
689,347
1885,366
15851,274
11124,34
13916,87
16883,270
17273,475
19261,436
20915,176
9356,463
7206,204
4270,104
22842,269
16099,232
5419,212
7778,288
3789,254
24032,70
6547,177
8617,200
7564,350
20841,282
22711,444
23693,143
11221,101
6768,17
15570,4
22007,29
6262,16
1563,101
4106,290
3532,369
4456,29
17496,26
2693,133
12935,398
15676,459
21565,138
7462,163
19810,197
19796,352
5686,246
19148,415
19946,410
24214,200
18398,190
19253,436
13608,111
21985,272
7550,168
7818,451
5079,11
5365,419
852,495
9848,489
13097,87
1965,258
22126,173
23472,217
21900,271
7756,482
14137,482
21750,474
1543,101
13554,313
21496,100
5793,412
10154,72
15404,105
22583,124
14199,190
20966,315
22924,118
14606,202
3254,98
604,321
7005,370
6125,261
4605,261
4556,215
6787,215
2023,446
24711,341
7493,17
21290,172
23044,63
16913,500
11914,500
4343,18
12259,92
13581,68
15466,495
18177,426
24321,151
6103,50
4321,104
2635,152
17607,225
15737,17
12793,228
7215,158
15789,213
9101,149
24455,425
12805,444
59,28
13489,395
2952,295
11808,267
4349,206
12434,280
13665,419
19436,320
22079,78
19091,181
15368,458
10101,55
1447,382
17056,226
20542,292
8015,2
23671,199
18653,77
6744,225
7430,138
12931,28
6955,22
3134,18
16725,166
24803,461
15479,146
16311,485
12543,196
9366,387
10723,368
6917,365
14097,358
315,330
23343,345
23883,46
2717,450
314,430
22595,426
6214,160
22429,379
14070,355
18766,265
18883,178
20039,315
18194,474
8900,163
22403,247
8531,42
7261,46
14476,257
12088,111
12845,60
2815,55
11597,237
1807,108
24769,166
14245,300
16328,360
13974,93
23964,158
3563,18
10613,329
16308,236
23571,292
1397,493
21457,104
11062,146
19351,111
17037,464
7056,446
9690,449
15688,26
11582,55
20490,378
3363,418
992,497
10891,269
2642,268
2389,495
4683,425
14030,410
4410,445
8177,263
22796,165
20536,198
8050,459
14525,356
12096,159
5796,224
991,280
24779,250
268,37
8513,50
20782,240
16206,241
20407,381
23326,126
5047,25
13599,38
17954,468
10017,48
3031,225
19004,173
345,44
21226,111
24449,359
21905,70
6962,242
11224,71
11050,447
1963,160
13745,487
11160,340
16085,472
7305,169
8134,39
11336,279
2530,138
12548,362
21691,86
2634,99
4162,2
15501,21
16032,194
1129,410
11610,420
5659,30
8753,155
24430,135
23467,131
17707,260
3073,279
11154,131
11727,429
17153,463
13005,105
12482,130
8453,33
3830,119
8978,466
2750,274
24140,213
1850,448
17066,358
19435,341
18303,239
15430,334
16664,280
4733,134
23594,405
12697,126
22680,14
13523,485
4031,134
24920,472
23085,17
1736,76
295,410
16154,31
19775,260
23969,349
23027,401
22795,482
1537,393
13061,46
4499,414
7677,161
9317,360
15787,159
11611,455
3579,350
4530,388
16214,254
3774,157
16198,434
6391,319
7056,203
20813,95
1274,18
5190,216
18217,373
10282,430
23476,212
19721,29
5272,2
6171,404
15414,202
2779,191
21695,356
13973,111
1939,108
19614,232
18539,127
9881,336
10001,207
3153,474
1413,298
4977,261
6667,301
21734,417
13616,212
16554,250
12585,275
5643,44
15648,398
13207,360
4894,482
768,6
24692,280
24657,458
5934,400
6965,93
125,115
17667,34
12427,449
6809,70
21607,101
3148,221
8716,398
24154,200
17372,36
23117,494
9871,433
9768,353
4137,269
17866,296
12199,257
1944,311
22345,264
14830,143
17843,231
5753,56
9204,217
4216,177
16398,88
10542,384
1823,189
6753,209
11619,482
21484,184
9446,384
22064,47
19197,377
2975,54
6840,354
24222,473
7360,330
7503,243
23356,212
10298,133
22344,303
22856,465
16269,363
15342,271
8679,229
21619,55
20973,45
19509,310
2089,302
15145,460
18207,91
11382,423
24073,401
9756,337
17112,11
22694,44
22693,406
7363,372
22489,58
5129,232
8234,67
7797,286
1708,149
22924,343
7430,401
12149,460
6085,457
13876,1
18094,415
38,338
5629,145
24840,319
5661,224
2201,453
9190,78
1840,351
24283,315
12567,143
16890,401
10863,39
14262,449
23527,247
146,430
24421,449
16216,354
18101,178
5837,199
22139,169
357,200
20423,442
6036,322
24987,135
22945,55
11809,57
17654,300
7541,399
13770,319
12130,53
20407,113
11217,112
3384,257
655,9
15951,90
15237,340
18962,437
9062,81
20468,93
5536,97
20385,167
14007,435
16285,475
320,297
3269,163
2513,200
20206,108
19218,350
13346,441
8137,372
6144,389
20309,30
3245,489
21459,458
10577,188
24228,142
14928,380
10971,430
21293,167
18130,326
11654,84
23264,225
2827,251
14669,16
5861,416
16321,140
23508,408
2972,264
4450,379
3081,396
6924,478
9881,335
1630,287
18189,233
20578,102
7133,26
8351,115
17700,313
5119,300
7066,149
21174,174
496,98
10940,204
10006,259
14125,153
3791,498
2398,34
23627,336
21385,275
3636,38
1560,352
20617,365
15734,172
13531,362
10894,246
18586,473
6145,158
8627,450
20540,339
24696,256
2438,241
15660,387
3349,140
12731,483
7381,88
253,309
3345,188
22933,154
3088,70
65,286
20547,483
8337,170
2248,21
20477,128
13587,72
8090,416
13739,107
24304,168
8956,287
23476,238
14858,436
8271,131
23123,233
2472,238
3353,21
8435,47
666,199
1087,242
8253,47
6935,205
20087,480
533,198
18949,150
13960,202
14609,358
23667,79
14541,6
5870,82
17701,162
19846,329
2371,243
18733,389
20221,47
1763,124
6129,161
16615,246
24813,262
16475,69
754,329
14773,310
9850,120
21524,356
12847,467
19920,185
15608,141
13588,393
9342,88
23447,377
1414,102
6151,75
14710,446
1299,26
12366,160
17128,303
14467,178
21471,58
11828,189
12730,57
13003,253
9000,166
2683,388
13319,345
15613,128
5917,60
2698,449
13495,220
21312,395
14559,264
18943,244
5187,189
16298,32
16589,377
6720,395
13145,292
20313,188
6852,319
23036,344
563,166
1660,22
10152,419
20916,38
23803,151
14592,289
10178,271
538,188
5240,273
10354,339
11854,129
10248,338
12991,136
5967,12
7725,116
18700,37
4327,50
22899,90
8386,256
7864,315
23039,358
15870,195
21241,211
2335,375
24965,395
13697,59
2858,253
7594,288
12746,366
12272,36
23113,430
9574,168
18084,467
22036,279
23352,358
17030,298
13788,456
11216,121
569,398
11263,298
9153,302
10344,306
4250,358
1129,13
17191,39
9486,481
15370,419
23242,483
9691,92
14670,118
1299,141
3701,360
4693,12
5744,48
12332,316
2413,170
23073,449
21061,306
2638,357
12912,365
2520,239
4492,31
16719,22
17882,265
4461,375
6390,103
18267,362
20060,166
9845,7
4333,262
13573,437
7153,439
20414,470
23290,269
9674,180
3722,32
20183,105
11451,113
7555,305
15054,76
5081,406
11255,360
21414,346
21788,351
22619,105
7221,58
13685,461
16208,434
5018,328
3120,75
2267,170
10037,79
20709,119
15879,112
17933,452
11689,397
10326,111
7010,453
12141,114
16703,147
11905,394
12066,40
20627,317
3973,123
5057,171
628,404
4920,196
5848,40
8478,75
3795,108
15739,184
24745,10
21196,479
171,120
11789,324
1048,252
14456,438
17797,90
12179,198
14176,225
21382,264
20287,491
24299,3
7841,373
9817,432
683,59
2531,86
22198,498
15502,157
13314,345
16322,367
12787,53
2916,108
16005,100
2429,133
12753,147
18647,344
7226,464
16980,127
13901,272
17869,258
8591,107
10382,321
133,29
8824,223
3513,128
18415,189
15654,88
18930,333
6297,429
20919,280
10551,290
3484,424
419,404
17073,4
22555,186
14191,190
3501,232
16450,107
23040,479
8577,430
9123,466
23660,411
9057,183
3905,416
23199,304
344,123
18373,195
11926,98
2354,312
8006,97
22191,87
4240,13
3292,437
10236,72
8741,473
23812,372
23617,414
2815,303
15961,429
15306,436
11223,104
19201,186
388,270
17347,244
23527,440
12823,481
10854,234
18599,66
1767,59
8018,154
22491,321
3553,292
18646,289
20572,339
14338,428
1625,495
18208,78
11756,84
24780,301
1480,434
15192,447
17304,44
24381,435
951,417
22420,143
4294,11
1386,179
15344,449
10746,41
17424,102
2064,41
24248,362
17009,88
5502,303
22362,412
5732,296
23708,376
8084,173
16198,402
4904,120
1279,27
10665,90
16360,345
24531,326
13486,171
23450,130
15309,310
19517,345
18741,3
4467,47
5037,465
19899,168
13881,278
12629,443
5900,327
8213,483
16107,445
7243,130
21467,359
1413,108
8745,78
9182,351
20094,71
19721,288
19469,6
14460,484
2939,283
12408,17
19667,124
10724,159
22382,328
24068,18
3635,456
23917,321
17152,205
19570,112
10000,148
19418,240
7584,75
10033,137
429,72
294,280
8705,483
8392,246
13418,474
359,165
9529,268
13231,269
20284,101
13447,9
2382,117
22042,434
20407,385
19681,189
22872,287
5650,150
14282,483
20339,240
8044,454
2389,441
9428,397
10541,95
11277,22
3896,134
17438,376
21611,450
14156,160
8353,82
16583,65
13613,127
8046,339
19193,250
23572,168
4801,88
14859,60
3792,273
13312,69
813,145
15622,145
11716,383
13415,463
10402,283
11486,347
22819,60
15778,380
19311,135
16034,180
9605,264
6366,81
19362,84
24743,420
16643,371
6781,114
14169,37
6097,153
3303,326
13090,482
8560,18
10616,415
1935,158
24363,459
7927,99
3590,302
8574,225
1193,220
5909,160
5910,351
2769,210
20836,269
13120,46
8566,372
20664,470
14410,490
10484,494
11474,300
2215,64
14320,385
22987,243
8440,463
7298,23
10503,437
14791,220
17538,362
20083,232
20946,263
7907,104
1767,330
10268,40
7493,490
1300,241
22767,10
13222,349
9314,451
18676,451
2183,280
11242,47
14598,431
875,439
2515,242
23167,277
10665,94
12909,289
23854,491
22679,231
23126,362
7818,283
6590,464
21935,401
11992,267
9561,239
2520,492
3512,248
17350,293
3616,325
9355,418
16256,412
7238,337
7107,194
6007,141
24817,52
10864,196
8919,89
20084,334
17095,11
18114,196
19704,276
7221,466
16745,354
21629,86
4238,486
20016,357
23268,172
5459,182
20826,226
15670,494
5530,400
14161,441
19208,486
22507,365
17365,417
9121,114
6877,463
9302,66
2544,184
20054,201
16896,233
12011,109
13737,389
22922,98
10727,342
8896,98
17483,452
16996,349
14434,137
944,375
24606,250
14763,90
23266,374
6364,264
11970,63
16091,313
18681,166
17107,227
1564,366
20528,73
2579,159
6903,248
877,142
18500,181
1788,209
758,395
1130,281
19900,125
1318,414
12870,107
8895,297
1636,90
12524,379
19474,178
20168,102
24853,422
21715,499
8305,154
2469,463
2170,362
17347,161
10763,190
3298,374
5270,330
13397,327
14231,215
15142,103
18336,205
18703,392
1762,181
11486,411
874,151
21092,136
22529,62
14326,198
4966,388
19611,494
7937,387
20672,54
19630,284
10417,460
11544,334
14964,33
16755,248
9512,119
4564,445
2671,104
24098,304
16894,165
20949,130
974,257
1649,87
19969,217
24591,160
18522,35
7273,218
23788,391
16429,223
3525,259
12414,76
8995,165
23563,256
8293,66
17952,406
23745,235
3971,61
2489,285
1285,462
23419,275
20622,198
20032,164
1491,54
674,59
605,409
15751,90
22632,115
18323,274
20980,365
17738,125
16919,225
14866,254
24126,473
10905,229
17438,263
2417,185
22764,402
4972,176
3164,179
20180,310
21510,485
23008,125
5140,317
21226,432
24619,253
13217,427
15495,479
1514,416
22082,204
8083,196
21862,331
10174,459
6869,99
17439,171
15846,156
21049,313
16949,93
14096,135
2524,398
12795,381
13706,81
4123,97
10472,292
9042,119
17781,267
5900,338
16300,463
7653,431
11434,487
21425,383
19955,301
16479,300
2120,53
126,338
13241,429
22432,414
21315,216
24682,441
1061,185
4612,152
4085,380
7668,70
18525,287
2944,85
5837,2
2694,422
11275,493
13377,300
2256,387
5375,299
6217,290
5544,307
6269,375
21887,443
19193,94
5483,245
22682,497
24065,207
21335,423
19361,73
9485,457
19167,46
10520,352
3378,166
23389,194
14399,357
19395,391
6432,185
7587,59
23707,189
6067,102
16785,26
20420,378
17813,434
6105,26
8453,315
19294,369
12233,229
17020,225
21915,340
6110,434
17219,100
2175,301
5088,489
14972,12
6901,23
1001,280
21236,250
3391,383
14707,342
6146,82
2574,186
4629,489
24611,368
24865,175
23122,369
121,368
11961,88
11880,431
17984,378
1122,61
15146,43
23412,4
21676,161
14454,249
15303,484
17318,468
2961,345
9743,317
9776,162
5464,409
24360,332
10635,181
16204,177
13234,168
4707,1
1277,113
1985,12
17290,68
5399,184
6260,498
11449,325
18959,303
20064,154
2360,4
21715,32
13145,453
1390,460
1549,261
20786,344
22300,498
2252,192
17613,333
14523,265
14271,163
8614,99
6986,271
21979,66
5571,448
24261,474
19002,243
1700,342
19683,317
3114,261
2229,400
23191,349
4747,100
22528,141
13039,416
20810,12
8943,384
6803,202
14836,80
22280,115
15722,125
10888,312
6311,203
7913,281
19118,112
9879,205
12115,466
9699,87
20056,324
1568,40
7910,450
3749,359
5825,78
12145,373
20173,238
24668,278
5079,30
13890,393
8298,367
23661,171
14666,473
21127,422
13720,455
23499,347
4585,346
2354,179
2304,81
5763,202
2030,33
10185,171
7500,107
2684,100
15778,302
18818,84
1533,242
21095,484
18969,192
228,84
11162,496
9663,94
10066,57
19878,91
23833,94
17373,242
24775,204
19558,413
20114,156
9874,329
8562,185
1291,363
642,79
20859,168
13734,382
24907,316
14003,335
13900,464
21564,130
3184,149
14990,120
17890,112
3411,447
23478,320
4100,92
13312,480
21823,98
20813,97
18677,326
12665,195
9389,330
4792,475
2904,427
13709,404
23632,31
16926,117
19338,392
9808,102
16833,413
14649,395
12384,9
15129,316
363,58
16308,94
6585,441
690,7
3038,331
23088,255
5260,441
13953,498
6668,261
10968,355
5113,346
3456,324
10019,477
3000,62
10078,66
16839,252
23381,172
11481,344
23530,311
5914,243
3501,34
9114,462
24236,493
1312,312
7783,446
9963,434
8048,15
24104,399
12100,20
9786,61
6778,100
11162,142
23600,289
18417,341
256,356
19127,396
20469,407
22117,392
5208,321
9559,274
14810,142
341,227
13473,111
12906,213
9608,434
15617,2
12750,80
4818,450
3932,168
21492,331
19416,384
23846,157
24208,355
562,453
1129,303
23127,294
18016,232
15388,38
20503,381
3507,55
20149,9
245,376
309,261
13219,386
2608,73
8375,224
7522,49
20335,270
23032,164
659,275
3370,81
15446,346
5265,269
2228,355
16103,360
20156,155
6181,185
11118,165
5977,314
7107,328
2030,276
24510,343
10847,38
14145,15
7208,70
11201,340
11424,358
22658,79
17968,103
7385,282
10223,182
20054,179
18239,321
16305,210
1321,201
12296,81
16176,307
24301,418
4007,386
3458,314
13063,416
1429,108
23958,142
12932,258
21537,123
2983,217
15377,153
7063,406
4515,233
23447,271
8864,179
8216,158
22132,81
1251,93
20769,237
3927,426
2056,151
24872,420
15672,394
14499,265
14903,46
10775,178
2661,295
3142,417
16425,192
12208,292
20321,446
2540,36
21268,104
12975,351
14801,148
786,479
5,225
24906,249
8133,337
21523,220
18037,295
7508,161
3157,120
24357,4
21167,462
12865,247
6452,384
20690,17
834,199
9895,390
22648,252
8076,315
4575,298
2890,344
13412,255
18935,63
13651,20
14721,218
16545,387
9648,175
8252,74
5548,80
2189,143
2011,296
7621,102
9632,388
12337,221
190,300
16036,28
7226,441
859,272
12681,12
17123,209
3735,122
15124,84
23140,182
110,197
22822,131
575,401
7911,416
7274,380
5664,191
12867,280
2973,304
15909,108
11920,247
15835,494
11351,358
24472,320
4058,475
1746,436
17695,168
15918,22
2904,366
7161,285
360,465
16852,76
20542,491
21025,473
11942,489
5742,399
20156,460
6394,353
10258,407
11212,1
14764,473
12611,3
19755,352
7155,3
19166,498
11444,354
21365,407
483,308
8297,440
18980,439
11365,62
23537,314
19538,149
13541,253
2988,25
11239,22
8879,458
18523,68
7837,147
9416,245
3740,371
3345,124
23172,173
8218,366
24240,304
891,457
14703,349
3797,432
1137,10
8905,361
13092,30
771,343
5216,320
7175,424
11934,363
15233,387
17247,82
21055,298
20925,296
8066,347
23895,51
15473,103
20899,483
3300,404
21554,244
2224,91
12402,293
14017,341
11435,96
20904,331
20709,434
2017,191
4980,405
18371,67
8290,189
22255,206
13657,43
6043,74
18314,236
1747,459
9615,303
20367,93
1363,82
17116,356
10326,58
9969,332
5933,155
9898,216
21033,247
22095,159
5544,405
11472,315
16511,497
8770,123
5943,335
8696,114
3061,145
22982,418
6691,251
8725,499
12010,366
18237,342
22490,277
6080,369
20163,389
392,171
10711,43
18134,141
13958,256
9092,168
3758,31
11077,217
519,117
12281,342
16643,283
19557,308
19891,352
5485,297
20223,374
18503,487
10780,197
20120,269
10719,338
4121,264
9590,221
12340,25
10422,220
19383,46
12263,359
11080,466
13561,33
12907,66
13835,309
13087,84
22727,307
13186,66
13249,490
19124,53
15362,48
11590,47
860,147
1428,127
5584,381
16125,95
19258,101
24431,343
5757,76
6585,158
13614,220
11962,387
12891,261
6452,150
1982,114
16493,182
8477,112
14279,412
7215,40
1894,277
20726,500
6819,113
3923,395
10343,268
11010,476
9158,118
20598,218
13087,470
19166,291
244,392
14395,24
20105,389
20434,32
18436,9
5572,70
15621,71
23169,252
10412,472
9645,115
18112,116
14674,324
22407,39
142,236
42,238
5043,187
1961,185
16714,217
7110,70
19868,245
16945,63
15382,216
7259,50
8677,264
12376,139
12349,96
15155,240
7540,344
9395,27
12947,51
23743,476
8246,389
13150,14
21434,78
8381,89
9332,127
9668,181
9545,90
24770,432
14669,12
3063,376
13741,137
24643,429
17339,160
23005,326
24504,310
14426,446
9716,337
9838,35
23230,169
1764,5
23984,417
10410,180
13296,457
12208,417
15340,388
470,310
21424,406
16251,199
8109,328
2875,21
24075,470
7818,233
19388,291
10524,25
23370,392
2118,374
18225,404
3603,351
22268,233
9264,67
17824,382
7223,101
18986,110
174,395
21557,131
23741,376
594,239
23038,442
21378,95
10497,486
3695,233
15901,117
18115,479
14588,258
14391,252
2694,338
6849,170
22346,153
4435,259
7362,437
23087,427
24141,85
12337,279
15786,445
20533,469
14430,6
3136,2
17152,213
3697,156
10272,73
22206,347
14311,346
18094,497
9110,51
11736,441
4419,117
22925,337
4252,347
5347,486
1636,147
14258,125
4214,335
23331,336
8257,370
15859,422
9672,447
13139,355
2193,416
7762,234
7880,408
10345,62
7573,492
15733,398
12823,273
4327,235
12611,387
4265,319
2751,431
11582,345
1610,449
2293,11
17856,148
9851,304
12274,326
13917,369
15798,348
7990,347
14886,261
15679,475
5914,281
21289,249
3591,198
8717,386
12111,157
7055,436
11745,176
16081,499
14265,145
6250,292
23990,206
21161,119
17938,30
4616,52
15849,94
14618,289
18265,268
86,12
13949,436
6638,270
2196,430
22616,134
21572,172
5093,492
1507,454
11064,463
12583,440
850,466
10662,286
7231,361
4069,292
12322,141
19719,130
24153,393
10491,266
6405,412
6066,183
1806,10
2113,53
19053,192
4327,311
3073,196
16622,474
24483,168
5369,433
22337,66
10592,462
1066,460
18699,306
23430,67
2811,394
4130,308
11024,57
8490,336
13066,405
10191,314
11896,454
23861,164
17857,185
20257,224
21799,253
14964,280
16850,437
10346,245
843,360
12196,206
21094,293
8243,25
20358,46
2611,196
18871,250
5189,210
4098,298
7189,35
9443,370
856,251
16920,210
8000,122
14475,474
10486,112
7838,293
5225,416
22953,118
22764,256
21056,271
24326,289
11364,126
7153,240
8608,410
5210,45
3167,447
4803,90
22152,184
21574,49
143,192
15912,424
5058,174
380,43
2947,464
5654,399
16855,428
18665,216
9782,197
17777,191
20768,142
993,165
16112,270
22091,300
1927,86
18323,387
2060,123
23149,25
2896,431
16577,410
1571,259
24225,376
1842,270
7991,88
20924,26
19247,346
22260,341
13632,282
9297,126
13355,317
6829,493
6697,226
12101,477
1232,45
21763,193
2384,258
3188,82
17914,76
4429,255
443,16
22240,298
5569,203
20378,487
23219,102
22592,390
13491,453
20433,207
9770,1
3731,94
17750,159
7182,426
11972,231
4659,55
21263,243
13935,398
13099,448
8269,184
7850,350
21310,51
4909,99
24917,431
23705,390
24972,489
10011,203
1273,149
13130,199
17405,489
16482,318
6022,20
15368,1
8483,255
12078,96
8676,346
16562,271
13312,218
1135,113
11729,255
22961,456
24602,230
24172,343
23373,123
15148,436
13285,7
108,402
3914,57
18507,12
19450,166
11422,50
7948,166
6922,495
2483,46
8249,90
9187,83
1881,499
21346,59
23475,147
4837,339
2946,146
16143,164
15517,168
14391,227
5460,317
24973,363
13358,328
21383,261
16835,238
15087,370
4515,257
20894,195
10329,260
21252,493
13588,66
4258,147
19387,76
24680,28
18273,337
1627,290
24375,436
9759,259
16443,76
18161,433
23865,147
24764,342
8815,219
2647,452
20864,215
8442,24
24279,401
7144,365
9118,96
14293,222
20759,99
1055,77
706,381
2843,209
12090,153
17490,127
16033,100
10444,382
9319,182
10441,229
6469,313
17884,259
2587,426
3528,54
24941,81
3592,338
10472,183
11791,427
17516,29
9666,151
21509,133
7785,335
24135,13
8317,489
20717,52
24450,179
16861,55
6556,171
6233,122
12350,174
17711,383
14455,376
17007,249
21222,34
24775,156
24218,167
14273,481
16790,223
1095,1
6125,171
4444,491
13952,391
8155,309
16863,383
817,133
19812,301
13643,242
21675,200
20958,84
4906,11
13398,37
21591,90
21846,42
1140,20
3231,317
24044,464
23765,351
9291,136
18808,135
8659,472
5719,41
19305,468
5612,86
24740,254
13512,241
20861,319
184,435
2652,425
21970,136
2149,214
22377,416
3453,78
20873,74
13131,242
9026,351
10221,376
21974,75
9636,489
21602,134
9762,71
13411,315
1369,38
10891,220
21344,453
23234,192
17185,37
13684,44
14778,197
11597,346
6877,224
20069,220
6034,301
9773,395
7328,382
16760,24
9145,82
14544,260
21206,166
6705,60
19776,221
5219,467
21710,387
4819,290
22026,159
4551,136
23802,200
13072,255
18646,117
17870,6
3001,270
18440,207
1879,253
18530,3
4681,246
24444,434
21961,212
16695,446
24764,233
5105,10
19151,495
20910,80
10571,181
20653,283
16521,70
12865,26
4532,317
4876,484
17105,202
6583,125
21551,393
22031,25
24050,462
105,236
4637,303
5596,221
15584,458
19982,498
4538,345
21784,143
7536,282
3907,451
10991,237
18873,80
4727,247
15872,153
24524,368
1331,436
21163,193
4873,75
17463,324
5392,238
3424,113
17574,494
23067,254
9241,216
5796,356
7645,375
3575,294
2777,407
12309,282
7757,34
1791,123
22272,54
5275,74
17595,297
23648,313
10452,51
14663,38
19789,323
400,219
6813,121
17132,410
9887,101
18019,377
6405,441
1263,237
19791,464
17519,81
17647,428
2230,299
274,194
7951,41
2330,209
21293,82
16418,191
18067,75
6735,198
8610,69
1249,202
24232,212
2201,382
8743,418
1028,119
6744,282
23987,461
22263,74
7709,242
7274,184
1256,267
23878,434
1672,151
14612,374
2104,181
13830,393
12883,268
20875,141
19890,85
21044,293
12718,134
12662,280
17209,206
5666,91
19260,279
6421,402
11343,303
5660,163
11734,104
8094,409
5160,220
4341,177
21286,443
10467,142
14338,489
8335,314
3289,498
10625,324
24505,167
12736,346
18492,250
13424,68
17817,202
1374,134
4340,141
18961,437
12393,399
12333,399
12259,416
15194,480
16098,189
19024,301
21755,206
8366,252
624,44
5839,211
6179,294
14214,145
1156,331
22037,91
7812,206
1498,231
24828,473
17838,154
12282,167
19845,424
13145,213
18207,199
3955,227
11741,95
6405,34
7033,251
11649,497
6313,283
3606,153
2192,391
6050,86
4061,444
20478,153
18175,24
16811,428
24292,198
4744,32
17982,113
24002,301
16882,123
19663,188
10234,45
4044,150
22502,406
7382,254
15350,188
4993,190
11705,388
23081,276
12040,278
11668,269
6271,68
8776,33
2047,238
21332,410
24039,11
1986,236
4781,468
20494,160
20258,348
6769,273
13457,278
24234,460
15734,280
24966,454
2540,12
7511,300
459,375
14911,231
9855,234
21531,218
9629,88
13211,75
16862,63
17055,116
14801,273
12223,180
20350,137
13350,495
14414,389
9709,172
82,57
24908,442
12362,161
23787,371
8070,285
5625,76
9511,497
9983,288
4842,126
19322,455
225,306
14714,68
5275,1
15389,441
24239,208
24900,372
5841,89
947,428
9993,77
10239,463
18210,143
20959,371
24565,391
655,196
16133,494
7678,236
4707,479
12516,464
22465,461
15599,403
6528,367
21158,322
1738,489
10293,172
11647,17
14639,46
24556,412
7758,218
19157,111
11912,397
12861,329
18090,7
10422,42
12178,407
357,348
22211,303
714,270
1653,98
22247,188
9761,9
279,454
16689,188
19846,65
10665,414
20512,106
15835,418
6957,23
10240,187
3938,103
16400,320
3939,158
7959,321
14391,287
21988,219
12382,11
21893,481
22058,451
10785,88
21554,133
19658,45
10569,38
4180,164
7723,289
6899,73
12326,309
4158,62
24244,476
23664,161
5668,36
18669,265
20263,300
1842,322
17703,163
11876,339
12206,40
5483,314
19925,423
8630,242
19600,150
8658,135
19836,16
18598,76
7765,433
35,211
13437,426
10562,404
14513,389
23841,38
20298,134
24803,430
1064,486
8757,262
14967,251
3298,480
3840,27
8484,316
3376,354
19021,59
24981,451
10231,136
16359,489
6419,397
1182,416
10466,213
2732,319
8953,266
16566,494
5514,488
11954,327
20118,7
24588,302
4886,61
17266,87
22432,334
782,366
17685,484
20549,442
22203,70
1722,399
4024,179
23831,374
22226,488
5989,22
9788,62
3150,32
16268,75
13858,228
13002,398
3456,494
9854,63
1019,156
1958,164
4548,99
3027,378
4984,27
1285,57
5595,422
50,300
1503,395
12864,274
9992,373
1661,419
12547,55
13665,235
24154,393
1764,490
651,412
23419,132
20168,133
19252,74
11931,46
17145,305
2904,63
20305,281
22615,41
9872,238
22389,231
3800,225
23592,448
1273,5
21493,55
16227,338
9855,395
7640,366
20935,80
2669,411
5094,375
2969,432
15826,314
19224,96
6803,184
16888,242
16149,263
21071,46
10555,397
13171,112
8670,345
21645,223
8,148
13987,156
20070,419
17260,287
11637,496
947,158
2128,478
20539,452
14193,143
1590,307
16780,68
13565,426
174,205
10954,469
3946,242
10272,87
12209,407
18964,326
24216,328
7459,130
9296,96
18579,494
23417,366
3819,216
21540,277
21077,379
7252,197
23407,137
13579,38
19112,394
17127,279
24084,143
12557,207
19583,284
21574,29
11766,439
14380,112
1816,462
13497,92
12262,29
6901,138
4122,100
19853,83
21078,22
13856,77
24936,382
14339,399
1740,120
8576,376
12375,147
19332,329
9278,190
15660,328
7541,490
16416,327
21,337
14746,238
11756,491
9419,40
9379,77
13780,383
7561,164
16400,22
5382,62
12644,384
21284,419
2896,189
2233,290
5342,352
11789,111
24960,323
19029,380
11826,13
4536,389
19656,169
5943,40
12627,122
23833,207
11232,498
6232,76
8367,481
6530,53
17995,82
9071,278
21272,38
18096,60
22210,307
6629,382
16152,320
8480,86
3218,160
24190,111
23768,480
24266,135
8774,484
23152,147
5216,237
13335,245
15783,34
12578,228
6598,424
7193,493
5361,91
9358,487
21066,103
3649,72
2623,355
23690,338
17612,87
22849,203
16634,474
21082,111
17841,98
16307,23
1666,434
16088,312
16919,90
20108,292
16522,395
24578,379
9324,240
6738,181
11480,191
5360,377
23903,160
15608,443
24259,213
2211,73
24248,180
24595,281
22085,175
18887,364
16865,51
21402,53
23095,97
19946,471
17950,145
2963,329
7921,492
22673,206
10825,193
2467,115
20751,322
11887,256
14772,203
9969,287
14604,339
24536,23
20887,84
24367,131
11285,497
9813,326
13968,82
16487,6
22901,500
16336,13
11773,165
8320,157
9540,209
5952,67
7716,100
24240,401
15822,72
6197,418
14253,394
6366,190
10870,22
17767,170
7300,304
757,388
16570,19
18724,55
8943,459
8156,39
12958,80
12331,132
4386,275
21839,324
23148,17
24917,109
21673,67
8139,19
21057,135
8771,96
21103,65
9837,78
5468,304
23551,187
3643,370
13588,279
10067,52
23493,202
19493,56
23720,145
23912,130
4255,278
14487,477
318,445
13459,447
10247,387
9247,119
12093,361
20840,47
12359,148
5903,193
253,476
1249,158
13534,147
18751,65
20071,260
2710,128
20426,90
5594,409
24007,333
15469,396
15431,342
22753,122
13523,12
14971,397
13484,197
17035,157
16348,201
1125,5
4088,357
22513,97
17713,384
17122,425
24617,215
24796,472
2557,400
3169,257
24636,83
12937,494
15222,247
15875,195
4152,48
1463,352
3610,358
22164,462
2541,348
19778,27
8707,290
17050,94
13307,162
16491,254
14850,270
14352,416
22977,390
9278,363
6231,360
14612,465
10914,345
20123,159
9233,363
18956,353
15424,152
15969,197
8940,317
2428,278
5231,415
9815,217
12040,262
2033,414
2558,481
1411,448
10615,45
25,134
18981,424
18136,169
4888,311
17013,412
18623,200
12819,301
9509,214
9839,197
24818,162
9676,308
1285,115
16167,355
11938,477
19566,90
1043,186
19149,200
19076,340
22082,165
17051,269
20545,343
12650,409
7214,238
14271,191
18656,114
10180,12
21708,15
6022,132
20147,230
8400,118
4777,428
24665,18
16246,437
1937,45
23549,306
23442,470
5102,306
5675,464
16972,31
17777,305
18052,470
16127,398
2294,399
19755,294
4344,203
3738,407
21028,396
1529,125
7432,288
8816,46
6064,130
18701,186
20019,32
19653,191
6201,446
639,123
21633,412
20653,483
12057,341
3865,245
22895,89
6708,210
18249,116
16032,64
7255,346
11852,122
23088,106
16830,480
3544,77
24085,412
102,6
21968,134
5088,486
11825,404
11005,438
2506,427
18787,28
19682,103
17090,238
8218,408
20264,136
19800,178
23720,353
5232,211
19308,110
14138,393
6423,239
23645,379
10361,188
2675,181
14709,94
21203,379
7152,282
13325,194
21794,1
21800,283
6825,167
19563,20
280,211
21481,389
16360,445
23252,42
21319,56
185,399
3723,448
16037,323
10671,92
12463,364
16790,408
5819,283
22219,48
10464,358
11267,265
4774,292
22724,4
21791,120
5739,257
22401,343
13679,394
21558,83
20854,456
1871,368
14882,167
8985,375
21396,455
3478,478
16046,151
8581,313
4500,131
2973,216
11222,402
12757,460
23046,365
4523,114
17060,405
22068,108
10348,354
24401,333
24687,241
1443,25
6075,385
16722,280
23519,431
7238,98
7193,323
2317,17
1462,94
4950,338
10066,385
8141,231
7473,327
17757,410
21654,31
9917,346
8399,192
13984,277
1917,178
22411,212
8861,197
15245,240
23230,337
2617,272
23330,268
16689,181
23340,89
153,37
3602,81
3260,335
13238,206
23423,136
23821,454
940,210
23904,487
1584,39
15657,190
3746,236
15738,450
17341,48
21615,18
3958,401
6771,259
15454,173
14135,80
22802,49
9814,462
10539,423
9074,177
19202,433
10566,321
15261,442
6230,8
11358,95
3244,75
16619,491
7965,377
17369,71
6913,57
8661,84
10743,379
22102,251
20956,148
11962,366
3876,176
2652,378
17082,76
11549,130
5938,237
21404,321
8210,494
2508,210
21535,224
20118,223
5966,245
15653,214
15092,10
6027,111
18399,454
22002,113
5116,289
5269,46
167,292
7196,78
6640,406
24139,41
12753,275
5236,44
8218,277
16724,302
24416,245
21661,326
12319,301
19063,370
16465,455
7995,339
21492,215
5326,40
12467,274
16574,437
18804,487
14473,407
11329,191
16293,307
14275,22
14769,54
8784,361
17269,67
11852,249
10920,273
7710,354
8563,315
4053,17
23419,20
6370,478
19181,112
16805,338
4901,385
8322,49
10718,303
17018,279
5154,303
6074,497
15067,274
12757,257
24162,446
19924,423
16236,305
2923,193
13714,209
5557,290
3569,436
20591,154
22283,478
20139,437
20937,488
12751,432
6828,218
8240,12
24622,196
2950,300
8556,339
2420,496
24669,136
11531,325
23673,301
17979,352
21228,136
23533,301
17590,32
18303,16
3703,89
9109,142
16188,258
633,498
1246,132
8060,177
23788,248
6524,451
9909,142
15036,484
5482,328
3525,157
22226,195
13999,162
23551,398
21185,338
3381,315
17741,132
18856,201
19630,208
14453,472
11150,202
9473,133
21684,354
10375,419
24376,429
14435,35
15328,311
23746,35
23611,285
21636,377
3090,382
22459,367
12111,14
9373,104
24150,31
17282,127
24682,478
6689,229
15244,448
1451,24
24201,406
2081,211
5360,307
14203,406
4580,328
21385,198
20842,337
23226,250
15185,383
8907,245
24735,183
13131,125
19341,227
683,27
13660,353
8685,262
1002,423
6203,378
3492,483
620,118
3602,477
8336,234
24919,228
17382,274
846,493
14892,377
15123,93
7194,53
20126,86
20808,216
14394,266
12271,326
17309,307
3452,43
22018,175
9953,152
19893,70
18203,367
18508,179
14997,69
2160,249
7021,161
16913,334
17015,338
1030,328
16227,8
1860,167
11773,492
1910,66
24835,84
19966,382
11018,208
14483,15
17772,467
16794,303
7165,298
24844,202
8373,399
10050,195
21414,115
23134,359
6097,59
16715,364
12012,426
19489,56
19451,80
5375,6
1800,438
2449,139
8815,275
12203,481
24961,227
18858,36
13090,195
14952,132
21148,69
23823,327
6168,496
473,408
14420,163
19422,483
18514,115
24176,454
19906,236
22294,37
19893,95
3264,41
4240,344
11902,143
17913,454
17314,490
11884,126
22682,258
23073,159
22918,97
6152,157
17393,108
18827,189
13399,329
11582,417
19224,219
22275,372
11964,167
10435,432
21345,317
8378,399
16117,30
21425,290
20292,338
9980,348
15269,103
8199,16
7795,315
12529,205
8897,81
3421,29
24161,276
3530,437
9182,171
15686,391
14216,322
15015,398
5548,303
467,302
18933,186
7020,326
16956,473
5848,10
20626,405
20011,43
20456,154
4283,24
21126,279
2642,469
18075,282
2179,495
10376,371
21125,295
4125,162
1277,470
4651,469
9514,249
7782,259
485,188
9802,336
3310,121
22630,246
3129,330
983,346
21873,312
23444,384
10569,311
22919,36
12599,329
15885,6
4870,391
11839,9
6000,249
13427,57
18189,77
15402,275
6911,80
1517,119
22609,374
3000,492
12344,477
4222,259
18909,231
5699,197
10494,462
19282,225
21289,264
23556,409
22834,340
24745,403
17332,205
12966,457
21631,459
19406,337
18960,236
21561,481
13770,492
23699,39
6160,384
19632,202
1076,437
22966,143
15022,236
11982,54
2401,328
7967,295
1878,234
15725,466
12860,54
11593,403
22046,14
6559,474
7981,360
5139,217
6453,426
828,236
5917,308
13528,482
2085,83
15951,299
23242,490
23465,417
7764,374
23698,167
10576,120
8389,408
4419,224
3155,391
3941,117
17288,266
22668,148
6612,80
21996,490
5621,185
3592,73
6446,301
16560,348
16010,404
1384,322
24157,444
6195,325
18422,175
17366,330
18406,175
5341,212
9579,354
14144,60
19574,317
3670,65
20140,190
8625,29
18033,310
21078,134
23139,192
3500,44
22510,402
17442,176
8733,7
21261,122
11112,136
10449,263
21554,35
15439,130
6872,282
13122,252
18549,89
2413,375
23130,49
19935,53
18094,208
18559,99
623,426
4025,427
13476,69
8599,307
23790,436
5878,387
14090,105
15853,18
7023,61
22010,15
1549,11
23787,19
20380,271
23327,67
13419,345
24183,280
22497,426
17374,138
22374,114
16926,337
20966,299
701,80
11623,45
13767,348
9987,395
10677,242
9509,60
20284,185
15381,48
5572,21
19003,299
19164,358
6168,5
17059,283
11726,478
1769,354
12622,445
22348,137
3072,462
23064,175
9102,122
19728,358
10644,462
5763,71
16516,131
14473,340
24291,156
3319,450
24375,446
16399,248
12736,359
24764,219
22757,34
1470,168
8532,42
23780,123
9151,166
18616,357
4825,115
6685,148
14229,37
5662,151
8720,221
24414,214
17734,262
15684,461
5529,174
6478,83
15601,418
10028,317
20252,145
18650,314
17171,27
15166,425
6999,299
20583,454
11138,219
11348,375
24491,261
5759,160
14868,144
20676,39
371,271
14416,231
13766,498
1808,190
2167,134
17674,124
13186,344
16400,403
6271,304
364,394
24498,461
6486,393
7689,352
5717,496
4791,234
12192,333
1552,365
9547,465
16360,164
6012,396
22042,279
2610,354
3267,157
6499,291
3760,436
1526,304
10584,97
17289,241
2483,129
11340,387
24063,31
12560,188
8855,82
19025,72
7261,448
10660,189
19311,289
673,87
11948,101
6508,499
1021,192
17355,222
18667,487
24462,167
18513,2
2064,476
6629,175
2236,442
11186,338
18388,172
15267,433
1525,481
22764,214
17768,238
21492,364
8957,14
5456,272
21409,168
19134,59
10312,329
1536,497
12519,494
22850,59
19816,246
16739,234
16763,154
17025,39
17676,259
16473,291
16522,198
14939,469
15876,446
23234,111
17506,397
417,322
18450,78
9649,266
194,35
21607,115
6494,392
6068,133
13711,335
18381,432
2291,51
24285,165
23898,115
16704,301
10413,335
24676,220
21889,488
16916,67
14779,135
22882,91
17879,385
11421,206
11829,174
6641,125
22779,488
11678,176
4433,413
10228,162
9894,298
19525,173
15679,247
18308,9
11734,47
2330,319
13190,397
11922,84
4628,430
8298,54
18806,66
11603,474
9463,414
3289,255
10007,87
4434,496
15310,471
12047,256
19085,328
15374,402
20608,402
11070,294
1715,480
6951,335
17431,143
24513,339
12329,389
4224,476
7995,264
10157,208
12782,379
15143,36
10737,205
11832,466
5193,37
16353,293
24618,189
24472,238
2604,29
16910,352
7588,77
8707,19
11437,473
7728,411
11496,209
12969,344
16468,316
18047,272
21387,60
8214,495
19037,444
19316,259
1731,319
16710,437
13139,322
9974,126
17962,434
14320,394
20161,410
16235,306
14902,495
9436,407
22999,99
5183,325
18509,241
22720,309
14493,81
8911,297
21989,450
23754,126
7420,242
19633,245
11457,428
6489,95
5331,54
15738,361
16457,297
10513,359
19458,453
7140,233
2430,360
18743,371
9878,98
4754,267
21596,94
17728,75
18169,318
14981,239
5098,21
13096,193
2771,109
17325,461
8239,138
7868,306
18529,22
12340,197
16524,273
347,405
5913,74
2100,178
13560,180
17407,386
6017,310
22819,62
20483,335
11725,351
3404,40
23972,177
17292,485
12265,477
8497,411
18053,346
5237,335
11610,429
11347,367
15884,150
23936,413
21902,313
20574,500
8070,113
14370,346
9532,79
19618,104
5838,476
201,423
5283,36
13804,64
13110,312
17993,145
21767,380
4828,250
5939,59
13817,300
5840,301
10333,355
5870,480
14996,176
1265,374
5048,216
12771,152
14781,145
1780,437
24142,370
9472,235
20161,475
20122,384
24952,460
1648,307
21645,340
17108,435
4872,346
24115,431
18876,7
16942,168
12519,149
3410,251
18932,208
17041,39
17055,419
4021,438
21486,285
18507,71
20275,346
6148,159
11286,324
8094,229
22523,476
16962,138
11759,98
65,246
17465,54
12035,22
1721,181
23933,211
22382,168
4821,393
1450,97
14966,149
4677,251
10543,298
18527,404
17448,143
18596,393
5576,302
4619,270
19517,238
16824,332
20647,426
8099,97
9,163
17356,149
2267,8
13739,362
1859,255
944,46
21402,119
409,83
24084,472
5279,284
18129,402
7418,84
12008,299
1762,85
4866,354
16689,208
24852,274
22532,273
15511,15
2676,342
17219,446
17423,260
2941,163
23262,68
10034,345
23420,34
7668,171
8452,445
7699,57
3338,326
16111,209
14806,95
13436,60
14806,319
14707,172
15002,447
2253,363
22711,493
14995,351
6824,482
3804,15
18329,147
17021,152
14527,455
10282,254
4281,448
1373,142
17222,162
17653,212
17450,249
2438,163
2675,146
11102,235
6961,497
9041,320
13316,460
9288,146
7076,4
21660,221
11430,267
10553,90
2713,407
6995,59
14533,220
18168,369
8270,288
12230,244
23806,150
12882,208
8955,108
439,478
715,436
14771,162
3533,96
6923,136
6189,437
9923,259
1920,106
6139,460
21229,380
23485,134
2524,142
19731,495
17542,292
7162,118
22476,409
13012,500
4488,18
1693,107
22723,147
10510,447
4211,144
3247,425
18771,91
12796,455
16459,330
11822,208
9631,442
19455,203
21669,223
21879,225
4775,436
15957,258
11552,18
21478,152
24498,6
17080,497
13017,358
14440,310
8226,411
2253,158
20119,194
6402,172
15396,453
1371,329
13610,245
224,484
24989,271
3908,20
15133,48
9661,120
24832,241
16099,473
22129,152
22949,259
13909,27
18557,93
20703,446
24141,371
17498,252
5675,231
3341,362
16026,129
17040,221
22356,244
6390,484
7606,192
12119,267
988,206
19820,335
3431,247
6871,43
18628,60
23399,370
1896,437
23666,338
24372,119
2137,139
16529,433
18110,196
9811,469
4759,221
4981,111
21091,275
14003,134
22118,284
12693,208
8043,378
318,79
6516,436
15609,142
17899,492
14160,216
15660,481
11571,185
23571,28
2150,30
107,56
891,347
21264,261
3960,49
16590,302
16825,224
22149,88
4700,495
15464,351
16070,242
12623,58
21064,410
6486,396
5143,329
2057,498
23621,330
16703,421
14537,489
12273,392
12598,431
5991,476
12977,70
21572,379
8181,460
7911,326
22116,151
10751,199
23338,92
14547,135
14002,361
11771,252
7440,215
7164,426
24872,144
22800,470
128,472
17108,170
5755,196
13796,271
13573,211
17070,162
8694,227
11893,421
304,354
21546,468
21510,203
8185,178
2880,45
24959,463
9385,235
13261,224
17636,357
18057,277
16503,211
19176,30
22242,135
16268,351
10916,227
419,383
2229,444
10156,135
12255,358
13256,66
5266,132
13397,180
15541,396
15096,406
13704,443
24954,121
19718,347
6249,37
5525,32
9094,63
8350,136
409,326
17248,71
22949,169
1717,188
2371,314
15339,178
24060,351
11309,87
15948,63
20646,173
13590,378
13685,63
8267,269
24186,25
2455,494
9627,469
16941,28
7404,1
50,431
9341,216
11570,271
4596,144
14054,428
19048,352
2011,70
19918,4
1605,52
24949,362
155,330
223,462
6130,259
7903,156
118,430
22635,467
17227,22
17262,146
145,11
8025,152
24813,39
13494,75
8915,220
19665,61
13707,303
11491,420
18900,264
8896,180
14068,336
9666,215
14077,441
20712,439
73,445
9067,45
11352,294
5315,420
20405,183
2510,2
2484,136
6833,480
16413,385
9056,123
9993,322
2367,6
22940,205
8736,409
3095,478
21011,207
24418,21
17715,458
4682,178
259,456
16183,270
12875,403
12260,68
1487,25
2047,272
2335,253
18472,150
23295,42
16734,349
11403,178
10279,390
9594,160
4237,188
24258,202
20086,266
16036,269
13054,295
20720,309
6449,240
17229,152
5310,413
17308,485
4118,313
19660,385
6369,9
8826,62
7175,116
12319,313
10307,360
24716,323
18204,231
17279,174
5433,246
2280,72
16665,152
3908,108
18969,133
19913,158
16493,134
19314,113
16874,312
726,410
16697,285
14424,441
19742,350
17843,455
20054,406
24494,342
12324,261
21344,404
13207,20
20230,66
4191,443
24187,418
2456,381
23688,102
7860,173
23619,184
4192,24
5134,176
10436,19
8126,237
14502,430
12992,486
2270,256
11035,473
1875,288
12175,380
2278,126
9506,174
18602,403
11186,390
23927,28
2862,95
13563,425
16015,243
9874,404
10270,433
17133,468
2708,385
7883,36
20882,328
4126,318
23729,389
17883,313
2799,105
11482,445
11472,337
4135,342
11498,178
6189,132
19373,124
10334,124
23113,432
22865,60
17507,94
13908,498
15687,118
18783,318
12442,347
4031,447
15852,186
8748,221
1230,265
12310,478
8219,140
20626,131
8616,480
1078,346
24301,97
3505,286
15398,198
2399,39
23021,328
17813,94
13485,289
9150,462
11161,309
16876,28
20351,415
22854,363
5453,344
11581,165
13167,301
13751,439
954,126
1216,400
9513,158
2152,130
12515,329
8674,462
9226,192
21106,224
14508,323
17258,365
2847,330
11101,156
9505,471
6307,497
18356,216
24003,74
15712,405
14391,25
5264,117
18868,171
14218,7
8638,481
22309,209
20944,159
2630,473
5307,289
4575,270
15493,462
22213,388
15876,435
21328,145
3382,10
17381,393
18470,252
9849,362
18533,132
5669,105
16925,113
21474,18
24099,400
9630,271
9571,323
24382,402
4144,50
14745,258
24483,300
15727,280
23840,62
23357,267
23701,484
12818,218
20323,258
5323,298
7137,128
8487,117
14390,120
24265,443
15729,452
11963,274
7896,454
19366,410
7341,170
23989,311
8558,353
1809,81
17415,45
15553,288
49,242
21911,374
1811,347
6050,377
17163,180
15516,388
21700,491
8081,67
10792,101
19057,117
5506,429
3117,261
13085,321
2323,189
1187,87
17278,219
10225,309
16306,222
7932,376
1704,472
15627,448
20267,429
1634,273
4570,429
14198,432
738,414
21374,11
1385,55
5043,450
14977,164
22609,93
12103,325
18946,115
9229,453
9192,271
16538,375
10487,426
6659,470
18777,416
13659,117
17632,89
14894,216
2876,332
20458,181
13311,332
4850,334
19513,24
16319,170
20394,165
7346,136
3464,127
20040,258
9703,63
15784,477
12512,436
21834,160
8950,232
3106,380
17582,346
1921,432
15290,377
16885,456
24383,401
4750,428
7720,186
6878,322
2710,229
14982,15
15677,369
22250,340
21582,14
14979,196
8749,194
6027,121
20477,434
18164,177
19291,129
3198,406
14482,203
5490,185
7379,466
9996,338
13333,281
24529,475
2521,438
17493,135
10222,379
1940,409
10884,263
17439,209
5901,355
24291,84
10309,454
4544,295
15767,188
19509,69
18705,324
23880,360
11913,419
2612,72
12808,26
12997,358
7207,498
6525,222
7120,179
16615,213
2053,96
18549,391
4,309
12469,88
7303,487
6595,191
8799,345
7781,344
13302,393
23340,225
4946,122
7389,245
18327,82
21102,239
12205,22
24511,176
18024,257
2002,249
101,383
6623,275
3537,448
13874,174
7727,465
17630,421
23473,308
19473,299
21409,118
13560,93
518,130
3148,213
9110,268
16845,350
16649,247
1792,494
18353,378
23658,482
4927,188
21455,315
6094,332
6793,203
17289,251
16399,60
10242,85
22876,134
2658,227
6126,430
12157,447
16610,31
20241,191
4112,141
18794,111
17738,208
16964,57
2770,348
6768,306
2172,88
16974,53
23126,41
17779,498
8721,407
7677,79
18470,129
6799,456
12249,195
22946,62
9452,412
19293,14
11220,131
13981,346
22886,69
4542,498
2336,76
7183,23
23543,388
8759,229
3136,40
10612,178
317,157
11328,14
1767,275
6776,67
7398,312
8552,48
20745,200
15377,83
17976,475
7521,208
8250,33
22003,24
1537,12
14937,241
11534,211
15220,383
13089,91
10667,374
9955,487
22956,41
7831,241
8226,3
1551,34
15375,102
17094,483
2222,9
23150,388
2724,466
12997,130
11987,466
24577,131
18134,223
16293,496
9562,126
2738,178
15773,75
21138,341
6658,301
23458,278
11145,187
2151,51
1730,486
2525,126
10968,154
1961,158
7011,85
8562,50
8780,298
21180,399
3927,266
7338,260
4719,58
3551,353
23437,422
16878,347
7539,386
16246,362
17473,299
6317,26
8913,394
1268,241
13004,50
958,317
11448,91
12008,277
1987,92
10180,20
5050,435
9884,199
4235,49
21760,141
21810,299
13291,353
4137,248
7446,167
980,458
12561,301
1549,197
9412,368
17615,236
23391,217
1346,133
16783,10
6635,434
3152,212
14748,241
3061,181
19039,443
4608,190
3739,354
12589,414
23717,271
12067,362
21504,198
13880,484
20760,94
14748,429
2174,66
6311,414
2538,118
8998,339
14882,217
15398,60
6579,330
15511,357
23015,336
18540,353
561,130
4715,238
24670,388
21210,32
13472,33
10038,169
13879,276
4763,302
10316,21
12722,433
16381,95
3268,103
6419,498
11945,173
22479,45
3570,49
18531,188
9422,403
5758,486
10618,53
24258,151
12689,240
10596,63
2245,497
18084,390
6902,96
22816,269
11490,199
20561,248
20230,242
7366,135
16952,31
2919,269
12068,318
3607,193
14958,381
17696,404
8144,181
374,84
21975,284
9692,396
3713,387
3176,437
312,221
16574,408
13255,35
9184,30
6256,232
4299,353
3296,499
19428,227
12441,139
10311,184
20188,105
2532,355
19126,228
12204,218
21171,168
12586,359
12705,226
16141,352
8793,186
3047,19
23788,384
20893,37
14822,161
7405,235
20910,287
23967,268
8481,298
10892,376
13162,82
24426,51
1945,233
17650,403
5452,103
17095,258
10779,4
17521,378
10335,492
13486,120
4067,125
18816,421
14661,181
9092,37
20609,245
21500,182
8432,467
4181,433
7020,39
23944,255
7619,198
22870,257
20735,316
14083,150
14630,386
20024,252
13158,201
8103,361
14427,372
9897,495
19929,362
9682,372
21782,396
21326,316
7514,402
1282,265
12978,118
19309,211
5129,13
20340,278
17534,294
21602,243
11972,132
15966,245
1995,38
1214,175
5509,434
8980,201
13130,461
23517,309
7543,197
18767,193
16334,204
8450,118
5429,216
14845,24
19290,445
18871,214
1212,134
12620,468
5152,476
16979,465
19611,136
14013,105
21484,83
18406,15
14917,77
17790,163
2224,402
19139,476
20393,208
6581,497
4309,31
16809,138
12729,58
19865,135
4836,33
11108,20
7257,348
22500,123
19664,454
11063,210
2651,491
17406,446
6096,233
15110,345
13886,266
23215,495
22424,142
20395,193
1881,132
8953,310
7812,184
4610,424
12798,339
7792,228
24292,293
9533,156
2688,492
708,30
15944,281
20267,178
2280,385
13744,158
14506,386
15719,409
14893,55
4763,368
19593,35
20889,70
12391,120
14712,8
7133,450
318,249
5849,88
14354,418
8945,82
6428,142
10053,64
19656,381
7188,47
3492,330
24794,204
12129,299
2567,178
16502,47
3106,484
8924,373
2566,243
19194,196
18239,14
10500,139
20138,84
19765,294
16001,248
24671,37
2504,185
20834,292
23101,334
180,86
11478,399
10959,91
2126,358
21528,300
20146,44
11654,92
890,68
24953,342
10656,127
8399,472
2751,9
14209,18
12415,150
883,61
11769,9
2613,68
11627,352
17903,271
19248,13
3000,346
24992,122
19853,220
24863,410
11016,251
15971,310
14797,184
23123,469
10294,90
24102,256
12684,307
20183,410
7828,235
21084,157
6997,403
2533,159
7754,437
13534,217
12554,154
24295,372
22634,390
7354,146
22661,335
5071,193
8478,288
23663,79
7388,408
15294,170
10258,377
16410,210
4840,53
14968,334
13883,300
18222,129
17819,383
22903,287
9184,322
18416,28
10548,430
7962,239
19626,82
8538,3
10361,93
24988,430
16785,476
22732,499
17048,114
6197,447
20414,293
6134,267
2521,277
5034,69
15601,148
825,316
6723,284
22320,189
18583,226
8319,406
4763,455
12299,253
2745,155
3125,318
5879,427
11215,435
23710,378
13528,59
726,184
24150,343
20694,434
3888,463
19125,38
15643,117
7103,411
14889,470
15665,403
10280,462
16525,20
11887,258
6385,141
15786,147
21342,286
1823,430
13832,150
24773,277
9658,120
2917,260
12050,157
204,298
21363,359
9033,165
16569,6
22104,402
23595,469
10251,424
4789,339
21480,301
22173,7
140,231
3703,308
10965,311
18219,192
9020,164
9009,108
5771,425
11642,462
10566,193
11332,176
19017,205
13398,62
4701,95
3277,351
8381,94
8581,432
24606,46
5368,233
342,346
23729,367
257,317
16271,334
7301,386
10522,152
1364,121
18913,202
13010,442
12291,136
5933,370
7404,491
10091,388
22987,95
17759,43
9504,283
19204,94
18255,154
3662,494
7351,277
8415,460
4469,454
17024,425
13839,139
16644,4
16799,413
4493,381
23396,191
13462,35
3187,72
12016,200
481,187
23947,417
18150,164
24388,373
6951,64
2290,433
17162,233
6448,246
3609,85
13648,199
19008,178
16413,372
6479,341
6769,239
5545,144
2957,182
18799,352
18148,198
18378,436
11446,142
20592,301
21414,496
5890,386
2884,61
8795,97
18234,77
14573,80
15759,199
8612,306
1349,146
17234,187
1379,432
7850,456
8493,111
6493,176
21016,267
7796,113
3598,46
7645,372
16968,129
12101,116
7849,282
22593,331
23365,236
22799,207
966,354
23406,116
17880,13
18571,141
10651,162
4977,186
4297,481
24466,132
19928,69
5683,245
18157,37
19138,4
15434,58
13012,61
10856,76
20479,206
12583,10
13731,243
12123,342
4900,467
11245,238
10698,384
14294,171
19029,409
18372,349
3903,456
10463,105
24518,229
1642,8
3058,249
3312,134
1790,409
20062,353
21918,53
15242,350
22449,165
12287,193
14144,418
12892,246
6872,61
21304,243
4983,247
13252,294
3747,392
2105,245
16759,365
420,414
23805,483
17262,196
22034,136
15101,149
23104,453
9802,209
14786,180
235,90
6533,395
12357,359
1054,73
19102,165
12149,222
8693,89
19817,395
19202,456
7344,252
12879,306
12601,205
9773,125
24253,469
7696,419
5987,241
6995,142
13856,398
21559,66
14762,311
24983,41
6546,161
20976,337
19711,217
22568,495
8422,292
24675,443
2097,26
16092,311
17935,307
9323,350
14852,371
2635,493
20496,126
9589,409
16737,427
19772,314
24939,421
18147,349
10439,12
22474,388
9531,329
9070,500
10891,87
9527,218
20337,298
15140,324
2610,16
6450,422
101,280
24884,337
21244,263
16416,150
9865,436
19910,60
6770,180
8089,182
5432,193
15902,387
6947,204
7889,351
10541,357
17021,217
4443,23
3518,489
9620,52
23078,410
5364,374
6238,345
19125,399
5564,27
5211,117
3002,369
11060,286
15241,398
16175,83
6781,465
16295,336
1061,267
8618,65
5937,218
15819,370
19322,41
7473,424
4973,1
14533,81
22391,255
10999,266
2156,442
1235,221
13383,332
18108,165
4280,177
14660,78
17687,64
4558,190
6022,105
24367,320
8206,357
1823,64
5702,238
18481,342
11104,297
14048,126
12818,337
19080,307
9375,437
8371,351
10259,290
70,402
5626,438
14943,437
24887,104
14370,158
7956,448
21963,368
23153,407
15427,198
7531,360
12536,123
20435,265
2112,275
14631,46
15006,285
22720,364
9099,63
16564,259
18780,156
2558,475
140,322
15883,70
14463,349
12937,456
15377,336
21133,59
3063,204
13732,62
14123,348
10892,393
10375,320
18957,279
9357,411
24361,26
5699,78
22383,302
14060,369
9555,235
15577,40
17977,437
17766,455
2744,130
19513,356
23742,158
10664,231
24694,104
301,324
14628,262
23299,470
12796,406
529,482
23551,194
12095,409
14042,4
4965,417
14940,254
19274,99
5318,216
17685,189
14560,336
17634,154
10411,433
11038,220
3651,52
20401,239
9697,471
18319,128
20833,159
1871,63
8429,240
13596,366
8332,349
17311,407
20973,400
13622,165
7757,437
9978,303
8197,226
2516,39
4039,94
9155,352
23490,106
1763,99
10750,78
10549,292
12212,457
7976,176
9841,341
19372,198
10114,137
10688,17
20737,457
8721,302
13030,270
921,454
15163,320
5806,415
4050,186
23391,350
13340,258
18197,123
7287,138
20924,498
15438,368
12894,54
1098,69
16261,155
4471,8
7148,495
19922,446
19792,210
15128,495
16895,198
9560,13
13429,386
11831,328
21416,254
20231,483
8792,422
7661,124
20287,446
1206,139
12623,203
19397,148
20869,400
24485,497
474,271
16854,64
19752,97
23980,152
17558,377
12749,213
14330,162
13334,374
21544,32
8949,486
5756,484
24776,105
1190,329
540,40
2231,8
17658,329
3545,387
12999,5
9258,136
4343,436
18111,60
841,100
8182,36
20372,287
7704,329
6508,14
100,271
7995,177
16219,218
2154,111
17050,4
9211,191
17737,232
24781,449
9003,64
1609,417
4717,415
18595,270
23385,63
15485,56
13728,425
18027,429
24058,306
1592,358
14805,162
7979,457
10053,385
4022,68
3414,354
11264,235
12058,309
18535,262
2694,310
5670,482
22152,403
18433,189
9599,497
609,111
23343,228
8916,274
7825,334
23905,364
18841,62
21746,14
12006,131
5121,445
21366,27
4445,368
4510,164
5034,49
12679,256
101,396
12254,112
18577,165
11463,48
20183,37
1320,317
8766,229
3737,89
23813,202
4968,384
20133,268
24335,264
1224,488
16248,112
2398,399
10773,310
12675,158
6382,423
16346,240
3568,360
8867,133
10668,104
56,78
6045,71
6901,275
23459,452
6462,82
2463,291
6210,45
7538,53
9208,15
16638,219
9233,27
10999,95
12352,154
17444,352
15290,74
19563,204
17258,227
19921,258
7808,79
6189,212
23287,179
3352,276
10014,97
18410,193
11811,302
2904,381
18576,426
10090,458
7969,462
13336,140
13924,16
13005,241
10780,233
16257,390
19658,219
10118,171
18021,155
21529,221
14702,85
493,179
12071,67
2775,447
14939,277
10994,199
387,155
8636,496
10381,62
10180,143
4350,5
11502,253
15525,337
16979,307
1207,49
21294,473
24886,464
22298,437
14060,7
11345,355
9909,405
21782,92
21688,345
23678,352
19509,449
19115,142
15835,227
1072,357
20421,32
2075,58
10862,499
12075,449
20123,227
24552,394
8820,480
7973,473
21288,342
12308,138
9217,63
17603,157
17659,20
3312,24
11174,154
24512,50
10673,380
9878,30
12793,167
23123,28
5684,91
23945,214
15974,271
4287,265
19315,83
16366,335
23988,294
2301,404
13862,349
8789,374
24670,359
6297,433
12148,209
9973,51
8109,116
21456,136
17188,131
11231,148
24108,318
10095,61
12297,145
14050,24
24923,46
13779,340
23905,282
17137,281
20563,416
12656,158
24878,58
14673,74
1399,247
5382,500
14496,239
1230,470
2976,432
492,296
2219,196
19934,319
17325,427
11347,409
19261,106
18080,364
24169,495
12260,267
14898,10
19550,141
8125,175
17244,359
21369,243
3235,216
24249,341
15286,500
14933,323
18475,222
6976,18
10068,488
5545,20
24437,389
21837,211
19137,329
4527,224
19097,210
846,181
8519,431
15362,248
18245,88
10348,319
9323,23
3784,234
19840,460
15269,186
13997,205
17263,124
18056,316
22564,48
15688,263
24094,191
18590,9
21631,397
10306,485
4329,331
22398,386
19193,448
1817,314
23705,373
21496,45
6968,4
3205,410
23257,410
22711,367
6810,114
20506,338
1078,16
11731,271
5094,178
6435,141
6170,122
5851,314
10082,428
9817,160
15958,259
16512,416
24808,281
7155,378
21109,472
8674,60
14299,423
10590,281
20920,493
832,482
15602,364
22470,492
9387,130
14716,323
1775,35
2319,253
9940,435
18281,275
17883,490
7101,400
11974,306
5151,308
735,461
6785,264
7183,407
11437,111
2736,447
12538,71
17799,179
8095,353
6905,427
6194,334
24808,121
4038,213
23236,445
15153,354
24300,65
908,385
13422,199
4962,109
7123,422
19136,56
2786,105
4771,320
10959,340
20453,36
1461,244
2294,402
17220,418
15489,102
23432,442
10366,488
8187,63
6008,136
7314,209
12667,134
14987,435
14311,438
16093,429
13374,340
18200,468
17177,197
21060,457
3143,29
15310,416
15180,492
1234,313
23250,86
9300,467
9598,179
16074,169
24931,493
4279,448
5144,470
10745,339
17786,326
18361,332
10818,370
20293,132
4633,104
2919,253
11559,128
7867,190
22604,22
2870,481
14862,479
18871,251
20718,126
12409,104
6554,262
22453,341
16823,133
7106,292
8980,104
11230,68
1979,362
16636,263
4444,184
17337,239
22107,173
8387,440
1564,311
20168,454
5195,266
15538,496
22414,372
3108,212
17286,288
8161,470
8096,434
4057,308
9512,339
24083,51
23589,326
13254,382
23267,319
3084,497
2569,474
15807,78
24900,16
10587,327
24736,325
24238,151
23121,117
7404,196
24416,343
1161,453
9851,423
18218,142
20516,301
9182,5
15968,79
16161,469
7106,211
21552,95
16159,88
15773,257
10523,259
10019,56
2336,215
15137,456
1323,301
21531,422
16269,145
11376,271
7161,92
17285,188
7401,280
5880,474
5510,426
4914,131
6852,285
20217,51
22846,370
20918,76
14597,37
21133,298
14464,212
979,146
17961,161
17014,469
8042,337
5538,48
5861,133
2719,376
12148,431
8003,373
1494,418
1473,141
702,65
8537,482
22400,86
8511,494
8567,28
9590,179
19762,320
7065,113
19565,397
16974,135
2113,413
3505,53
22114,469
19662,49
2085,346
6032,210
5677,88
3215,332
13803,315
22547,219
19870,191
100,310
10933,228
20149,378
19510,274
10502,457
6208,122
11631,53
13794,489
23723,365
14442,435
19659,485
2008,251
19882,22
7008,74
15140,442
16028,258
1611,491
8569,384
14220,185
24476,42
90,398
1736,57
17808,241
3316,58
11903,304
8223,63
8336,469
13641,300
6241,2
9987,297
1698,174
16766,97
9107,416
13191,124
22232,477
9625,407
1095,37
2309,373
127,491
9107,376
7359,60
6850,249
19485,435
22663,174
14420,317
2893,150
17056,347
18435,121
17245,97
15818,237
15653,83
20806,213
7925,29
1158,162
3533,380
9991,487
24680,83
18299,167
1272,17
18577,383
15952,218
16422,396
10335,365
18510,444
3247,123
17558,350
2527,18
3727,365
1219,184
14874,290
17632,392
12414,242
16102,436
8946,496
14525,286
7953,63
16363,438
15672,50
3289,491
1641,446
935,59
6539,194
8591,394
22857,308
16763,414
24704,392
18200,309
1601,156
15719,34
21134,86
21995,8
16878,41
18089,472
19284,220
23801,290
22795,316
4215,163
9985,63
20024,483
5662,130
954,442
21966,453
18313,285
17931,258
13884,223
4705,293
17492,46
22385,411
19767,462
24623,431
2167,129
1633,497
13953,500
24863,455
7185,438
15427,104
18625,449
11785,196
22143,84
3852,42
20494,291
17620,412
19105,69
22084,425
19523,233
13098,146
13392,362
15375,170
23336,27
20553,272
15863,4
18739,274
7041,186
8861,177
13526,341
21208,92
1157,106
2240,460
20336,278
8980,474
8975,388
16250,196
7000,75
17877,321
8899,5
139,360
21665,209
11810,401
17930,356
16638,285
10456,249
24030,139
22608,332
4096,441
3617,96
10282,427
24921,31
23759,429
19350,345
14455,140
2959,428
17604,269
12349,258
10626,467
16128,115
13917,383
24345,185
10793,118
9425,329
23785,21
8605,264
6881,472
24370,394
9336,13
8655,430
10075,231
22641,307
16132,219
13711,253
24944,165
7708,334
6430,273
17836,7
6175,249
4850,232
24088,244
6194,337
11043,319
17403,437
8247,475
9436,28
10838,479
8494,396
14796,437
11310,491
9413,363
19487,155
21681,130
22022,38
5375,464
16348,21
24836,123
6824,364
7103,318
20171,253
24735,355
20210,345
3229,430
17056,249
11677,55
22302,420
15370,40
2092,395
21810,85
15274,41
4727,305
6764,396
10077,73
8138,48
10351,464
17241,268
4065,13
24642,358
10345,278
4470,255
7567,218
20746,487
16512,263
87,340
2770,462
18476,402
13837,457
8410,311
6881,4
22053,231
68,473
2777,280
24688,294
7777,106
19623,27
11349,224
21794,363
17140,147
23332,246
22177,386
15750,44
18551,419
4499,419
632,116
13510,496
23946,199
11574,160
24010,139
8316,396
8690,404
19444,310
14800,470
2940,377
23627,251
6310,347
11849,199
8282,391
21316,314
20228,6
21608,33
20362,460
24462,90
13442,328
20137,441
4431,304
22796,465
5447,238
13720,401
11547,266
23726,189
6803,55
14628,213
21588,154
2618,472
15220,302
12420,56
24097,94
848,316
11832,392
22488,64
11496,384
9955,319
4134,154
17515,382
16251,82
13809,149
22640,17
18428,133
14306,404
22693,50
15950,351
14185,493
6959,159
12656,225
23915,110
21651,6
11059,268
12296,271
17743,320
8041,310
10714,287
3684,458
16921,114
16098,200
21784,348
21007,241
14191,131
22204,307
22987,171
18876,115
20694,494
15461,411
23179,247
24146,142
24134,493
6924,441
4735,28
6487,129
2900,305
10398,102
13767,54
21057,468
737,231
14527,440
2659,256
10591,253
13111,399
13381,257
7869,186
4232,468
4667,129
16213,192
3907,251
2411,62
11619,5
8816,95
11663,346
438,98
13542,483
14857,47
20689,220
6617,73
9415,97
16670,461
5075,479
24370,94
13180,410
19822,71
5071,190
24019,427
12207,480
3078,60
11575,304
14791,344
12092,46
7292,311
11270,25
16761,241
2979,352
3637,311
22279,304
11978,472
8991,47
17388,257
20634,196
5636,230
24895,61
2382,278
15319,279
10481,99
16596,336
11059,102
2655,274
19298,329
18222,337
12012,249
6895,221
21673,441
16572,144
12036,462
24525,499
22422,107
18209,62
4242,416
17343,461
17432,219
5902,356
7419,431
6237,85
19302,299
14097,1
19799,240
5104,156
6667,31
23515,102
16069,355
19169,257
9354,412
11066,145
22551,160
9878,295
5750,266
13919,365
8051,276
11748,499
1891,250
18189,30
9161,112
4694,355
10307,485
20558,258
9981,72
23112,154
14862,127
22863,136
9737,243
10830,422
22812,267
4877,46
14796,305
1105,406
15286,382
23663,471
8030,19
23000,433
9944,279
1827,70
3563,25
129,151
13640,319
19769,386
17191,13
10894,400
23914,72
1562,345
10988,256
24806,100
13971,335
23659,259
7037,271
20996,159
12821,78
3824,120
9399,465
5074,430
14801,374
11653,274
6051,54
7009,155
8373,443
3424,190
12873,4
8427,435
7591,363
20918,74
24791,81
18273,287
17941,263
7731,412
5182,83
11283,438
4821,435
1833,174
7723,82
13025,294
9398,497
18178,73
10432,84
9426,326
20485,82
2141,294
214,475
16090,26
12004,267
19327,182
9450,62
12677,226
161,239
2685,219
7525,394
19927,49
894,393
118,84
24749,255
6499,299
10862,448
1565,417
23566,311
23814,53
6544,72
18282,304
3315,313
4847,59
18748,474
11687,490
15932,346
10234,6
14153,15
13128,393
17465,470
1260,127
8194,351
181,398
11773,358
1391,102
13807,327
7128,44
12620,235
17567,204
5894,247
3050,113
24457,204
2541,108
15329,160
24774,62
17072,451
24046,79
17213,57
16049,261
10300,383
13095,169
7193,92
18450,174
15038,301
16249,210
10543,427
6400,253
13990,4
19548,274
11298,475
8185,445
11022,171
5994,106
7651,409
19454,468
6871,347
7692,99
23784,448
3128,272
13784,27
17011,10
9818,34
3613,323
7677,196
12162,101
8662,289
22500,9
15799,454
24601,251
15424,336
17759,434
4705,279
15912,295
18224,124
11059,421
10391,225
16947,381
23665,163
13186,302
17238,443
8137,68
24266,42
7492,144
22044,53
22413,58
14754,443
17283,481
15980,30
13958,481
17864,145
10029,42
8909,175
21365,13
18262,88
15035,425
17888,371
21866,5
19815,483
11672,58
24710,276
9394,280
18443,296
15436,282
16178,415
3782,44
21597,112
23097,15
18968,235
20381,9
18963,378
11165,447
16893,60
16793,358
20154,312
19911,92
22637,90
9370,69
9051,62
12506,146
18453,161
15995,201
24787,370
24463,257
23641,186
13356,17
5825,317
13532,306
14257,434
5146,37
22242,268
445,269
2749,319
960,9
10167,93
24125,24
10486,109
15898,355
9042,89
18822,421
11762,131
20823,443
9533,348
7842,2
13664,264
11764,3
16169,410
14771,90
857,418
6363,335
24107,36
18052,47
13926,224
15428,449
6151,201
12000,500
21368,377
5868,310
1391,308
11154,302
10570,452
23819,329
760,295
16570,204
6409,376
18623,499
19625,446
15043,388
4843,290
2067,373
534,123
6216,230
20164,410
22990,104
14980,19
22488,264
9683,421
6341,322
9,288
7369,193
22390,242
12154,308
13342,405
4992,181
3148,218
767,2
10403,189
10032,187
5669,135
20068,337
10939,484
9162,410
15104,28
5616,262
3424,243
6268,133
21666,226
24931,93
23302,62
2241,134
11345,126
9445,179
19478,176
12882,156
19799,459
8713,57
10779,485
9261,464
9284,251
9255,371
13313,10
24279,286
8832,23
888,196
15044,412
8919,110
10382,16
23414,268
11854,478
16053,449
5304,453
27,123
14281,89
2004,107
24725,449
5113,72
17552,11
18980,427
19693,356
15787,94
21140,458
23030,192
2637,476
8017,419
720,431
6668,190
5904,428
8925,27
14051,257
17312,181
9822,228
20948,279
10577,301
18887,383
2448,97
13556,437
16602,406
4760,122
9660,272
19419,105
4023,486
17700,285
14938,406
7043,446
12626,358
12536,141
2998,435
2943,415
769,489
737,472
7511,200
24651,175
6294,220
22035,334
2068,242
10418,36
14507,408
17354,207
652,131
7052,302
9136,463
912,208
6713,78
24883,58
16287,129
17643,305
15904,313
16989,445
6519,199
10727,67
8155,65
8820,62
4820,157
22198,301
19682,187
2388,85
7306,402
18418,174
21962,405
9237,183
8471,137
5120,267
11771,345
7385,357
904,241
181,333
21816,135
6539,178
24593,437
13105,327
21005,135
7249,216
1491,277
6173,253
539,35
3250,8
13598,155
24394,149
19948,162
22237,423
11983,455
2336,423
18838,53
5400,356
16230,465
8592,383
1569,261
10149,113
14801,479
9379,462
24244,103
12023,55
6252,337
17179,21
20180,106
22143,183
9619,184
3948,75
13766,115
17364,226
2986,41
11451,49
14064,500
18046,158
8086,217
2683,483
7961,198
9966,244
15104,300
227,161
23906,256
24561,41
690,202
11906,321
14552,397
2273,8
1591,120
24043,147
6794,232
14177,158
12226,38
18539,122
3920,425
5340,284
15043,131
8647,270
6816,121
10390,78
16451,46
19097,480
17644,463
23756,112
2112,470
6012,310
22975,478
19393,102
4124,409
3668,33
15491,456
19030,128
4989,299
22656,428
9352,57
2348,388
12885,190
12693,167
11544,380
700,291
285,3
16203,491
24,287
3109,295
13058,169
3948,196
2636,33
24402,299
18815,22
6666,130
11546,355
1312,425
24745,342
12669,329
9187,389
10945,312
23591,46
7968,104
1389,379
9479,440
8423,221
4003,54
766,425
17600,29
20783,158
16109,93
19427,453
2496,18
14658,17
8184,190
13553,433
23853,155
8370,238
20482,121
16007,336
23193,284
11639,267
15615,344
13858,177
14896,496
19072,306
6386,202
18317,311
18334,401
13406,20
17087,80
18797,86
17835,397
1,359
14344,51
23838,210
21216,365
6837,267
18736,25
24935,194
957,181
24360,194
18918,322
593,480
829,417
2181,432
19238,292
12466,368
7563,129
13598,244
15787,360
13781,100
2748,173
23705,79
14453,307
9695,331
21041,463
9495,229
23054,9
9338,276
11129,372
10463,333
16155,375
21615,52
4567,427
15026,146
16630,207
1043,320
4801,229
5953,203
4317,400
1716,442
19995,75
15192,87
1591,300
5212,462
19184,161
227,71
20996,378
14368,212
7654,460
4278,83
1843,180
11169,326
10553,165
9336,320
20016,370
11790,366
18441,208
8315,319
11176,117
11086,85
12757,297
12278,350
2660,295
23518,120
11535,359
15768,435
13710,189
6344,41
8220,218
628,13
7819,405
24012,312
6660,275
22892,159
16234,49
3578,23
3388,276
7199,41
10847,154
428,174
11688,314
2713,116
10219,208
2407,194
24189,96
19169,6
12839,45
5686,365
19056,350
24326,490
21145,472
19882,101
3634,19
12848,11
21261,197
506,303
2150,245
3927,342
23436,373
1772,66
12568,432
2555,208
20563,130
21434,409
13840,311
8123,266
8332,448
13411,77
12497,226
24326,335
14834,461
23432,134
17668,433
13122,438
11609,81
3322,12
17819,5
24495,361
3172,496
3153,352
9994,176
6628,351
17944,308
1624,147
9870,181
9116,473
21737,393
21965,466
18087,141
17193,423
8755,314
3617,194
20379,89
17638,389
17419,300
23725,100
5956,3
10700,407
22169,198
11657,162
18116,304
12016,335
214,72
11444,125
15158,230
9307,407
2582,337
2817,309
19674,75
11900,160
15629,71
24309,405
19317,395
14250,468
15382,324
15910,206
10428,288
14580,426
649,331
13756,110
2131,105
4820,325
19278,26
12915,283
618,159
10788,221
5798,455
23633,394
22338,274
18061,101
11044,55
14530,395
7877,474
21054,409
17781,348
13802,268
19749,396
20700,281
16426,469
7402,403
22537,383
24194,81
22369,184
14050,119
21431,173
210,254
11781,349
14918,495
18458,73
23228,452
15773,102
605,176
5089,5
18338,282
423,429
13453,355
24182,369
22915,171
1284,365
23387,488
8657,279
19896,248
497,147
10356,103
12328,489
14363,89
9282,86
8077,500
1215,326
14109,104
659,74
2069,71
3659,261
23125,81
18528,483
14605,218
5666,295
10814,214
3425,419
19638,393
8976,89
22532,486
250,496
18433,80
19883,247
7681,230
11556,5
3352,400
1408,172
17545,231
11433,445
7728,469
10839,344
20086,252
3327,447
18633,394
7075,24
6596,214
10330,240
13924,302
23404,363
10078,404
17237,114
17275,286
12804,92
15430,37
4502,316
7986,44
7400,248
1863,397
6583,118
6971,47
3659,153
1105,154
2268,344
15266,268
19065,120
19194,88
7447,321
20708,206
15298,12
23604,488
20550,315
8673,349
650,271
18910,166
17827,286
24906,451
9314,352
3211,187
7145,271
7836,378
19639,400
18812,387
2520,403
15205,375
19530,113
13534,288
16903,260
18449,411
19303,411
19101,437
4309,15
20140,435
12226,106
18344,438
23364,473
21902,481
9215,227
12416,366
6187,32
12211,402
24173,457
5549,499
14723,407
8115,299
15378,423
3863,179
8301,146
12386,122
10733,83
24271,394
3373,390
14332,134
1652,308
8393,83
9328,193
5874,132
22407,222
7506,344
19030,263
5786,117
6643,100
3323,450
10201,131
8573,89
4554,346
3904,462
18606,391
16699,396
105,29
15754,278
14699,36
20036,203
813,132
13549,233
24175,494
47,482
7902,179
20255,352
23135,381
312,444
23779,352
22170,337
11952,340
24662,244
11765,327
330,108
3909,393
6384,22
1059,379
23142,152
20368,143
3943,4
8078,82
3169,486
7151,413
1231,286
6025,115
17114,455
18943,366
4996,151
14833,455
2130,415
23305,214
20690,229
14938,169
12698,232
3546,494
9228,188
8763,425
6142,104
10203,337
14323,384
21324,486
21041,145
7156,464
7913,340
16619,90
20350,92
16847,268
17943,365
15164,25
2121,312
4844,364
7785,187
17123,382
4167,110
7396,78
366,323
11102,377
12891,301
24244,259
12149,433
3707,229
17543,211
2615,328
19014,335
2694,460
11823,136
14188,486
24994,142
10492,254
24744,90
7436,80
10135,53
14965,384
21549,22
19021,311
18926,453
2590,209
5282,435
15130,481
1485,388
18122,344
19073,262
13136,80
3027,291
11764,147
16913,328
9676,481
23523,363
13186,452
23635,253
6534,252
15443,329
18387,466
10145,10
6809,9
13984,257
486,384
22272,85
17765,366
10428,41
11641,176
3962,136
8073,452
7360,210
5220,357
4966,56
11805,470
21269,14
14449,438
15218,384
21939,444
8118,95
4387,424
23396,310
873,216
10687,491
9522,6
6600,430
17760,291
7627,235
15669,196
14909,469
13891,203
4568,449
18111,92
3608,441
15496,69
12362,484
4593,320
7615,459
14909,211
16927,43
23505,1
11341,377
11834,322
5508,82
12906,261
105,328
14456,400
8614,278
3608,491
22593,235
19680,227
4486,289
12818,493
23857,303
6992,462
10470,130
18796,25
5593,381
18521,316
20842,81
23798,499
10561,5
14721,369
6068,65
2079,6
19116,137
6317,485
14926,459
15887,71
15716,156
11647,399
1574,269
8823,312
11302,319
13599,492
19304,319
11353,273
15051,127
22868,286
97,144
23405,130
12395,386
8801,76
20128,24
835,72
6593,464
20871,102
11046,38
20849,417
16111,307
8561,75
6680,70
8415,135
10894,177
233,256
15399,39
17145,372
12364,312
7860,261
6215,52
1739,130
4664,266
3161,28
22361,466
5106,161
11603,15
10944,496
8607,105
8854,255
17939,394
24161,234
12864,154
6016,254
23193,320
1143,175
22932,493
6767,489
13486,123
4976,159
8048,344
22255,132
22578,6
3402,184
24709,18
17856,18
18906,138
1146,344
17379,276
2570,262
13139,475
6029,357
12499,13
21555,437
5512,255
9267,184
6395,44
9838,291
6712,92
8946,87
18443,278
14217,119
12517,122
5585,297
15645,269
12833,297
18448,196
10020,108
18999,419
13675,146
15810,73
20786,458
15179,372
22607,90
12306,79
5667,448
1303,339
7611,361
346,114
13072,180
2741,219
8541,60
950,226
19020,136
10662,80
19094,233
1139,461
9083,314
2107,497
3243,160
19652,344
18350,172
17834,90
10388,151
14215,344
1315,426
2776,239
16807,155
22560,465
22953,177
329,42
10654,402
282,419
16695,24
1980,118
4268,441
1402,465
837,48
13132,458
6117,224
15202,357
3128,68
11399,152
9703,308
12713,379
362,171
14485,181
15716,336
24354,162
19392,293
4368,3
13983,251
17909,128
20818,207
17754,217
20956,481
5909,359
953,455
10848,332
22138,323
14309,256
14814,375
11002,318
19930,352
16539,111
22612,225
3507,82
18317,173
21140,230
8673,66
22435,190
16753,404
21954,1
17077,282
19154,174
989,236
18029,467
6470,185
21447,485
18485,199
3177,396
14515,147
18887,52
20235,447
7827,403
9165,347
24767,341
12610,236
18442,125
14341,341
7231,220
21826,414
15026,369
1050,455
6283,174
1301,138
8101,439
11395,286
12536,256
17674,64
22084,446
1318,460
13550,246
9656,115
18822,205
19550,249
22389,414
14337,262
21088,322
6462,471
3415,19
24260,16
18120,444
17775,196
1516,239
944,148
8119,101
8697,424
24604,343
24547,97
264,466
18107,493
20158,398
6204,394
11913,386
16227,7
8326,35
22359,463
13584,162
10005,198
22475,123
11903,252
1847,100
21496,108
11950,318
16624,63
6965,390
18779,113
6050,99
12242,86
11075,453
22784,450
740,497
22401,301
3237,390
24424,374
20724,134
16871,58
23769,185
10046,386
10556,351
7530,146
6989,196
11225,129
9640,466
1396,117
20850,53
10739,458
23617,61
16784,352
11305,58
21032,147
15717,175
19630,31
2921,30
1907,319
12414,478
23035,52
10440,80
5770,69
4349,57
7161,91
2852,303
9154,371
9785,144
21748,366
15254,339
8445,173
20521,473
6157,406
702,483
17677,163
19385,443
19871,178
13489,354
23783,116
5481,159
14538,485
11312,108
12660,311
3447,343
9017,396
9130,50
6968,109
14789,232
20525,416
17172,1
5119,108
578,416
19600,413
15998,472
8281,267
24471,445
10921,347
8965,386
2818,396
20165,248
18523,426
169,18
14105,221
19071,417
9642,42
23144,395
10380,2
5358,405
16203,104
4060,159
2911,382
22275,86
4896,226
4450,167
8501,383
3782,493
16158,373
408,67
1824,311
7393,219
23085,29
18193,93
276,21
23643,345
21292,11
12099,194
2804,109
16677,416
17096,429
23130,393
13260,250
20850,355
20389,441
15279,93
4507,138
11066,340
7055,84
5772,30
856,481
848,490
2737,302
16660,63
20079,172
15405,80
2626,355
776,196
19882,315
15714,405
4464,382
18999,74
21598,283
5447,182
22429,294
17406,221
20133,51
11913,167
3952,410
10796,59
23186,228
9402,96
19860,186
18242,184
14496,327
22958,283
18902,407
15017,350
15359,45
4501,336
19974,110
1930,99
8962,444
9413,442
21862,42
10294,383
22521,202
23220,361
7725,444
3132,24
12528,353
5213,236
19052,407
18031,67
3637,156
8114,466
4314,429
10114,226
3156,153
19219,287
342,52
20216,354
4474,367
9792,363
21679,212
2114,186
15219,241
8522,428
15965,365
5801,150
12631,32
10618,106
19408,315
6638,430
6420,22
6823,276
7202,396
2481,278
11689,236
17987,194
12137,225
2867,17
9008,488
5075,327
10678,283
9761,318
16321,144
15851,184
1844,126
12370,10
11827,359
13451,65
15680,336
5796,178
10108,149
20381,364
19377,438
14818,255
19184,288
16704,303
19013,483
24419,349
21006,308
15614,147
11346,29
4818,117
14970,132
8308,485
24054,198
12040,466
5915,313
2608,306
9319,98
8224,203
3054,354
6052,379
21661,240
17963,154
7913,107
16414,198
24688,222
3313,343
8619,85
15699,53
16349,51
2286,276
15570,335
18867,285
4742,102
3294,162
15567,479
2023,324
2483,137
19111,132
11149,398
4572,412
12598,157
14601,18
16999,124
19269,241
10217,171
18995,233
19856,259
20451,197
1301,353
11216,119
24796,223
11650,21
21384,53
14926,164
1916,161
20034,423
20872,251
10913,426
22300,369
23471,287
5070,78
22241,82
17687,477
24709,89
15999,209
1894,354
12726,399
24475,254
10541,418
9644,449
18045,499
1334,354
24823,476
8200,180
192,295
13531,353
23927,277
22352,264
6605,425
11185,320
3576,483
1205,98
20283,365
486,456
3256,433
15993,256
17515,91
4119,479
10432,324
904,420
14817,391
10481,435
18392,416
21364,434
13100,252
1166,20
5721,257
10555,435
23954,350
18211,150
23453,374
2268,251
23447,9
3557,495
16014,383
2021,406
6892,260
767,124
19801,207
20287,352
11335,224
11202,49
13805,434
18305,189
12038,301
23259,127
5654,470
2695,274
23851,50
4807,341
20233,327
11556,6
14927,403
22957,210
10572,116
23694,259
6739,270
22558,79
20396,462
23526,395
14900,131
24859,437
3963,322
17136,142
1,89
5171,143
9264,477
11255,105
16434,150
8241,101
23882,29
19363,263
7094,21
14920,205
11688,436
6948,439
7200,30
16046,21
10427,169
24667,27
14592,269
1906,417
1052,274
22356,427
5920,30
17307,374
21365,242
15444,400
18368,461
6612,245
14897,67
1474,308
3721,150
2299,494
14769,99
10990,491
1011,156
15037,493
22104,449
10480,379
15715,304
14390,83
17369,373
20151,371
24771,323
11729,200
13967,172
5320,273
7215,206
11494,305
307,458
10140,162
13301,421
2799,195
22185,34
461,132
5912,323
17687,25
15083,98
23635,130
11678,485
21974,153
10661,360
7584,303
17551,96
19157,448
24264,151
991,193
6322,19
4517,61
5086,83
22398,490
22327,183
4071,370
18854,164
19632,491
8676,257
23819,344
11750,303
11626,348
4796,154
11594,359
10688,471
15458,251
1366,145
24838,323
3800,464
3214,383
3858,118
24868,106
2346,400
21459,27
11345,450
21239,314
22815,142
6861,366
19361,500
23545,256
4419,449
632,192
16349,284
10157,73
4793,431
24314,24
12203,472
12183,146
247,405
4316,239
1302,345
4660,259
14275,130
54,35
19135,164
3792,429
3746,201
11431,295
678,311
5891,242
10280,119
7553,178
15027,318
12683,290
13948,396
13863,384
24251,292
837,90
261,455
1195,224
20889,447
2811,318
19087,225
5439,211
3053,265
2767,184
17780,273
16052,386
22160,481
3455,71
18603,73
10497,85
18771,295
22295,163
21728,16
23805,145
5382,291
14997,179
192,162
11594,151
9375,124
10512,129
11338,437
16634,307
22953,131
23930,82
21157,38
15285,301
12269,400
4886,229
5152,157
15476,321
21560,40
1581,89
19374,460
21363,120
2825,311
24718,113
4554,392
24897,322
14964,319
8883,474
20735,94
7629,420
17741,331
4805,483
15497,128
5736,423
21701,19
10704,39
23190,200
16757,443
11966,121
10473,470
13291,437
18329,197
15521,128
11345,66
529,443
6526,148
12610,486
445,6
12444,206
16964,353
12970,76
13064,263
3020,408
10732,369
3846,259
751,226
13349,93
24893,253
19324,378
3767,12
6303,167
12982,382
11466,389
21090,279
5380,357
19719,329
13713,262
9564,109
21835,391
18242,403
21330,10
11939,280
4346,57
674,184
24517,24
19858,55
962,5
17009,169
24872,210
21024,40
17622,427
12822,344
16592,360
21726,5
8202,11
9055,425
12845,15
6827,337
1291,254
11992,227
17468,105
22129,411
4,169
10082,62
24616,238
17111,260
7902,424
7715,288
13311,114
8275,377
3545,244
1450,424
9939,449
23695,441
993,102
19177,337
17631,171
9592,280
23783,104
12856,9
4620,121
3209,27
12270,26
5511,77
16346,135
22573,100
13619,452
21437,453
5125,491
4907,308
6016,101
17789,71
13391,135
3026,215
18445,476
14153,472
18315,117
4967,329
13150,361
18093,220
16775,250
3323,89
1362,197
21702,353
24107,110
9102,206
3727,270
19061,26
22716,359
4425,108
23856,256
18922,193
8669,328
20117,411
2485,327
24812,140
11008,388
21980,485
6761,467
20901,31
21876,94
19396,447
9805,264
16587,135
6700,244
8761,148
21604,98
5944,111
7211,460
18903,396
20966,48
6336,289
9400,180
5989,147
21301,365
22101,12
10426,303
12605,206
21806,146
6452,143
6387,438
20632,465
18955,131
19987,226
15389,86
4828,47
347,465
16586,154
13737,327
14633,179
15000,182
12572,59
7954,395
23551,173
10960,498
12990,330
20351,118
1192,187
233,131
4351,87
15337,176
10694,30
22951,335
8474,352
18549,293
17517,39
574,245
15840,317
10268,321
14927,300
22491,177
23906,63
19122,82
15870,249
10928,195
8037,76
5326,39
12442,477
17808,322
12384,402
15046,372
8959,163
22781,243
12316,54
6421,90
7444,202
10250,476
21617,39
22892,482
17758,414
22233,168
24433,26
24680,137
24557,381
12125,389
14033,156
1938,309
17313,346
11900,337
2876,189
10911,134
22484,242
10119,228
14343,283
9864,478
13997,274
16824,57
21478,486
18228,279
10797,306
3675,27
24635,89
19035,280
5882,2
24123,289
5577,379
24798,60
7999,7
1686,349
13859,312
9000,3
3012,127
2469,296
1300,240
18930,269
17739,226
23105,452
1733,437
2265,378
20430,269
10934,422
7957,321
24643,308
15483,338
12807,76
23633,131
12395,353
18310,96
1440,87
19705,189
17000,222
5789,468
4027,430
15068,41
13714,51
11701,379
15065,189
3875,454
23466,86
3256,41
4955,116
16688,230
6837,167
2366,23
13962,176
1146,269
3993,204
2666,230
16749,50
11339,146
7284,209
13516,330
1163,440
16506,469
22372,181
17454,437
12665,325
24849,269
19523,382
6735,290
20891,173
19952,315
12714,117
23323,464
9939,185
6097,7
22058,359
4524,408
3900,142
19057,119
12087,344
15629,481
14956,84
9547,206
3903,213
20542,462
371,54
16591,93
6787,277
19543,425
13296,287
23003,303
20444,233
1095,85
24530,273
7011,245
17628,202
384,417
8765,141
4925,309
17393,449
9265,212
11178,111
4093,397
1340,419
980,378
4148,137
1958,489
12065,415
1157,190
12355,449
16562,494
20404,5
18341,144
21041,459
19344,209
3025,337
14374,270
17164,110
14165,341
9695,15
14745,3
2515,114
3567,453
15112,360
20547,75
22506,245
12574,11
10542,214
23592,386
8516,384
10241,198
7518,312
20722,176
9021,9
1776,474
18974,339
14663,457
1018,40
18118,435
24583,374
23025,396
20729,46
21593,303
7177,480
7737,150
17873,463
13979,335
2119,110
1898,274
24582,374
3785,411
13642,61
946,169
2329,149
19560,244
5017,35
671,379
24221,195
522,169
2702,459
24150,307
15561,407
150,313
5171,167
13227,45
14933,62
24458,419
23570,339
9752,38
4407,183
16202,223
8651,157
17080,167
11205,385
10725,76
4696,441
12678,3
21968,192
5162,338
23303,243
11529,288
2771,346
23838,137
3096,237
19637,56
14815,434
8592,174
22,457
18560,271
22846,276
13609,324
14362,106
13469,23
11625,198
20052,116
11800,23
9983,383
22468,103
19372,248
14449,413
12713,119
16578,146
18127,159
22082,219
11481,472
24905,460
14055,77
3138,327
11901,61
4229,31
1976,386
15017,477
20592,342
4231,289
17108,161
2257,387
566,453
4151,498
14143,263
8201,262
1514,393
1881,179
5112,147
20504,482
18340,294
1316,248
12364,161
24337,175
759,150
12859,250
12170,73
5011,213
5323,496
3237,32
18438,315
6806,439
21355,273
20471,123
14459,178
14729,299
6124,221
4725,161
3238,439
13302,488
19494,387
12381,34
5541,1
2746,20
1815,242
3733,236
4427,440
24485,177
23060,27
6391,175
22514,367
18001,480
4471,366
6103,118
14819,335
17347,362
15056,36
12570,298
4811,113
15585,276
19537,312
14104,225
4868,356
22623,440
18359,194
830,377
1302,348
5805,69
9149,223
12740,38
13372,302
3986,61
1317,213
14924,371
20974,165
1681,258
23991,225
3672,225
22613,338
23151,150
6086,70
13761,31
1831,406
4152,174
10270,220
18069,29
6470,114
12837,407
2553,251
22796,124
15757,70
24580,316
20549,456
953,483
5120,376
6791,26
15348,293
1946,301
11188,444
8122,15
20000,33
13217,252
5727,305
15630,284
14904,407
1028,100
8750,166
4448,295
7870,288
15218,198
16663,299
19724,332
18179,204
12212,246
4835,285
892,282
21649,57
4585,149
522,365
11032,127
21355,161
3309,176
10134,398
5288,360
10697,302
2106,265
8606,248
7357,328
23461,434
1176,291
21259,443
24652,210
18150,442
15518,371
20145,274
16922,147
1517,181
504,396
726,495
24103,484
24345,431
18645,41
19670,46
9842,438
14146,16
10160,327
12763,345
12546,220
19674,405
23882,177
787,86
22208,321
11719,152
23231,288
8809,107
12527,182
17444,331
13857,319
10185,32
14309,48
8257,378
17839,153
932,403
4937,141
23986,246
21233,472
8073,391
6120,252
8819,245
10258,244
18561,470
23053,262
19551,338
211,59
12323,31
14986,101
9790,403
17925,214
20995,413
1744,71
11691,436
17051,315
3010,361
19122,414
16237,121
514,275
13594,415
16985,273
5509,328
18873,320
15301,439
3614,437
13477,206
4685,44
13714,271
13643,171
20422,436
23826,90
13222,46
16424,123
9351,64
5503,210
20516,482
22327,50
4847,340
24086,283
3511,55
21884,386
15712,370
1509,253
1169,397
12218,367
5122,35
20976,233
3443,147
14829,78
2609,128
10145,43
7222,177
11974,21
1692,228
21374,470
18671,241
20251,485
16693,34
19935,416
5040,500
9280,180
3294,400
4387,428
8008,260
2338,427
21095,347
12737,54
14168,375
12421,24
4852,319
6514,359
2982,95
24405,425
2376,415
19320,135
17329,457
21074,465
6128,462
16547,13
19537,223
16803,276
14013,449
21008,359
15959,436
18191,310
4977,338
20858,497
14576,189
21860,272
3208,208
21349,187
10403,274
17198,158
10841,209
8103,489
13218,433
18967,82
13024,76
6810,343
6635,72
3577,408
10028,389
24816,281
5454,353
11784,422
16027,251
21564,158
20647,122
8474,27
15085,389
8922,49
22073,393
17215,99
15435,66
21443,84
15392,92
2736,348
20449,292
8308,278
5607,12
22520,197
7072,273
23565,37
9111,73
11921,363
12383,81
3566,485
6368,7
12741,37
23102,149
5397,143
21995,269
7189,475
14677,322
5080,52
15228,379
22088,225
1799,377
16855,120
5828,425
23133,272
12134,409
10180,367
7677,95
21837,329
17697,26
2276,487
17194,466
22972,479
14121,31
16749,465
11791,263
148,244
22614,25
4931,92
8186,238
24623,294
815,485
9202,444
16222,427
4847,213
18313,175
16546,148
10492,64
9801,120
21400,296
3451,118
5187,279
22865,177
16734,490
9502,182
21954,397
21392,418
1484,257
4005,424
12770,317
10592,246
18897,158
24959,458
4132,308
2454,278
2505,492
6464,55
7040,493
23190,77
15038,379
22785,57
7452,411
6051,226
23455,84
7302,381
23344,390
13787,422
3155,375
24380,400
23414,116
8987,49
334,348
14209,33
9593,471
12770,363
7508,40
17565,358
21464,122
488,67
10756,165
10387,248
19040,30
12487,413
7645,354
10960,478
23716,126
23869,466
20112,205
17905,354
23547,473
19826,369
8611,472
24863,86
4440,344
10721,341
18345,447
4442,138
17602,396
11687,6
7105,236
8067,166
2834,86
22669,74
16474,299
2026,96
15908,126
3531,79
4485,214
20985,280
8748,55
9704,337
1251,431
11372,469
13041,58
17445,119
2529,487
12942,7
17283,440
5792,415
8581,153
117,202
14890,327
7071,204
2768,268
13903,438
13165,59
8556,77
23160,258
14579,115
22985,378
12636,98
9888,40
4398,489
23974,278
6274,196
3490,44
1137,153
4960,129
6795,496
7711,222
7268,499
2269,112
1440,93
13235,156
959,117
19850,121
24358,369
7121,159
19066,69
5983,41
16802,357
16966,230
4790,16
8806,72
2568,288
10138,463
1577,456
20202,255
21305,71
18447,346
21073,110
5155,389
1116,153
18764,161
21873,222
24311,363
15561,423
3151,156
22771,16
10307,289
19523,64
16606,197
24838,420
19154,135
7194,223
2465,460
5107,309
15677,235
8294,265
24335,472
24460,12
8252,426
18025,299
20777,302
24944,114
7309,130
5162,13
7379,336
18745,203
10669,195
16273,321
8706,209
22341,184
23221,150
22217,179
24848,88
13340,206
6356,69
16689,39
17310,334
19965,494
4541,368
7524,39
14196,71
21537,278
1173,314
2263,340
7420,127
159,333
21371,107
18053,365
20194,22
24933,111
12572,278
9282,455
18260,69
869,322
3205,241
9603,207
17396,376
21865,367
9077,64
1572,372
18548,142
11646,494
16977,205
4178,332
2475,9
2743,419
19049,212
15462,344
9990,280
5382,74
1554,294
1569,251
6983,15
5857,448
6908,339
10407,291
22637,244
11632,241
19938,139
18,68
18383,369
802,184
23033,155
1869,48
4259,396
17078,3
24856,280
19475,414
19452,424
5905,109
18866,240
11061,43
17569,76
5986,227
20721,94
1752,478
11999,273
8106,391
4417,371
3284,328
4883,486
4687,248
20044,273
5435,477
19558,102
681,402
17121,448
3861,125
5870,355
13415,170
2819,388
357,198
24967,220
17350,169
8486,169
2816,449
24709,375
14826,285
11853,166
7020,100
14198,483
11178,320
7878,335
17136,356
19783,125
15360,488
16488,177
18224,22
10456,188
14145,183
2460,414
17803,78
138,496
15633,355
20647,172
17305,436
12778,322
22476,473
15708,395
5156,116
5385,197
11167,102
9196,255
8362,384
8550,364
8645,338
11188,229
19617,419
485,437
24607,201
12981,245
21574,416
10357,313
14788,163
15995,13
7845,190
9264,483
20697,261
24427,24
21297,244
13348,28
1562,322
18371,466
8047,344
10564,437
16217,434
24842,339
24122,150
24790,100
9096,471
11114,125
15705,138
12739,74
11627,294
3457,276
23703,193
12031,444
289,435
19444,375
18979,439
6490,306
14167,439
12174,371
4172,340
13021,155
6131,226
11017,359
8092,116
20575,199
201,151
16405,194
17805,193
10927,255
24170,262
5174,425
7833,314
12348,359
6329,500
17898,279
12645,149
7389,358
19997,361
22506,461
14602,345
5774,488
6691,120
12653,100
20019,80
23927,319
22222,469
12870,98
22317,128
6634,103
20740,302
8450,307
9493,380
23520,391
5519,356
11548,363
23179,47
20351,50
9372,75
141,345
14716,387
23534,372
1959,12
15563,384
16877,20
9789,409
20137,406
15931,353
15468,260
23089,76
10544,96
9966,500
18379,115
3507,187
2741,68
6293,395
16760,392
21149,29
21822,18
10922,144
20208,319
14851,133
13462,462
23705,357
98,405
7355,94
13427,115
21495,417
20857,53
2019,170
16326,61
14056,162
9685,136
7005,482
10419,452
4497,288
1768,347
3847,328
22066,170
2570,126
10627,419
19855,354
8060,260
21880,487
22480,344
13676,52
4998,78
3928,243
2889,152
19727,249
13652,381
1647,120
678,224
10922,385
16229,453
593,273
14693,134
7740,28
15664,153
6534,322
9865,283
4512,464
8481,148
15776,242
1446,357
14057,293
18034,420
19900,1
3752,443
4116,427
9451,211
15796,34
23932,341
1381,150
11413,377
6329,397
3590,149
12283,56
23055,320
17765,127
7470,211
7475,173
10086,87
23182,421
8071,423
4807,235
23443,276
18976,34
21864,418
17532,125
9040,139
22980,375
16712,355
22956,29
3714,340
17440,85
8916,331
2785,330
19750,123
13851,262
4870,327
22226,93
7180,374
10916,132
20824,249
20825,350
5590,51
2848,239
10636,500
20174,487
5538,60
22748,349
12695,33
19753,419
18557,122
1558,433
9321,21
7193,253
6060,51
12999,59
12014,227
19355,140
21911,102
19038,374
1664,100
12303,423
24103,338
18091,68
18187,78
7484,469
23482,217
629,104
13655,331
9734,310
3520,24
18554,499
1466,243
21644,124
585,292
19679,463
13006,387
7258,395
114,171
23949,275
22055,324
10067,333
5320,315
23267,119
3245,173
17971,117
9337,15
4871,283
19104,72
10508,120
11697,325
5308,456
17426,291
10948,384
10339,166
18492,100
1515,349
23549,2
12463,415
22301,225
20554,158
11542,471
19751,427
1063,144
8683,334
16736,160
14839,242
19326,285
19731,116
7004,51
6407,216
7481,121
9845,288
2567,293
22000,181
24660,260
14619,445
24237,410
12403,36
20926,155
10214,139
21733,315
16804,28
20551,15
10406,405
20034,186
15681,449
9445,77
20733,188
1791,427
15445,474
21957,379
4150,38
13873,437
11535,491
14245,197
18176,204
16336,272
20257,193
4736,72
21557,362
279,406
13029,388
22552,358
11002,169
11053,82
9123,396
4742,141
8738,497
5761,383
2133,416
3516,138
2869,437
13172,247
9289,27
16458,143
3530,204
3221,95
9763,132
17108,64
4438,315
14487,418
5129,274
12179,246
19986,458
11971,307
4344,453
16847,132
16999,148
24490,439
9408,69
8339,428
20089,351
19286,37
17926,441
14312,410
13347,216
16095,429
15698,37
19490,46
18593,101
2679,319
9,388
12158,352
6125,205
9987,424
6363,257
21430,328
19923,211
9348,458
11882,382
8040,136
4617,113
14366,72
19268,294
9731,207
16709,337
16108,110
2019,159
22857,275
11068,246
23084,189
13127,169
24206,409
15474,446
15544,32
4582,82
5300,61
13377,347
15831,265
9223,228
13712,189
13289,246
2086,52
13771,47
694,299
12974,371
21512,331
23717,328
21694,130
18655,134
3192,141
2694,319
11931,201
8681,37
22551,456
6780,218
17462,218
23896,203
4701,70
23220,119
19458,97
9763,284
3417,234
17287,500
24713,214
20683,110
18287,198
2156,386
21051,353
7211,63
20279,324
10897,298
8232,447
5112,423
2042,446
18294,439
1576,352
21455,439
19626,242
13949,73
23969,23
132,37
8378,200
3119,261
3716,214
11348,133
3634,232
9781,416
9474,499
23451,393
11706,436
14861,217
15994,375
8759,207
7877,37
18827,175
3066,117
17907,393
15116,251
16091,334
21244,293
7245,251
11922,439
8931,155
6027,214
6934,486
16377,137
5025,112
21220,214
15902,356
22548,191
11536,204
24672,303
8318,37
5806,207
10484,192
3861,151
15773,367
8511,302
3482,405
12825,261
224,226
1326,147
12990,267
17974,40
10535,55
3227,496
37,4
11133,135
14160,305
13009,432
18269,242
1568,36
4365,58
6559,401
11750,115
19853,266
22574,398
24893,280
17275,49
14724,361
12151,116
2872,492
7847,159
10937,43
5784,221
14606,442
17046,142
11727,425
8761,217
7748,30
5190,399
13146,410
14433,212
7300,75
339,72
5579,73
10272,468
8086,411
24867,209
20178,382
13644,279
12269,270
23407,406
2606,119
19016,370
23961,361
8827,14
16081,287
1629,64
8590,210
6097,245
23185,413
20440,128
24509,66
640,284
9664,116
15417,160
23875,135
20579,241
24004,66
14089,86
20878,148
2207,240
14307,497
23414,284
22373,105
11607,472
21194,54
8835,246
21406,200
19110,4
14638,164
21037,336
24984,420
10946,395
19776,280
11619,32
24996,397
23365,106
3399,49
3402,164
16348,67
3736,375
9757,340
2845,392
8722,119
10383,195
14940,424
8852,191
20960,323
8424,266
4850,268
12018,192
16430,236
138,411
13274,414
13560,16
6109,304
9071,84
20578,416
22069,180
23964,22
24479,440
17838,28
5033,86
21493,92
1203,374
1108,420
429,395
24944,427
14488,72
5154,283
12329,137
4810,106
7199,11
8747,90
21018,442
9969,106
13420,29
3030,234
11428,239
24716,453
1339,212
11391,500
3852,375
2452,384
10761,478
3668,300
7661,72
12796,25
13348,343
22181,498
18276,54
22986,86
1384,68
23727,175
4471,131
21960,114
5360,387
11267,452
16605,167
16040,229
21013,206
9245,134
824,49
10733,250
1327,219
8558,184
21,9
13932,40
21591,62
14526,70
17948,123
13962,89
24418,37
18842,385
2555,128
24292,81
6427,154
24802,13
2745,321
467,47
9242,357
305,136
16304,127
3550,465
18056,400
10111,303
20696,470
7864,132
11722,290
7035,336
3112,171
9670,372
6136,460
14393,67
7353,112
11473,382
17897,84
1581,281
5920,419
9038,256
24092,378
20530,479
1838,160
3123,287
16721,293
22141,280
24589,148
8984,479
21096,296
4625,237
18840,173
3372,13
13954,27
14028,397
13304,34
21996,397
13005,186
8543,81
16747,27
17151,305
10570,116
1555,212
6751,478
10547,244
13594,84
10510,30
18595,1
9964,190
16996,93
21820,333
19687,112
6268,4
8088,342
12026,496
1618,133
5865,209
2415,294
328,416
4321,371
8029,45
1594,180
4057,380
20978,295
3164,280
19878,386
11127,119
1109,219
22771,174
19765,60
13630,255
7863,185
14422,284
23885,378
17793,23
15619,457
23167,108
13275,329
19838,37
5318,425
23103,362
13690,249
19250,457
8992,362
14477,273
5680,421
7299,352
18469,453
4804,346
23853,408
12456,26
384,478
23795,191
19303,124
10297,380
12278,171
13411,234
18164,459
11558,333
11165,143
1290,99
19068,485
5403,87
22470,72
5069,297
2806,301
11680,460
22458,303
7993,397
24418,6
15067,207
15050,373
10218,139
4485,200
19281,328
22953,434
16992,423
5755,71
3239,179
18516,28
14556,480
10671,361
4519,420
487,170
12788,449
8831,382
12070,437
7369,175
10102,7
4101,482
13454,149
17277,235
17234,122
5434,55
13742,83
6314,158
10061,425
1965,223
2058,343
11555,467
18153,172
16755,70
4695,426
6044,16
21197,229
3896,354
24652,175
19440,483
5186,116
2473,472
17040,208
18512,33
16514,95
19404,439
1106,301
20076,410
2911,94
18919,443
13674,153
9009,487
7374,419
19099,16
1351,468
2522,286
770,199
7045,182
6547,18
7590,282
10633,239
4218,136
7383,38
7626,307
14402,284
10865,396
23832,332
24164,258
20269,122
23100,39
16271,242
18053,65
353,262
16581,437
22845,22
18005,161
18314,158
1870,161
15647,343
5445,424
19357,345
5582,496
9334,163
5137,466
2160,279
9698,174
13835,378
8378,346
386,190
1169,148
22797,349
2456,15
5269,194
9262,483
23938,316
21384,137
19956,41
8236,380
2997,361
13760,290
20157,258
3409,243
6190,108
18715,95
7067,190
23626,35
8924,6
8040,389
13232,210
21118,202
8730,247
173,322
7030,401
11605,2
15529,222
20125,376
13217,475
9269,414
10457,370
8541,165
9805,491
18726,85
6673,78
10923,323
15725,275
12445,380
23218,5
24543,152
7743,156
4488,213
23361,211
7459,381
12545,109
20509,174
5274,221
10741,262
23226,263
14550,448
15227,122
430,91
7608,363
6910,291
14285,441
11069,469
18157,400
20436,278
16295,42
12797,416
725,210
15948,49
11848,150
19999,49
5641,479
5423,320
3862,351
8480,100
13587,4
19307,489
6069,169
7838,411
15543,248
17314,100
4843,485
15894,140
4691,23
10585,475
11994,414
10273,481
1554,464
14215,97
23979,403
18068,221
5603,224
22839,274
9656,234
14499,462
7622,78
6935,142
14965,478
10859,160
14939,159
23239,58
4550,166
23288,282
11553,51
3089,60
6228,34
5672,249
8901,275
12338,249
16964,484
22912,90
3807,451
8642,435
24927,351
4815,370
5385,245
12365,244
17933,450
14085,427
11917,3
15285,220
14388,49
13462,206
3537,91
24382,24
18165,495
18107,354
6966,425
12034,387
3878,77
14835,400
24232,339
14222,274
23057,317
3552,300
24391,87
3588,119
24740,271
5789,421
16186,497
6136,149
19665,500
8523,433
23658,257
22939,108
525,47
9412,313
14179,486
24958,158
21029,152
5673,148
15978,349
10333,241
965,268
19858,79
15370,18
24606,394
20661,84
6872,363
22170,329
17294,224
9203,427
7691,160
22924,264
2111,84
19585,324
10771,92
17604,293
2195,103
2168,246
14717,233
10216,22
17979,89
11247,128
8430,96
19359,216
18621,14
24929,500
1728,68
12940,37
17347,316
8440,383
18239,391
21906,447
6168,491
11970,133
18895,410
24183,111
13683,184
3300,78
17444,305
11423,124
5610,334
24604,229
15680,403
17573,166
13700,134
14441,433
16532,77
16167,80
9053,366
5658,115
9003,293
7750,120
14774,214
15645,293
23559,206
386,61
23441,267
6867,136
2194,266
9714,27
19822,101
22776,189
24562,171
8563,278
11752,376
4056,167
20215,70
20017,482
1420,51
6572,105
2496,319
22828,73
4034,167
14845,378
7071,402
19819,262
23645,131
19810,241
7166,207
17815,200
5822,166
1575,291
6618,368
16243,140
2648,469
8787,199
3466,231
11096,61
17955,17
19650,177
7392,42
6818,330
18835,326
20950,139
11549,150
7729,77
12172,368
15399,215
10665,19
10652,35
16131,151
22313,184
2357,209
9604,322
16774,419
22243,252
17625,368
3374,70
4750,115
3626,460
29,235
6395,165
6311,363
17595,264
5872,202
23447,254
2035,422
3864,286
12972,483
846,81
6415,347
24935,232
23401,349
5729,355
420,369
22836,296
13277,460
17497,413
22085,3
13286,277
6864,496
19480,325
15673,83
15643,191
23916,259
21305,13
24784,378
1386,212
10391,154
19901,256
23023,51
24749,236
1714,497
21751,384
14566,271
24671,13
18074,462
11186,312
22241,74
8318,108
2197,498
16466,358
24074,352
20229,225
14175,283
4689,150
23808,93
12762,137
21005,38
3811,459
17016,287
23804,337
9171,382
694,271
3208,307
20631,97
12944,51
15830,369
6353,180
19089,305
12427,390
15034,53
5298,398
24354,32
7068,235
4297,46
5276,341
17704,163
1178,160
16177,464
8965,265
7463,468
1210,449
14783,382
10023,211
23299,121
12290,76
13372,364
20677,10
18318,396
1596,10
24865,299
20245,448
4851,97
13485,472
7490,433
4506,247
21183,88
15290,450
12922,120
10411,196
19492,66
18950,433
19421,467
15571,72
24578,345
23525,125
24352,33
23058,358
10164,341
13871,235
8175,65
6310,412
542,421
12842,40
5809,389
7857,175
7686,49
1003,360
14826,466
1200,61
366,358
8731,3
7494,131
5381,102
6717,450
9192,115
2466,411
17031,265
23864,454
14984,263
18685,329
14472,380
17324,125
16755,50
16077,206
21081,472
10556,233
8537,464
11274,408
2665,198
19792,433
11238,94
12433,15
11934,412
15314,225
18648,12
8651,409
828,496
21671,381
24225,141
23496,283
15383,387
1347,308
5612,243
20946,241
1590,5
8339,468
15343,341
15520,444
7036,142
359,57
4331,104
13272,432
3659,452
16969,277
9781,466
8344,459
10735,148
7422,425
2145,85
21095,221
10411,23
13952,21
17153,311
14147,125
23759,262
6040,226
755,182
6147,362
14194,254
5066,402
12832,312
19721,211
6576,362
21911,79
17081,204
12280,413
14704,135
9047,456
1159,179
5414,397
23355,50
23475,497
16333,83
5843,113
4331,282
22774,51
10688,479
3634,135
20302,433
4375,85
5873,172
14542,485
15005,222
4041,216
11720,64
268,313
18891,395
10671,277
15544,375
20504,422
4732,142
23130,58
7439,297
307,239
13769,462
2484,456
662,164
2937,357
4344,135
17443,224
2069,355
19210,306
5483,9
24447,48
15564,250
2053,497
13391,362
21299,97
3908,210
20938,265
585,65
1218,355
1626,494
11938,453
12640,230
8086,214
18049,333
20277,18
22853,230
4989,216
15847,184
22607,165
21225,453
5600,67
10953,200
10782,81
6954,400
13923,449
9334,316
24160,194
19491,444
24365,367
21343,487
16214,133
5779,482
20659,451
20961,309
7883,89
15652,384
22220,68
3439,424
16744,301
275,241
14374,171
3928,449
22085,313
5935,194
6243,185
6876,188
3958,206
6793,236
9989,381
13881,362
217,382
16411,425
14372,315
6639,139
15161,368
23220,397
6512,414
21499,118
198,205
15991,405
6886,189
9028,138
15479,289
18463,494
6469,416
5670,410
7968,422
19430,320
3439,456
18765,396
13405,134
23841,313
17676,436
24361,270
3962,411
11481,139
22171,393
4573,93
4559,198
2250,189
9218,173
7053,60
24211,285
734,429
20590,75
23613,426
21377,46
181,204
21375,186
18995,188
15699,344
2065,261
18428,267
17594,499
878,459
15328,469
13612,14
19299,237
21967,224
24837,129
14589,366
22893,481
24165,119
24926,117
2142,482
5147,456
11467,319
20398,184
1600,345
16812,336
24646,449
15479,401
18,287
22460,219
10363,11
23135,423
20259,145
11372,499
13663,295
11926,292
15070,251
12218,101
14616,229
4707,292
5940,15
1075,172
1343,348
17117,54
17343,131
23613,399
22122,91
9394,228
23220,33
5713,379
12675,301
4763,44
16030,78
23055,26
13478,217
16112,469
18572,359
12963,150
16855,197
11872,146
11614,86
730,344
14920,372
11942,29
11481,126
3960,301
7981,229
15556,484
17039,225
10491,261
21398,205
8756,247
148,449
19770,181
22491,386
7958,448
19876,89
10899,234
18239,149
22523,320
19266,413
2309,441
7606,129
6988,334
15760,287
779,147
19603,40
23753,306
18867,246
5331,174
5294,148
6123,496
16574,46
23712,441
19589,316
19602,52
18335,393
10559,199
21383,8
12674,493
6992,444
10938,316
24427,347
24799,468
761,281
21008,163
8755,79
8233,295
18755,394
11066,351
597,171
20404,193
22307,321
18144,91
20250,132
24217,481
513,446
16758,32
12420,5
1203,456
8443,365
2866,327
6441,60
4977,287
11704,374
8515,462
16558,41
19362,14
17241,194
8013,495
6424,76
24289,360
9240,443
17301,295
2724,7
15853,378
7981,267
10898,44
3049,459
24981,55
18957,367
14272,102
8327,194
12522,66
9936,413
11083,325
12950,262
21128,337
13235,287
7494,479
7518,275
3296,256
9236,159
10214,443
1670,275
13234,271
15895,153
1232,469
14257,121
23709,110
14504,182
3526,309
2149,301
19001,301
7136,89
13215,87
14312,74
19744,310
22014,231
10046,102
8753,208
10248,204
11577,2
22045,319
16320,26
2031,147
11119,289
2893,254
3704,78
24334,145
16013,449
18197,18
6845,247
13891,351
15224,276
9755,253
9602,29
9815,328
20615,27
24629,313
10213,279
7504,339
1084,158
5406,400
22861,76
15499,448
9848,367
2503,10
4281,434
15803,499
7315,257
18782,228
4760,131
23543,368
18162,305
23325,63
23632,373
7527,166
16846,309
17871,408
1000,167
3329,111
20572,324
21561,274
19142,127
7934,498
4018,385
15128,65
12144,92
21980,289
20783,304
10851,442
19009,162
20910,212
1469,250
1744,371
16211,482
1508,17
5431,12
24512,416
2819,462
492,463
14862,152
11059,285
20082,222
19973,275
3562,427
23932,319
11996,267
20167,281
23512,124
21918,72
23624,379
17796,161
17526,323
23156,395
5508,185
24819,210
24862,244
24174,279
14083,228
14701,215
3241,436
1746,37
860,368
8635,326
22975,36
8412,290
12715,166
9133,103
5832,352
21071,484
24487,18
1990,158
12068,173
16261,475
2286,214
19953,392
22305,408
7255,419
13818,441
1860,197
24628,454
4986,92
5295,372
3658,469
24834,147
7510,190
2684,35
8527,10
8497,54
4332,89
2188,25
24202,213
14623,493
5412,461
21155,450
1888,36
3619,124
21935,482
24776,62
5794,475
13380,333
4981,36
19487,325
648,471
7200,156
5539,424
18068,118
24876,223
17035,51
14151,320
17526,339
15486,319
24540,457
14784,340
10140,36
13769,165
7952,121
3265,472
23486,42
13318,379
21217,433
2050,319
22945,76
17016,335
8265,402
2259,259
9581,350
18623,421
6707,13
22703,359
21393,284
3478,235
11481,196
1775,440
24063,108
24595,290
7141,194
13128,309
12238,441
12414,448
11440,252
14616,464
12439,231
18997,130
5301,23
12902,342
13500,385
15347,109
12921,272
20179,28
16290,143
17170,425
414,210
5753,306
19454,478
18760,25
20230,68
18255,41
20697,260
10850,63
20082,407
23966,299
1195,67
17893,488
14592,403
12390,385
11592,221
11541,67
18265,250
23785,159
23287,363
20630,180
23986,308
23486,34
10852,261
1569,265
17438,82
14975,255
17027,487
4938,373
4969,481
1389,165
13129,280
16264,141
10958,200
2547,260
1703,220
8124,416
22064,80
9805,383
7263,161
12495,463
13389,65
9388,435
7751,372
16073,9
7752,117
12451,305
15555,388
6291,374
16950,226
13004,97
19945,117
22713,326
6044,194
16938,219
16017,430
10378,97
10941,2
6694,257
11319,490
670,145
15470,188
8815,279
13220,432
10099,402
5057,323
13268,300
9578,257
1540,266
14162,264
9128,484
2251,393
13838,284
3861,359
10863,220
18520,88
1049,365
8334,368
1427,352
19189,406
20073,438
3300,229
21211,231
22776,409
6939,199
20223,336
20296,453
15859,310
10018,126
9736,483
6611,403
1754,357
22516,4
2358,113
2354,391
16982,23
14589,83
16316,124
12624,6
3121,226
13067,13
17905,432
15520,141
20092,269
18931,195
7120,487
11191,103
5980,234
6941,296
17028,205
7936,176
3780,332
5488,51
1802,415
24961,251
6020,406
10093,350
23505,348
3228,446
15625,15
7267,20
4658,310
14707,253
23411,133
8923,150
10067,476
8869,79
12419,373
9852,1
9643,419
9895,335
16624,490
7053,285
6837,309
1529,177
7124,290
7858,448
14491,409
6090,410
892,457
17142,416
20490,135
2087,269
14530,167
14647,141
18108,161
19597,320
22014,52
12794,370
20452,98
14075,66
4548,481
17163,216
21255,89
13162,138
5602,214
21768,290
18798,80
18104,332
11194,182
11124,129
22647,52
15084,42
12654,464
13115,22
20727,85
23542,94
18130,23
22283,313
7218,139
17307,67
8542,406
5331,255
21647,352
17213,141
18890,377
18479,496
9610,349
19081,164
5541,401
22493,213
20647,129
24707,487
18187,369
3291,476
24566,164
19665,354
6121,165
5356,195
21913,359
22661,414
1565,80
11928,461
3672,459
3568,488
4398,464
11583,150
18522,262
7520,286
2875,85
14325,148
756,313
14001,59
14938,173
1556,398
16151,498
12742,138
9054,202
14930,391
22473,407
24489,367
12217,200
11444,62
14973,315
6415,266
1910,343
9948,236
24784,232
16683,378
10702,30
11610,224
10365,413
602,114
10029,151
24699,475
7825,316
24649,214
6571,482
20231,100
17670,256
16625,55
14816,399
19206,500
20572,107
8578,397
3983,100
20216,175
8810,223
8678,163
17145,352
6955,449
3227,21
9944,317
5702,329
3708,154
19643,141
734,344
4997,297
6086,66
1873,243
21149,1
4938,127
1174,148
20615,388
23123,380
4992,411
15948,358
20009,239
12049,15
14489,437
21090,116
13175,27
10742,485
17125,371
758,409
12277,316
14622,201
11426,466
13233,58
19832,23
1859,51
23499,371
3009,108
13568,325
13137,242
22179,295
14279,232
15342,70
15514,191
5147,410
13734,312
19607,159
458,413
7006,100
2850,424
4323,297
14270,275
12659,19
17260,482
13753,356
17676,490
2602,242
16352,143
21719,254
15763,410
19426,288
6069,288
79,60
5982,490
20052,389
23455,68
11741,289
183,206
14069,353
4832,442
1118,149
16891,425
8467,308
23247,328
3571,265
790,17
13323,274
6450,154
16927,313
17305,158
23105,222
573,163
1199,477
1404,84
9557,132
24773,396
421,416
2482,465
6675,198
14444,351
10271,31
12671,259
22724,369
22107,55
6433,380
17092,474
12406,135
11194,391
9183,163
2330,118
11178,133
15859,156
6601,343
8239,389
14641,89
14427,222
2178,327
19730,383
18358,402
17072,235
8938,13
12144,261
7989,138
15310,418
20890,4
7109,285
20633,427
9924,175
15714,270
23702,16
14452,348
22581,182
12075,58
5543,227
8652,132
5095,433
2921,88
17685,171
13073,489
650,154
17887,183
24995,141
24231,349
24202,393
11878,31
8128,311
19771,373
329,285
22110,45
18883,150
7731,416
20319,194
3360,44
4194,273
7213,365
13762,37
20108,185
14639,429
17623,169
7742,6
12620,186
17386,354
9811,79
3313,389
23398,268
18510,483
8747,390
22583,37
2745,415
24756,171
6108,162
5641,45
6305,63
4885,326
14936,296
3640,212
11220,402
10639,242
6949,421
23737,361
417,139
9416,240
4835,121
22895,298
20936,413
7524,413
918,427
6593,242
11298,411
9536,66
4176,246
17823,449
6912,8
15870,103
23436,43
21234,461
18884,125
21422,435
18756,282
8644,240
15916,442
4167,313
23143,417
21004,360
6854,233
4333,387
6936,107
4847,485
17159,243
16953,375
8393,400
5040,320
2828,491
12631,103
1231,233
22408,200
22671,274
19182,228
11736,398
19146,403
2458,430
12755,469
21285,217
7246,416
23014,441
13495,354
6390,38
5637,164
18307,489
6837,277
5131,428
7261,174
7371,234
3276,88
3750,336
9252,456
16783,238
8340,35
3957,41
8722,179
18605,259
14181,482
8795,436
7536,374
3665,157
23178,15
22355,153
8370,485
9842,481
22612,83
8780,209
10491,256
819,75
8318,224
12117,145
3623,471
1704,104
9651,137
1686,84
1973,481
1782,496
17492,496
3457,223
2203,256
23165,94
14440,147
1728,433
17220,212
15092,266
236,279
3577,305
2096,324
6125,33
356,392
17787,36
12284,343
10179,396
12037,376
5813,178
24625,451
15941,406
2602,389
2128,47
13655,351
22796,242
17813,419
17498,247
1367,212
8630,344
8109,278
3859,229
2991,488
6370,190
2847,465
8802,66
431,149
10995,364
12348,281
10528,426
4094,354
23301,4
23916,410
21576,66
24041,397
15586,229
18309,27
17944,417
6412,300
17244,33
20082,268
18469,110
591,497
16472,46
23132,350
8904,83
4780,209
12156,206
7170,479
9987,385
4833,104
11330,7
22085,464
14804,499
790,79
7050,455
24765,358
14701,100
12021,337
22966,448
11235,186
8275,254
497,29
15683,130
19915,334
1064,203
22630,228
16337,477
6047,43
13496,486
5865,400
16845,498
21661,75
19826,292
11051,52
2072,422
2786,353
4705,321
17587,472
8402,94
20778,132
6566,418
4837,74
4726,410
5583,95
21106,432
3282,281
10709,105
1542,86
2678,347
21773,226
3575,131
7745,138
11013,200
778,103
3848,225
20985,211
14982,308
5212,487
7335,413
10532,354
22434,135
195,157
20126,199
