id_incidencia,id_recurso
12,323
12,280
9,69
9,293
9,240
14,312
15,36
15,362
15,399
13,482
13,341
16,85
16,208
17,295
18,318
18,111
18,43
20,347
19,404
19,397
21,418
21,425
21,382
23,47
23,377
23,402
6,461
6,352
6,235
24,28
22,440
25,200
7,161
7,147
7,98
3,69
3,308
3,394
8,492
1,429
1,273
1,358
4,283
29,293
29,295
29,475
2,482
2,481
5,96
5,10
26,209
26,112
26,222
27,65
27,75
27,249
28,415
30,165
11,411
11,418
11,363
31,79
31,244
31,472
32,305
32,206
10,498
10,397
33,322
33,154
33,205
35,195
35,346
35,7
34,204
34,45
36,349
36,401
36,313
38,470
38,461
37,346
37,255
37,100
39,342
39,17
41,92
40,360
40,103
43,193
43,139
42,13
42,196
42,489
44,169
44,198
45,50
45,18
45,353
46,433
46,492
46,468
47,54
47,273
47,131
48,176
50,449
51,416
51,94
54,60
54,226
54,229
63,444
63,12
63,272
64,15
65,194
65,75
65,340
53,13
66,202
66,260
49,479
68,417
67,47
69,478
69,296
70,189
70,50
70,97
71,376
62,49
73,334
73,76
73,434
74,362
74,155
74,13
75,288
57,296
57,114
72,294
79,13
79,248
79,234
81,359
81,495
81,446
52,131
52,456
52,310
83,325
83,208
82,291
80,413
80,401
80,418
84,239
84,452
78,237
78,410
85,126
85,99
61,256
61,492
87,60
88,71
88,138
88,231
89,409
91,491
91,465
91,332
92,155
92,163
86,165
86,79
90,42
90,261
90,82
93,341
93,258
93,120
94,167
94,197
94,323
56,439
56,263
56,230
76,14
76,267
76,98
58,426
58,119
77,244
77,118
102,350
97,96
97,146
97,323
103,412
103,353
104,203
104,327
104,267
59,316
59,55
107,83
106,245
106,58
106,60
108,176
108,199
105,199
105,165
105,233
110,214
109,401
111,353
113,93
113,169
113,278
101,248
101,345
101,166
115,371
112,118
112,217
112,191
114,54
114,230
114,445
116,51
116,18
116,117
55,384
98,328
117,412
117,209
117,178
60,341
60,324
99,342
99,130
99,25
96,474
96,496
118,317
100,280
100,220
119,170
119,301
120,113
120,95
120,162
95,13
95,182
121,346
121,443
124,3
124,36
123,368
126,434
122,368
125,485
125,407
125,438
127,170
130,103
130,89
128,161
132,373
132,459
132,437
131,210
133,123
133,196
134,452
135,158
135,173
137,90
137,419
137,288
136,208
136,52
136,369
138,411
138,257
140,174
139,155
139,164
141,281
142,473
129,279
129,107
129,438
143,339
148,199
148,153
148,395
151,330
149,142
149,331
153,248
153,109
153,139
150,179
150,122
159,486
160,214
144,461
144,376
144,358
158,139
155,205
155,297
155,396
161,440
161,291
162,298
163,13
163,127
163,378
145,36
145,148
164,182
164,37
164,123
154,499
154,393
154,452
156,470
156,400
156,357
167,117
167,194
167,42
168,263
168,163
168,432
171,449
172,165
172,106
157,121
176,86
177,303
177,345
177,134
169,225
169,194
169,435
179,2
179,228
179,288
180,106
180,229
180,42
170,233
170,86
183,324
183,203
183,262
182,443
184,220
146,190
186,466
186,324
185,122
187,353
187,240
190,273
188,295
191,12
192,228
193,452
189,442
189,403
189,411
194,176
194,7
152,169
195,312
195,241
147,149
165,449
165,486
165,453
196,457
196,389
196,359
166,469
166,411
166,445
173,249
173,354
175,293
175,193
174,492
174,331
174,73
178,247
178,401
197,190
197,340
197,160
199,132
198,215
198,203
200,58
200,319
202,143
202,346
202,315
201,434
201,464
203,167
203,180
203,346
204,132
204,270
204,157
205,352
205,230
206,413
208,498
208,381
208,397
209,340
209,112
209,273
207,160
207,209
210,323
210,196
210,417
213,464
213,209
181,200
222,297
222,436
222,35
216,98
216,272
216,257
223,180
223,205
223,284
225,126
225,241
226,426
224,392
224,235
224,368
221,273
227,402
228,142
228,21
228,267
218,420
218,457
218,380
220,357
229,485
229,191
230,284
231,218
231,494
219,159
219,52
232,374
232,361
237,86
234,97
233,60
233,475
235,230
235,285
239,53
239,220
236,271
236,456
214,258
215,306
211,42
212,370
217,77
217,296
217,75
238,136
242,374
242,358
242,441
240,141
243,491
243,378
241,286
241,47
244,45
248,182
248,53
248,414
245,286
245,467
245,42
250,267
250,85
247,479
251,316
251,310
249,295
249,114
254,370
253,6
253,342
255,330
252,283
246,335
256,241
256,300
258,150
258,327
258,235
260,48
260,30
260,333
259,273
259,109
259,27
270,390
270,416
270,417
264,255
271,275
271,241
266,485
266,443
272,398
272,233
272,49
274,197
274,216
276,226
276,67
276,294
273,362
273,194
275,136
275,328
278,303
278,494
257,499
257,38
257,148
279,500
279,419
279,381
280,44
280,392
277,125
277,200
284,462
281,249
281,127
281,168
283,198
283,92
263,283
286,316
286,223
267,48
267,173
265,111
265,140
269,423
262,170
268,187
268,87
261,491
285,89
285,464
285,243
287,147
287,269
287,211
289,74
289,175
282,450
282,372
294,171
294,122
294,391
292,109
291,167
291,366
291,128
295,106
295,393
295,488
296,174
298,79
298,151
297,156
297,170
302,252
300,195
300,318
293,376
293,425
293,465
299,391
299,41
303,453
303,438
301,341
288,409
288,357
288,81
314,222
314,143
314,350
306,391
290,171
317,354
316,321
316,310
316,348
318,191
320,193
320,332
319,120
313,330
313,190
315,25
307,472
307,119
323,130
310,286
310,24
310,54
325,447
325,356
326,199
327,182
324,233
328,337
328,5
309,41
329,108
329,156
329,215
311,105
311,27
322,197
321,256
321,79
321,60
308,356
308,305
305,183
312,97
312,441
332,53
332,330
304,249
304,455
304,335
333,232
333,122
333,102
331,290
331,175
331,219
330,386
330,442
334,165
335,429
335,375
338,435
340,404
339,146
341,18
341,120
342,135
344,428
344,104
344,283
343,429
343,459
347,57
347,101
347,452
348,311
346,264
346,379
349,398
349,300
349,91
350,384
350,162
351,390
351,498
351,441
354,35
354,213
354,188
357,371
357,185
355,308
355,127
355,499
352,464
345,455
345,475
345,232
360,128
359,153
359,126
361,356
361,382
361,436
358,445
358,471
356,72
353,416
362,227
362,232
363,323
363,229
366,46
374,277
374,292
364,374
364,447
364,373
371,304
372,271
376,86
376,123
369,391
369,494
377,194
377,304
377,493
375,430
378,68
367,233
373,58
373,175
370,110
370,124
370,64
368,418
383,332
383,65
383,367
386,168
386,223
385,317
385,256
385,178
382,408
388,195
389,397
389,224
389,281
387,290
387,492
365,16
365,172
391,379
391,123
390,227
381,204
380,371
380,400
380,176
336,262
336,86
336,214
396,127
394,303
394,482
394,94
392,130
397,221
397,263
395,454
398,371
398,367
400,6
399,398
402,413
402,408
404,29
404,71
404,250
403,47
403,217
384,419
384,455
384,417
393,499
393,454
393,354
379,453
379,334
401,322
337,67
337,100
405,308
407,426
407,483
406,106
410,385
410,340
410,219
412,481
408,366
414,13
415,220
415,468
416,381
417,446
417,483
413,464
413,165
413,137
418,108
411,101
409,321
419,409
419,221
419,332
422,232
422,171
421,275
421,367
421,379
420,293
420,382
420,357
423,155
423,252
423,210
424,211
424,74
424,112
426,34
427,256
427,230
425,280
425,13
428,182
428,68
428,293
429,55
431,264
431,203
435,198
435,5
443,347
443,415
443,396
438,49
444,365
446,116
445,439
445,488
445,386
447,76
447,137
447,348
442,422
442,91
448,453
448,492
433,231
433,407
433,219
439,158
439,119
439,329
450,455
451,464
452,346
454,423
453,443
455,258
456,206
456,338
441,351
449,234
449,466
449,30
458,341
459,115
434,399
434,335
434,315
460,65
460,329
460,47
461,117
461,448
461,384
436,386
436,206
437,298
437,168
437,118
440,54
440,398
440,499
462,28
462,274
462,292
457,143
457,172
457,29
430,202
430,92
430,342
432,71
432,110
432,210
463,33
463,396
463,262
464,356
474,126
474,101
469,357
469,290
476,481
476,424
475,141
475,60
475,345
471,88
478,254
478,266
477,106
477,327
477,22
480,152
480,463
480,236
472,168
472,324
472,300
482,287
482,419
481,346
481,355
479,295
479,96
466,50
466,263
466,146
473,479
473,260
484,483
484,444
483,201
483,70
485,353
485,247
485,140
488,337
488,27
487,132
489,351
486,135
486,387
486,144
492,66
492,320
490,159
490,420
493,331
493,245
493,271
470,227
470,56
470,151
491,437
491,371
467,154
467,278
467,43
465,471
465,430
465,366
494,133
468,41
496,272
496,13
495,65
495,242
498,414
499,19
499,444
500,251
500,208
500,218
501,315
497,128
497,33
497,34
503,179
503,482
505,70
504,51
504,122
504,340
502,92
502,481
502,98
507,391
508,401
508,359
508,285
509,365
509,367
509,384
510,346
510,397
513,287
512,355
512,243
511,21
511,348
511,347
515,344
517,175
516,43
516,92
518,443
520,468
519,459
519,384
519,292
521,76
523,313
522,318
522,143
524,320
524,249
524,345
525,49
525,160
525,127
528,40
528,52
528,278
527,374
527,243
527,72
529,73
529,146
529,83
514,80
514,243
514,283
530,462
530,434
531,166
533,136
533,104
533,224
535,296
532,336
532,80
537,352
537,432
537,491
536,485
536,457
536,479
539,484
539,228
534,284
534,184
538,270
538,113
538,152
541,72
541,218
542,366
542,336
544,80
543,499
547,309
546,363
546,415
545,281
545,439
545,473
549,490
549,469
549,390
548,343
548,368
552,78
506,46
506,200
551,416
551,358
553,439
554,446
554,420
554,330
557,480
555,112
555,451
556,323
558,482
559,255
559,35
559,82
560,92
561,444
561,405
561,375
562,79
565,65
565,318
569,487
564,236
564,35
568,347
568,159
568,342
566,380
563,306
567,17
571,271
571,207
575,160
570,191
576,182
576,215
578,169
579,102
579,292
573,485
573,357
573,338
583,71
582,137
582,117
585,125
585,135
585,288
586,335
587,216
584,99
589,28
589,336
589,387
588,405
590,23
591,403
593,135
595,483
595,130
595,411
596,148
594,170
594,326
594,147
597,6
597,254
598,7
574,476
574,444
602,323
526,143
526,265
540,419
603,28
603,314
606,112
606,23
606,240
604,220
604,336
604,294
607,429
607,426
607,392
605,99
605,440
605,477
601,202
601,54
601,188
609,67
609,306
599,466
599,382
611,409
611,165
611,173
613,39
613,258
608,21
610,71
612,192
612,24
612,328
577,336
577,106
614,493
614,192
614,79
615,395
615,194
617,354
617,490
572,83
572,471
572,155
616,216
580,468
580,384
618,212
618,81
618,298
581,224
550,254
592,414
592,325
592,331
600,496
619,79
620,283
621,323
622,470
622,464
624,216
624,310
623,485
623,428
623,498
626,59
626,21
626,96
625,150
625,333
628,404
628,434
630,214
630,486
630,112
627,172
631,292
631,251
631,28
629,462
637,321
644,3
645,165
643,264
643,28
643,268
646,390
648,69
648,292
647,468
640,6
640,70
640,290
649,356
649,499
649,369
650,31
652,483
654,328
654,470
654,483
641,112
641,91
653,325
653,304
653,229
651,326
651,458
651,106
642,431
656,41
656,130
656,146
655,470
655,371
634,342
638,10
633,324
636,374
636,443
636,466
632,201
632,395
632,209
639,190
639,248
658,392
658,471
657,301
659,56
659,303
669,242
667,424
667,149
668,399
635,404
635,443
635,382
671,321
671,212
671,194
672,429
663,285
661,403
673,56
673,10
673,262
660,303
660,392
664,248
664,42
664,289
662,152
662,269
670,319
670,145
666,298
674,389
674,494
680,371
680,494
676,257
676,26
676,20
677,263
682,184
682,225
679,385
679,455
687,418
687,262
690,462
675,276
675,150
688,21
692,52
695,47
695,22
695,117
691,378
691,208
691,175
693,188
693,464
694,315
694,270
696,153
697,23
697,185
665,56
665,242
698,186
699,113
699,19
678,469
678,481
678,409
702,253
702,1
700,328
700,126
703,372
703,438
703,499
686,294
701,124
701,147
701,27
683,139
683,317
685,351
685,81
681,442
681,5
705,385
705,213
705,41
707,254
706,227
706,336
689,420
689,355
689,323
709,435
709,431
710,321
710,56
710,305
708,2
711,309
711,216
713,358
714,304
712,236
712,485
712,82
715,171
715,154
715,190
716,428
717,486
721,458
727,320
727,340
728,488
729,386
726,101
730,82
730,165
730,231
733,205
733,218
731,133
731,347
732,316
732,158
732,84
734,248
734,225
734,390
736,305
737,435
735,422
735,388
738,465
738,96
738,308
739,71
739,45
739,258
742,467
742,324
742,107
722,432
744,210
719,458
719,58
718,121
745,210
745,164
745,39
746,252
747,379
747,356
743,401
750,389
750,194
750,491
748,475
748,388
748,373
723,26
723,117
751,303
751,242
752,361
752,23
720,119
720,367
741,118
741,450
741,386
684,377
684,215
740,480
740,489
740,436
724,353
724,123
724,317
725,84
725,489
725,263
704,157
704,125
754,431
754,376
754,301
749,227
753,297
753,25
766,411
765,400
765,395
767,87
768,88
768,206
769,489
769,277
759,137
759,390
759,96
771,190
771,412
771,121
770,209
770,233
773,207
772,465
761,87
755,462
755,489
755,470
762,3
762,179
762,47
758,167
758,258
756,112
760,66
760,348
764,426
763,199
757,228
757,306
757,72
777,333
777,323
777,371
780,258
780,164
780,216
786,451
787,190
787,73
788,294
788,252
788,241
782,265
789,235
789,328
789,34
791,192
791,174
791,334
792,391
792,499
790,289
790,345
793,33
793,88
795,253
794,276
794,285
794,256
796,399
797,292
797,81
797,172
799,290
799,171
785,134
785,6
800,355
778,493
801,370
798,406
798,396
798,169
781,194
781,101
781,205
784,431
779,228
779,143
779,463
804,341
804,187
803,130
805,205
807,20
807,1
807,221
806,64
808,403
808,463
809,460
774,17
774,181
811,421
811,353
811,395
802,335
802,374
802,496
812,12
810,428
810,172
814,214
815,368
818,144
818,355
818,107
813,168
813,427
813,230
816,128
816,256
817,166
817,92
817,343
820,188
820,413
819,301
819,299
776,162
776,243
821,283
821,415
821,107
822,456
822,460
822,499
825,221
825,212
825,69
833,360
783,296
783,220
831,339
831,99
831,294
827,102
827,249
827,158
775,148
775,168
835,359
836,187
836,202
837,496
838,235
839,230
830,139
830,325
830,274
841,50
840,479
840,133
840,225
842,198
842,39
842,8
843,253
823,260
846,142
846,139
846,192
845,305
845,156
844,135
844,375
844,212
847,69
848,463
848,173
848,243
851,496
849,238
849,316
849,289
850,6
826,257
826,441
853,369
855,261
824,70
824,62
854,38
852,98
852,230
832,217
832,27
828,448
834,295
829,57
856,143
856,398
857,446
857,397
857,464
858,151
858,164
863,340
863,221
863,213
868,440
871,282
870,220
874,316
867,68
867,151
859,377
875,93
876,255
878,197
877,79
877,289
877,222
880,49
880,186
879,196
879,348
879,178
864,206
864,191
864,347
882,437
882,451
882,465
873,382
873,428
873,167
881,4
881,287
881,18
884,178
884,346
861,446
861,191
872,403
872,269
872,80
883,473
860,178
860,430
862,81
862,25
862,364
869,46
885,494
885,452
866,499
888,275
888,414
889,20
889,342
890,382
891,453
892,22
887,171
887,220
893,443
893,183
896,156
896,128
894,387
894,122
894,467
897,414
899,198
899,358
895,121
898,250
898,223
898,322
901,21
902,190
902,424
865,176
865,98
900,53
900,29
900,12
903,184
903,73
886,55
904,23
904,164
907,289
907,56
906,280
911,51
911,158
910,475
905,244
908,310
908,224
918,412
918,423
909,449
919,180
919,473
919,109
915,90
920,241
920,449
920,483
913,82
913,146
913,299
912,348
912,91
912,286
921,438
921,175
921,165
914,240
914,330
914,393
917,469
917,35
917,193
916,30
923,59
923,104
923,325
934,134
934,182
934,175
933,102
936,333
936,228
935,397
935,366
922,444
922,424
922,379
937,492
937,181
938,403
938,356
940,370
942,111
939,423
939,370
943,53
943,47
943,129
944,277
941,94
941,310
941,268
945,393
928,425
946,273
946,472
946,127
929,215
929,85
929,248
950,257
950,173
949,327
949,200
949,302
951,12
951,243
951,188
952,363
952,452
954,82
954,300
953,189
953,182
953,296
956,34
956,21
955,199
948,4
948,148
925,438
925,444
932,252
932,333
932,100
957,45
957,170
931,500
931,320
947,316
947,27
926,169
926,185
926,450
924,158
924,91
924,178
930,131
958,180
958,105
958,269
959,497
959,399
927,4
927,98
927,444
960,86
961,229
962,33
962,332
963,269
963,84
963,254
966,95
964,466
964,497
964,369
965,355
968,270
968,40
968,191
969,5
970,85
970,104
972,219
972,34
972,195
971,393
971,264
971,270
973,263
973,317
967,43
978,422
978,278
976,324
976,267
976,108
975,61
974,276
974,100
974,104
986,338
986,206
987,198
987,185
989,151
988,321
988,377
990,324
992,159
993,202
993,418
994,88
994,32
995,426
995,264
995,491
981,77
981,313
981,158
998,406
997,180
997,135
997,251
985,455
985,448
985,313
1001,130
1001,300
984,309
984,195
999,10
999,309
982,296
977,273
979,254
980,413
980,260
991,335
991,347
1004,361
1008,11
1008,58
1009,53
1003,83
1010,65
1010,221
1010,98
1011,45
1011,135
1011,76
1007,22
1007,325
1013,316
1013,186
1015,356
1005,300
1017,192
1017,490
1016,39
1016,93
1016,313
1012,67
1012,423
1019,384
1019,448
1018,152
1022,196
1020,21
1020,177
1021,427
1021,446
996,190
996,247
1024,462
1025,423
1025,360
1000,212
1000,338
1026,425
1026,403
983,36
983,107
1023,112
1023,334
1023,74
1027,104
1027,288
1027,22
1006,77
1006,27
1006,152
1002,130
1002,94
1014,462
1014,453
1014,463
1028,25
1029,413
1030,379
1030,331
1030,128
1033,386
1033,373
1032,80
1031,350
1031,391
1031,44
1034,307
1036,156
1036,297
1035,115
1035,499
1035,37
1037,494
1038,133
1038,137
1039,444
1039,232
1040,236
1040,189
1041,266
1041,273
1042,6
1042,490
1042,349
1043,375
1043,496
1043,420
1045,207
1045,423
1045,340
1055,305
1055,299
1055,18
1049,156
1056,497
1057,360
1058,295
1058,318
1059,156
1060,23
1060,270
1044,392
1044,254
1044,226
1054,316
1061,81
1061,260
1061,224
1062,456
1062,20
1062,434
1063,108
1065,227
1064,450
1064,364
1064,405
1068,262
1068,19
1066,112
1069,185
1069,213
1047,125
1047,289
1067,461
1071,49
1071,56
1071,280
1070,464
1070,452
1051,330
1051,103
1072,100
1072,266
1072,18
1073,300
1073,249
1048,203
1048,306
1046,320
1046,398
1046,131
1052,99
1052,337
1053,72
1050,151
1050,333
1050,312
1076,436
1076,318
1074,122
1074,213
1078,383
1077,215
1077,193
1077,279
1082,55
1080,484
1080,417
1080,410
1084,159
1084,170
1084,367
1083,103
1083,326
1083,341
1085,175
1085,10
1087,199
1087,201
1087,443
1081,169
1081,60
1075,305
1075,436
1088,26
1088,324
1091,7
1091,251
1090,244
1090,42
1092,155
1093,344
1093,120
1093,54
1086,62
1086,407
1086,401
1079,195
1079,153
1079,258
1094,48
1094,245
1089,203
1089,214
1089,112
1097,141
1095,491
1095,366
1095,420
1096,4
1098,221
1098,93
1100,43
1100,235
1100,295
1099,69
1099,314
1101,431
1101,341
1101,417
1102,8
1102,94
1102,90
1104,250
1104,136
1105,229
1105,112
1105,233
1106,71
1106,302
1107,130
1109,348
1108,416
1112,264
1112,350
1110,115
1110,214
1111,486
1111,33
1111,107
1113,418
1113,457
1113,476
1103,368
1103,370
1103,489
1114,391
1114,314
1114,471
1117,171
1117,319
1115,236
1118,376
1118,414
1116,479
1122,346
1121,380
1121,431
1120,467
1120,479
1120,439
1123,416
1123,377
1126,85
1124,455
1124,405
1127,393
1127,157
1119,130
1119,110
1119,96
1125,438
1129,158
1128,232
1128,251
1128,130
1130,85
1130,39
1132,390
1133,392
1133,260
1135,481
1131,342
1131,42
1131,258
1134,165
1139,487
1136,449
1136,103
1136,415
1140,442
1140,203
1140,256
1138,286
1138,115
1138,342
1148,97
1137,76
1137,383
1149,254
1149,396
1150,18
1143,408
1144,386
1151,57
1151,271
1154,125
1154,466
1154,34
1152,85
1152,469
1157,380
1153,449
1160,253
1158,398
1158,140
1159,366
1156,81
1156,253
1162,474
1155,20
1155,111
1155,318
1165,245
1165,108
1165,248
1163,397
1163,384
1164,246
1164,215
1164,111
1161,14
1169,170
1166,25
1166,161
1166,128
1167,281
1167,155
1167,18
1168,489
1168,359
1168,351
1141,155
1147,90
1147,6
1142,50
1145,113
1145,148
1146,286
1146,25
1170,186
1170,62
1171,46
1171,41
1173,76
1173,415
1173,272
1172,391
1172,453
1172,472
1174,356
1174,430
1174,367
1175,441
1175,457
1176,79
1176,150
1180,235
1178,230
1178,388
1178,206
1177,485
1181,486
1181,447
1182,472
1182,390
1182,474
1179,475
1179,421
1179,448
1184,72
1185,16
1185,141
1185,259
1186,444
1186,375
1186,456
1183,306
1183,419
1183,473
1188,430
1188,405
1187,455
1189,120
1189,258
1191,120
1191,327
1202,319
1202,493
1202,299
1201,200
1201,184
1203,445
1203,415
1203,246
1204,240
1204,390
1204,186
1206,64
1206,280
1192,486
1192,443
1192,364
1207,477
1207,108
1205,482
1205,351
1209,69
1209,261
1210,151
1210,22
1210,254
1211,167
1211,55
1212,212
1212,424
1190,104
1214,448
1215,365
1215,404
1193,496
1193,491
1193,115
1213,291
1213,167
1213,350
1208,292
1208,118
1216,80
1216,36
1216,157
1217,169
1217,392
1218,107
1219,76
1220,33
1220,309
1221,263
1221,114
1221,309
1222,64
1222,289
1222,6
1223,159
1223,234
1194,23
1194,122
1227,459
1227,22
1227,193
1228,342
1228,385
1228,104
1195,478
1195,376
1195,427
1229,158
1229,329
1229,103
1230,388
1232,162
1232,150
1232,30
1233,373
1233,22
1226,230
1236,205
1236,129
1237,304
1238,62
1239,293
1239,399
1239,130
1231,166
1231,348
1240,46
1240,249
1240,24
1241,146
1243,369
1243,143
1225,330
1225,354
1246,158
1246,61
1246,466
1224,121
1234,492
1234,456
1234,434
1245,37
1245,89
1245,195
1242,281
1242,120
1235,150
1251,20
1252,20
1196,96
1196,440
1196,54
1250,138
1250,227
1250,266
1253,213
1254,194
1254,37
1254,171
1255,393
1255,493
1256,104
1256,93
1259,272
1258,434
1258,407
1258,74
1257,494
1257,365
1261,256
1261,94
1261,279
1263,131
1263,237
1263,433
1265,256
1262,174
1262,22
1262,171
1260,439
1260,430
1260,462
1267,153
1264,235
1264,218
1247,495
1248,200
1244,116
1270,170
1270,195
1271,290
1271,19
1269,159
1269,151
1269,315
1266,88
1198,166
1198,447
1198,191
1249,206
1249,17
1249,457
1268,280
1197,47
1199,386
1272,194
1272,414
1273,383
1274,192
1274,393
1275,491
1275,351
1275,372
1276,274
1200,432
1277,454
1277,303
1279,449
1279,20
1280,375
1280,234
1280,33
1281,8
1278,260
1282,303
1282,291
1283,363
1284,24
1284,332
1284,230
1286,431
1286,461
1289,16
1285,425
1287,105
1287,77
1287,96
1288,242
1292,193
1292,280
1292,263
1300,106
1300,257
1302,200
1303,26
1303,96
1301,340
1299,459
1299,271
1299,306
1297,419
1304,26
1304,330
1304,224
1305,350
1305,68
1305,153
1306,240
1306,180
1306,101
1295,91
1295,157
1307,64
1307,282
1311,126
1308,127
1310,270
1314,24
1309,101
1309,334
1309,273
1313,156
1313,483
1316,387
1315,268
1315,91
1317,491
1317,164
1318,153
1318,177
1312,301
1320,214
1290,94
1290,224
1290,262
1319,459
1319,301
1291,237
1294,447
1294,245
1321,286
1298,348
1298,164
1298,143
1293,114
1293,295
1293,53
1325,491
1325,201
1324,48
1324,451
1296,481
1323,65
1323,44
1326,176
1326,37
1326,134
1328,318
1328,483
1328,399
1327,295
1327,254
1329,266
1331,457
1331,153
1331,236
1332,339
1332,50
1330,108
1330,162
1330,337
1322,361
1333,404
1334,151
1337,288
1337,151
1335,426
1335,457
1335,459
1338,487
1338,43
1336,87
1336,242
1336,119
1340,113
1341,74
1341,403
1341,412
1339,93
1339,328
1339,292
1344,308
1342,164
1342,16
1342,260
1343,370
1343,354
1343,371
1345,463
1345,400
1345,81
1346,89
1346,165
1346,92
1347,10
1347,277
1347,189
1351,393
1351,414
1348,187
1348,181
1355,476
1350,270
1350,8
1354,446
1354,366
1354,485
1349,62
1353,400
1353,415
1352,102
1356,258
1356,207
1358,484
1358,169
1358,288
1360,169
1357,401
1357,24
1359,38
1359,245
1362,392
1363,311
1361,396
1361,482
1364,348
1364,488
1365,334
1366,198
1367,345
1369,224
1369,104
1369,174
1370,280
1370,386
1370,190
1373,409
1373,384
1368,12
1368,155
1371,292
1371,5
1372,449
1372,392
1372,388
1375,484
1375,74
1376,362
1374,6
1374,49
1377,2
1377,24
1380,93
1380,153
1379,351
1381,418
1381,445
1384,143
1384,416
1384,87
1378,26
1378,246
1378,219
1383,273
1385,416
1385,132
1385,411
1387,204
1387,29
1387,255
1386,421
1386,182
1386,67
1382,429
1382,344
1382,431
1392,274
1388,480
1389,61
1391,346
1391,270
1393,252
1393,148
1390,140
1390,97
1390,312
1396,337
1396,1
1394,484
1394,495
1394,409
1395,482
1397,314
1397,138
1397,372
1400,493
1400,443
1401,431
1401,453
1401,481
1409,422
1409,441
1409,131
1399,322
1399,54
1410,2
1406,134
1406,67
1414,103
1404,411
1404,86
1404,457
1413,22
1413,53
1413,92
1411,298
1411,177
1411,133
1412,384
1412,57
1415,115
1415,238
1415,318
1417,206
1417,225
1417,189
1416,330
1420,83
1420,99
1420,55
1419,188
1419,415
1419,130
1418,109
1418,52
1418,380
1422,52
1421,314
1421,48
1421,21
1424,155
1423,85
1423,235
1423,456
1426,423
1427,164
1425,22
1405,361
1407,130
1407,344
1398,420
1398,440
1398,444
1402,227
1402,68
1403,427
1403,365
1403,385
1408,175
1428,139
1429,418
1430,337
1430,118
1430,432
1431,37
1431,208
1433,452
1433,481
1435,64
1435,328
1435,30
1434,232
1434,387
1434,341
1432,9
1432,413
1432,396
1436,83
1438,239
1439,237
1437,178
1437,72
1442,402
1440,312
1440,337
1441,239
1441,328
1441,413
1446,195
1443,358
1443,304
1451,123
1454,79
1454,260
1455,46
1455,314
1455,208
1449,232
1449,376
1449,5
1456,312
1457,397
1457,324
1457,391
1453,123
1458,128
1458,282
1460,331
1460,11
1461,402
1461,357
1461,364
1466,231
1445,452
1447,335
1469,277
1469,330
1452,309
1452,288
1452,211
1470,485
1470,415
1470,441
1471,182
1448,382
1448,366
1448,500
1472,290
1472,132
1472,30
1464,139
1464,75
1473,322
1473,143
1463,62
1444,471
1444,457
1475,254
1475,65
1475,66
1474,44
1474,347
1477,467
1477,79
1476,438
1476,352
1476,189
1479,325
1478,468
1478,403
1478,457
1482,101
1482,435
1481,349
1481,367
1481,6
1483,357
1483,393
1459,71
1486,469
1486,169
1485,264
1485,223
1485,85
1484,398
1484,442
1484,361
1487,226
1487,435
1487,33
1489,196
1489,421
1488,153
1495,126
1490,22
1490,88
1490,105
1493,458
1493,275
1493,34
1496,266
1480,158
1480,343
1480,85
1465,222
1494,290
1492,439
1492,356
1492,168
1462,358
1462,320
1491,19
1450,212
1450,90
1500,26
1501,365
1468,136
1468,278
1468,154
1498,237
1498,356
1498,229
1503,403
1497,480
1497,356
1507,355
1507,409
1508,151
1508,236
1508,100
1510,138
1510,57
1499,357
1502,186
1502,178
1512,260
1512,205
1513,342
1513,147
1514,89
1515,8
1515,352
1520,297
1520,14
1520,195
1519,400
1519,373
1519,15
1509,191
1518,27
1518,268
1518,379
1504,91
1504,239
1505,315
1505,254
1505,500
1506,426
1506,303
1516,222
1516,82
1517,451
1467,358
1522,257
1521,160
1523,138
1523,435
1527,195
1527,494
1524,270
1524,282
1526,74
1525,260
1525,265
1532,142
1534,70
1534,104
1534,36
1528,423
1528,395
1528,420
1530,192
1530,339
1529,277
1533,453
1533,292
1533,2
1511,172
1511,270
1511,182
1535,422
1535,431
1536,252
1538,167
1540,320
1540,258
1540,227
1537,33
1537,71
1537,235
1531,425
1531,429
1541,73
1541,412
1541,134
1543,98
1539,53
1539,48
1539,491
1544,309
1544,19
1545,235
1546,429
1546,108
1546,330
1542,415
1542,370
1548,12
1548,418
1547,4
1547,201
1549,62
1549,321
1549,335
1550,151
1551,56
1551,203
1551,182
1552,439
1552,393
1553,375
1553,388
1555,435
1554,349
1554,75
1554,188
1557,9
1557,218
1557,205
1559,308
1556,500
1556,391
1556,427
1558,286
1558,212
1560,273
1561,18
1562,319
1562,235
1562,335
1564,227
1564,5
1575,15
1575,288
1575,34
1576,238
1576,293
1574,98
1577,484
1577,456
1578,283
1578,343
1578,415
1579,304
1579,136
1580,356
1580,334
1581,117
1581,297
1581,381
1582,351
1582,440
1582,452
1583,437
1584,50
1584,472
1586,291
1587,244
1587,140
1587,118
1585,379
1589,474
1588,150
1588,302
1563,208
1563,256
1563,250
1570,169
1571,176
1571,323
1571,54
1566,310
1566,114
1566,302
1572,379
1572,499
1572,446
1592,126
1593,158
1594,234
1565,342
1565,94
1565,114
1595,53
1595,116
1596,140
1596,131
1567,147
1573,479
1568,416
1590,321
1590,144
1590,146
1591,99
1591,178
1569,76
1569,32
1569,269
1597,496
1597,356
1602,414
1602,423
1598,156
1598,52
1600,42
1600,79
1600,280
1601,484
1601,3
1601,269
1599,54
1599,247
1605,457
1605,425
1605,382
1615,221
1611,416
1617,438
1608,244
1608,413
1607,166
1607,231
1607,250
1618,479
1618,60
1620,437
1620,82
1620,453
1619,201
1619,358
1621,460
1609,308
1609,485
1606,89
1606,453
1622,397
1622,97
1622,420
1624,301
1624,15
1625,465
1623,290
1623,420
1623,485
1616,271
1616,267
1612,429
1612,243
1612,230
1614,266
1614,168
1610,244
1610,110
1610,227
1613,312
1626,77
1626,6
1626,180
1603,394
1603,421
1637,211
1627,263
1639,370
1640,182
1640,104
1640,123
1641,436
1641,489
1642,470
1628,88
1628,439
1628,125
1644,127
1644,120
1638,256
1638,459
1638,355
1645,479
1645,388
1604,479
1604,39
1604,451
1646,198
1646,9
1646,185
1648,316
1648,225
1647,230
1647,50
1649,262
1650,101
1650,169
1650,97
1643,101
1651,207
1651,167
1651,305
1653,116
1653,20
1653,18
1654,323
1654,425
1654,79
1633,434
1633,453
1630,317
1630,347
1634,12
1631,497
1631,399
1631,256
1629,64
1632,335
1632,111
1636,113
1655,362
1656,297
1658,23
1658,187
1635,347
1635,168
1635,13
1657,338
1660,286
1660,358
1660,280
1662,44
1662,93
1662,305
1661,238
1659,486
1659,353
1659,405
1664,458
1664,61
1663,195
1663,35
1663,75
1665,63
1667,405
1667,409
1668,294
1668,213
1666,451
1666,226
1666,290
1669,214
1669,220
1671,137
1671,30
1672,281
1672,94
1672,40
1670,349
1670,7
1670,53
1674,11
1674,292
1674,14
1673,82
1673,25
1678,446
1678,434
1677,112
1677,232
1685,132
1685,344
1680,356
1675,34
1675,55
1675,7
1688,185
1682,297
1682,496
1691,397
1690,201
1690,127
1690,323
1689,170
1689,330
1676,370
1676,341
1676,103
1694,351
1694,309
1695,418
1692,437
1692,370
1692,413
1696,110
1696,57
1693,309
1693,45
1693,41
1698,36
1698,85
1699,454
1699,444
1697,74
1697,92
1697,277
1700,236
1701,408
1701,177
1702,449
1702,61
1702,15
1705,272
1705,130
1705,326
1704,152
1704,429
1704,256
1703,240
1703,238
1703,4
1706,411
1708,333
1709,466
1709,65
1709,364
1679,374
1679,361
1679,498
1707,346
1707,321
1684,257
1684,66
1686,337
1686,64
1687,361
1687,459
1687,392
1683,66
1711,240
1711,86
1711,484
1681,392
1681,90
1681,383
1710,280
1710,29
1710,467
1712,36
1712,118
1714,436
1714,231
1717,127
1717,183
1717,216
1713,53
1721,76
1720,370
1720,460
1720,489
1652,312
1719,486
1715,339
1715,166
1718,279
1724,340
1724,381
1725,153
1725,130
1725,261
1723,235
1723,454
1722,264
1729,450
1728,404
1728,357
1732,125
1730,343
1730,464
1730,79
1727,151
1727,341
1734,464
1734,479
1735,480
1736,233
1736,59
1737,187
1738,306
1738,226
1733,468
1733,405
1733,8
1740,216
1740,327
1739,204
1731,78
1741,435
1741,356
1745,420
1745,72
1726,149
1743,48
1743,80
1747,48
1744,178
1744,203
1742,432
1742,387
1742,500
1748,428
1748,105
1749,123
1749,433
1749,109
1752,486
1752,376
1752,377
1746,7
1746,355
1746,491
1753,139
1750,142
1750,335
1750,343
1754,393
1755,30
1755,183
1755,223
1757,473
1757,498
1751,105
1751,268
1758,119
1758,265
1759,43
1759,73
1759,33
1756,473
1761,32
1760,303
1762,189
1762,297
1762,216
1763,173
1763,381
1764,468
1764,111
1766,114
1766,221
1766,323
1765,462
1765,478
1765,384
1767,482
1767,429
1767,358
1768,243
1769,478
1773,50
1773,266
1773,306
1775,178
1774,141
1772,339
1772,125
1770,140
1770,219
1770,131
1771,279
1771,90
1776,155
1782,382
1782,129
1782,463
1781,298
1781,36
1784,413
1786,48
1785,70
1785,335
1785,400
1783,269
1783,248
1789,474
1791,156
1791,491
1788,247
1788,318
1790,146
1790,266
1787,435
1787,348
1787,395
1793,25
1792,236
1792,386
1794,457
1794,461
1797,305
1797,141
1797,106
1795,460
1795,434
1796,36
1796,341
1796,94
1798,77
1798,291
1800,163
1799,58
1799,222
1799,470
1802,375
1801,66
1801,407
1801,461
1780,114
1780,184
1780,164
1809,252
1807,208
1806,234
1804,374
1804,84
1813,190
1811,469
1808,240
1808,334
1810,143
1810,221
1810,152
1814,181
1814,160
1812,276
1812,332
1812,88
1818,162
1815,418
1815,175
1817,165
1817,86
1816,126
1816,219
1816,171
1819,231
1819,279
1821,373
1822,36
1822,83
1822,352
1824,443
1824,116
1820,222
1823,81
1823,319
1825,397
1825,432
1825,365
1826,185
1826,178
1826,40
1778,254
1778,353
1778,408
1829,140
1803,459
1803,473
1827,97
1827,490
1834,493
1834,418
1834,451
1779,317
1779,371
1832,462
1832,98
1837,477
1836,244
1836,11
1836,18
1777,390
1831,475
1839,422
1839,391
1841,57
1841,21
1841,39
1838,191
1838,295
1833,461
1833,153
1833,355
1716,140
1716,374
1842,152
1842,78
1843,100
1843,354
1843,40
1830,208
1848,71
1844,9
1845,46
1835,327
1846,39
1840,132
1840,368
1847,146
1850,193
1850,436
1850,369
1852,491
1851,493
1849,236
1849,281
1853,14
1853,377
1853,320
1855,73
1856,253
1856,324
1856,258
1854,278
1854,163
1858,364
1859,316
1857,469
1857,383
1857,398
1861,250
1860,153
1860,180
1860,279
1863,160
1863,236
1863,192
1864,491
1866,353
1866,476
1866,368
1865,370
1867,315
1869,373
1874,322
1874,188
1874,50
1862,290
1862,216
1862,490
1870,74
1870,365
1868,416
1868,172
1876,252
1876,72
1871,437
1875,399
1873,480
1873,366
1877,168
1877,192
1872,374
1878,87
1878,142
1878,277
1805,383
1879,471
1879,360
1880,311
1880,258
1880,493
1882,258
1881,459
1881,200
1885,342
1885,438
1885,397
1886,268
1886,351
1887,33
1887,429
1888,401
1888,499
1892,202
1893,401
1893,215
1893,432
1894,211
1894,171
1895,208
1895,4
1895,339
1896,402
1896,354
1896,438
1897,229
1883,284
1883,104
1883,203
1902,339
1902,77
1902,407
1884,315
1901,69
1890,132
1891,462
1891,382
1891,440
1889,248
1900,426
1900,403
1900,466
1904,50
1904,94
1904,220
1906,140
1905,242
1905,456
1905,303
1899,339
1899,307
1899,211
1898,117
1907,119
1907,303
1907,199
1903,201
1903,8
1903,173
1909,92
1909,500
1910,373
1910,160
1911,4
1908,460
1908,491
1908,470
1912,418
1912,231
1914,361
1913,303
1913,238
1913,264
1915,385
1918,210
1918,40
1918,239
1919,357
1920,150
1920,344
1920,21
1917,138
1917,62
1917,25
1916,351
1916,71
1924,361
1925,176
1923,374
1923,158
1923,213
1927,339
1922,136
1921,402
1928,252
1928,210
1928,412
1931,5
1931,9
1932,108
1932,104
1934,153
1934,141
1929,283
1936,165
1937,88
1938,376
1938,488
1938,127
1939,38
1940,378
1933,489
1933,461
1933,451
1943,128
1945,403
1945,500
1944,116
1944,358
1944,295
1948,231
1948,439
1948,445
1947,442
1947,381
1946,188
1946,472
1946,430
1950,17
1950,199
1950,19
1949,130
1949,122
1949,61
1935,301
1954,216
1954,340
1955,373
1955,281
1955,290
1956,388
1956,419
1941,89
1930,466
1930,486
1942,348
1942,288
1942,403
1952,395
1952,459
1952,357
1953,80
1960,445
1960,196
1966,364
1966,284
1965,320
1965,340
1965,196
1967,470
1967,368
1969,244
1969,379
1957,328
1958,244
1958,140
1959,428
1968,217
1964,349
1964,229
1974,181
1976,345
1977,231
1977,477
1978,250
1961,217
1961,65
1961,22
1980,67
1980,308
1975,197
1971,229
1971,258
1971,55
1962,437
1962,390
1962,486
1983,200
1983,88
1983,247
1982,207
1982,477
1982,304
1985,104
1985,151
1985,43
1984,145
1984,232
1988,22
1988,123
1988,405
1972,36
1972,33
1990,456
1990,427
1963,425
1970,477
1970,379
1991,359
1991,217
1991,423
1981,471
1993,488
1993,44
1993,253
1979,146
1979,262
1992,311
1992,45
1994,493
1997,151
1996,450
1995,393
1987,215
1987,61
2000,76
2000,306
2000,485
2002,92
2001,46
2001,105
2001,116
2004,116
2003,367
2005,384
2006,319
1986,476
1986,75
1986,182
1973,8
1973,73
2007,195
2007,191
2007,5
1989,25
1989,62
1989,343
2010,24
2010,233
1999,445
1999,176
1999,282
2008,406
2008,158
2015,388
2016,190
2017,269
2009,349
2009,457
2009,260
2018,192
2018,59
2020,62
2020,463
2020,107
2019,102
2019,82
2011,377
2011,387
2011,475
2013,350
2013,221
2014,203
2014,289
2023,305
2023,453
2023,118
2025,334
2025,85
2025,32
2028,127
2026,451
2026,442
2026,380
2024,208
1998,143
1998,112
2022,23
2022,270
2027,404
2027,473
2027,442
1926,207
1926,95
1926,140
1951,419
1951,343
1951,338
2012,27
2012,86
2021,156
2021,220
2021,124
1828,164
1828,4
2029,85
2029,24
2032,354
2030,80
2030,480
2034,47
2031,378
2031,300
2031,6
2033,70
2033,149
2035,151
2039,361
2039,381
2039,341
2041,291
2038,70
2043,25
2043,485
2042,3
2047,361
2044,268
2044,100
2040,156
2046,149
2046,56
2046,222
2045,15
2045,201
2049,305
2049,485
2049,329
2048,365
2048,413
2048,473
2051,477
2051,15
2052,470
2050,200
2053,479
2053,91
2055,66
2055,262
2056,467
2057,88
2057,285
2054,62
2054,68
2054,198
2059,269
2058,321
2058,386
2063,303
2064,254
2064,498
2064,435
2061,191
2060,460
2060,450
2060,418
2065,37
2065,74
2065,73
2070,203
2070,308
2070,100
2069,129
2069,251
2037,55
2037,135
2037,30
2066,339
2066,344
2071,360
2071,390
2071,462
2074,475
2074,362
2074,392
2075,438
2073,8
2072,423
2072,442
2072,435
2076,429
2076,376
2078,68
2062,436
2062,459
2077,298
2077,2
2068,321
2068,406
2068,34
2036,254
2036,162
2079,234
2079,460
2081,171
2080,11
2067,364
2067,456
2082,56
2082,144
2084,402
2085,450
2083,433
2086,166
2086,263
2086,436
2089,1
2087,371
2087,380
2087,405
2090,122
2090,253
2088,19
2088,170
2092,153
2092,410
2092,490
2091,175
2093,256
2093,323
2093,374
2094,98
2094,295
2095,36
2095,32
2099,481
2097,370
2097,378
2097,396
2100,245
2096,306
2096,301
2096,191
2105,384
2101,219
2101,201
2098,487
2098,68
2098,435
2102,243
2107,31
2107,290
2107,35
2114,485
2114,398
2114,315
2103,34
2103,381
2103,45
2116,471
2116,392
2116,362
2117,210
2117,200
2117,250
2118,299
2106,500
2119,46
2119,262
2119,184
2104,40
2108,259
2108,461
2108,247
2122,483
2122,417
2122,450
2125,408
2125,338
2125,35
2123,260
2126,214
2127,357
2127,422
2127,358
2124,42
2124,181
2124,30
2128,86
2128,268
2129,413
2131,352
2130,262
2132,119
2135,170
2134,44
2115,252
2120,26
2121,201
2109,120
2109,115
2109,241
2141,191
2133,234
2133,426
2142,484
2110,433
2136,315
2136,357
2112,427
2112,378
2113,224
2113,348
2113,27
2139,34
2139,289
2137,252
2137,279
2137,312
2140,153
2140,34
2138,485
2138,483
2138,496
2111,297
2144,231
2144,433
2155,498
2156,3
2157,133
2154,378
2154,354
2154,479
2158,480
2158,407
2159,112
2160,31
2161,405
2161,452
2161,494
2143,145
2143,224
2143,301
2162,299
2162,288
2163,205
2163,57
2163,302
2164,280
2164,329
2164,233
2165,181
2166,71
2166,369
2167,326
2151,232
2150,411
2168,389
2153,312
2153,342
2153,171
2152,234
2152,458
2145,357
2172,9
2172,29
2170,381
2169,276
2169,303
2169,268
2177,371
2177,222
2178,62
2178,354
2178,203
2179,31
2179,203
2149,35
2149,277
2149,156
2181,275
2180,188
2180,325
2180,243
2182,168
2184,33
2184,308
2185,414
2186,57
2186,173
2187,134
2187,271
2176,76
2176,285
2176,393
2188,164
2183,210
2183,447
2183,42
2189,138
2189,112
2190,433
2192,393
2192,482
2191,45
2191,57
2191,273
2193,23
2193,175
2147,382
2147,190
2147,484
2173,304
2173,341
2171,477
2171,390
2171,438
2146,379
2146,170
2146,364
2175,335
2194,429
2194,357
2174,262
2174,349
2174,287
2195,496
2195,415
2197,273
2197,9
2197,103
2196,469
2196,365
2196,216
2198,477
2199,359
2199,476
2201,443
2201,459
2201,365
2148,16
2200,377
2200,466
2203,380
2203,309
2202,99
2202,5
2205,30
2209,367
2209,377
2208,284
2208,243
2208,101
2207,223
2207,187
2207,17
2204,373
2204,450
2206,466
2210,428
2210,473
2212,283
2212,295
2211,136
2211,51
2211,194
2213,376
2214,355
2214,464
2215,140
2215,12
2219,38
2218,494
2218,387
2220,138
2220,376
2220,429
2217,374
2217,427
2217,361
2222,184
2222,143
2221,121
2221,327
2221,303
2223,317
2224,144
2216,337
2216,320
2228,417
2226,201
2227,485
2227,483
2227,473
2231,381
2230,419
2230,407
2230,418
2225,305
2225,182
2225,240
2229,154
2229,189
2229,386
2232,395
2232,279
2232,376
2233,253
2233,407
2236,499
2236,372
2236,429
2237,286
2234,394
2234,150
2234,181
2238,237
2238,29
2235,110
2239,132
2239,265
2240,463
2240,399
2242,286
2241,218
2241,192
2246,252
2245,183
2245,193
2245,408
2244,171
2243,441
2243,423
2248,339
2248,451
2248,437
2247,170
2249,433
2251,92
2251,144
2253,359
2253,455
2253,391
2252,69
2254,271
2250,243
2250,387
2257,40
2257,382
2257,152
2256,31
2255,299
2255,319
2255,477
2259,368
2259,355
2268,433
2261,358
2262,284
2262,347
2270,228
2270,462
2264,140
2264,139
2265,420
2265,99
2269,287
2269,45
2269,404
2263,252
2258,420
2258,263
2260,261
2260,414
2260,472
2266,79
2266,118
2266,109
2274,428
2274,330
2271,347
2271,211
2271,139
2267,369
2283,203
2283,270
2283,181
2272,92
2272,97
2273,159
2273,268
2286,233
2282,11
2282,281
2282,43
2284,481
2285,71
2287,42
2287,181
2287,171
2288,433
2288,74
2290,9
2290,151
2290,239
2293,66
2293,309
2293,266
2292,7
2294,56
2295,242
2295,117
2296,472
2296,392
2296,430
2297,360
2297,352
2297,365
2289,50
2289,34
2298,66
2291,336
2291,88
2278,249
2278,45
2278,350
2300,364
2300,482
2299,117
2302,189
2302,58
2275,164
2275,178
2279,267
2301,216
2301,315
2303,473
2303,109
2303,140
2281,388
2281,477
2281,391
2276,103
2276,202
2277,102
2277,23
2277,205
2304,321
2304,411
2304,265
2305,402
2305,446
2306,99
2306,347
2306,218
2309,199
2309,24
2309,153
2308,53
2308,403
2310,178
2311,312
2311,86
2311,108
2313,335
2313,76
2312,84
2312,264
2315,371
2316,166
2316,229
2307,224
2307,211
2307,352
2318,107
2318,161
2319,352
2320,331
2320,232
2321,404
2321,154
2321,390
2322,376
2322,225
2323,391
2323,160
2323,263
2324,140
2324,326
2324,164
2325,83
2325,241
2325,8
2329,491
2329,224
2328,156
2328,338
2328,314
2330,208
2331,314
2331,105
2333,27
2333,45
2332,101
2334,404
2334,395
2334,364
2336,476
2335,375
2335,160
2335,243
2317,108
2314,298
2314,489
2314,378
2338,405
2326,381
2326,393
2326,450
2339,264
2339,341
2339,198
2340,179
2280,95
2280,229
2280,146
2341,472
2341,458
2341,368
2342,46
2342,280
2342,482
2343,424
2343,410
2343,125
2344,50
2346,485
2346,239
2346,222
2345,496
2348,476
2349,47
2349,227
2347,357
2347,259
2337,267
2337,23
2337,298
2350,477
2351,431
2352,79
2352,28
2357,359
2357,368
2357,348
2364,135
2364,330
2364,348
2365,75
2365,262
2366,212
2366,349
2366,75
2367,345
2367,90
2367,126
2368,136
2368,418
2369,68
2369,374
2369,266
2370,193
2370,457
2371,93
2371,3
2372,120
2372,451
2372,245
2373,400
2373,491
2374,308
2375,274
2375,94
2376,20
2377,430
2377,489
2377,132
2378,317
2378,332
2378,294
2379,73
2379,443
2380,352
2380,417
2380,359
2360,498
2360,400
2360,423
2356,16
2356,334
2358,274
2358,92
2358,142
2359,35
2359,227
2359,346
2353,210
2353,142
2353,484
2381,423
2381,487
2355,191
2382,329
2382,5
2383,258
2383,117
2384,265
2384,145
2386,50
2386,126
2386,288
2387,73
2387,130
2385,153
2385,311
2389,156
2389,362
2363,407
2363,123
2390,353
2392,74
2388,267
2388,415
2388,32
2391,7
2391,222
2361,112
2361,262
2361,249
2354,246
2362,439
2394,384
2394,467
2327,346
2327,470
2327,48
2396,382
2396,414
2396,404
2398,293
2399,434
2399,421
2399,418
2395,183
2395,271
2401,346
2401,364
2402,120
2402,88
2402,375
2411,469
2411,473
2410,148
2410,199
2412,369
2414,435
2405,308
2413,413
2413,5
2413,98
2416,227
2418,293
2418,230
2418,242
2409,483
2417,106
2415,485
2415,407
2419,31
2419,320
2422,48
2421,483
2421,396
2420,132
2420,179
2424,353
2426,149
2426,86
2393,347
2393,226
2393,106
2408,229
2407,266
2428,388
2428,466
2428,407
2429,138
2429,408
2430,134
2430,252
2430,310
2403,351
2403,393
2403,470
2406,75
2406,278
2404,426
2404,209
2404,35
2397,482
2397,49
2400,442
2400,432
2400,418
2432,258
2431,141
2431,57
2431,44
2427,44
2427,246
2427,161
2433,173
2433,338
2433,138
2425,370
2425,16
2423,499
2423,426
2423,414
2434,397
2434,383
2434,443
2435,471
2438,45
2438,141
2436,314
2437,125
2437,205
2437,306
2441,461
2439,256
2439,57
2444,431
2443,486
2443,468
2442,142
2445,365
2445,388
2445,398
2440,178
2446,314
2446,175
2447,166
2448,132
2448,144
2449,319
2450,289
2450,39
2451,177
2451,171
2452,110
2453,494
2453,165
2453,117
2454,199
2455,127
2455,154
2456,27
2456,301
2456,13
2457,126
2457,185
2458,186
2458,398
2459,290
2459,225
2459,246
2460,7
2461,246
2461,194
2463,160
2463,99
2462,397
2462,427
2462,487
2465,40
2465,131
2465,345
2464,454
2464,115
2466,155
2466,221
2467,85
2467,346
2467,101
2471,351
2470,167
2470,105
2470,148
2468,369
2468,481
2468,51
2469,291
2469,388
2473,498
2474,446
2472,247
2472,44
2479,223
2479,315
2476,203
2487,51
2487,491
2487,336
2486,490
2489,240
2488,99
2488,57
2488,206
2490,140
2490,158
2491,173
2491,449
2491,30
2492,23
2492,475
2493,180
2493,470
2493,465
2494,346
2494,10
2495,326
2496,259
2496,125
2496,161
2497,482
2497,202
2497,209
2499,28
2499,273
2498,228
2498,394
2498,28
2500,414
2500,479
2500,141
2480,454
2480,231
2481,229
2504,358
2505,28
2505,247
2505,240
2503,498
2503,425
2508,334
2506,232
2506,194
2506,365
2507,172
2507,306
2507,209
2509,219
2509,333
2511,282
2510,329
2510,287
2512,389
2512,290
2513,463
2514,14
2515,358
2515,428
2517,201
2517,9
2516,104
2475,114
2501,232
2477,163
2477,367
2502,340
2502,66
2478,65
2478,338
2485,439
2484,70
2484,247
2482,435
2482,68
2482,247
2483,144
2483,130
2483,297
2520,137
2520,279
2520,13
2518,23
2518,95
2530,180
2530,98
2530,130
2531,246
2531,68
2531,275
2532,484
2532,402
2533,20
2533,321
2533,75
2529,301
2534,11
2535,183
2535,298
2536,375
2536,491
2524,154
2524,358
2538,41
2537,297
2540,279
2540,310
2542,365
2542,143
2543,350
2543,420
2543,487
2541,163
2541,493
2539,297
2545,488
2545,474
2544,97
2544,320
2544,468
2525,26
2525,83
2525,252
2521,454
2521,375
2521,459
2546,238
2546,188
2546,279
2522,18
2522,38
2526,121
2526,37
2523,485
2527,194
2527,162
2527,300
2528,493
2528,459
2548,279
2551,473
2551,226
2559,213
2559,306
2558,55
2558,268
2558,175
2561,415
2560,23
2560,161
2547,113
2547,163
2547,247
2563,68
2563,233
2562,360
2562,444
2562,436
2564,323
2564,498
2557,236
2557,378
2557,119
2565,192
2565,376
2565,32
2569,344
2569,354
2569,399
2567,393
2567,289
2567,224
2554,470
2554,360
2570,409
2568,75
2566,162
2566,328
2571,422
2571,164
2572,259
2572,182
2572,394
2574,409
2573,336
2573,43
2555,95
2555,399
2552,101
2575,326
2575,400
2556,488
2556,393
2553,452
2553,379
2550,493
2550,7
2578,423
2549,237
2549,315
2549,87
2580,438
2580,457
2580,390
2576,325
2587,258
2587,239
2587,249
2589,395
2588,345
2588,117
2588,107
2592,191
2592,248
2593,193
2593,205
2593,95
2577,412
2594,441
2594,176
2594,367
2595,285
2595,217
2596,2
2596,346
2598,411
2598,430
2598,441
2597,39
2597,163
2597,168
2583,288
2583,79
2581,379
2581,468
2581,168
2582,231
2582,92
2584,429
2584,75
2585,447
2585,379
2585,365
2586,463
2586,477
2591,407
2591,447
2519,210
2519,407
2606,421
2607,116
2607,459
2608,133
2608,48
2610,4
2610,96
2610,142
2611,162
2611,421
2611,486
2590,349
2579,476
2579,374
2579,453
2599,338
2599,133
2599,106
2605,363
2600,485
2612,119
2612,215
2612,101
2609,434
2609,457
2603,203
2603,50
2601,217
2602,335
2602,389
2602,348
2623,454
2623,357
2604,32
2604,243
2614,135
2614,193
2625,340
2626,238
2626,366
2624,456
2624,235
2624,143
2627,242
2627,58
2628,79
2628,134
2631,367
2632,374
2632,153
2632,144
2630,214
2620,164
2620,128
2620,252
2622,165
2633,173
2633,84
2634,427
2635,129
2638,320
2636,190
2636,436
2639,313
2639,18
2639,213
2637,254
2621,321
2621,314
2613,132
2615,116
2616,52
2619,173
2629,214
2629,148
2617,221
2640,261
2643,260
2641,496
2641,68
2644,374
2642,156
2645,220
2646,143
2646,297
2646,345
2647,56
2647,236
2647,286
2651,176
2648,400
2648,433
2649,400
2649,380
2652,377
2652,386
2652,448
2650,96
2662,276
2662,19
2662,115
2657,144
2663,258
2663,57
2618,53
2618,25
2618,64
2665,275
2664,464
2666,143
2666,150
2670,241
2667,19
2667,279
2667,428
2654,488
2671,153
2672,479
2668,210
2668,227
2668,23
2669,173
2669,289
2674,45
2674,323
2673,133
2675,202
2655,40
2655,154
2660,175
2659,154
2659,277
2656,72
2656,308
2658,447
2658,287
2658,242
2685,139
2683,479
2684,301
2684,26
2686,226
2677,89
2687,27
2687,71
2689,355
2689,475
2689,372
2688,63
2688,128
2688,345
2692,97
2692,299
2692,41
2693,436
2693,51
2691,3
2691,165
2691,177
2690,60
2690,183
2690,212
2682,326
2682,34
2694,408
2694,468
2696,179
2695,229
2695,378
2695,127
2699,307
2699,352
2698,22
2702,30
2702,226
2704,114
2697,81
2697,467
2697,100
2676,218
2676,405
2661,361
2661,396
2707,475
2706,396
2708,499
2709,47
2709,335
2710,386
2710,286
2710,471
2711,319
2712,99
2713,421
2713,497
2713,378
2678,165
2678,439
2714,179
2714,29
2714,140
2715,425
2715,479
2715,461
2701,93
2701,233
2679,241
2680,87
2680,62
2680,369
2700,464
2653,153
2705,217
2681,215
2718,261
2716,233
2716,140
2716,288
2719,497
2719,452
2719,390
2720,74
2720,158
2720,419
2723,170
2723,225
2724,250
2721,463
2722,113
2722,257
2722,122
2726,64
2726,448
2726,487
2725,239
2725,236
2727,175
2727,238
2729,41
2729,440
2729,439
2728,253
2730,53
2732,331
2732,56
2731,75
2731,108
2731,185
2734,130
2734,369
2742,241
2742,234
2744,266
2744,153
2744,318
2743,370
2737,232
2735,476
2735,192
2735,159
2717,70
2717,287
2717,293
2745,374
2746,472
2749,270
2733,76
2733,106
2733,183
2748,383
2748,429
2750,10
2750,168
2751,299
2752,46
2752,225
2753,429
2753,364
2756,231
2755,152
2747,125
2747,166
2747,129
2757,322
2754,387
2754,142
2759,124
2758,188
2758,160
2703,73
2703,497
2703,150
2736,57
2736,275
2736,113
2740,85
2761,334
2741,290
2741,49
2741,258
2739,268
2739,418
2739,228
2760,59
2760,144
2760,1
2762,463
2762,284
2762,159
2764,390
2764,497
2764,452
2763,185
2763,46
2763,255
2766,408
2766,417
2766,485
2768,174
2768,78
2768,311
2767,152
2769,90
2769,339
2770,410
2770,98
2770,262
2771,203
2771,240
2772,274
2772,35
2772,32
2775,42
2773,389
2773,145
2774,34
2774,309
2777,459
2777,402
2776,227
2778,159
2778,192
2779,2
2779,309
2779,241
2781,156
2781,487
2781,30
2780,314
2784,182
2784,481
2787,10
2787,69
2788,227
2788,311
2788,347
2785,25
2785,184
2785,269
2782,154
2782,185
2786,59
2786,105
2786,162
2783,369
2790,357
2790,467
2791,95
2791,281
2791,257
2792,131
2792,321
2793,293
2793,302
2793,102
2794,29
2794,352
2795,254
2797,471
2797,468
2796,381
2798,406
2798,383
2798,484
2799,121
2801,500
2801,418
2802,476
2802,407
2800,269
2800,84
2806,207
2808,3
2812,205
2812,373
2807,302
2807,368
2807,372
2813,104
2814,310
2809,175
2809,337
2809,319
2811,354
2811,159
2811,134
2815,442
2815,381
2815,250
2817,473
2817,395
2817,399
2819,403
2820,57
2820,323
2820,378
2818,193
2818,265
2821,197
2821,230
2822,126
2822,93
2823,282
2823,114
2804,72
2804,396
2824,322
2824,23
2824,192
2803,11
2803,278
2825,96
2825,429
2805,433
2805,367
2805,456
2826,352
2828,11
2827,184
2830,414
2830,300
2829,438
2829,409
2829,488
2831,238
2831,167
2738,30
2738,205
2789,414
2789,495
2816,25
2765,495
2810,420
2810,360
2833,164
2835,406
2836,99
2837,125
2838,473
2840,30
2832,36
2839,373
2841,31
2852,361
2852,459
2852,351
2847,206
2853,398
2853,196
2853,72
2851,75
2851,404
2851,196
2854,1
2854,272
2854,459
2855,350
2856,372
2856,146
2856,318
2842,22
2857,220
2857,79
2857,342
2860,78
2861,246
2858,194
2858,428
2858,64
2859,488
2859,326
2859,487
2863,41
2862,60
2865,440
2845,137
2845,50
2845,239
2864,112
2850,17
2846,37
2846,346
2844,155
2844,10
2844,48
2866,146
2848,415
2848,468
2848,408
2868,207
2868,341
2874,159
2874,308
2874,242
2873,293
2873,315
2873,55
2875,123
2875,302
2875,263
2876,5
2876,125
2876,352
2878,166
2878,20
2879,337
2879,137
2880,414
2881,65
2881,496
2872,352
2877,235
2877,304
2884,236
2870,97
2883,336
2882,448
2882,126
2886,445
2885,46
2885,231
2885,312
2887,287
2891,450
2891,402
2890,72
2890,153
2890,100
2888,434
2888,241
2889,309
2889,123
2889,349
2871,420
2892,46
2892,452
2892,451
2869,32
2867,279
2867,449
2893,181
2895,409
2894,108
2903,174
2903,171
2903,425
2898,365
2902,226
2902,62
2905,133
2905,40
2905,45
2900,111
2904,266
2904,471
2908,176
2908,20
2896,301
2907,191
2907,186
2907,336
2899,97
2899,454
2906,136
2906,438
2913,369
2915,362
2915,391
2915,477
2901,347
2912,442
2912,378
2916,73
2914,105
2914,224
2914,197
2917,199
2918,336
2918,24
2897,196
2897,109
2919,97
2921,283
2921,423
2921,373
2920,118
2920,268
2920,1
2925,7
2925,419
2927,304
2927,101
2927,19
2928,87
2834,282
2834,268
2834,279
2929,480
2931,402
2910,499
2910,449
2843,361
2843,402
2930,304
2930,72
2911,274
2911,41
2923,211
2923,265
2909,107
2909,12
2924,164
2924,364
2924,383
2922,468
2922,448
2926,367
2926,417
2926,489
2932,2
2932,147
2932,43
2933,357
2934,155
2934,271
2934,95
2935,336
2942,118
2937,389
2937,372
2937,400
2943,240
2943,217
2944,434
2944,353
2944,430
2938,106
2938,216
2936,67
2936,445
2940,299
2940,82
2940,111
2939,464
2939,453
2939,202
2941,200
2941,322
2849,266
2849,242
2849,46
2946,412
2946,290
2948,236
2949,292
2950,154
2953,268
2953,32
2952,297
2951,271
2955,265
2955,172
2954,380
2954,397
2954,373
2947,63
2956,270
2956,31
2957,227
2958,13
2958,318
2961,20
2961,315
2961,80
2945,469
2964,445
2964,425
2964,479
2971,392
2968,270
2968,101
2973,16
2972,155
2969,79
2976,451
2976,367
2976,353
2962,482
2962,406
2975,339
2970,189
2977,380
2977,207
2977,235
2974,159
2974,175
2966,386
2966,363
2966,470
2980,473
2980,20
2980,329
2978,356
2978,440
2982,15
2982,364
2981,227
2981,498
2981,159
2983,222
2983,140
2983,324
2963,333
2984,456
2984,485
2984,380
2960,133
2960,114
2960,431
2967,26
2967,94
2967,250
2985,433
2985,488
2985,410
2965,9
2988,414
2959,485
2959,434
2959,389
2989,306
2979,373
2979,489
2979,467
2987,5
2987,400
2990,256
2990,213
2991,335
2991,238
2991,89
2996,149
2992,488
2992,383
2992,410
2995,465
2995,392
2995,397
2994,423
2998,361
2998,406
2997,267
2986,461
2986,307
2986,215
3001,415
2999,152
2999,110
2999,162
3000,419
3000,478
3000,483
3002,53
3002,239
3002,204
3005,126
3005,407
3006,194
3008,106
3008,12
3008,292
3014,182
3014,427
2993,9
3015,144
3015,319
3015,164
3017,47
3018,238
3018,404
3013,211
3022,352
3022,383
3022,492
3011,309
3020,33
3025,278
3009,493
3009,1
3026,383
3026,469
3003,172
3016,125
3016,303
3004,81
3004,348
3027,84
3027,470
3027,462
3019,238
3019,199
3019,260
3028,246
3028,417
3010,173
3010,146
3007,342
3007,209
3012,290
3012,239
3012,347
3024,41
3023,462
3021,65
3029,459
3029,353
3031,462
3031,449
3032,480
3035,42
3035,5
3030,176
3036,348
3036,485
3036,344
3037,265
3039,252
3039,331
3034,409
3034,140
3034,389
3041,420
3041,172
3033,464
3033,402
3033,415
3040,491
3040,406
3038,187
3042,312
3047,354
3047,326
3047,265
3043,469
3044,385
3055,72
3056,10
3056,48
3045,398
3058,11
3060,141
3059,311
3059,166
3059,107
3054,30
3054,283
3054,133
3061,354
3061,455
3061,415
3057,359
3057,413
3057,462
3063,61
3063,147
3062,340
3062,86
3062,212
3064,130
3064,345
3064,70
3065,353
3068,207
3068,242
3067,119
3069,138
3069,159
3069,74
3066,390
3048,29
3048,246
3046,289
3046,124
3051,466
3051,19
3052,405
3052,30
3052,452
3053,151
3053,152
3053,56
3074,476
3072,110
3072,7
3073,90
3073,334
3075,412
3075,381
3076,276
3076,196
3076,249
3077,149
3077,420
3078,326
3071,311
3071,19
3079,402
3080,317
3080,298
3080,415
3083,137
3081,488
3082,335
3082,82
3082,56
3085,13
3084,438
3086,253
3086,250
3086,67
3088,73
3087,360
3087,33
3089,141
3090,87
3090,253
3091,226
3091,195
3091,230
3070,267
3070,398
3049,420
3049,192
3049,270
3050,248
3092,8
3093,365
3093,22
3093,390
3095,413
3094,279
3094,141
3094,475
3099,168
3099,343
3099,237
3103,94
3103,415
3103,293
3097,426
3096,438
3096,109
3096,342
3110,285
3102,17
3102,56
3109,453
3109,104
3109,354
3108,287
3108,490
3108,323
3112,287
3112,239
3113,460
3113,439
3114,476
3114,498
3114,469
3105,329
3105,228
3115,314
3115,457
3111,92
3111,160
3116,421
3121,282
3121,192
3121,359
3123,378
3123,497
3123,442
3122,452
3122,362
3120,25
3120,409
3119,71
3124,498
3124,268
3124,76
3117,404
3104,470
3107,318
3107,121
3107,143
3101,198
3101,413
3101,226
3100,235
3126,420
3126,210
3126,456
3125,115
3125,164
3125,259
3098,192
3098,485
3128,175
3128,140
3128,183
3129,352
3127,401
3106,146
3106,136
3106,161
3130,376
3130,450
3130,381
3131,312
3134,204
3133,375
3133,487
3133,452
3136,224
3136,106
3136,477
3137,82
3135,42
3135,244
3135,231
3132,473
3138,179
3138,298
3140,109
3140,371
3140,164
3139,388
3139,369
3143,427
3143,444
3142,372
3142,451
3141,269
3144,306
3144,134
3144,141
3146,399
3146,126
3146,182
3148,153
3148,236
3148,274
3118,329
3118,97
3118,314
3149,186
3149,349
3149,320
3150,237
3150,127
3150,166
3151,430
3152,159
3152,61
3153,122
3155,432
3155,205
3155,107
3158,482
3158,361
3145,496
3145,372
3157,193
3159,481
3159,61
3160,437
3160,473
3160,493
3161,194
3161,176
3161,131
3154,206
3162,190
3162,427
3163,451
3163,280
3163,285
3164,40
3164,279
3164,273
3166,37
3147,82
3147,350
3167,318
3167,413
3170,226
3170,414
3170,126
3169,455
3175,239
3175,203
3172,400
3174,326
3176,41
3178,232
3178,297
3178,313
3177,259
3177,330
3177,227
3179,426
3180,285
3181,320
3182,119
3182,175
3182,126
3183,372
3183,443
3187,30
3184,143
3184,137
3184,272
3186,212
3185,181
3185,202
3188,97
3188,175
3188,456
3190,104
3165,371
3165,389
3165,409
3171,296
3171,169
3171,365
3194,424
3194,343
3194,248
3173,115
3196,229
3196,262
3156,29
3156,90
3156,278
3197,148
3198,15
3198,216
3199,346
3201,428
3200,393
3200,362
3200,6
3195,251
3195,373
3195,180
3202,177
3202,346
3168,360
3168,427
3193,33
3204,467
3203,176
3203,8
3191,56
3191,212
3191,280
3206,397
3208,398
3208,479
3207,6
3207,152
3207,192
3211,194
3211,115
3213,452
3212,127
3212,21
3216,288
3210,220
3210,488
3218,117
3220,368
3214,217
3214,12
3214,379
3205,335
3215,76
3215,201
3219,466
3219,451
3226,33
3223,150
3223,258
3223,58
3222,283
3222,326
3222,28
3224,74
3224,88
3227,182
3227,135
3227,156
3225,61
3225,246
3217,88
3230,416
3230,125
3230,323
3232,324
3231,340
3231,168
3231,234
3235,262
3238,427
3237,288
3237,23
3236,432
3236,357
3236,460
3229,156
3229,496
3241,235
3241,65
3239,420
3239,440
3239,378
3228,362
3228,374
3245,182
3245,294
3242,443
3242,315
3242,181
3246,12
3246,187
3243,460
3243,403
3243,396
3247,19
3247,336
3247,465
3248,174
3248,42
3248,333
3249,123
3251,490
3250,281
3250,229
3252,424
3252,351
3252,445
3253,51
3255,75
3254,113
3256,203
3256,435
3256,369
3259,364
3259,185
3258,279
3257,429
3189,405
3192,80
3209,169
3209,323
3209,71
3221,143
3233,391
3233,313
3233,119
3234,293
3234,227
3240,284
3240,88
3240,71
3244,291
3261,188
3260,77
3260,65
3260,312
3262,50
3262,327
3263,311
3263,401
3263,492
3264,331
3264,48
3264,151
3265,279
3265,11
3267,111
3267,339
3267,292
3268,245
3266,142
3266,61
3269,141
3269,133
3269,317
3270,334
3270,497
3271,31
3272,114
3272,432
3274,477
3274,206
3274,352
3277,203
3277,458
3285,371
3285,158
3286,78
3286,295
3280,277
3280,213
3287,59
3287,350
3287,395
3288,351
3284,433
3273,154
3273,183
3290,278
3290,35
3290,209
3293,46
3289,258
3289,54
3292,482
3292,369
3292,494
3295,461
3295,427
3294,414
3294,484
3294,392
3297,93
3291,223
3291,98
3291,217
3298,113
3298,94
3296,364
3299,455
3300,218
3275,164
3275,391
3275,106
3278,166
3278,41
3278,144
3276,319
3276,227
3281,289
3281,415
3281,120
3279,486
3279,358
3279,54
3283,64
3283,472
3283,392
3303,179
3303,294
3302,62
3302,315
3282,86
3282,4
3282,91
3304,395
3306,176
3306,173
3306,110
3305,63
3305,90
3305,88
3301,433
3301,367
3308,464
3308,432
3312,184
3312,150
3312,240
3307,57
3307,253
3307,266
3311,253
3311,234
3311,413
3309,423
3309,386
3309,395
3316,22
3317,436
3315,493
3315,388
3315,483
3313,291
3313,366
3313,275
3314,371
3314,441
3314,455
3320,433
3320,364
3319,116
3318,213
3318,165
3322,190
3322,296
3321,438
3321,395
3323,52
3325,183
3325,224
3325,204
3326,264
3326,171
3310,320
3310,282
3327,263
3327,136
3324,294
3324,97
3328,484
3330,388
3330,469
3330,466
3333,466
3333,461
3332,298
3332,340
3335,295
3335,115
3335,33
3339,85
3339,330
3331,157
3331,200
3331,86
3329,409
3329,422
3334,179
3336,249
3336,185
3336,148
3337,64
3337,245
3338,253
3338,250
3338,219
3340,63
3340,462
3341,448
3341,405
3343,15
3343,360
3342,297
3342,243
3342,11
3344,237
3345,158
3345,50
3345,23
3347,242
3347,46
3346,371
3346,433
3346,500
3348,217
3349,2
3351,198
3350,163
3350,495
3350,177
3352,398
3352,381
3352,389
3356,284
3356,113
3361,215
3361,42
3361,439
3353,491
3353,474
3353,388
3354,244
3355,400
3355,362
3355,406
3358,107
3368,428
3369,113
3369,108
3369,189
3370,452
3370,112
3372,88
3372,245
3371,237
3373,345
3373,312
3367,363
3374,379
3375,61
3375,404
3359,331
3376,484
3376,300
3357,411
3365,58
3365,25
3365,140
3364,253
3364,110
3360,407
3363,60
3362,48
3362,398
3366,476
3377,484
3378,335
3379,433
3379,465
3379,432
3380,92
3381,18
3381,233
3381,117
3382,245
3383,474
3383,415
3384,109
3384,359
3385,95
3385,272
3386,314
3386,306
3387,239
3388,446
3389,127
3389,308
3390,41
3390,199
3390,52
3391,4
3391,16
3391,225
3392,240
3392,294
3393,376
3395,413
3394,280
3394,166
3399,67
3399,103
3399,468
3396,58
3398,7
3398,207
3397,138
3400,458
3400,430
3400,448
3401,289
3402,395
3402,286
3402,294
3404,150
3404,318
3404,102
3403,224
3403,473
3405,31
3406,38
3406,277
3412,208
3412,260
3416,479
3416,215
3410,277
3410,34
3410,191
3418,185
3418,254
3418,196
3417,298
3415,135
3415,474
3420,204
3419,103
3419,259
3422,101
3422,223
3423,206
3426,215
3425,300
3425,66
3424,416
3424,377
3424,457
3428,454
3428,184
3428,387
3427,482
3430,174
3430,342
3432,275
3431,125
3429,476
3414,72
3437,218
3437,312
3437,203
3407,344
3407,410
3407,54
3438,189
3436,116
3436,482
3436,278
3435,284
3435,442
3440,204
3439,77
3441,115
3443,356
3443,399
3444,268
3444,47
3421,233
3409,217
3409,193
3433,453
3411,280
3411,157
3449,120
3449,325
3434,437
3434,45
3434,157
3450,354
3451,365
3451,433
3448,438
3448,443
3408,469
3408,302
3408,360
3446,19
3446,168
3452,258
3453,420
3453,426
3453,446
3460,25
3459,87
3461,228
3461,114
3462,152
3458,494
3458,383
3458,397
3463,345
3463,422
3465,434
3465,362
3466,336
3466,69
3464,31
3468,132
3470,378
3470,322
3470,474
3454,155
3473,223
3471,253
3471,27
3471,141
3455,18
3467,129
3474,50
3472,138
3472,395
3472,406
3469,488
3477,247
3445,152
3445,298
3445,28
3478,268
3478,308
3478,163
3476,392
3476,345
3475,176
3479,371
3479,34
3480,196
3480,20
3480,287
3483,65
3481,191
3481,404
3481,500
3482,327
3482,359
3482,145
3456,56
3485,234
3485,255
3488,382
3488,79
3486,81
3486,154
3486,142
3490,224
3490,344
3413,357
3413,218
3413,4
3493,268
3493,54
3495,373
3495,469
3495,293
3489,403
3489,378
3489,461
3457,188
3457,314
3442,297
3496,359
3498,487
3498,427
3494,361
3497,372
3503,464
3447,260
3500,438
3491,343
3491,316
3491,242
3509,362
3504,493
3501,150
3501,477
3501,441
3511,60
3511,285
3511,150
3506,196
3506,107
3506,97
3510,216
3510,1
3510,335
3508,35
3512,384
3512,431
3507,178
3507,243
3492,201
3516,140
3516,270
3517,247
3514,195
3515,151
3515,174
3515,58
3513,381
3513,56
3513,279
3499,233
3499,161
3499,78
3502,12
3502,396
3502,281
3505,69
3505,330
3487,324
3487,161
3520,184
3520,55
3520,269
3521,220
3521,9
3521,393
3522,59
3522,244
3522,247
3519,191
3519,320
3519,482
3523,469
3523,85
3484,257
3484,333
3484,313
3518,249
3524,213
3524,264
3525,342
3525,103
3527,185
3527,101
3527,10
3528,403
3529,36
3529,457
3529,96
3531,267
3531,1
3531,284
3530,222
3530,230
3533,227
3533,433
3533,190
3534,193
3526,380
3526,435
3535,258
3535,148
3535,129
3536,333
3536,454
3536,252
3537,296
3538,247
3538,359
3538,45
3539,256
3539,62
3539,492
3540,419
3532,19
3532,80
3532,179
3543,386
3544,276
3544,233
3541,478
3541,402
3541,351
3542,327
3542,244
3542,87
3546,388
3545,130
3545,145
3545,208
3550,72
3550,336
3547,487
3547,127
3547,159
3549,448
3549,411
3548,116
3548,321
3548,108
3555,387
3555,497
3556,145
3556,378
3556,438
3557,77
3557,348
3557,233
3553,127
3553,74
3558,362
3558,157
3558,279
3554,499
3554,399
3551,396
3551,102
3551,161
3552,189
3560,393
3559,352
3564,406
3564,459
3564,476
3573,374
3574,125
3574,368
3574,250
3563,449
3563,341
3563,416
3562,338
3562,77
3562,277
3572,295
3572,10
3572,54
3571,183
3561,373
3577,340
3578,302
3578,57
3578,118
3576,264
3576,265
3576,244
3575,329
3575,312
3582,120
3582,112
3582,72
3580,21
3579,401
3579,377
3583,32
3583,296
3584,61
3584,383
3584,291
3587,461
3567,254
3567,314
3568,329
3568,367
3586,10
3586,393
3581,433
3581,356
3581,410
3591,67
3591,50
3591,128
3585,475
3569,160
3569,5
3589,293
3589,142
3589,57
3596,344
3595,216
3595,456
3588,324
3588,64
3593,9
3594,33
3594,93
3590,158
3590,181
3597,236
3597,15
3597,408
3599,353
3599,110
3592,81
3592,62
3592,247
3565,487
3565,420
3565,272
3570,116
3604,180
3604,395
3601,154
3601,76
3602,268
3603,336
3600,484
3600,393
3600,477
3611,273
3607,27
3598,476
3598,35
3612,316
3605,6
3610,206
3610,20
3566,166
3608,447
3608,477
3608,475
3606,288
3614,313
3609,407
3615,138
3615,252
3615,180
3613,412
3613,475
3613,378
3616,31
3616,21
3618,367
3618,299
3618,175
3617,215
3617,354
3617,422
3621,441
3621,429
3625,146
3625,89
3624,420
3628,331
3634,67
3631,237
3631,135
3631,43
3620,464
3620,415
3632,341
3632,74
3629,105
3635,67
3635,281
3637,129
3637,263
3619,358
3619,458
3619,402
3630,355
3630,475
3630,372
3639,127
3639,168
3633,165
3633,26
3627,399
3636,43
3643,287
3643,110
3643,92
3622,125
3622,123
3646,117
3641,60
3641,21
3641,108
3642,49
3642,459
3642,20
3644,278
3644,172
3644,223
3638,302
3638,201
3638,99
3645,230
3645,63
3645,236
3623,494
3626,275
3649,63
3649,191
3650,90
3654,27
3654,392
3654,268
3653,299
3653,48
3656,330
3660,39
3661,97
3661,235
3662,232
3662,300
3652,86
3655,457
3655,392
3655,302
3651,322
3651,160
3651,187
3667,146
3667,25
3667,130
3668,90
3665,61
3665,240
3665,160
3671,332
3671,462
3671,187
3672,63
3647,392
3647,352
3647,152
3674,190
3659,492
3673,242
3675,204
3675,159
3657,35
3670,157
3676,50
3678,18
3678,366
3678,464
3658,246
3679,103
3679,132
3679,301
3681,287
3681,327
3681,179
3677,38
3648,241
3683,218
3683,233
3683,418
3684,229
3684,80
3685,484
3687,282
3687,263
3687,229
3689,119
3690,295
3688,407
3691,250
3691,381
3694,19
3693,313
3693,296
3696,430
3696,448
3695,221
3697,43
3686,350
3686,34
3698,89
3700,276
3700,69
3701,166
3702,292
3702,460
3703,285
3703,174
3666,100
3692,30
3692,479
3704,205
3704,277
3704,245
3640,283
3640,83
3640,184
3663,106
3669,430
3669,453
3669,487
3664,473
3664,444
3664,462
3680,57
3680,126
3682,344
3682,168
3699,418
3699,369
3708,170
3708,48
3710,466
3710,487
3717,143
3718,21
3718,207
3720,266
3719,448
3719,443
3719,488
3716,221
3716,13
3722,200
3722,104
3721,156
3721,137
3721,343
3714,443
3714,272
3714,210
3723,404
3723,479
3723,258
3726,490
3724,156
3724,66
3725,280
3728,85
3727,239
3727,26
3727,344
3729,453
3730,493
3730,419
3715,70
3715,298
3715,331
3732,312
3732,195
3731,271
3731,76
3734,184
3734,427
3733,156
3733,155
3733,196
3709,264
3705,481
3705,391
3705,426
3712,116
3712,371
3711,301
3707,329
3713,82
3713,254
3706,316
3706,133
3735,460
3735,425
3735,372
3738,487
3738,212
3739,106
3739,416
3739,494
3736,34
3736,19
3736,319
3742,127
3742,426
3745,7
3745,333
3750,357
3750,384
3749,449
3749,154
3749,169
3752,71
3752,431
3737,487
3753,109
3753,289
3751,275
3740,56
3740,55
3758,199
3755,372
3755,451
3755,439
3757,20
3757,433
3759,488
3759,452
3759,357
3741,180
3741,132
3754,278
3754,53
3754,1
3756,343
3760,54
3760,269
3760,226
3762,235
3762,239
3762,301
3761,355
3761,487
3761,173
3748,17
3748,371
3747,478
3747,387
3747,457
3744,463
3743,170
3743,493
3743,425
3746,411
3746,175
3746,254
3764,211
3764,80
3769,347
3769,52
3763,89
3763,247
3763,474
3765,485
3765,401
3767,187
3767,45
3767,257
3768,335
3770,331
3770,120
3771,24
3771,81
3773,444
3773,86
3773,447
3774,482
3774,379
3774,370
3775,29
3775,386
3776,450
3772,26
3779,185
3779,84
3777,436
3777,329
3777,26
3780,414
3780,157
3780,221
3778,466
3778,413
3778,395
3782,68
3782,111
3781,458
3781,417
3766,365
3766,366
3785,330
3785,131
3785,269
3786,427
3786,376
3784,425
3794,399
3794,402
3788,361
3788,373
3793,473
3800,498
3800,424
3800,371
3798,365
3798,279
3799,135
3799,255
3801,32
3803,310
3783,162
3783,179
3792,212
3792,155
3792,14
3802,176
3802,41
3802,48
3795,137
3795,268
3795,462
3791,235
3791,216
3796,185
3796,256
3790,407
3790,488
3790,252
3789,84
3797,118
3811,82
3811,185
3808,324
3808,155
3815,255
3815,190
3787,316
3787,271
3787,307
3816,264
3816,195
3817,59
3814,198
3814,195
3814,279
3820,462
3818,431
3818,485
3818,489
3819,482
3821,243
3805,306
3805,262
3822,414
3822,441
3822,7
3824,76
3825,62
3823,50
3826,437
3826,143
3804,379
3804,138
3830,252
3807,493
3829,124
3829,217
3806,261
3812,104
3831,214
3831,414
3831,431
3828,172
3828,11
3828,341
3827,367
3827,493
3827,414
3832,180
3832,450
3832,415
3809,487
3809,461
3833,411
3833,401
3833,375
3810,51
3813,364
3813,39
3834,53
3834,285
3834,484
3835,171
3836,57
3836,185
3836,337
3838,251
3837,74
3837,348
3839,303
3840,480
3841,159
3841,430
3842,316
3842,250
3842,210
3844,46
3843,287
3843,461
3845,215
3853,464
3853,145
3849,425
3849,58
3854,420
3855,110
3855,350
3856,311
3856,138
3858,374
3858,365
3858,402
3857,445
3857,455
3857,414
3859,317
3859,14
3859,478
3860,291
3846,287
3861,67
3862,33
3862,327
3865,362
3865,403
3865,413
3863,114
3863,60
3863,232
3866,209
3852,273
3852,372
3852,288
3847,255
3847,293
3864,388
3851,251
3850,456
3848,150
3848,126
3848,78
3868,450
3868,494
3867,385
3869,484
3869,373
3871,30
3871,43
3870,480
3870,370
3876,136
3876,32
3876,76
3873,294
3873,107
3878,26
3878,84
3883,482
3883,444
3884,331
3884,347
3886,39
3886,175
3888,46
3888,121
3888,260
3889,460
3889,441
3885,226
3874,93
3874,263
3890,83
3891,24
3891,291
3891,81
3893,492
3881,2
3892,48
3892,345
3894,366
3882,260
3882,362
3880,385
3880,245
3897,295
3897,203
3899,436
3899,448
3895,498
3895,19
3895,247
3900,19
3900,416
3901,273
3901,350
3896,90
3902,273
3902,452
3903,183
3903,327
3875,72
3875,348
3879,162
3879,65
3877,23
3898,317
3898,40
3872,201
3904,328
3904,291
3904,81
3905,240
3907,413
3907,374
3911,473
3912,59
3912,460
3912,192
3914,330
3913,67
3913,35
3913,150
3908,112
3908,475
3909,46
3917,173
3910,378
3915,413
3915,111
3918,130
3916,14
3919,451
3923,13
3923,207
3920,409
3920,3
3922,247
3922,414
3921,346
3925,453
3925,299
3925,206
3924,266
3924,309
3924,263
3926,234
3926,82
3927,391
3927,407
3927,435
3887,151
3887,387
3929,434
3906,275
3906,172
3906,135
3931,89
3931,40
3931,465
3930,68
3930,137
3928,147
3928,304
3928,194
3932,440
3932,425
3934,242
3934,483
3934,360
3933,139
3933,183
3936,411
3936,162
3936,1
3935,19
3935,143
3938,331
3938,31
3937,18
3937,327
3937,418
3939,357
3939,180
3939,457
3941,307
3941,21
3941,5
3940,350
3940,5
3940,260
3942,408
3942,407
3944,346
3945,10
3945,338
3945,92
3947,485
3943,38
3943,347
3943,465
3948,245
3948,137
3948,22
3950,182
3949,197
3946,240
3946,262
3946,313
3952,89
3952,15
3952,466
3955,18
3955,173
3954,331
3954,377
3953,459
3953,363
3951,221
3951,339
3951,95
3956,171
3956,429
3957,22
3958,441
3959,41
3959,105
3959,457
3961,135
3961,239
3960,100
3967,480
3967,367
3966,50
3966,194
3966,140
3968,183
3968,97
3964,257
3964,123
3965,245
3965,16
3965,113
3969,201
3963,439
3963,333
3970,198
3971,24
3972,168
3976,82
3962,448
3962,450
3962,491
3973,306
3973,150
3973,22
3984,131
3975,95
3975,103
3975,487
3979,294
3979,187
3979,24
3987,96
3987,167
3987,321
3989,348
3990,51
3990,248
3983,453
3983,327
3985,130
3991,65
3991,167
3991,430
3974,375
3974,482
3974,467
3993,163
3993,375
3993,91
3992,444
3997,457
3988,61
3995,455
3995,434
3995,428
3998,282
3998,251
3996,382
3986,34
4000,62
4000,16
4000,372
3994,491
3994,195
3999,499
3999,473
3999,375
3977,500
3977,43
3977,127
3981,23
3981,375
3978,95
3978,147
3980,210
4001,193
4001,422
4002,193
4004,230
4004,313
4003,101
3982,72
3982,253
4005,394
4006,480
4006,106
4006,273
4007,2
4007,36
4007,234
4009,459
4010,199
4010,235
4012,38
4012,127
4012,67
4011,466
4011,79
4013,488
4013,365
4013,387
4008,486
4008,494
4008,474
4014,95
4014,124
4024,257
4025,165
4025,153
4025,331
4016,219
4016,183
4023,333
4023,129
4018,24
4018,126
4026,13
4026,354
4026,455
4017,469
4015,187
4015,62
4015,284
4027,278
4027,287
4027,297
4021,467
4021,431
4022,222
4022,324
4019,132
4019,189
4020,152
4028,61
4028,194
4028,103
4029,172
4029,56
4031,242
4031,256
4030,133
4034,252
4035,191
4032,447
4032,400
4036,441
4036,10
4036,370
4037,157
4037,233
4037,16
4038,452
4038,439
4038,491
4040,239
4041,389
4041,313
4041,90
4033,206
4039,476
4039,406
4039,382
4042,159
4042,352
4042,205
4044,23
4048,149
4053,239
4056,181
4057,375
4058,9
4054,384
4054,487
4059,308
4059,499
4055,56
4055,112
4055,71
4062,333
4064,429
4060,284
4060,35
4060,319
4063,94
4063,284
4050,481
4050,436
4050,471
4065,330
4066,229
4066,11
4066,120
4061,161
4061,319
4067,69
4067,107
4067,35
4068,235
4068,167
4068,187
4052,146
4052,79
4049,453
4049,27
4043,275
4071,19
4071,279
4071,381
4073,295
4072,242
4072,7
4072,403
4074,496
4074,421
4045,41
4045,128
4070,233
4069,20
4047,498
4051,51
4051,42
4077,156
4075,333
4075,404
4078,459
4082,263
4079,350
4079,127
4079,177
4081,454
4081,160
4084,66
4084,422
4084,12
4085,137
4076,385
4076,486
4076,389
4087,465
4087,456
4086,373
4086,260
4088,84
4088,113
4046,200
4046,236
4046,239
4083,88
4091,394
4080,93
4090,264
4089,146
4092,125
4092,227
4103,262
4103,79
4103,141
4105,488
4104,445
4104,70
4100,251
4100,110
4100,242
4108,388
4108,405
4108,289
4093,32
4093,257
4106,160
4106,245
4109,195
4109,71
4109,350
4099,219
4096,262
4096,149
4113,171
4107,406
4107,360
4107,382
4097,329
4111,353
4111,220
4111,485
4114,364
4114,161
4114,130
4115,426
4112,356
4112,366
4110,343
4110,197
4116,21
4098,199
4095,194
4095,321
4095,369
4120,432
4120,31
4120,315
4121,123
4117,397
4118,119
4119,412
4119,116
4119,170
4122,221
4122,279
4122,174
4094,199
4102,458
4102,132
4102,202
4101,236
4101,238
4101,366
4123,464
4125,498
4125,369
4125,277
4126,50
4126,413
4127,302
4127,224
4127,379
4129,361
4129,69
4129,311
4124,46
4124,185
4124,167
4132,411
4132,425
4132,117
4128,370
4128,383
4128,220
4131,154
4131,71
4131,95
4134,162
4134,44
4134,160
4133,123
4137,195
4137,38
4135,315
4136,298
4136,52
4136,256
4138,154
4138,99
4139,44
4140,280
4140,349
4130,257
4142,396
4142,386
4143,91
4145,484
4145,476
4145,385
4149,336
4149,427
4151,404
4151,456
4155,323
4156,294
4156,284
4144,362
4144,433
4157,249
4141,297
4141,41
4159,81
4159,39
4158,400
4163,320
4161,57
4161,46
4154,109
4154,22
4160,253
4162,39
4165,257
4166,66
4166,293
4166,373
4167,331
4167,19
4171,119
4169,281
4148,114
4148,71
4148,91
4146,93
4146,11
4146,87
4153,132
4175,223
4175,185
4177,334
4170,290
4170,204
4176,13
4176,333
4176,171
4147,159
4147,70
4150,46
4150,179
4178,401
4178,458
4178,290
4179,316
4179,110
4179,1
4174,229
4182,356
4182,354
4184,373
4184,268
4184,311
4187,265
4187,266
4187,16
4189,368
4189,399
4189,497
4183,296
4186,214
4186,34
4188,460
4190,149
4180,297
4180,227
4185,28
4181,163
4181,78
4168,400
4168,215
4168,435
4191,213
4191,292
4192,432
4192,421
4192,403
4164,416
4164,466
4164,375
4194,285
4193,66
4193,244
4173,347
4173,325
4173,54
4172,359
4172,48
4172,148
4195,287
4195,352
4195,205
4199,310
4197,47
4197,27
4197,5
4196,223
4196,171
4196,228
4200,71
4200,34
4200,75
4198,205
4152,443
4152,368
4152,392
4201,147
4201,489
4201,434
4203,489
4203,445
4204,70
4204,413
4204,450
4205,170
4205,92
4207,63
4207,370
4207,368
4208,201
4208,131
4208,191
4206,217
4206,69
4212,275
4212,437
4212,360
4211,246
4211,232
4211,197
4210,403
4215,204
4215,392
4214,71
4214,162
4216,369
4216,103
4216,304
4213,40
4213,450
4213,310
4209,423
4209,306
4209,403
4221,417
4222,375
4222,359
4222,470
4217,34
4217,5
4223,350
4220,224
4219,321
4218,211
4218,171
4218,328
4202,442
4202,345
4202,199
4225,146
4226,241
4227,153
4227,253
4228,193
4228,54
4229,219
4229,155
4229,18
4224,397
4224,493
4230,137
4230,429
4234,429
4233,174
4235,243
4236,363
4236,206
4237,200
4231,184
4231,100
4231,76
4238,297
4238,46
4240,441
4240,164
4239,195
4239,278
4239,25
4241,327
4241,270
4243,317
4242,337
4242,191
4244,48
4244,52
4245,255
4245,144
4247,451
4232,202
4232,327
4248,242
4248,422
4246,407
4246,482
4246,396
4249,189
4249,100
4251,425
4251,428
4251,380
4250,119
4252,497
4252,429
4252,358
4253,397
4253,497
4253,396
4254,309
4254,186
4256,124
4258,177
4258,473
4255,9
4255,267
4255,107
4257,10
4257,243
4257,311
4259,154
4259,84
4260,441
4260,429
4262,349
4262,67
4261,40
4261,45
4261,343
4263,232
4263,330
4263,287
4264,202
4264,158
4267,425
4267,365
4265,119
4265,175
4265,302
4268,11
4268,210
4268,250
4269,208
4269,412
4269,213
4266,62
4266,477
4272,324
4272,342
4272,204
4271,401
4274,79
4275,286
4275,305
4275,73
4277,44
4277,297
4276,354
4276,207
4279,370
4281,24
4281,164
4278,297
4282,149
4282,81
4270,126
4270,200
4270,272
4283,282
4280,340
4280,301
4280,182
4273,491
4273,496
4273,401
4284,92
4284,315
4288,22
4288,148
4286,415
4286,107
4295,250
4295,51
4285,235
4285,91
4291,306
4291,417
4291,231
4297,111
4297,14
4297,322
4299,50
4299,103
4298,222
4300,484
4300,149
4300,4
4289,2
4290,205
4292,160
4287,121
4304,365
4304,281
4304,325
4303,352
4303,280
4293,101
4293,485
4293,406
4309,401
4310,66
4314,150
4314,120
4301,416
4306,210
4306,200
4317,305
4317,128
4317,95
4302,287
4302,150
4302,487
4305,13
4311,462
4311,401
4311,440
4307,446
4315,84
4294,488
4294,401
4316,430
4318,74
4318,190
4318,248
4296,102
4296,347
4296,100
4322,341
4322,208
4325,105
4326,57
4326,151
4326,169
4323,388
4323,265
4328,212
4328,293
4329,115
4329,362
4330,143
4330,337
4327,33
4327,41
4327,171
4320,120
4333,128
4332,264
4332,485
4334,250
4334,23
4335,274
4336,121
4338,356
4341,84
4341,145
4342,258
4321,39
4343,134
4343,235
4324,461
4344,42
4344,185
4345,488
4345,19
4345,490
4340,479
4319,215
4319,422
4331,87
4331,211
4331,191
4346,402
4346,185
4339,180
4339,72
4339,26
4308,1
4308,334
4337,162
4337,121
4354,305
4354,234
4352,403
4352,436
4352,459
4356,53
4356,25
4351,319
4351,104
4351,50
4347,495
4347,179
4347,372
4358,360
4355,241
4355,214
4357,397
4357,156
4357,192
4360,277
4360,461
4360,126
4364,75
4362,83
4362,191
4365,430
4365,482
4366,4
4366,343
4367,38
4348,18
4348,183
4368,492
4369,172
4369,90
4370,392
4372,36
4372,435
4372,103
4371,417
4371,114
4353,472
4353,385
4374,18
4374,29
4374,98
4376,449
4375,77
4375,286
4373,119
4373,75
4373,319
4377,244
4379,187
4380,254
4380,204
4378,327
4378,175
4378,77
4381,388
4381,462
4381,428
4350,449
4350,420
4349,175
4382,97
4359,102
4383,232
4383,172
4385,409
4384,169
4384,459
4391,133
4392,325
4386,325
4386,140
4386,139
4395,188
4388,296
4387,329
4396,85
4396,442
4399,252
4399,306
4399,2
4398,380
4389,143
4397,56
4397,172
4397,306
4402,458
4401,430
4361,45
4361,87
4361,485
4403,16
4403,15
4403,152
4405,471
4405,425
4406,380
4406,422
4406,448
4390,348
4390,214
4390,240
4408,489
4407,173
4407,317
4407,273
4410,379
4409,406
4409,461
4411,421
4411,414
4412,470
4412,434
4412,252
4414,138
4414,154
4415,341
4415,197
4415,89
4416,13
4416,122
4413,294
4413,46
4393,21
4363,185
4312,333
4312,350
4312,198
4394,125
4394,334
4394,304
4400,146
4400,117
4313,229
4313,420
4313,296
4404,152
4417,398
4417,383
4419,428
4419,1
4418,198
4418,495
4418,40
4422,460
4422,462
4424,263
4424,215
4424,336
4420,196
4423,135
4423,62
4425,293
4425,451
4425,376
4427,125
4429,499
4428,117
4428,40
4428,216
4426,103
4426,174
4426,422
4430,452
4430,215
4432,25
4431,243
4431,81
4431,465
4434,68
4434,347
4434,267
4436,450
4436,221
4436,449
4435,345
4433,153
4433,186
4433,356
4439,263
4437,460
4437,182
4438,208
4438,162
4438,149
4440,344
4440,123
4441,452
4441,493
4441,426
4442,68
4442,131
4442,376
4443,46
4443,228
4444,429
4444,377
4444,420
4445,265
4421,131
4421,412
4447,185
4446,8
4451,72
4449,427
4449,127
4448,414
4448,279
4448,286
4450,390
4450,427
4450,395
4457,71
4457,280
4464,385
4464,417
4464,469
4455,178
4455,164
4455,208
4465,229
4465,374
4466,364
4467,378
4452,185
4452,106
4452,45
4453,117
4460,299
4460,88
4456,324
4456,162
4456,86
4454,40
4454,144
4454,131
4472,300
4472,405
4473,428
4473,363
4475,455
4476,118
4474,130
4474,307
4477,204
4477,343
4477,107
4479,287
4478,77
4478,402
4480,197
4480,222
4481,179
4471,196
4483,94
4482,215
4482,342
4482,13
4487,349
4487,193
4485,388
4485,426
4484,104
4484,80
4484,249
4486,90
4488,133
4488,217
4488,128
4459,19
4461,194
4461,27
4461,301
4469,212
4470,433
4470,131
4470,334
4458,283
4458,168
4458,241
4463,274
4462,494
4489,28
4489,250
4490,137
4491,136
4492,417
4492,414
4493,384
4493,4
4493,108
4494,138
4494,56
4497,317
4495,58
4495,118
4499,293
4505,122
4500,25
4500,394
4500,409
4503,439
4503,419
4503,377
4508,172
4508,140
4508,23
4509,302
4509,36
4498,79
4501,11
4501,398
4501,212
4513,310
4513,91
4512,447
4512,474
4512,490
4514,54
4514,80
4515,330
4511,414
4511,428
4511,477
4518,269
4517,184
4517,224
4516,444
4516,352
4516,439
4519,422
4519,378
4519,479
4520,324
4520,309
4520,208
4522,175
4468,473
4468,416
4502,270
4502,58
4506,195
4526,379
4527,421
4527,232
4529,371
4529,462
4528,45
4528,259
4530,231
4531,342
4521,208
4521,3
4532,213
4532,248
4534,308
4534,89
4525,464
4525,386
4533,442
4536,24
4536,153
4536,399
4537,409
4537,427
4537,455
4539,31
4535,147
4543,454
4540,47
4507,172
4507,210
4544,27
4544,319
4544,249
4541,424
4542,201
4542,344
4504,294
4547,449
4545,468
4545,125
4545,364
4523,462
4496,295
4524,257
4550,267
4550,399
4550,41
4551,126
4551,298
4552,27
4552,197
4549,500
4554,472
4554,219
4554,314
4557,475
4557,206
4557,498
4559,346
4559,199
4559,247
4561,419
4561,463
4561,286
4562,324
4562,198
4562,343
4564,317
4564,145
4564,268
4565,122
4565,158
4560,275
4560,196
4546,179
4546,257
4568,76
4568,58
4569,68
4558,475
4558,442
4558,440
4570,289
4572,406
4572,456
4572,402
4510,66
4510,213
4574,7
4574,332
4574,180
4571,285
4571,238
4575,184
4575,191
4575,169
4577,82
4577,86
4573,76
4573,163
4573,157
4579,261
4579,232
4581,427
4581,274
4581,463
4582,46
4582,90
4583,404
4578,123
4585,409
4585,302
4585,381
4580,427
4580,77
4580,8
4553,434
4553,313
4553,488
4566,490
4566,254
4566,17
4563,64
4563,451
4586,229
4591,116
4591,61
4591,171
4592,373
4592,108
4593,479
4587,358
4594,436
4594,388
4567,71
4567,62
4596,134
4596,157
4596,36
4595,260
4595,383
4595,45
4598,320
4600,127
4600,64
4600,134
4599,353
4599,389
4597,68
4597,189
4602,449
4603,12
4603,401
4603,396
4538,68
4538,136
4538,65
4588,57
4590,58
4590,357
4576,179
4576,98
4584,2
4584,190
4584,69
4601,492
4601,381
4601,357
4556,76
4589,438
4548,435
4548,485
4548,64
4555,322
4555,346
4605,375
4611,1
4611,150
4607,41
4607,101
4607,87
4615,425
4615,132
4615,251
4616,151
4616,219
4618,5
4617,9
4617,242
4617,340
4620,415
4622,172
4622,54
4622,215
4619,61
4619,311
4619,195
4621,260
4621,326
4621,168
4604,14
4604,318
4624,377
4624,488
4623,159
4623,206
4625,322
4625,5
4625,107
4626,118
4628,18
4628,1
4627,97
4606,276
4608,467
4629,271
4629,49
4610,121
4610,41
4610,181
4609,471
4609,352
4609,417
4631,158
4613,354
4614,385
4614,355
4630,82
4630,228
4630,309
4634,134
4634,260
4640,140
4643,136
4641,211
4641,133
4636,17
4636,223
4642,244
4644,215
4645,240
4645,133
4647,449
4646,433
4646,14
4646,196
4612,342
4612,152
4612,74
4648,383
4648,117
4650,236
4651,227
4651,447
4651,228
4653,180
4653,5
4654,495
4649,124
4649,128
4649,279
4652,367
4652,1
4652,354
4655,58
4655,198
4632,410
4656,226
4656,120
4657,381
4657,115
4658,484
4658,13
4659,95
4660,311
4667,49
4667,201
4633,94
4633,373
4666,45
4665,475
4661,33
4668,221
4663,446
4663,360
4663,184
4669,292
4669,386
4637,162
4637,310
4637,165
4638,19
4638,186
4638,455
4635,351
4635,382
4664,329
4664,95
4664,194
4639,361
4662,411
4671,49
4671,177
4674,345
4675,334
4672,135
4673,352
4673,405
4673,462
4670,135
4670,361
4676,492
4676,432
4676,406
4677,285
4678,189
4681,396
4681,176
4681,183
4680,375
4679,469
4679,379
4679,455
4682,188
4683,146
4685,476
4685,255
4685,457
4686,297
4686,4
4686,35
4687,485
4687,366
4687,453
4688,214
4688,68
4689,188
4690,319
4690,191
4692,260
4693,243
4693,290
4684,30
4691,49
4691,146
4696,85
4696,197
4695,200
4697,235
4697,207
4700,25
4702,180
4703,365
4703,382
4701,235
4699,313
4699,393
4699,343
4698,396
4698,449
4704,68
4704,445
4704,425
4715,242
4694,161
4694,76
4694,41
4716,405
4710,325
4710,192
4710,319
4718,235
4718,121
4719,174
4719,377
4719,45
4720,42
4720,49
4722,380
4721,85
4721,165
4724,437
4724,371
4725,91
4725,316
4725,336
4726,248
4726,269
4723,383
4717,115
4717,118
4708,237
4708,212
4714,156
4714,122
4711,124
4711,245
4705,303
4705,26
4713,278
4728,246
4728,313
4728,170
4706,475
4706,138
4712,354
4709,25
4727,428
4727,431
4730,153
4730,336
4730,105
4731,192
4734,136
4734,221
4735,406
4737,271
4738,289
4738,333
4736,425
4740,6
4739,240
4732,394
4732,468
4732,301
4741,410
4741,450
4729,359
4729,255
4729,221
4743,131
4742,265
4742,50
4742,14
4746,480
4745,231
4745,269
4748,37
4748,198
4748,102
4750,5
4750,324
4750,211
4751,308
4751,29
4751,59
4749,429
4749,107
4744,383
4744,489
4744,423
4707,481
4752,175
4752,38
4755,25
4755,143
4755,102
4761,345
4763,141
4763,393
4763,111
4764,255
4764,243
4760,211
4765,87
4747,280
4767,201
4768,16
4769,73
4769,206
4769,109
4770,122
4770,139
4770,222
4756,199
4758,55
4762,226
4762,49
4757,401
4757,387
4759,243
4772,232
4772,242
4772,149
4733,237
4753,180
4753,145
4771,442
4771,462
4771,382
4773,137
4773,117
4776,76
4776,124
4775,220
4775,192
4774,77
4774,256
4777,479
4777,38
4778,410
4754,307
4779,49
4779,145
4766,304
4766,18
4766,208
4780,21
4780,97
4780,173
4781,414
4782,197
4782,230
4782,455
4783,274
4783,367
4783,25
4784,434
4786,397
4786,76
4786,66
4787,22
4787,291
4785,230
4785,215
4785,255
4790,148
4790,338
4790,246
4793,369
4793,222
4793,87
4791,441
4791,353
4792,296
4794,240
4794,29
4794,77
4796,162
4797,30
4797,498
4788,497
4788,444
4788,386
4799,23
4799,419
4800,417
4789,448
4789,382
4789,352
4801,376
4801,211
4801,207
4802,331
4802,83
4802,68
4805,213
4805,187
4803,484
4803,353
4803,431
4806,339
4806,313
4806,257
4808,103
4807,95
4807,473
4795,389
4795,335
4795,379
4809,221
4809,461
4809,67
4804,440
4804,290
4811,424
4811,433
4810,67
4810,30
4812,453
4812,326
4812,253
4813,461
4818,181
4817,455
4815,390
4815,103
4819,282
4819,105
4819,178
4798,68
4798,242
4798,162
4814,5
4814,367
4814,287
4820,305
4820,337
4820,86
4825,218
4825,256
4824,409
4826,200
4821,17
4828,432
4828,450
4827,135
4827,274
4827,162
4829,400
4830,274
4830,82
4830,347
4831,72
4831,186
4831,224
4834,239
4834,489
4833,256
4833,462
4835,116
4835,324
4835,302
4836,10
4837,210
4837,184
4832,318
4822,246
4822,325
4840,72
4838,406
4838,470
4816,500
4848,289
4848,15
4839,227
4849,436
4850,87
4851,352
4851,492
4853,426
4843,445
4843,472
4855,291
4855,354
4852,14
4852,115
4852,210
4854,446
4854,106
4857,445
4857,467
4857,356
4859,7
4859,426
4859,279
4858,244
4858,418
4860,48
4861,307
4856,63
4856,4
4856,302
4841,404
4845,450
4842,115
4842,101
4842,258
4844,234
4847,406
4847,266
4847,163
4823,283
4823,22
4846,262
4846,196
4846,7
4862,7
4862,110
4863,347
4863,292
4863,342
4864,18
4864,177
4864,68
4865,258
4865,13
4867,311
4867,11
4869,361
4868,41
4870,235
4870,233
4870,167
4871,445
4871,386
4871,415
4872,279
4875,52
4876,37
4878,246
4878,274
4878,355
4877,116
4873,393
4873,437
4866,346
4866,108
4874,303
4874,364
4879,318
4880,64
4880,295
4881,73
4881,148
4882,78
4882,299
4882,495
4884,7
4884,404
4884,224
4883,410
4887,77
4885,294
4885,196
4895,169
4888,55
4888,267
4896,91
4896,347
4897,27
4897,108
4898,407
4898,106
4901,175
4901,329
4902,160
4902,495
4899,131
4903,110
4904,468
4904,142
4904,92
4900,135
4906,174
4907,332
4907,165
4907,231
4908,40
4905,325
4905,500
4905,352
4910,126
4909,338
4909,197
4912,383
4912,412
4911,380
4911,28
4886,490
4889,489
4889,376
4889,379
4891,394
4890,230
4892,36
4913,274
4913,281
4893,477
4893,40
4893,168
4894,40
4894,336
4894,216
4916,88
4916,317
4915,300
4915,218
4918,116
4919,52
4920,24
4914,129
4917,488
4917,412
4921,274
4922,122
4922,169
4922,292
4923,50
4923,313
4923,146
4925,278
4935,460
4935,25
4935,198
4934,264
4934,229
4936,301
4936,440
4936,455
4924,40
4926,144
4926,241
4939,352
4938,146
4938,90
4927,250
4927,11
4927,470
4937,67
4937,304
4941,328
4941,28
4942,70
4942,331
4944,427
4945,167
4946,356
4947,248
4947,486
4940,490
4940,399
4948,8
4949,238
4949,234
4949,189
4951,388
4950,69
4950,250
4929,295
4929,77
4928,413
4928,120
4928,363
4943,462
4943,62
4943,159
4930,410
4930,450
4933,8
4932,492
4931,493
4931,463
4931,479
4953,119
4955,427
4956,94
4956,271
4952,399
4958,459
4958,107
4958,438
4954,452
4954,367
4954,476
4959,197
4959,318
4962,333
4962,91
4962,135
4964,231
4964,171
4964,485
4957,382
4957,303
4960,68
4960,236
4960,19
4963,368
4965,315
4965,231
4965,397
4971,389
4971,188
4971,325
4966,19
4973,128
4977,477
4972,358
4961,479
4961,498
4961,356
4974,65
4974,257
4978,235
4978,99
4978,120
4979,265
4980,187
4980,106
4983,284
4983,217
4983,150
4981,399
4981,422
4981,458
4984,333
4984,221
4984,9
4982,108
4982,240
4985,219
4985,301
4986,241
4986,236
4976,252
4976,34
4976,223
4987,173
4988,125
4988,195
4988,39
4991,31
4991,21
4991,349
4989,18
4989,408
4989,343
4990,153
4990,484
4995,404
4995,476
4994,3
4998,272
4998,71
4996,282
4996,210
4996,440
4992,205
4997,467
4975,35
4975,157
4975,154
4993,395
4993,73
4993,470
4968,113
4999,40
4999,324
4999,227
5000,185
5000,21
4969,196
4969,9
4970,21
4970,250
5004,112
5011,378
5011,397
5011,390
5010,145
5010,12
5012,411
5012,444
5012,475
5013,89
5013,113
5014,440
5014,76
5014,411
5015,114
5015,142
5015,9
5017,260
5018,203
5018,301
5016,218
5016,92
5020,491
5020,424
5021,323
5019,322
5019,473
5019,59
5023,466
5023,499
5009,461
5009,356
5009,441
5022,370
5022,381
5022,444
5024,100
5024,37
5001,40
5026,439
5026,390
5026,380
5006,87
5006,374
5025,453
5025,417
5025,110
5002,281
5005,428
5003,286
5008,476
5008,284
4967,443
5007,295
5007,130
5028,304
5027,296
5029,263
5029,489
5031,12
5032,117
5030,126
5030,259
5034,174
5034,113
5036,161
5033,201
5033,18
5035,453
5039,189
5040,169
5040,53
5037,458
5037,171
5041,386
5041,424
5042,62
5042,133
5043,148
5043,311
5045,493
5045,358
5044,425
5044,167
5056,97
5056,41
5048,206
5055,227
5055,326
5038,367
5057,308
5057,264
5058,92
5058,325
5058,61
5059,475
5060,136
5060,286
5061,138
5061,122
5046,136
5046,440
5046,264
5063,238
5063,248
5062,322
5066,122
5065,431
5065,420
5065,381
5064,378
5068,305
5068,34
5070,360
5070,248
5070,187
5069,193
5067,441
5067,371
5067,115
5051,190
5051,93
5052,30
5052,369
5071,440
5071,431
5071,488
5047,87
5047,94
5054,363
5054,25
5054,245
5049,241
5049,17
5049,370
5072,311
5072,486
5050,352
5050,354
5053,333
5053,330
5073,295
5074,449
5074,395
5074,439
5077,468
5077,451
5077,419
5075,201
5075,153
5075,110
5076,102
5076,294
5076,221
5078,257
5078,463
5079,276
5079,267
5080,389
5080,446
5080,434
5081,472
5084,274
5085,77
5082,474
5083,496
5083,244
5083,427
5086,162
5087,471
5087,420
5088,408
5088,380
5088,406
5090,447
5089,432
5089,95
5096,261
5096,186
5096,208
5099,95
5099,469
5099,363
5103,135
5100,68
5100,39
5100,86
5104,131
5104,279
5104,242
5101,415
5101,434
5101,427
5105,491
5105,211
5105,395
5106,450
5106,338
5106,110
5107,279
5107,342
5107,297
5108,440
5109,357
5102,40
5110,301
5111,131
5111,285
5111,243
5113,432
5113,382
5113,450
5112,411
5112,482
5112,449
5115,465
5114,497
5116,275
5116,148
5117,101
5117,224
5097,164
5095,75
5092,352
5092,384
5094,370
5091,252
5091,104
5098,331
5098,281
5098,200
5118,244
5093,154
5120,126
5120,111
5120,90
5121,90
5121,301
5121,203
5122,401
5122,101
5122,166
5124,24
5124,411
5123,369
5127,269
5127,171
5125,451
5125,404
5126,12
5126,281
5119,479
5129,311
5129,138
5128,260
5128,204
5128,23
5134,441
5138,449
5133,352
5133,358
5140,258
5140,192
5140,130
5130,371
5143,256
5143,143
5147,277
5144,379
5145,188
5145,121
5149,438
5149,293
5146,255
5146,256
5146,50
5141,321
5151,353
5151,455
5142,267
5152,492
5152,444
5152,439
5150,392
5154,466
5154,363
5154,481
5137,272
5156,434
5156,403
5158,164
5157,450
5157,250
5157,195
5131,315
5131,138
5159,283
5159,86
5163,378
5164,93
5164,293
5161,74
5161,167
5132,111
5132,351
5165,395
5166,224
5148,359
5148,81
5148,200
5162,61
5162,260
5162,8
5155,323
5155,88
5153,388
5153,419
5153,234
5168,495
5139,142
5139,96
5167,32
5160,377
5160,450
5169,500
5135,235
5135,450
5170,29
5170,338
5170,87
5136,231
5136,452
5136,405
5171,209
5171,498
5171,57
5172,165
5172,174
5172,49
5173,65
5177,34
5177,262
5177,466
5179,235
5179,256
5179,75
5181,486
5181,453
5181,149
5182,22
5182,494
5182,170
5180,382
5178,302
5184,274
5184,238
5185,113
5187,339
5174,327
5176,154
5175,6
5175,12
5175,5
5183,107
5183,47
5193,491
5193,468
5193,403
5192,138
5194,24
5196,59
5196,72
5195,16
5195,108
5195,327
5190,332
5190,336
5190,292
5188,78
5186,184
5186,25
5191,156
5191,15
5191,166
5189,290
5189,157
5197,458
5198,230
5199,318
5203,321
5205,410
5201,409
5201,256
5202,328
5202,297
5200,20
5206,95
5206,309
5207,152
5207,427
5204,316
5204,285
5209,114
5208,263
5210,195
5210,103
5210,122
5211,405
5211,16
5214,232
5214,248
5212,54
5213,150
5213,343
5223,431
5226,341
5226,116
5226,96
5227,329
5225,257
5228,30
5228,262
5224,81
5231,438
5231,452
5231,478
5218,63
5218,62
5218,350
5230,62
5230,311
5230,152
5229,143
5229,298
5233,111
5233,56
5232,332
5232,390
5232,241
5216,493
5216,359
5216,448
5237,267
5237,313
5237,423
5235,362
5235,370
5235,465
5239,466
5238,419
5238,209
5234,471
5234,392
5234,498
5240,26
5240,132
5240,9
5236,184
5236,285
5241,370
5241,56
5241,188
5220,321
5220,270
5217,291
5217,460
5219,108
5219,199
5219,283
5215,282
5215,239
5222,418
5222,349
5221,469
5221,34
5243,310
5242,46
5242,262
5242,343
5244,107
5246,14
5247,85
5250,449
5248,279
5248,267
5248,213
5249,27
5249,21
5249,316
5251,499
5251,385
5254,9
5253,17
5253,80
5245,465
5245,21
5245,464
5252,468
5252,403
5257,234
5259,41
5259,361
5255,366
5255,438
5267,353
5267,468
5267,393
5268,400
5268,473
5268,458
5271,227
5270,263
5270,302
5256,125
5269,187
5269,259
5269,37
5272,456
5273,64
5273,192
5274,315
5276,159
5276,282
5276,183
5278,9
5275,207
5275,348
5275,225
5279,290
5279,225
5277,92
5277,257
5281,95
5280,107
5280,437
5282,319
5282,265
5283,500
5283,116
5283,333
5264,280
5264,160
5264,447
5260,394
5260,476
5260,369
5266,255
5258,360
5258,494
5258,280
5263,317
5263,297
5263,259
5261,135
5261,292
5261,401
5284,8
5284,275
5262,368
5265,472
5265,406
5285,336
5285,203
5285,101
5286,111
5286,321
5290,165
5292,487
5289,425
5289,2
5289,469
5287,43
5287,67
5288,332
5288,82
5288,471
5296,318
5296,418
5300,205
5300,136
5293,217
5293,397
5293,118
5295,160
5295,368
5307,184
5307,57
5298,346
5298,282
5298,111
5306,51
5306,227
5306,68
5291,455
5291,489
5291,432
5308,176
5305,429
5305,194
5304,356
5311,500
5310,305
5310,53
5303,131
5303,243
5299,389
5299,487
5299,316
5316,464
5316,440
5316,396
5318,444
5318,399
5318,472
5319,82
5314,239
5314,453
5314,450
5320,22
5320,283
5320,435
5317,161
5313,372
5313,436
5309,460
5309,498
5321,295
5321,449
5321,91
5301,51
5315,136
5315,197
5315,347
5312,211
5312,440
5312,156
5322,481
5322,60
5302,479
5302,426
5323,374
5324,318
5324,69
5326,68
5294,44
5328,309
5328,28
5327,22
5327,302
5327,135
5297,244
5297,19
5297,262
5325,7
5329,41
5329,88
5329,314
5330,337
5335,443
5335,426
5333,282
5331,16
5337,363
5342,260
5342,122
5336,247
5332,87
5332,410
5332,496
5348,286
5347,121
5334,380
5334,434
5334,364
5351,45
5351,92
5351,229
5350,164
5354,285
5352,257
5352,427
5339,135
5339,445
5353,480
5349,232
5349,9
5349,120
5344,120
5338,15
5340,400
5340,407
5341,451
5341,168
5341,12
5346,327
5345,132
5343,397
5356,481
5355,178
5355,230
5355,105
5358,246
5358,125
5360,29
5360,156
5360,313
5362,362
5362,322
5361,323
5357,311
5357,108
5366,429
5359,351
5359,369
5359,111
5363,133
5364,207
5367,247
5367,225
5367,337
5365,331
5365,114
5369,1
5368,364
5368,494
5374,174
5373,25
5382,465
5382,463
5382,440
5371,199
5371,248
5378,288
5378,190
5378,159
5377,79
5379,469
5385,163
5384,397
5384,472
5384,457
5383,378
5386,281
5386,79
5387,241
5390,465
5390,394
5390,450
5389,60
5389,103
5389,14
5388,190
5388,21
5388,174
5372,302
5392,146
5392,83
5392,498
5391,444
5391,334
5393,382
5393,367
5395,42
5394,98
5394,277
5394,324
5396,35
5396,413
5396,90
5398,141
5398,295
5398,302
5397,300
5397,444
5397,297
5399,409
5399,48
5370,345
5381,452
5381,473
5375,488
5375,376
5376,407
5376,481
5376,63
5400,408
5400,195
5401,198
5402,23
5402,349
5380,417
5380,462
5380,421
5404,496
5404,378
5405,38
5405,172
5405,388
5403,445
5406,331
5406,126
5409,251
5409,415
5409,338
5410,409
5408,310
5407,58
5407,274
5407,332
5413,362
5413,268
5411,174
5411,462
5414,324
5414,246
5414,396
5412,6
5412,3
5412,27
5419,213
5421,433
5420,37
5420,335
5420,154
5417,138
5422,482
5422,77
5422,258
5426,475
5429,320
5429,115
5427,268
5427,403
5431,203
5431,486
5434,217
5435,141
5428,150
5428,271
5433,159
5433,293
5432,228
5432,179
5432,481
5415,336
5415,98
5418,485
5418,422
5418,385
5416,74
5416,198
5416,179
5430,337
5430,187
5425,448
5425,408
5425,402
5423,298
5424,362
5438,356
5438,370
5438,445
5437,134
5437,256
5437,321
5436,104
5436,116
5443,271
5440,257
5439,249
5439,14
5451,399
5451,314
5452,431
5452,385
5450,480
5450,382
5442,136
5453,220
5453,102
5453,47
5456,492
5441,500
5441,485
5441,472
5454,264
5454,195
5454,175
5444,92
5444,375
5455,129
5455,207
5459,208
5457,360
5457,420
5461,148
5458,440
5462,145
5462,309
5462,285
5463,55
5463,359
5460,79
5460,286
5460,261
5467,471
5468,427
5465,363
5465,207
5465,324
5447,36
5466,486
5464,422
5464,495
5469,499
5469,433
5469,309
5445,69
5445,489
5445,456
5449,236
5449,16
5446,156
5446,244
5446,356
5470,75
5470,289
5471,322
5471,17
5472,367
5472,353
5448,3
5448,478
5448,49
5475,495
5475,23
5475,143
5473,208
5473,190
5474,219
5477,183
5479,477
5479,413
5479,482
5478,480
5481,38
5480,307
5480,149
5480,107
5482,373
5484,434
5484,373
5476,373
5476,279
5476,56
5483,157
5483,203
5485,339
5485,300
5486,200
5486,402
5486,440
5487,492
5489,223
5489,290
5488,109
5488,374
5491,44
5491,413
5491,205
5493,247
5493,92
5492,412
5490,315
5494,101
5494,345
5495,82
5495,237
5496,356
5496,302
5496,349
5497,74
5497,283
5499,30
5498,105
5498,115
5498,40
5500,450
5500,130
5500,31
5501,74
5501,216
5502,248
5502,326
5502,46
5503,120
5504,497
5504,365
5504,367
5506,377
5506,428
5506,17
5505,294
5505,193
5505,142
5507,89
5508,63
5508,162
5508,151
5509,156
5509,492
5509,376
5513,16
5513,308
5513,115
5519,477
5519,410
5519,391
5518,24
5518,122
5521,341
5521,151
5520,348
5520,291
5520,279
5522,356
5522,18
5517,398
5517,464
5523,133
5525,14
5524,274
5524,410
5511,452
5511,410
5511,445
5512,349
5512,181
5512,58
5526,379
5526,119
5526,117
5527,65
5527,161
5527,187
5514,200
5515,461
5515,141
5515,467
5528,85
5528,16
5528,283
5516,48
5516,308
5516,38
5510,197
5510,243
5529,470
5529,11
5529,266
5530,25
5530,130
5530,332
5531,272
5532,403
5532,76
5532,381
5533,191
5533,55
5534,220
5534,284
5534,208
5535,2
5535,269
5535,80
5536,322
5538,252
5538,124
5538,273
5539,222
5539,115
5537,98
5537,435
5537,208
5541,425
5542,283
5540,3
5544,86
5544,329
5545,311
5543,116
5543,119
5543,273
5546,219
5547,419
5547,215
5547,410
5549,319
5548,466
5548,124
5554,151
5561,24
5561,246
5561,498
5562,227
5562,450
5560,361
5560,465
5560,440
5559,182
5559,36
5552,138
5552,328
5552,68
5550,421
5563,94
5563,140
5563,191
5566,289
5566,81
5566,410
5565,186
5565,142
5565,156
5564,42
5564,177
5564,187
5567,240
5567,106
5572,20
5569,194
5569,242
5568,40
5568,379
5571,83
5570,64
5570,181
5551,386
5573,167
5573,344
5573,276
5574,93
5574,169
5574,410
5575,149
5555,389
5555,287
5553,367
5553,434
5553,399
5557,211
5557,121
5557,112
5556,288
5556,134
5577,202
5580,352
5576,120
5576,214
5576,259
5578,199
5578,166
5579,377
5586,376
5586,167
5586,499
5588,405
5588,460
5583,405
5587,224
5587,114
5582,336
5558,142
5581,451
5581,145
5589,32
5589,325
5589,48
5584,201
5584,211
5592,168
5592,199
5591,324
5591,274
5591,81
5590,229
5593,60
5593,265
5593,392
5594,54
5594,72
5594,466
5595,250
5595,220
5595,363
5596,224
5597,409
5598,148
5598,184
5585,438
5585,477
5585,366
5599,479
5600,80
5600,191
5600,101
5603,397
5606,182
5601,489
5601,290
5601,410
5605,404
5605,397
5609,391
5609,132
5610,400
5610,435
5610,490
5611,487
5611,366
5612,210
5612,438
5612,239
5613,175
5613,235
5617,141
5617,112
5602,201
5602,170
5602,144
5614,86
5614,201
5614,248
5615,412
5615,96
5615,149
5616,171
5616,120
5616,60
5618,378
5608,363
5608,387
5607,254
5607,57
5607,291
5620,136
5619,402
5619,471
5619,391
5623,296
5622,36
5622,320
5622,102
5604,85
5604,11
5604,45
5624,136
5626,89
5626,166
5629,367
5628,359
5628,165
5636,318
5621,358
5634,207
5634,251
5633,77
5625,36
5625,46
5625,456
5627,455
5627,495
5627,372
5635,309
5635,402
5635,94
5638,174
5632,271
5632,42
5637,183
5637,102
5630,332
5630,35
5630,80
5639,155
5639,149
5640,214
5640,80
5643,71
5643,189
5642,412
5642,431
5631,500
5631,11
5631,427
5649,43
5649,410
5649,309
5651,439
5652,77
5656,106
5641,487
5641,328
5641,483
5654,146
5655,183
5655,334
5655,409
5660,367
5660,366
5657,430
5657,428
5657,451
5658,160
5658,478
5658,10
5663,112
5663,22
5663,114
5659,116
5662,360
5662,371
5661,143
5666,249
5664,422
5664,49
5665,125
5667,457
5667,472
5667,468
5645,434
5645,486
5644,52
5647,255
5646,396
5646,498
5646,368
5650,138
5650,329
5650,29
5648,79
5648,227
5648,178
5672,98
5672,180
5671,487
5671,479
5671,431
5653,203
5653,101
5674,431
5674,62
5670,71
5670,60
5670,364
5673,322
5673,98
5673,41
5668,405
5668,427
5668,482
5675,98
5675,140
5675,57
5676,59
5676,245
5678,44
5678,79
5679,159
5679,463
5679,413
5669,7
5669,227
5677,84
5681,147
5680,97
5680,91
5680,406
5683,94
5683,336
5683,252
5687,67
5682,302
5694,256
5685,440
5685,374
5685,212
5698,41
5697,475
5697,188
5697,23
5686,104
5686,440
5686,242
5695,429
5695,417
5700,217
5699,468
5699,463
5699,484
5701,188
5701,168
5703,243
5703,224
5702,1
5702,404
5704,434
5704,380
5704,227
5705,198
5706,485
5706,363
5706,452
5708,315
5708,403
5707,207
5707,75
5709,197
5709,64
5684,179
5684,31
5692,300
5710,226
5710,454
5710,432
5689,353
5689,115
5688,219
5688,126
5688,171
5696,465
5696,259
5714,337
5714,300
5714,44
5713,463
5713,446
5713,414
5716,491
5716,462
5716,376
5715,223
5717,130
5717,347
5718,404
5719,26
5720,74
5720,325
5724,142
5723,448
5723,403
5722,329
5721,493
5726,464
5726,365
5726,476
5725,259
5725,312
5725,113
5691,144
5693,321
5693,404
5693,19
5711,33
5711,211
5727,136
5727,395
5727,17
5728,150
5728,38
5728,337
5712,202
5712,120
5732,47
5733,217
5690,208
5690,37
5730,25
5730,173
5731,174
5731,190
5734,477
5734,499
5735,155
5735,322
5736,201
5736,71
5736,138
5737,390
5737,497
5737,431
5738,38
5738,326
5739,235
5739,74
5729,367
5729,431
5742,444
5742,396
5742,402
5752,490
5753,58
5753,315
5754,323
5751,57
5751,107
5751,59
5756,214
5756,317
5741,159
5755,193
5755,141
5755,461
5757,303
5757,330
5757,13
5758,7
5759,378
5761,59
5761,221
5761,125
5760,352
5760,403
5763,79
5763,89
5763,73
5765,192
5762,495
5762,415
5764,223
5764,196
5766,381
5766,43
5766,394
5740,366
5747,356
5770,125
5770,468
5771,468
5771,451
5771,28
5746,444
5746,424
5773,117
5772,426
5774,279
5776,212
5776,248
5769,438
5769,384
5769,455
5775,319
5779,130
5779,233
5777,269
5777,224
5777,129
5767,96
5767,269
5767,33
5778,167
5778,438
5781,256
5781,117
5784,43
5784,7
5782,143
5782,306
5782,112
5785,201
5785,429
5786,301
5783,208
5783,294
5787,424
5787,179
5787,74
5744,108
5744,500
5744,11
5768,219
5743,65
5743,235
5745,57
5748,58
5748,100
5750,98
5750,428
5750,374
5749,154
5749,254
5780,363
5780,419
5780,485
5790,283
5790,167
5789,411
5789,354
5789,461
5792,109
5792,27
5792,181
5796,31
5791,462
5791,25
5802,136
5788,498
5788,398
5803,338
5803,469
5804,239
5804,338
5804,63
5805,310
5807,408
5807,10
5806,37
5806,248
5808,260
5808,23
5808,139
5801,80
5809,429
5809,70
5810,150
5810,411
5810,152
5812,66
5813,70
5813,129
5815,103
5816,195
5816,139
5814,405
5814,440
5814,392
5794,107
5798,141
5798,138
5818,395
5818,351
5818,357
5817,174
5817,59
5811,237
5811,25
5811,17
5797,499
5799,311
5799,174
5799,182
5795,266
5795,126
5793,268
5793,102
5793,207
5800,490
5800,401
5820,128
5820,293
5820,47
5819,50
5819,393
5819,218
5822,498
5821,71
5821,311
5821,18
5823,283
5823,23
5824,143
5824,328
5827,175
5827,170
5828,444
5825,130
5825,86
5825,312
5829,482
5826,107
5831,482
5831,392
5831,484
5830,108
5830,131
5830,274
5834,439
5832,75
5832,332
5838,18
5838,363
5838,228
5837,6
5837,230
5837,276
5833,77
5833,93
5833,260
5839,415
5836,131
5836,7
5841,411
5841,433
5840,13
5840,197
5840,49
5844,286
5844,333
5844,272
5843,27
5843,210
5853,101
5846,159
5846,96
5846,281
5854,173
5854,37
5854,154
5842,8
5842,358
5842,31
5856,274
5856,333
5857,16
5857,311
5857,34
5859,277
5859,81
5859,66
5845,169
5861,241
5861,63
5861,157
5855,45
5855,23
5855,227
5849,328
5849,260
5849,263
5860,274
5860,388
5835,200
5835,104
5835,74
5858,188
5858,170
5866,421
5864,9
5864,137
5863,298
5863,250
5863,477
5865,497
5865,305
5865,123
5862,19
5862,135
5862,334
5847,122
5847,272
5850,256
5848,385
5870,87
5869,427
5869,393
5869,361
5867,333
5871,10
5874,112
5874,57
5874,366
5877,63
5877,144
5876,267
5876,153
5872,312
5872,123
5872,211
5878,473
5868,287
5868,122
5868,91
5875,111
5875,28
5875,326
5873,361
5873,377
5851,28
5880,205
5880,188
5881,493
5879,353
5879,384
5879,23
5882,322
5882,262
5882,125
5886,154
5886,235
5886,107
5884,217
5884,67
5884,123
5885,41
5885,309
5885,332
5887,98
5887,425
5883,118
5883,83
5891,60
5892,17
5892,302
5890,433
5893,295
5889,283
5889,53
5889,26
5895,323
5895,386
5895,269
5894,111
5894,230
5888,383
5888,28
5888,266
5897,154
5897,304
5897,262
5896,341
5898,329
5898,65
5902,470
5902,371
5902,445
5904,26
5904,80
5903,79
5903,230
5903,121
5900,415
5908,145
5905,226
5905,232
5852,242
5852,250
5852,6
5911,422
5909,313
5909,132
5913,459
5913,374
5899,499
5917,195
5917,306
5917,292
5919,253
5919,395
5912,307
5912,211
5912,492
5918,458
5918,283
5918,219
5920,337
5920,2
5920,200
5922,69
5906,116
5906,316
5906,244
5924,238
5924,336
5925,409
5925,399
5921,296
5921,180
5926,483
5926,495
5926,47
5923,39
5923,87
5927,416
5928,9
5916,444
5907,397
5930,419
5930,163
5930,443
5932,249
5932,263
5932,259
5933,176
5933,476
5933,122
5935,476
5935,499
5938,189
5938,361
5938,468
5937,398
5934,400
5910,195
5931,8
5931,222
5931,80
5914,211
5914,221
5914,356
5901,248
5901,61
5915,203
5915,156
5936,145
5936,218
5936,269
5929,330
5941,469
5941,432
5951,207
5939,219
5939,310
5939,127
5940,105
5940,27
5950,55
5950,233
5945,374
5952,433
5952,410
5953,87
5949,450
5949,435
5954,75
5955,262
5959,32
5947,82
5956,485
5956,389
5958,238
5958,31
5958,355
5957,136
5957,100
5960,360
5960,468
5960,416
5963,336
5964,485
5964,310
5962,225
5962,200
5962,231
5961,51
5961,289
5946,16
5946,217
5946,342
5943,387
5943,270
5943,439
5944,136
5944,186
5944,288
5948,7
5971,34
5972,315
5972,183
5942,410
5965,258
5965,374
5967,325
5966,458
5966,461
5966,372
5976,97
5977,115
5978,469
5978,290
5978,181
5979,113
5979,268
5979,179
5981,116
5981,322
5980,216
5980,336
5983,431
5983,172
5983,373
5985,337
5982,153
5982,214
5982,362
5984,371
5984,232
5984,135
5989,367
5990,489
5987,440
5991,73
5991,67
5975,319
5992,308
5988,110
5988,422
5994,350
5994,69
5996,203
5995,55
6000,108
6000,76
5970,288
5968,294
5969,313
5974,145
5974,102
6004,11
6004,121
5993,443
5993,477
5993,357
5986,116
5997,110
5997,326
5997,28
5998,205
5998,420
5999,88
5999,47
6001,237
6008,62
6011,29
6011,416
6009,222
6015,103
6002,476
6007,122
6017,131
6017,311
6017,384
6013,494
6018,55
5973,368
6014,172
6014,215
6014,351
6003,79
6006,109
6006,486
6006,464
6012,332
6012,449
6019,336
6019,145
6019,168
6005,301
6005,383
6005,337
6022,420
6022,214
6022,136
6021,299
6021,117
6016,279
6016,45
6016,138
6023,439
6023,370
6010,321
6010,213
6010,166
6024,205
6020,178
6020,280
6026,175
6027,79
6027,103
6028,446
6028,214
6025,187
6025,219
6029,433
6029,490
6029,448
6030,398
6032,252
6033,216
6033,380
6034,353
6035,356
6035,90
6036,498
6037,466
6039,275
6039,154
6040,481
6040,425
6040,404
6041,136
6031,108
6031,61
6038,250
6038,119
6042,82
6045,398
6043,475
6043,265
6056,223
6056,302
6056,204
6051,118
6051,10
6051,28
6057,19
6057,104
6058,212
6058,366
6055,481
6055,239
6059,372
6061,123
6062,231
6062,198
6048,419
6048,440
6048,371
6060,480
6060,409
6063,302
6064,216
6064,454
6067,402
6068,443
6068,358
6065,47
6070,432
6066,36
6066,161
6069,80
6069,161
6052,487
6052,96
6044,143
6044,305
6044,113
6046,302
6046,37
6046,469
6053,54
6053,17
6053,386
6077,114
6077,75
6076,347
6076,414
6078,134
6078,62
6075,336
6075,432
6075,480
6079,499
6079,380
6079,119
6081,82
6080,405
6080,479
6049,148
6083,220
6083,117
6083,342
6084,460
6084,232
6084,26
6086,116
6086,407
6082,85
6082,25
6082,78
6047,159
6047,298
6047,236
6087,10
6087,173
6072,177
6072,146
6090,31
6090,123
6090,464
6093,75
6091,131
6091,452
6091,36
6088,465
6088,5
6092,87
6094,123
6094,302
6074,47
6074,295
6085,233
6085,266
6095,254
6095,414
6089,232
6089,2
6073,57
6073,332
6073,251
6050,385
6054,398
6097,344
6097,85
6096,263
6096,13
6098,335
6098,184
6098,45
6100,59
6100,42
6100,500
6071,484
6071,315
6071,357
6101,413
6101,304
6101,444
6103,319
6103,64
6103,71
6104,213
6104,57
6104,219
6107,140
6105,42
6105,94
6105,429
6099,187
6099,232
6099,477
6106,87
6109,265
6110,401
6111,190
6111,205
6111,87
6108,325
6108,496
6108,69
6114,163
6112,390
6112,406
6112,460
6116,366
6116,377
6117,74
6102,73
6102,428
6115,291
6115,63
6115,477
6113,191
6118,498
6118,182
6119,346
6119,158
6119,212
6121,196
6121,248
6121,171
6120,57
6120,209
6120,330
6123,236
6123,141
6128,48
6128,357
6128,314
6126,186
6126,32
6126,357
6127,143
6127,302
6127,131
6125,137
6125,22
6129,425
6129,443
6129,463
6122,386
6122,412
6122,368
6130,283
6130,115
6132,5
6132,207
6132,154
6133,441
6133,408
6133,421
6131,185
6124,404
6124,196
6124,445
6136,463
6136,287
6136,25
6135,33
6135,490
6135,94
6134,136
6134,204
6139,117
6140,227
6140,150
6138,362
6138,407
6138,402
6141,417
6144,311
6144,242
6144,353
6145,463
6145,211
6145,88
6146,13
6146,456
6137,101
6137,272
6137,242
6142,175
6142,223
6142,313
6147,390
6148,426
6148,452
6149,458
6150,398
6152,219
6152,195
6151,353
6154,212
6154,396
6154,316
6153,308
6143,419
6159,464
6156,441
6156,368
6156,400
6158,55
6157,1
6157,419
6157,469
6163,266
6170,210
6171,469
6171,468
6171,415
6161,320
6161,88
6161,54
6172,265
6155,352
6176,391
6175,387
6174,335
6174,246
6174,487
6173,475
6173,401
6160,344
6160,331
6180,261
6178,206
6178,344
6178,277
6177,198
6177,322
6179,429
6179,246
6179,259
6181,206
6182,293
6182,157
6169,437
6169,42
6169,78
6186,401
6184,305
6184,257
6184,309
6183,5
6167,169
6162,165
6162,60
6185,411
6165,408
6165,354
6165,102
6164,164
6164,366
6166,10
6166,432
6166,11
6187,476
6168,284
6189,475
6191,145
6191,131
6191,123
6190,320
6192,38
6192,65
6188,122
6193,141
6193,23
6194,131
6194,215
6198,319
6198,111
6198,335
6195,143
6195,65
6207,470
6207,188
6208,422
6206,459
6206,480
6206,434
6209,460
6209,203
6202,288
6202,123
6211,242
6210,471
6210,333
6210,159
6212,488
6214,84
6214,59
6213,355
6213,407
6213,406
6215,485
6215,406
6215,451
6218,173
6218,74
6218,320
6216,71
6216,287
6216,229
6217,351
6217,475
6217,476
6219,484
6220,112
6220,29
6204,28
6205,117
6205,166
6205,312
6201,495
6201,403
6201,473
6196,327
6197,157
6197,498
6197,162
6203,367
6203,437
6225,157
6225,164
6225,131
6200,159
6200,74
6200,283
6228,176
6228,129
6228,2
6226,480
6226,250
6226,249
6227,128
6229,137
6229,117
6230,479
6231,359
6231,171
6233,93
6233,256
6235,416
6234,53
6234,141
6232,323
6232,335
6236,93
6236,440
6238,169
6238,360
6238,172
6239,327
6240,180
6237,85
6237,264
6237,112
6224,53
6242,8
6241,51
6241,109
6243,102
6243,35
6243,485
6245,130
6245,240
6245,82
6247,463
6247,438
6248,111
6248,247
6246,233
6246,473
6199,212
6249,27
6251,214
6251,321
6251,230
6250,405
6250,296
6244,258
6252,455
6252,191
6252,282
6255,323
6255,485
6255,5
6258,118
6257,133
6257,376
6256,236
6256,406
6262,117
6261,483
6261,107
6261,333
6264,58
6264,91
6263,374
6259,371
6259,460
6259,410
6265,96
6265,306
6265,177
6221,92
6268,311
6268,258
6260,67
6266,265
6266,69
6267,228
6271,484
6269,391
6269,400
6269,471
6270,219
6270,260
6272,57
6273,136
6273,248
6274,356
6274,435
6253,49
6276,408
6276,490
6276,429
6222,424
6222,423
6285,46
6275,73
6275,197
6275,35
6284,485
6284,383
6284,433
6279,117
6279,193
6279,350
6281,127
6287,99
6288,392
6288,214
6288,228
6278,497
6290,144
6290,457
6290,410
6282,208
6282,16
6282,337
6277,474
6289,64
6289,166
6289,170
6223,210
6283,96
6283,123
6292,266
6293,194
6293,185
6293,99
6254,59
6296,429
6296,98
6296,157
6291,131
6291,313
6291,173
6294,92
6294,4
6295,380
6280,242
6297,90
6298,131
6298,462
6298,381
6299,354
6299,458
6286,311
6300,166
6302,296
6302,210
6302,316
6301,462
6301,345
6305,418
6303,128
6306,364
6304,410
6304,484
6304,239
6310,115
6310,392
6311,413
6311,398
6308,468
6308,404
6308,475
6312,273
6312,401
6307,253
6307,412
6307,128
6315,456
6315,429
6315,406
6309,61
6309,205
6317,12
6317,336
6314,57
6314,298
6314,435
6313,391
6313,398
6318,149
6318,226
6318,57
6316,472
6316,25
6316,111
6330,31
6329,343
6329,485
6319,86
6326,266
6326,37
6333,423
6332,96
6334,477
6334,428
6336,131
6323,462
6323,441
6323,372
6338,284
6322,357
6322,451
6322,411
6339,212
6335,177
6335,148
6335,103
6337,326
6321,263
6320,420
6340,495
6340,81
6341,202
6331,452
6331,90
6331,55
6324,182
6324,100
6324,106
6342,415
6342,393
6343,99
6344,433
6325,496
6325,368
6325,362
6345,396
6345,470
6346,247
6328,440
6328,465
6347,172
6348,19
6348,59
6348,141
6349,10
6349,290
6327,474
6327,382
6327,491
6353,222
6352,69
6352,220
6350,62
6350,350
6350,239
6357,110
6357,130
6357,490
6354,216
6354,132
6354,233
6358,350
6358,265
6358,192
6359,420
6355,59
6355,283
6355,307
6360,476
6356,25
6356,316
6365,415
6365,359
6367,145
6368,55
6368,12
6363,465
6372,135
6372,210
6372,383
6369,340
6369,82
6369,407
6364,434
6364,379
6371,436
6371,83
6370,23
6370,323
6370,307
6366,218
6366,476
6366,314
6376,381
6376,299
6376,139
6377,366
6377,358
6382,317
6382,97
6382,234
6384,219
6383,318
6379,429
6379,460
6379,489
6387,262
6373,128
6373,302
6373,48
6388,322
6388,89
6388,288
6389,187
6389,490
6389,128
6381,428
6381,421
6390,107
6391,377
6391,434
6391,115
6393,425
6385,9
6385,401
6385,246
6392,496
6378,341
6378,40
6394,87
6394,350
6394,83
6397,391
6397,387
6397,408
6386,381
6396,322
6396,32
6396,294
6380,166
6380,258
6380,373
6374,166
6374,159
6375,450
6375,405
6395,341
6395,228
6395,143
6362,263
6398,446
6399,241
6399,145
6399,196
6400,261
6402,421
6402,130
6402,427
6351,146
6351,110
6403,475
6405,387
6405,300
6405,67
6404,416
6404,471
6401,66
6401,76
6406,74
6407,447
6408,350
6408,39
6408,85
6410,135
6410,33
6410,393
6409,72
6409,103
6409,99
6361,432
6361,424
6411,408
6421,420
6422,128
6422,262
6422,201
6420,131
6420,164
6420,431
6423,471
6423,468
6423,146
6417,138
6417,217
6417,117
6424,280
6424,99
6424,2
6425,223
6425,298
6425,60
6414,360
6426,241
6426,44
6426,38
6429,140
6429,266
6429,9
6428,177
6427,316
6427,225
6427,104
6432,28
6430,258
6430,308
6430,187
6433,302
6433,81
6433,266
6434,51
6434,79
6434,145
6431,123
6431,14
6431,171
6436,252
6435,27
6412,359
6418,40
6418,29
6415,339
6415,59
6437,61
6413,144
6413,246
6413,229
6419,188
6419,152
6439,477
6439,221
6439,101
6416,467
6416,301
6416,430
6438,460
6438,482
6438,351
6440,316
6441,171
6441,66
6441,124
6444,240
6444,478
6444,352
6445,250
6445,390
6442,31
6442,286
6446,427
6446,51
6446,384
6448,197
6443,316
6443,18
6443,24
6451,2
6451,452
6451,198
6449,227
6449,57
6449,89
6452,122
6452,301
6450,441
6454,279
6455,292
6455,449
6455,307
6453,476
6453,419
6456,21
6447,478
6447,495
6447,404
6461,249
6461,369
6460,397
6462,478
6458,90
6458,134
6458,27
6459,449
6459,500
6457,90
6457,420
6466,34
6470,332
6469,426
6467,246
6467,316
6467,423
6472,113
6472,45
6472,188
6464,184
6473,160
6473,386
6473,445
6475,28
6471,105
6471,479
6468,165
6468,115
6468,491
6465,24
6465,352
6476,323
6476,62
6478,183
6478,285
6484,324
6484,257
6484,300
6486,437
6486,480
6487,57
6487,126
6485,338
6485,331
6485,190
6491,395
6491,144
6488,493
6490,12
6490,240
6490,175
6479,390
6489,459
6489,217
6489,62
6494,97
6480,101
6480,324
6492,490
6492,396
6493,177
6493,313
6493,132
6483,349
6483,494
6495,419
6499,179
6499,168
6497,268
6497,216
6497,214
6500,469
6500,441
6496,197
6496,191
6496,148
6498,374
6498,324
6482,197
6477,1
6501,312
6474,315
6474,477
6502,364
6503,450
6503,310
6481,286
6481,74
6504,361
6505,400
6505,199
6505,221
6506,419
6507,408
6507,440
6507,353
6508,292
6508,311
6508,61
6509,96
6509,47
6510,69
6510,212
6513,222
6514,228
6516,166
6516,409
6515,333
6518,260
6520,470
6517,372
6517,400
6517,471
6523,431
6523,50
6523,391
6522,209
6522,278
6522,171
6521,261
6521,199
6521,85
6511,248
6525,264
6525,477
6526,461
6526,117
6530,297
6530,105
6530,112
6529,20
6529,448
6529,361
6531,245
6531,178
6531,389
6532,109
6527,489
6527,261
6524,443
6524,151
6524,78
6519,390
6519,9
6519,82
6528,114
6528,180
6463,172
6463,202
6533,374
6512,413
6512,363
6512,484
6534,124
6536,428
6535,371
6535,421
6537,173
6538,112
6538,311
6538,236
6539,319
6539,180
6539,427
6540,192
6542,392
6542,145
6541,42
6543,472
6546,284
6546,339
6546,130
6547,124
6547,65
6544,180
6548,104
6548,429
6548,383
6549,352
6545,342
6545,294
6550,422
6553,267
6551,374
6551,417
6551,388
6555,475
6555,374
6555,351
6554,276
6554,216
6554,241
6566,273
6566,316
6566,153
6564,66
6564,86
6564,372
6552,358
6552,228
6552,375
6567,310
6567,49
6567,4
6559,214
6559,226
6559,21
6569,363
6568,186
6568,178
6568,345
6561,104
6561,496
6561,490
6570,269
6571,107
6560,382
6560,211
6556,346
6556,119
6556,55
6562,316
6562,227
6557,24
6557,176
6558,315
6558,240
6563,288
6563,143
6563,149
6565,232
6565,247
6573,4
6573,265
6572,16
6585,102
6585,353
6584,108
6586,18
6586,234
6586,6
6583,87
6583,195
6583,275
6588,122
6588,125
6587,85
6587,310
6587,392
6590,486
6590,445
6589,329
6589,49
6592,277
6592,432
6592,311
6593,30
6593,224
6595,436
6594,421
6594,406
6594,426
6591,253
6591,235
6591,474
6596,55
6596,344
6598,239
6598,432
6578,327
6597,98
6597,75
6576,194
6576,400
6581,31
6574,91
6582,3
6582,38
6582,299
6580,141
6580,497
6580,428
6577,108
6577,269
6575,371
6579,141
6579,393
6579,494
6601,421
6599,478
6599,486
6599,359
6602,81
6602,330
6604,331
6604,491
6605,402
6606,412
6606,249
6607,215
6607,177
6607,89
6608,76
6610,260
6610,29
6610,164
6612,34
6612,335
6611,480
6611,414
6609,327
6609,492
6609,357
6613,350
6613,223
6613,263
6614,313
6614,188
6614,196
6615,367
6615,499
6617,162
6616,159
6616,33
6616,314
6619,483
6619,429
6620,359
6620,367
6620,453
6621,478
6621,213
6623,238
6623,86
6625,247
6625,293
6631,210
6632,182
6626,478
6628,179
6628,139
6628,134
6633,166
6633,432
6633,470
6636,497
6636,447
6634,239
6634,178
6637,373
6637,334
6638,458
6638,465
6640,110
6640,245
6635,221
6627,207
6627,327
6627,72
6642,147
6641,469
6643,462
6643,309
6643,474
6629,44
6644,305
6644,468
6630,437
6630,159
6624,382
6622,280
6622,311
6622,68
6600,12
6600,307
6648,199
6648,330
6648,142
6603,446
6603,384
6650,233
6650,458
6650,382
6646,41
6646,38
6652,49
6652,324
6652,106
6653,93
6653,84
6649,500
6649,123
6647,5
6639,491
6639,439
6639,351
6654,21
6618,295
6618,262
6655,342
6651,386
6651,402
6651,403
6656,152
6660,374
6660,467
6660,406
6658,172
6658,296
6657,449
6669,419
6669,362
6661,43
6661,39
6664,64
6659,426
6659,358
6671,464
6670,159
6674,29
6675,168
6675,326
6675,43
6672,330
6645,432
6663,402
6677,238
6677,164
6678,224
6679,232
6665,172
6665,263
6665,129
6680,249
6680,177
6680,142
6667,380
6666,299
6666,103
6666,274
6686,45
6686,221
6662,454
6684,271
6690,391
6673,332
6683,450
6683,259
6683,246
6689,214
6689,188
6685,401
6692,263
6682,327
6682,159
6688,250
6688,3
6694,283
6694,60
6694,288
6695,409
6695,383
6695,499
6693,9
6693,241
6693,36
6681,175
6681,269
6681,91
6698,321
6698,376
6697,456
6699,309
6699,104
6699,313
6701,72
6702,467
6702,409
6700,497
6700,368
6700,375
6704,273
6704,125
6703,226
6668,447
6676,39
6706,8
6706,153
6707,261
6691,277
6691,385
6691,9
6705,439
6696,22
6696,154
6696,123
6712,377
6712,494
6712,451
6710,63
6710,102
6710,327
6709,132
6709,214
6709,54
6708,345
6708,101
6713,296
6713,111
6714,188
6711,190
6711,429
6715,56
6715,75
6719,218
6719,317
6717,195
6717,25
6718,419
6716,213
6716,322
6722,495
6720,132
6720,60
6720,169
6721,495
6721,432
6723,396
6724,179
6724,361
6724,292
6728,424
6736,111
6736,241
6736,253
6726,254
6731,38
6731,208
6731,133
6735,100
6735,68
6738,191
6727,463
6727,204
6737,461
6737,387
6741,421
6740,445
6740,488
6740,386
6743,444
6744,339
6747,350
6742,173
6742,163
6742,82
6739,399
6739,411
6739,451
6734,150
6734,247
6748,90
6732,252
6732,434
6732,150
6745,473
6745,259
6746,166
6746,93
6746,313
6749,11
6733,302
6733,444
6751,490
6751,481
6751,415
6729,339
6750,340
6750,134
6750,88
6725,195
6730,133
6730,257
6730,345
6687,448
6756,91
6758,81
6757,49
6759,62
6759,387
6760,89
6760,415
6755,184
6755,78
6755,46
6763,465
6761,112
6765,461
6765,464
6762,69
6762,121
6762,327
6766,90
6764,87
6764,107
6768,424
6767,237
6770,26
6753,142
6753,124
6769,433
6769,430
6752,23
6752,274
6752,230
6771,60
6771,330
6772,90
6772,74
6772,42
6774,261
6774,105
6774,5
6777,308
6777,150
6777,199
6780,84
6754,217
6754,284
6785,220
6786,3
6787,61
6787,329
6789,289
6789,62
6789,122
6781,321
6781,270
6781,266
6775,185
6791,80
6791,108
6791,237
6790,453
6790,406
6792,124
6773,482
6773,359
6795,326
6793,341
6796,397
6798,225
6794,398
6794,450
6794,401
6799,238
6799,12
6799,206
6800,358
6800,177
6801,164
6801,460
6797,305
6776,244
6776,327
6776,480
6784,284
6784,38
6788,166
6788,122
6778,53
6778,170
6779,144
6779,245
6783,436
6782,454
6782,415
6782,398
6803,413
6803,400
6802,106
6806,8
6810,425
6808,111
6811,350
6811,54
6804,477
6804,494
6809,88
6809,456
6814,53
6814,100
6814,212
6812,282
6805,172
6805,127
6813,73
6813,223
6813,197
6807,63
6807,87
6807,54
6818,117
6818,167
6819,365
6817,195
6817,499
6817,309
6816,411
6821,382
6821,497
6821,363
6815,424
6815,397
6822,152
6822,176
6822,344
6823,423
6820,416
6824,130
6824,3
6825,483
6825,387
6825,443
6827,373
6827,147
6827,60
6828,354
6828,154
6828,450
6829,121
6830,394
6830,181
6830,298
6826,407
6832,160
6832,320
6831,395
6831,360
6833,246
6833,110
6834,17
6834,491
6834,336
6838,132
6838,139
6837,249
6837,68
6837,157
6836,53
6836,130
6836,287
6839,489
6840,319
6835,355
6835,216
6842,217
6843,406
6843,428
6841,301
6841,279
6841,374
6844,109
6844,325
6844,315
6845,58
6847,499
6847,438
6847,476
6848,327
6849,381
6849,451
6849,370
6857,495
6857,467
6857,430
6854,337
6854,206
6854,89
6851,244
6861,336
6861,287
6861,28
6856,65
6856,89
6862,201
6862,12
6862,35
6859,92
6859,57
6859,158
6864,313
6864,451
6863,165
6863,416
6863,190
6868,441
6868,465
6868,480
6867,134
6869,170
6852,367
6865,340
6870,280
6870,51
6871,278
6871,46
6873,40
6875,469
6875,378
6858,182
6872,388
6872,130
6872,212
6853,463
6853,167
6866,317
6866,341
6855,420
6846,289
6846,91
6846,295
6860,317
6860,307
6874,32
6874,57
6850,73
6850,248
6878,461
6886,256
6885,304
6885,21
6880,472
6887,415
6887,387
6882,375
6882,391
6882,205
6888,116
6888,146
6888,100
6890,376
6890,207
6890,403
6892,192
6892,237
6892,209
6889,10
6889,12
6889,336
6891,186
6891,374
6894,364
6881,258
6895,220
6895,195
6895,433
6896,303
6896,112
6896,500
6893,199
6893,426
6893,430
6898,234
6898,450
6901,255
6901,160
6900,177
6903,334
6899,259
6902,64
6902,394
6877,257
6879,172
6897,456
6897,398
6876,326
6883,16
6883,107
6905,408
6906,86
6907,63
6907,291
6884,395
6884,431
6884,454
6908,89
6908,268
6909,275
6910,31
6910,376
6910,15
6911,468
6913,158
6913,427
6912,91
6915,9
6915,435
6915,148
6914,296
6914,168
6914,143
6916,489
6916,424
6916,364
6917,353
6917,495
6918,198
6904,125
6904,210
6921,492
6921,454
6920,403
6919,235
6919,94
6919,305
6925,252
6925,147
6925,161
6924,25
6922,101
6922,46
6923,148
6923,6
6926,318
6926,164
6926,327
6929,357
6927,419
6930,97
6930,80
6931,392
6931,287
6931,438
6932,390
6932,223
6933,169
6933,221
6933,227
6934,441
6938,326
6938,162
6938,51
6936,18
6936,333
6937,440
6937,147
6937,236
6941,87
6941,187
6935,36
6935,326
6935,90
6928,219
6939,155
6939,304
6939,40
6942,485
6942,464
6942,329
6940,353
6940,375
6943,174
6943,425
6944,122
6944,18
6944,289
6947,389
6947,444
6946,131
6946,271
6946,133
6953,199
6953,286
6953,268
6954,364
6954,494
6954,329
6950,125
6950,188
6945,53
6945,230
6945,85
6951,105
6951,55
6951,246
6949,20
6949,242
6956,484
6948,390
6948,475
6948,493
6952,294
6952,76
6955,151
6957,467
6959,9
6959,291
6960,452
6961,224
6963,8
6963,261
6958,209
6962,60
6962,225
6962,472
6967,261
6967,222
6964,162
6964,476
6964,221
6965,81
6965,210
6965,53
6966,92
6966,310
6968,482
6970,24
6970,273
6971,274
6971,420
6971,19
6973,123
6973,188
6972,43
6972,41
6972,490
6974,357
6975,45
6976,183
6976,253
6969,28
6969,145
6969,240
6978,47
6977,279
6977,179
6977,476
6980,460
6980,389
6980,477
6981,183
6979,204
6985,377
6985,104
6985,105
6983,16
6983,1
6983,206
6987,7
6988,309
6988,279
6982,227
6982,193
6982,75
6986,249
6986,165
6989,210
6989,296
6984,363
6984,121
6990,424
6990,427
6991,407
6991,427
6994,24
6994,252
6994,277
6993,303
6992,418
6992,497
6992,449
6997,196
6996,16
6996,289
6996,389
6995,400
6995,492
6998,299
6998,112
7001,199
7001,432
7000,275
7002,196
7003,326
7003,500
6999,200
6999,73
7004,140
7004,49
7009,431
7006,360
7006,385
7007,260
7007,82
7007,256
7008,481
7008,296
7008,58
7010,216
7010,61
7011,79
7011,244
7005,8
7005,176
7013,83
7012,226
7012,490
7012,494
7014,474
7014,393
7014,256
7016,449
7015,382
7015,373
7015,434
7017,284
7017,90
7019,60
7019,38
7019,118
7018,494
7023,420
7023,491
7020,345
7020,428
7022,79
7022,167
7022,417
7024,9
7027,345
7027,296
7026,359
7026,372
7028,215
7028,399
7028,33
7021,64
7021,105
7021,372
7025,140
7029,400
7029,148
7030,231
7030,219
7030,81
7032,253
7032,79
7032,130
7034,433
7034,36
7031,26
7031,361
7031,418
7035,476
7035,98
7036,104
7037,446
7037,420
7037,132
7040,271
7040,66
7039,88
7039,301
7039,95
7033,317
7041,97
7041,297
7041,276
7038,117
7038,219
7042,343
7043,84
7043,11
7043,92
7048,417
7048,162
7054,418
7054,397
7054,424
7050,78
7050,412
7055,140
7055,73
7055,212
7056,447
7056,456
7049,81
7058,90
7059,197
7057,268
7057,78
7057,17
7061,334
7061,32
7046,236
7046,457
7063,264
7063,215
7063,204
7060,207
7060,326
7060,16
7062,114
7062,428
7062,478
7065,427
7065,161
7047,95
7047,349
7047,292
7066,383
7066,496
7064,417
7067,190
7067,334
7052,159
7052,169
7052,427
7045,262
7045,203
7045,350
7044,91
7069,458
7069,427
7068,78
7068,280
7073,480
7073,407
7051,227
7051,310
7051,104
7074,103
7072,141
7072,231
7072,155
7070,307
7070,45
7070,184
7071,202
7071,291
7075,91
7053,380
7053,152
7053,478
7078,358
7078,418
7078,447
7076,395
7076,80
7076,491
7086,45
7086,275
7086,75
7084,465
7077,89
7077,7
7077,73
7088,149
7088,296
7079,137
7079,303
7079,196
7080,137
7087,401
7087,320
7083,184
7083,421
7081,342
7082,166
7082,202
7085,272
7089,414
7089,485
7092,120
7092,54
7091,384
7094,129
7094,235
7094,450
7090,362
7090,291
7090,157
7093,433
7093,428
7095,75
7095,316
7098,335
7096,31
7100,67
7099,78
7099,189
7102,418
7101,102
7103,126
7104,49
7104,321
7104,319
7106,65
7107,147
7105,119
7109,215
7109,18
7108,489
7108,379
7108,305
7111,191
7114,112
7097,356
7097,437
7113,57
7113,248
7113,86
7110,400
7116,274
7116,165
7116,160
7112,260
7112,80
7120,313
7120,226
7120,452
7118,64
7118,34
7119,87
7119,315
7119,300
7121,220
7121,318
7115,346
7115,260
7122,226
7123,212
7123,458
7124,438
7124,453
7117,78
7117,108
7126,310
7126,99
7126,477
7129,62
7127,466
7127,371
7127,355
7136,36
7137,265
7135,30
7135,328
7135,180
7140,263
7140,365
7140,14
7138,309
7138,7
7138,40
7131,380
7131,62
7131,126
7142,269
7142,175
7139,468
7139,445
7143,473
7143,119
7145,102
7147,352
7144,331
7144,107
7148,193
7141,142
7141,86
7134,260
7134,147
7134,16
7125,385
7125,466
7149,337
7149,28
7149,82
7150,422
7150,144
7146,496
7151,387
7152,488
7155,487
7156,263
7154,123
7154,118
7132,486
7132,141
7133,242
7133,42
7133,197
7153,182
7130,235
7130,405
7130,307
7157,265
7157,495
7157,80
7161,177
7158,230
7158,190
7158,2
7163,252
7160,454
7160,443
7128,468
7128,279
7162,269
7162,304
7164,472
7164,415
7164,451
7159,394
7159,476
7165,477
7166,244
7166,202
7166,167
7168,377
7170,64
7170,116
7169,254
7171,77
7167,163
7167,276
7172,347
7172,215
7172,344
7176,6
7176,467
7176,310
7173,83
7173,151
7173,320
7174,353
7174,193
7174,291
7178,466
7178,441
7175,442
7175,388
7175,239
7179,456
7179,421
7189,434
7189,360
7187,467
7187,463
7187,408
7182,131
7182,65
7192,404
7180,110
7180,214
7193,422
7194,425
7181,140
7181,47
7185,254
7197,454
7197,480
7199,13
7199,92
7199,239
7183,191
7183,297
7198,7
7198,459
7200,365
7200,403
7202,109
7202,48
7204,373
7204,310
7203,457
7203,432
7201,280
7205,409
7205,71
7184,282
7184,15
7195,397
7195,357
7195,452
7177,333
7209,161
7209,81
7208,130
7208,270
7208,175
7196,271
7196,5
7206,141
7207,293
7207,32
7207,327
7190,364
7190,354
7211,448
7186,369
7186,321
7188,5
7188,255
7188,71
7191,197
7191,161
7191,138
7212,33
7212,198
7212,121
7210,328
7213,284
7215,85
7215,259
7215,365
7216,65
7216,178
7214,342
7214,419
7219,431
7219,362
7219,424
7217,446
7217,51
7221,411
7222,379
7218,456
7218,407
7225,295
7225,340
7225,350
7227,160
7227,255
7220,346
7233,238
7224,123
7224,281
7224,333
7229,247
7229,191
7226,5
7226,155
7238,494
7223,441
7223,499
7237,211
7239,47
7232,417
7241,438
7240,99
7240,231
7240,291
7234,463
7234,31
7242,476
7242,265
7242,349
7243,236
7243,342
7244,329
7244,147
7235,29
7245,83
7245,92
7250,410
7246,495
7246,366
7246,390
7247,94
7247,12
7251,227
7251,67
7251,223
7249,55
7248,124
7254,63
7254,34
7257,357
7257,410
7257,362
7256,193
7258,350
7252,348
7255,187
7253,446
7253,222
7253,48
7259,292
7259,22
7259,153
7260,236
7261,488
7261,281
7263,271
7263,14
7264,372
7264,476
7264,3
7265,260
7265,199
7262,360
7262,342
7268,152
7268,41
7268,411
7267,471
7267,366
7267,368
7269,171
7269,232
7269,283
7270,486
7266,111
7230,334
7273,429
7273,64
7273,323
7271,135
7272,327
7272,440
7274,64
7274,107
7228,346
7228,153
7231,323
7231,76
7231,87
7276,490
7236,103
7236,230
7279,210
7278,210
7278,172
7278,445
7280,67
7280,422
7277,418
7285,432
7285,493
7285,357
7275,77
7282,231
7282,181
7284,129
7284,155
7283,145
7283,441
7286,75
7281,252
7281,329
7291,173
7289,25
7292,352
7292,480
7292,361
7287,47
7287,165
7287,267
7293,369
7293,333
7293,232
7298,7
7295,200
7295,318
7299,18
7296,55
7296,50
7297,278
7297,382
7297,449
7300,94
7303,132
7301,440
7301,4
7301,467
7309,184
7306,344
7304,463
7312,112
7302,277
7314,467
7314,368
7314,246
7316,186
7317,14
7288,244
7290,484
7290,461
7310,261
7310,105
7319,51
7319,182
7319,217
7322,240
7322,269
7322,159
7318,134
7318,94
7318,302
7323,430
7323,498
7320,474
7320,329
7294,44
7294,496
7294,360
7313,180
7313,45
7313,387
7305,195
7305,248
7307,478
7324,349
7324,287
7324,283
7321,133
7321,468
7308,359
7315,61
7311,106
7311,453
7328,425
7328,347
7328,150
7326,14
7326,246
7327,476
7327,67
7327,233
7325,210
7325,177
7325,244
7329,213
7332,28
7332,324
7333,221
7333,313
7333,216
7331,435
7331,456
7334,133
7334,128
7330,484
7330,493
7335,93
7335,307
7337,76
7337,433
7338,41
7338,125
7336,424
7336,479
7339,246
7339,48
7339,138
7341,406
7341,379
7343,218
7340,290
7340,314
7342,218
7342,89
7342,98
7344,54
7344,100
7344,20
7345,249
7345,169
7345,42
7348,62
7349,218
7349,313
7347,225
7347,35
7347,333
7346,128
7346,2
7350,350
7350,5
7350,411
7352,36
7352,458
7351,269
7351,251
7351,219
7354,133
7353,493
7357,340
7356,487
7356,269
7358,452
7358,364
7358,79
7355,188
7355,85
7359,433
7360,461
7361,129
7361,89
7361,278
7363,305
7362,31
7362,113
7364,451
7365,494
7365,39
7365,130
7366,242
7366,292
7370,92
7370,124
7370,301
7368,457
7367,46
7367,211
7371,386
7371,496
7372,352
7372,87
7369,260
7369,207
7374,238
7373,410
7379,429
7375,72
7377,140
7377,322
7376,159
7376,147
7376,236
7380,147
7382,279
7382,127
7382,423
7381,148
7381,431
7378,9
7378,35
7384,296
7384,49
7383,287
7386,37
7385,84
7394,143
7394,100
7397,211
7397,31
7389,269
7389,406
7389,193
7392,148
7392,58
7392,207
7388,39
7390,298
7395,421
7395,39
7391,210
7391,85
7387,331
7387,494
7387,274
7393,271
7399,245
7399,373
7399,223
7398,227
7398,206
7401,118
7396,419
7396,15
7396,420
7400,335
7400,20
7404,281
7404,39
7402,497
7402,12
7402,437
7405,345
7405,225
7407,280
7406,4
7408,216
7410,227
7409,124
7409,8
7413,438
7411,84
7411,72
7411,225
7412,288
7412,176
7412,105
7414,242
7414,52
7414,109
7418,477
7417,282
7417,137
7416,109
7416,329
7416,49
7415,282
7415,313
7403,294
7403,376
7403,68
7422,309
7422,364
7422,486
7424,271
7419,394
7419,411
7423,175
7420,172
7421,182
7421,325
7425,312
7425,260
7426,418
7438,298
7437,327
7440,399
7440,86
7439,442
7430,245
7430,317
7442,226
7428,80
7428,150
7428,66
7441,143
7441,344
7441,324
7433,44
7433,229
7433,319
7443,143
7443,208
7443,184
7444,376
7444,394
7444,129
7445,282
7445,213
7445,185
7429,69
7447,351
7447,264
7449,385
7450,467
7448,37
7448,244
7446,491
7431,344
7431,266
7427,390
7432,105
7434,298
7434,301
7434,7
7451,287
7451,405
7451,159
7435,493
7436,403
7436,372
7436,421
7454,39
7454,400
7453,477
7456,464
7456,265
7452,355
7459,473
7459,222
7458,309
7458,250
7460,416
7460,115
7457,82
7457,447
7457,321
7463,237
7464,60
7464,185
7466,304
7462,341
7462,336
7467,160
7467,382
7465,298
7465,418
7465,250
7455,152
7455,198
7455,341
7469,339
7469,291
7472,146
7472,2
7472,300
7461,179
7461,285
7473,83
7468,43
7468,88
7468,250
7477,275
7477,327
7480,205
7476,325
7476,71
7476,149
7482,96
7482,163
7483,428
7483,451
7483,441
7475,192
7475,48
7485,65
7485,373
7474,2
7484,182
7488,114
7487,139
7487,235
7487,73
7486,490
7486,476
7486,395
7492,251
7492,168
7493,212
7493,163
7489,408
7489,369
7489,473
7491,419
7491,485
7496,56
7494,243
7495,151
7495,196
7495,39
7470,178
7479,471
7479,432
7479,497
7478,398
7478,417
7481,151
7481,366
7497,465
7497,370
7497,473
7490,409
7490,466
7490,420
7471,482
7471,53
7498,441
7498,425
7502,312
7505,94
7503,451
7503,457
7503,361
7500,346
7504,239
7504,213
7506,408
7501,79
7507,341
7510,428
7508,51
7508,1
7508,171
7511,411
7511,396
7511,420
7499,410
7512,213
7512,85
7512,139
7509,158
7514,31
7514,101
7514,316
7513,57
7513,319
7513,261
7517,199
7517,290
7517,102
7520,52
7518,206
7521,366
7521,325
7521,250
7515,380
7515,143
7515,179
7524,117
7524,226
7523,92
7523,150
7522,77
7525,109
7525,301
7526,373
7526,357
7526,393
7528,274
7528,100
7527,185
7529,272
7529,217
7529,337
7531,156
7531,299
7531,261
7530,365
7532,93
7533,262
7533,96
7533,206
7534,396
7534,480
7534,413
7535,80
7537,200
7537,10
7538,316
7538,346
7538,336
7539,310
7536,270
7536,172
7536,327
7540,249
7540,235
7540,188
7546,202
7550,141
7550,3
7551,26
7552,233
7552,292
7552,337
7547,82
7547,90
7547,100
7555,85
7555,185
7555,131
7542,425
7557,268
7548,5
7548,257
7556,429
7556,373
7556,419
7549,462
7549,143
7560,377
7560,470
7561,321
7561,221
7561,172
7563,18
7563,254
7563,456
7544,189
7544,275
7562,37
7564,275
7541,375
7541,380
7541,438
7565,135
7543,437
7566,320
7559,188
7559,52
7567,331
7567,323
7569,16
7570,433
7570,39
7558,227
7558,113
7558,173
7571,276
7572,98
7572,327
7572,39
7573,235
7568,347
7519,440
7519,467
7516,245
7553,413
7553,64
7554,450
7554,278
7554,259
7545,209
7574,434
7574,485
7575,450
7576,214
7577,113
7577,480
7588,102
7590,277
7591,52
7591,10
7582,430
7582,369
7582,495
7584,111
7593,465
7593,107
7593,408
7594,389
7594,433
7595,454
7595,425
7595,363
7592,234
7592,148
7596,94
7596,454
7585,411
7585,120
7585,66
7598,383
7597,260
7587,250
7587,44
7587,126
7600,269
7599,247
7578,378
7578,484
7578,412
7586,256
7586,346
7589,303
7589,500
7583,29
7583,139
7606,409
7602,351
7607,209
7607,271
7607,392
7609,364
7609,432
7608,220
7608,239
7608,308
7580,316
7580,5
7610,428
7610,397
7610,391
7603,257
7603,262
7611,203
7613,246
7615,404
7614,57
7614,1
7612,136
7616,251
7616,7
7619,148
7619,266
7617,479
7617,373
7617,361
7620,486
7620,378
7621,93
7618,475
7624,463
7625,41
7622,408
7601,43
7601,94
7628,37
7623,90
7623,328
7623,199
7627,192
7627,262
7626,437
7626,469
7629,131
7630,327
7630,80
7630,426
7631,168
7631,160
7631,50
7634,377
7634,369
7636,195
7636,252
7636,318
7604,143
7632,451
7632,109
7632,397
7633,174
7633,222
7633,194
7635,167
7635,126
7635,296
7637,177
7637,121
7637,86
7639,428
7639,492
7639,455
7642,39
7640,490
7643,378
7641,285
7638,451
7638,412
7638,486
7645,366
7645,275
7645,163
7644,93
7579,298
7579,373
7579,399
7648,472
7649,499
7649,376
7651,420
7650,95
7657,470
7657,216
7657,394
7655,234
7658,401
7658,370
7658,441
7661,156
7605,55
7605,228
7659,158
7659,2
7662,86
7662,99
7663,10
7663,396
7664,413
7664,188
7665,267
7667,487
7667,329
7667,30
7666,462
7666,481
7669,316
7669,381
7660,141
7660,456
7660,199
7670,467
7670,250
7670,102
7654,148
7654,283
7654,16
7674,149
7674,164
7673,500
7673,485
7673,264
7675,232
7675,214
7675,396
7656,98
7656,424
7656,245
7672,310
7672,106
7677,235
7677,236
7679,146
7681,127
7680,470
7680,381
7653,261
7653,185
7668,294
7668,74
7671,392
7671,120
7671,477
7647,16
7682,106
7682,219
7682,492
7652,114
7652,324
7652,77
7685,228
7685,238
7676,388
7676,51
7676,369
7683,90
7683,215
7683,255
7689,187
7646,30
7646,227
7688,30
7690,73
7690,263
7687,116
7687,488
7691,306
7691,294
7691,260
7694,419
7693,11
7693,454
7693,460
7692,79
7692,125
7696,374
7696,439
7699,407
7697,87
7700,120
7700,173
7700,500
7698,256
7701,423
7701,340
7702,12
7702,280
7702,129
7704,170
7704,322
7704,242
7705,25
7705,36
7703,268
7695,271
7695,62
7695,451
7706,416
7684,109
7708,176
7708,187
7709,155
7709,367
7709,359
7678,148
7581,448
7581,192
7686,472
7686,155
7710,198
7710,289
7710,243
7711,336
7711,454
7711,424
7712,398
7712,6
7713,136
7713,389
7713,467
7714,42
7714,431
7714,150
7707,38
7707,297
7707,57
7715,430
7715,500
7716,420
7716,240
7721,128
7721,233
7721,257
7727,321
7727,481
7729,360
7731,161
7731,154
7731,274
7730,395
7730,432
7730,428
7732,327
7732,7
7732,364
7724,48
7724,81
7724,22
7725,424
7734,465
7734,152
7734,242
7735,422
7735,361
7735,456
7737,96
7737,243
7738,83
7736,101
7736,299
7736,329
7741,481
7741,451
7741,457
7739,27
7740,162
7740,212
7740,39
7733,341
7733,131
7726,317
7722,403
7722,187
7722,72
7718,207
7718,86
7718,312
7719,79
7717,65
7717,286
7717,334
7720,357
7720,122
7720,92
7742,462
7742,349
7742,427
7743,189
7744,201
7744,272
7723,394
7745,460
7746,296
7746,12
7746,70
7747,424
7747,474
7748,149
7748,58
7728,346
7728,354
7728,222
7750,318
7750,373
7749,194
7749,230
7751,188
7751,361
7751,483
7753,289
7752,371
7752,109
7752,494
7754,448
7754,385
7754,469
7756,332
7756,236
7757,19
7757,266
7755,477
7755,128
7761,97
7761,39
7761,333
7769,29
7759,174
7759,176
7760,402
7760,437
7760,359
7771,174
7765,269
7763,53
7763,45
7763,72
7772,194
7774,249
7775,220
7775,280
7777,80
7777,13
7776,252
7776,388
7770,262
7770,100
7778,280
7778,125
7780,416
7780,383
7780,415
7783,359
7783,289
7783,135
7781,199
7758,345
7758,9
7773,299
7766,271
7766,265
7766,179
7764,155
7784,380
7784,362
7785,479
7785,487
7785,470
7768,151
7768,433
7767,345
7786,306
7786,469
7762,40
7788,304
7787,449
7787,354
7787,396
7782,260
7782,97
7782,136
7790,85
7790,45
7791,193
7791,85
7791,330
7793,497
7795,140
7795,240
7795,128
7789,92
7792,278
7794,405
7794,437
7799,62
7799,326
7806,339
7806,172
7807,496
7807,422
7807,374
7779,292
7779,392
7779,220
7808,53
7808,498
7808,454
7809,390
7809,85
7809,480
7810,451
7801,352
7801,380
7801,455
7812,352
7811,458
7811,381
7811,357
7800,331
7800,296
7800,52
7814,460
7814,249
7815,118
7816,487
7816,418
7816,357
7817,433
7817,456
7813,319
7804,7
7804,158
7805,79
7819,24
7819,193
7818,288
7818,453
7803,183
7803,201
7820,244
7822,389
7822,287
7822,423
7825,158
7825,97
7825,319
7823,440
7802,378
7802,496
7802,490
7821,419
7824,69
7797,322
7797,52
7796,282
7827,335
7827,18
7827,34
7826,171
7826,93
7826,267
7828,260
7828,120
7798,468
7798,151
7798,46
7829,250
7829,26
7829,160
7830,157
7830,103
7830,283
7833,253
7833,490
7831,237
7831,179
7832,361
7832,495
7834,165
7834,151
7834,310
7835,365
7836,213
7839,178
7840,305
7842,420
7845,258
7845,342
7845,201
7846,493
7846,27
7846,37
7848,100
7848,273
7848,191
7847,467
7844,447
7849,291
7843,58
7843,301
7843,97
7838,248
7837,358
7837,104
7837,49
7850,124
7851,425
7851,478
7851,326
7852,40
7841,350
7841,275
7841,238
7858,230
7858,37
7858,12
7865,79
7853,85
7853,260
7853,11
7864,123
7866,115
7866,471
7866,300
7867,24
7867,308
7867,271
7868,385
7868,203
7869,330
7869,197
7869,32
7870,191
7872,281
7872,79
7871,159
7871,257
7871,11
7874,272
7861,152
7873,370
7875,33
7876,404
7876,469
7877,40
7859,119
7859,398
7863,273
7881,403
7881,163
7862,147
7880,186
7878,98
7856,93
7857,359
7857,53
7879,405
7879,417
7879,467
7860,401
7854,480
7854,448
7883,101
7882,133
7855,245
7855,98
7855,100
7884,343
7884,338
7886,222
7885,340
7885,263
7885,45
7887,128
7889,486
7889,160
7891,66
7888,419
7888,338
7888,12
7892,155
7890,415
7893,278
7894,419
7894,362
7894,408
7895,481
7895,459
7895,234
7898,371
7898,419
7898,402
7896,262
7896,280
7896,42
7897,304
7897,99
7897,166
7902,287
7902,254
7901,181
7901,288
7912,417
7899,25
7913,103
7913,448
7915,412
7915,461
7915,440
7914,497
7900,90
7900,230
7916,255
7917,13
7917,248
7917,37
7918,68
7919,376
7919,313
7919,164
7922,438
7920,381
7921,327
7921,346
7921,238
7923,66
7924,282
7924,135
7924,335
7926,160
7926,114
7925,495
7925,410
7925,373
7906,384
7928,440
7927,69
7903,160
7907,156
7908,31
7908,98
7908,293
7904,29
7904,429
7904,250
7909,491
7909,462
7929,31
7930,408
7910,274
7910,94
7910,489
7931,398
7931,226
7911,372
7911,378
7911,457
7933,133
7933,219
7933,8
7934,161
7934,192
7932,160
7932,149
7905,198
7905,72
7905,307
7935,349
7935,71
7935,468
7937,2
7937,125
7937,85
7936,73
7936,374
7940,244
7940,428
7938,262
7941,42
7939,45
7939,153
7939,37
7946,249
7946,60
7946,92
7949,498
7954,333
7943,455
7943,385
7943,453
7955,315
7950,310
7950,159
7958,87
7958,177
7958,141
7957,362
7956,28
7956,193
7956,288
7953,397
7961,202
7961,69
7952,473
7952,333
7952,224
7959,371
7965,150
7965,46
7965,81
7963,456
7963,426
7963,152
7964,274
7948,92
7960,18
7960,12
7960,334
7944,47
7951,233
7942,465
7942,411
7942,325
7947,376
7947,256
7968,425
7968,397
7966,242
7966,473
7967,393
7967,364
7969,419
7971,69
7971,163
7971,201
7945,379
7945,453
7970,151
7970,92
7974,112
7974,454
7973,276
7973,178
7975,68
7975,201
7975,419
7972,481
7972,191
7976,295
7977,100
7978,400
7980,260
7979,145
7979,320
7979,362
7982,83
7982,235
7982,197
7981,187
7983,130
7983,23
7985,152
7985,15
7985,169
7986,374
7986,412
7984,172
7984,342
7984,166
7988,267
7987,318
7989,317
7989,25
7990,435
7990,396
7992,42
7992,491
7992,198
7991,210
7991,70
7991,36
7998,31
7994,358
7995,114
7995,498
7995,209
7996,290
8000,413
8001,442
8001,428
8003,480
8003,440
8003,346
7999,20
7999,56
7999,298
7997,496
7997,413
7997,360
8005,63
8006,370
8006,303
8006,354
8008,429
8004,479
8004,464
8007,248
8009,68
8009,29
8009,407
8010,386
8010,201
8002,177
8011,188
8011,121
8011,204
8014,182
8014,197
8013,347
8013,259
8013,31
8015,285
8015,151
8012,145
8012,299
8012,39
8019,375
8019,362
8018,488
8018,438
8022,479
8016,227
8016,221
8020,123
8020,193
8020,419
8021,85
8021,81
8017,128
8017,267
8017,374
8024,25
8024,14
8023,112
8025,30
8027,278
8027,174
8027,225
8026,389
8026,465
7993,465
7993,171
7993,13
8028,259
8028,21
7962,67
7962,12
8029,202
8029,7
8033,486
8031,20
8031,115
8031,70
8032,321
8034,35
8034,72
8030,449
8030,430
8036,455
8036,268
8036,79
8035,71
8035,446
8039,211
8041,154
8040,217
8038,31
8038,443
8037,217
8037,339
8037,106
8043,117
8043,90
8043,79
8042,405
8042,409
8050,70
8046,51
8046,83
8046,339
8055,336
8055,258
8056,378
8056,490
8044,167
8044,37
8057,320
8057,406
8058,232
8058,369
8058,96
8059,149
8059,327
8063,312
8063,29
8063,354
8048,398
8048,481
8062,385
8052,437
8061,287
8061,238
8060,135
8060,202
8060,161
8064,470
8064,211
8064,335
8065,247
8065,288
8068,3
8068,186
8068,205
8070,273
8066,60
8066,192
8073,464
8069,396
8069,99
8072,381
8049,185
8049,89
8054,164
8054,172
8074,273
8074,46
8071,459
8071,366
8071,468
8067,266
8067,184
8067,28
8045,314
8045,266
8045,111
8047,404
8075,224
8075,336
8053,430
8053,15
8053,111
8076,125
8076,232
8076,350
8077,168
8077,197
8051,190
8078,318
8078,473
8079,430
8079,492
8079,75
8081,280
8081,9
8082,213
8082,32
8084,18
8084,198
8086,91
8086,178
8087,209
8087,115
8088,500
8088,405
8089,447
8090,462
8090,439
8090,79
8092,118
8092,29
8092,216
8093,301
8094,75
8096,112
8096,406
8097,105
8097,291
8098,59
8083,378
8085,184
8085,133
8099,329
8099,444
8099,324
8100,310
8101,442
8101,365
8104,344
8105,273
8091,98
8095,270
8095,320
8095,421
8106,24
8106,491
8106,63
8107,222
8107,194
8107,115
8103,407
8103,479
8102,53
8102,245
8108,309
8109,472
8109,489
8109,462
8110,71
8111,438
8111,114
8111,189
8113,93
8112,373
8112,448
8112,300
8114,351
8114,121
8115,254
8115,460
8116,386
8116,217
8118,335
8120,353
8120,424
8119,165
8119,34
8117,14
8117,367
8122,218
8121,196
8123,204
8123,24
8123,173
8126,287
8125,225
8124,115
8127,455
8128,424
8129,467
8129,220
8129,297
8130,323
8130,198
8130,36
8131,321
8131,79
8133,326
8132,315
8132,122
8144,18
8144,350
8138,480
8138,176
8138,164
8141,155
8141,292
8141,44
8143,73
8143,45
8146,251
8147,441
8145,42
8140,5
8149,394
8149,426
8149,429
8150,63
8150,205
8150,115
8148,258
8148,432
8148,331
8142,150
8142,96
8142,52
8151,10
8151,334
8154,394
8154,302
8154,23
8152,455
8152,47
8152,85
8155,338
8155,176
8155,214
8156,20
8157,498
8157,372
8153,20
8139,139
8139,240
8139,301
8135,265
8135,335
8135,147
8136,322
8136,152
8137,248
8137,172
8137,459
8134,327
8134,236
8159,92
8158,43
8158,364
8163,168
8166,393
8165,158
8165,108
8165,187
8164,25
8164,368
8172,93
8174,111
8173,210
8171,325
8171,128
8171,103
8161,11
8161,453
8161,70
8177,292
8175,118
8178,83
8178,296
8179,238
8170,177
8170,146
8181,117
8181,189
8181,10
8180,206
8180,438
8183,141
8184,83
8184,495
8184,6
8187,52
8187,344
8187,374
8185,359
8185,61
8185,390
8176,382
8176,495
8176,466
8167,440
8167,456
8167,351
8188,419
8189,310
8189,73
8189,131
8190,456
8160,471
8162,423
8162,143
8162,12
8186,455
8186,209
8168,423
8169,104
8169,200
8191,282
8191,13
8191,68
8192,20
8192,134
8193,283
8193,397
8203,358
8203,484
8203,433
8202,56
8204,305
8204,233
8204,129
8205,273
8205,257
8182,383
8206,240
8201,87
8201,315
8207,417
8207,442
8199,13
8197,184
8197,5
8197,180
8210,46
8210,286
8213,412
8213,395
8213,463
8212,313
8214,5
8214,315
8215,317
8215,401
8218,205
8218,190
8218,244
8217,82
8216,69
8200,208
8200,354
8200,273
8195,478
8195,355
8195,360
8222,107
8196,472
8196,346
8196,407
8198,443
8219,293
8219,249
8220,56
8220,89
8220,33
8223,150
8223,24
8224,145
8224,53
8224,37
8227,29
8227,72
8227,175
8226,71
8226,286
8226,361
8225,363
8225,214
8194,95
8194,316
8229,139
8228,231
8228,6
8221,414
8080,335
8080,259
8230,260
8230,229
8231,33
8231,321
8231,51
8209,169
8209,78
8211,194
8242,149
8234,247
8234,120
8244,63
8241,410
8208,226
8208,411
8246,432
8246,426
8246,479
8248,377
8247,482
8247,98
8247,123
8243,127
8251,337
8232,217
8232,348
8232,312
8252,199
8252,145
8252,121
8253,15
8254,434
8254,403
8245,119
8245,450
8245,220
8237,205
8255,196
8257,374
8258,334
8256,270
8256,227
8260,458
8260,493
8250,60
8233,469
8233,378
8233,436
8235,259
8235,50
8236,31
8265,476
8264,280
8264,99
8268,369
8268,163
8259,191
8259,124
8259,197
8262,92
8263,480
8263,367
8263,370
8249,351
8261,457
8270,103
8270,441
8270,320
8269,114
8269,124
8267,283
8238,477
8266,31
8272,99
8272,32
8272,45
8271,181
8271,297
8240,161
8240,448
8240,380
8239,41
8274,39
8275,309
8273,348
8273,463
8273,189
8277,419
8278,7
8278,434
8278,332
8280,276
8283,150
8283,228
8281,466
8281,90
8281,345
8279,281
8279,64
8279,255
8284,402
8294,51
8295,202
8295,319
8296,147
8296,53
8297,410
8297,406
8297,467
8282,485
8282,459
8293,497
8293,405
8293,490
8290,47
8299,167
8300,491
8300,255
8300,291
8302,406
8302,471
8302,432
8301,66
8301,355
8301,95
8289,293
8303,218
8303,27
8276,153
8276,186
8304,484
8304,365
8304,441
8306,500
8306,207
8305,377
8305,496
8291,230
8291,413
8291,108
8292,339
8292,218
8292,280
8285,446
8285,64
8287,370
8287,404
8287,261
8286,7
8286,301
8286,10
8309,194
8310,1
8310,146
8311,262
8311,95
8298,302
8298,288
8298,141
8307,156
8307,242
8307,184
8312,422
8312,213
8308,42
8288,324
8288,233
8314,226
8315,494
8315,262
8313,239
8313,215
8316,16
8316,226
8320,453
8320,80
8319,121
8322,388
8318,368
8318,436
8323,19
8324,473
8324,492
8324,387
8325,19
8325,147
8331,387
8332,243
8333,280
8333,112
8317,33
8317,58
8317,49
8334,94
8334,148
8335,451
8335,332
8336,450
8336,347
8336,250
8338,395
8338,457
8337,315
8337,358
8339,434
8340,243
8340,127
8341,205
8341,208
8341,334
8321,64
8321,389
8342,293
8342,270
8343,401
8343,497
8343,452
8344,340
8328,298
8328,448
8328,188
8352,285
8345,217
8345,290
8326,126
8326,25
8326,85
8327,470
8327,456
8327,148
8353,118
8355,209
8355,363
8354,131
8354,116
8358,474
8348,482
8357,248
8357,157
8361,298
8360,4
8360,36
8362,171
8362,261
8347,181
8347,116
8347,254
8346,55
8346,250
8346,255
8329,87
8329,120
8329,9
8365,344
8366,154
8366,239
8363,411
8363,43
8363,341
8330,375
8330,383
8370,389
8368,353
8368,257
8368,139
8371,68
8371,332
8371,22
8369,288
8369,75
8369,99
8367,277
8367,282
8359,79
8364,283
8364,187
8364,87
8377,198
8376,229
8375,21
8373,425
8373,344
8378,349
8378,66
8350,251
8350,143
8350,161
8379,456
8379,495
8372,403
8372,385
8372,357
8374,165
8374,133
8374,327
8381,419
8381,468
8380,185
8380,407
8351,142
8351,4
8351,336
8349,200
8383,55
8382,135
8382,457
8382,396
8384,113
8384,231
8384,4
8386,82
8385,476
8385,425
8387,160
8387,391
8387,219
8389,128
8388,391
8391,194
8390,306
8390,66
8392,186
8392,56
8356,386
8393,360
8393,255
8393,433
8395,123
8395,267
8395,67
8394,418
8394,470
8396,73
8396,66
8398,208
8398,338
8398,304
8401,230
8401,441
8400,351
8400,244
8400,218
8402,165
8402,222
8402,78
8399,90
8399,154
8399,167
8404,10
8404,308
8407,368
8407,419
8407,429
8405,426
8405,379
8408,191
8408,211
8408,412
8409,474
8409,74
8409,443
8406,395
8406,371
8403,326
8403,175
8403,236
8397,244
8412,299
8412,245
8412,27
8411,404
8411,494
8413,191
8410,55
8415,180
8415,390
8415,116
8417,295
8418,390
8418,493
8418,476
8419,431
8419,466
8419,373
8416,162
8423,253
8423,160
8424,394
8421,29
8421,325
8414,130
8414,151
8425,299
8425,161
8425,163
8427,496
8427,373
8427,366
8422,467
8422,359
8429,451
8429,498
8420,191
8420,68
8420,258
8426,239
8426,298
8433,289
8433,99
8433,200
8430,494
8430,487
8430,440
8428,12
8428,181
8428,299
8434,365
8431,342
8431,451
8432,103
8432,440
8432,305
8435,204
8435,88
8438,335
8441,406
8441,425
8441,372
8437,431
8436,486
8439,192
8439,320
8443,500
8442,382
8442,110
8446,10
8446,134
8447,379
8444,427
8444,366
8444,237
8448,205
8449,238
8449,379
8453,414
8440,349
8440,181
8440,49
8454,22
8454,176
8452,334
8455,445
8455,61
8455,493
8457,430
8457,152
8450,220
8450,395
8450,477
8458,54
8458,478
8458,369
8451,195
8451,315
8451,459
8456,452
8456,377
8459,437
8459,440
8459,368
8460,374
8460,412
8463,1
8463,58
8464,371
8461,412
8461,435
8461,267
8466,400
8466,447
8466,389
8470,32
8470,288
8469,454
8462,195
8462,133
8462,313
8472,149
8472,64
8471,203
8471,498
8471,179
8468,482
8467,33
8467,278
8467,169
8473,451
8474,372
8474,479
8475,426
8475,418
8475,433
8479,490
8479,387
8479,416
8481,53
8481,269
8484,383
8477,497
8477,249
8477,71
8487,180
8490,342
8490,8
8485,490
8485,391
8485,209
8476,88
8476,254
8488,335
8486,313
8486,339
8489,43
8489,333
8489,121
8478,423
8478,94
8478,431
8496,47
8496,238
8482,284
8482,305
8480,266
8480,45
8480,96
8494,291
8494,267
8494,38
8497,187
8497,152
8499,381
8498,497
8498,450
8498,488
8501,98
8501,449
8504,206
8493,82
8493,83
8483,283
8483,284
8505,236
8503,144
8508,392
8508,470
8507,235
8507,65
8509,394
8502,474
8502,459
8510,307
8510,145
8512,95
8512,74
8506,23
8506,216
8506,22
8511,256
8513,405
8513,398
8492,420
8445,431
8491,279
8491,277
8491,156
8500,44
8465,471
8465,413
8465,371
8495,11
8495,146
8495,240
8514,248
8514,288
8515,490
8515,351
8515,442
8516,319
8516,336
8519,16
8519,282
8519,18
8517,281
8518,12
8518,265
8520,490
8520,52
8520,437
8521,310
8522,271
8522,235
8522,142
8523,319
8524,182
8524,123
8524,194
8526,476
8526,356
8525,12
8525,165
8525,197
8527,256
8527,109
8527,211
8528,9
8528,86
8528,67
8529,361
8529,364
8529,438
8530,357
8530,361
8531,53
8531,314
8531,274
8532,101
8532,354
8533,233
8533,406
8533,223
8534,315
8534,200
8535,194
8536,422
8536,114
8537,177
8537,207
8538,339
8538,199
8538,220
8539,289
8540,199
8541,237
8541,245
8541,1
8542,377
8542,362
8543,16
8543,461
8543,405
8544,271
8544,379
8545,105
8545,115
8547,234
8547,374
8546,377
8548,345
8548,109
8548,233
8549,433
8549,247
8550,275
8550,123
8550,130
8551,395
8552,98
8552,89
8552,164
8554,448
8554,479
8554,363
8553,395
8553,486
8555,352
8555,314
8555,122
8557,165
8557,417
8557,335
8558,137
8559,497
8561,424
8561,187
8561,265
8560,181
8562,234
8562,350
8562,54
8563,355
8568,387
8569,65
8570,478
8570,403
8571,383
8571,377
8573,114
8573,108
8567,298
8567,141
8567,337
8556,272
8556,251
8574,254
8574,190
8572,80
8572,232
8572,153
8575,271
8575,125
8575,185
8576,324
8576,309
8577,441
8579,477
8579,122
8580,381
8580,461
8582,56
8584,282
8584,20
8581,498
8581,277
8578,306
8583,153
8583,343
8583,372
8565,134
8565,190
8565,184
8564,424
8564,468
8564,283
8585,374
8566,157
8566,26
8587,437
8586,312
8586,189
8588,327
8590,384
8590,226
8595,131
8595,272
8596,341
8602,365
8602,360
8603,172
8601,33
8604,418
8604,439
8605,58
8605,320
8607,11
8607,92
8593,309
8593,49
8593,101
8606,461
8606,434
8606,409
8608,180
8608,42
8610,348
8589,91
8589,397
8589,301
8609,180
8609,181
8609,146
8611,497
8613,61
8613,220
8616,460
8616,94
8616,394
8617,438
8617,227
8618,285
8618,156
8618,85
8612,109
8612,22
8612,15
8591,416
8591,2
8615,218
8599,319
8599,79
8599,125
8594,346
8594,13
8592,425
8597,197
8597,438
8600,391
8600,445
8620,427
8622,77
8622,103
8614,96
8621,170
8621,319
8621,330
8625,217
8626,314
8628,271
8628,183
8629,125
8629,257
8598,314
8598,33
8598,262
8623,87
8623,272
8631,491
8624,155
8624,227
8619,383
8619,495
8619,212
8630,339
8630,341
8630,166
8627,448
8627,417
8643,380
8643,449
8643,74
8637,218
8637,302
8639,476
8640,219
8640,69
8634,101
8634,359
8634,79
8633,151
8638,495
8638,108
8638,249
8635,21
8635,58
8635,305
8632,466
8636,463
8641,26
8641,216
8642,41
8642,119
8642,301
8644,90
8644,306
8645,335
8647,171
8648,240
8646,61
8646,197
8649,279
8649,403
8649,140
8650,469
8650,328
8650,414
8653,53
8653,145
8651,366
8651,393
8651,358
8656,459
8654,396
8654,271
8654,404
8663,381
8663,412
8665,296
8665,345
8665,224
8666,387
8664,16
8664,354
8667,343
8667,456
8669,119
8669,60
8662,416
8662,390
8662,421
8670,457
8670,415
8670,80
8668,324
8668,123
8668,145
8671,54
8671,146
8672,373
8672,383
8672,437
8676,139
8673,275
8674,43
8675,339
8675,243
8675,259
8677,159
8677,19
8677,238
8679,4
8679,133
8678,66
8678,216
8652,492
8652,360
8655,496
8655,499
8660,421
8660,451
8660,463
8680,411
8657,191
8659,47
8659,170
8658,404
8658,485
8681,91
8681,113
8681,98
8682,374
8682,305
8683,162
8683,158
8683,128
8661,92
8661,14
8661,24
8684,334
8689,412
8688,201
8688,233
8688,178
8686,197
8686,239
8686,392
8685,76
8685,95
8685,143
8687,217
8691,384
8690,289
8690,132
8690,154
8692,281
8695,71
8695,44
8693,232
8693,9
8693,28
8696,351
8696,21
8694,308
8694,362
8694,328
8697,36
8697,348
8697,121
8701,151
8700,11
8700,99
8699,152
8699,250
8699,313
8698,488
8698,446
8702,57
8702,309
8702,489
8706,293
8706,237
8706,72
8705,342
8705,240
8705,217
8704,458
8704,2
8704,340
8703,27
8711,241
8711,178
8714,441
8720,227
8719,235
8719,308
8719,490
8718,292
8718,271
8716,85
8721,70
8721,320
8723,225
8725,109
8725,168
8724,127
8727,132
8727,415
8727,137
8728,149
8728,304
8730,81
8729,254
8729,220
8708,67
8708,237
8708,144
8731,326
8731,34
8731,18
8733,465
8733,419
8733,481
8726,375
8717,454
8717,103
8710,413
8710,492
8710,355
8713,449
8707,151
8715,159
8712,465
8734,339
8742,497
8737,461
8739,312
8709,211
8709,15
8709,309
8732,180
8722,119
8722,318
8722,398
8747,418
8747,425
8747,396
8749,343
8745,345
8745,337
8745,17
8750,116
8748,329
8748,39
8751,182
8752,219
8752,213
8752,29
8736,379
8753,398
8753,204
8753,412
8755,42
8755,258
8755,421
8754,151
8754,250
8754,335
8757,210
8757,309
8757,320
8756,174
8758,207
8758,177
8758,166
8759,219
8760,78
8760,108
8760,275
8738,340
8738,214
8761,409
8741,403
8741,414
8746,135
8762,474
8762,62
8764,317
8764,427
8765,85
8765,195
8766,158
8768,174
8768,33
8768,473
8770,43
8770,97
8770,65
8767,186
8767,120
8771,61
8771,171
8771,228
8769,428
8769,374
8769,357
8763,81
8763,465
8774,364
8773,478
8772,466
8772,135
8775,244
8775,168
8775,30
8743,244
8743,316
8777,119
8777,193
8777,279
8776,232
8776,137
8785,64
8785,277
8785,109
8780,472
8780,51
8780,280
8782,252
8781,132
8783,4
8783,306
8783,286
8778,271
8778,141
8778,275
8744,306
8744,354
8787,192
8784,430
8784,396
8784,106
8786,434
8790,53
8797,57
8797,281
8798,18
8735,359
8794,341
8794,28
8789,392
8740,349
8740,350
8799,338
8801,338
8791,197
8791,68
8791,326
8804,335
8803,113
8803,323
8803,378
8800,186
8800,235
8802,43
8802,248
8805,344
8805,176
8805,226
8795,175
8795,491
8795,125
8807,14
8807,357
8788,89
8788,341
8788,248
8808,397
8808,454
8806,95
8796,171
8792,282
8809,469
8809,22
8793,224
8793,288
8793,261
8811,482
8811,440
8811,402
8779,237
8810,196
8810,487
8815,11
8815,125
8813,85
8814,445
8814,438
8814,23
8817,378
8817,470
8819,245
8819,190
8816,421
8816,490
8820,129
8812,62
8812,199
8812,202
8821,29
8821,179
8821,164
8823,251
8823,414
8823,407
8822,263
8822,18
8825,79
8826,249
8827,401
8818,320
8818,99
8818,112
8828,395
8828,371
8828,476
8831,454
8834,267
8833,66
8833,386
8836,311
8835,483
8839,114
8838,413
8838,61
8837,429
8837,500
8837,486
8841,414
8841,416
8843,436
8846,42
8844,104
8842,184
8840,413
8840,398
8840,420
8830,154
8830,320
8830,173
8847,212
8824,284
8824,226
8824,184
8845,39
8845,262
8849,227
8850,92
8850,105
8850,302
8848,128
8851,153
8851,39
8829,24
8829,222
8832,120
8832,283
8854,396
8854,490
8860,439
8860,460
8860,442
8859,229
8861,194
8861,164
8861,482
8863,138
8863,73
8866,369
8866,400
8867,357
8867,360
8865,57
8865,187
8865,85
8862,132
8862,69
8862,341
8864,67
8864,329
8869,285
8869,187
8872,40
8870,489
8871,47
8871,208
8873,380
8873,361
8874,490
8874,163
8876,33
8875,142
8852,170
8852,150
8852,85
8855,459
8877,23
8853,246
8853,373
8856,219
8868,394
8868,365
8857,385
8857,484
8857,417
8879,270
8879,316
8858,332
8881,191
8881,305
8881,188
8878,47
8878,449
8878,438
8880,338
8882,259
8882,353
8883,413
8883,186
8884,378
8886,104
8887,162
8887,360
8889,333
8885,298
8885,308
8885,260
8891,133
8891,108
8893,276
8893,287
8892,422
8888,387
8888,261
8888,100
8890,161
8894,113
8894,273
8894,8
8895,287
8896,218
8898,401
8900,132
8899,266
8899,102
8902,353
8909,304
8909,46
8909,132
8897,494
8897,356
8897,369
8904,376
8910,332
8910,12
8911,6
8911,42
8911,21
8913,210
8913,229
8914,222
8914,122
8915,9
8908,167
8908,293
8908,44
8912,121
8916,415
8916,470
8916,458
8906,311
8906,81
8901,345
8901,73
8907,489
8917,431
8917,385
8920,407
8920,414
8920,486
8926,1
8926,336
8919,459
8919,183
8919,433
8903,302
8905,212
8905,293
8905,72
8923,154
8923,15
8923,91
8924,142
8927,307
8927,99
8918,137
8918,127
8918,118
8922,86
8921,101
8921,482
8921,121
8928,295
8932,96
8933,494
8931,183
8934,186
8929,315
8929,112
8935,111
8935,308
8943,473
8944,139
8942,18
8938,306
8930,303
8930,8
8945,374
8945,447
8925,204
8925,201
8948,430
8948,381
8948,474
8946,373
8950,372
8951,345
8951,62
8949,401
8949,351
8957,181
8957,295
8957,89
8958,107
8958,41
8952,162
8936,466
8936,430
8953,60
8953,62
8939,293
8939,69
8947,50
8947,277
8947,340
8941,170
8941,151
8941,116
8955,36
8955,275
8937,195
8937,78
8937,269
8956,438
8961,456
8960,485
8960,387
8959,202
8959,339
8959,82
8962,391
8962,447
8965,255
8965,221
8964,359
8964,428
8964,445
8966,280
8966,273
8967,296
8967,180
8967,163
8969,304
8969,278
8968,418
8970,136
8971,267
8971,106
8971,142
8963,283
8963,65
8972,253
8940,466
8940,407
8940,461
8954,11
8954,146
8973,26
8974,241
8974,284
8977,303
8977,245
8975,413
8975,496
8986,328
8986,33
8986,81
8980,174
8980,294
8980,237
8987,116
8987,268
8978,24
8988,77
8989,166
8991,112
8990,66
8990,341
8994,204
8994,396
8994,462
8992,281
8992,284
8995,455
8993,103
8993,199
8997,94
8998,418
8996,151
8996,50
8996,41
8999,443
8999,449
9001,392
8976,404
8976,474
9002,425
9002,274
8981,133
8983,489
8982,21
8982,180
8982,214
8979,135
8979,112
8979,313
8985,226
8984,377
8984,236
8984,328
9003,283
9003,470
9005,432
9008,322
9008,406
9008,297
9011,497
9009,432
9009,319
9009,125
9000,464
9000,88
9012,115
9010,189
9010,241
9006,119
9014,485
9014,327
9014,91
9023,157
9024,151
9024,86
9025,159
9025,281
9007,95
9026,470
9028,289
9028,83
9027,402
9027,477
9013,365
9013,43
9013,132
9016,404
9016,477
9016,426
9015,267
9015,475
9015,250
9004,80
9004,262
9017,6
9018,440
9018,312
9018,60
9020,485
9020,299
9020,136
9019,494
9019,456
9022,117
9022,1
9022,174
9021,133
9021,63
9029,494
9029,461
9031,56
9030,157
9032,455
9034,287
9034,24
9034,46
9033,406
9033,393
9033,170
9035,333
9038,100
9038,299
9038,51
9036,198
9036,72
9039,267
9041,342
9041,204
9041,198
9040,369
9040,380
9040,381
9037,58
9042,439
9042,496
9042,397
9048,187
9048,472
9055,312
9054,142
9054,42
9056,70
9056,65
9057,466
9057,403
9059,214
9060,283
9046,480
9061,399
9061,441
9062,247
9063,421
9063,365
9065,355
9058,442
9058,308
9064,109
9064,203
9045,211
9066,357
9070,260
9068,396
9071,294
9067,104
9067,403
9067,190
9069,109
9069,203
9069,437
9073,444
9072,481
9072,430
9072,485
9074,356
9074,160
9047,94
9047,28
9052,452
9052,269
9043,20
9043,472
9053,496
9044,180
9044,87
9050,443
9050,197
9050,258
9075,290
9077,457
9077,128
9077,295
9076,425
9076,355
9051,476
9049,66
9049,497
9049,458
9079,281
9079,226
9078,493
9078,488
9081,495
9081,447
9081,194
9082,282
9084,132
9083,36
9085,52
9085,463
9088,372
9089,427
9087,371
9087,368
9087,493
9086,371
9090,53
9090,435
9094,92
9080,242
9080,103
9080,297
9095,350
9097,372
9097,368
9092,245
9092,76
9096,1
9096,76
9096,217
9099,407
9099,71
9101,403
9101,44
9103,103
9102,278
9102,230
9100,243
9100,208
9100,296
9091,363
9098,96
9098,105
9098,424
9093,317
9093,232
9093,226
9104,284
9104,224
9105,128
9107,291
9107,127
9106,1
9106,211
9108,498
9109,330
9115,410
9115,456
9115,460
9121,266
9121,476
9122,33
9122,10
9122,384
9123,343
9124,403
9124,384
9124,493
9112,122
9125,354
9125,439
9125,453
9126,324
9126,350
9127,424
9127,456
9128,234
9130,315
9130,5
9130,61
9129,144
9129,49
9129,499
9131,471
9131,469
9131,467
9132,241
9133,387
9133,42
9110,25
9134,216
9134,121
9111,403
9111,484
9111,390
9116,400
9116,473
9118,486
9119,321
9119,90
9117,366
9117,65
9117,272
9120,112
9120,126
9120,192
9138,289
9138,188
9139,34
9140,64
9141,387
9142,377
9142,369
9143,380
9143,471
9143,496
9144,46
9144,249
9144,173
9147,120
9145,177
9145,106
9145,62
9149,260
9146,458
9146,476
9146,352
9148,387
9148,461
9148,206
9150,382
9151,266
9114,72
9135,183
9135,302
9135,150
9159,153
9161,224
9160,234
9160,107
9158,99
9158,49
9158,219
9163,66
9162,500
9162,475
9165,108
9166,180
9164,133
9164,318
9164,10
9168,332
9168,228
9169,67
9169,341
9169,150
9167,127
9167,87
9167,101
9170,439
9172,106
9172,212
9172,335
9171,469
9173,493
9173,458
9174,81
9174,14
9152,117
9152,222
9156,442
9156,289
9177,416
9176,339
9176,98
9176,475
9178,137
9179,329
9179,474
9179,487
9155,406
9155,309
9155,137
9180,89
9180,217
9137,209
9137,164
9181,174
9181,246
9181,177
9184,150
9184,435
9183,189
9182,4
9186,66
9186,52
9186,82
9187,150
9187,242
9185,466
9185,340
9185,199
9189,243
9188,456
9190,312
9136,99
9136,136
9136,218
9113,27
9175,107
9154,199
9154,151
9154,63
9195,219
9196,139
9197,142
9197,104
9199,249
9199,169
9198,412
9201,276
9200,129
9200,172
9203,107
9202,478
9202,471
9202,411
9204,173
9204,4
9204,404
9153,229
9153,222
9192,274
9192,110
9193,245
9157,76
9157,79
9157,164
9206,196
9206,241
9208,377
9208,441
9207,189
9207,85
9207,247
9205,341
9205,296
9205,417
9212,355
9212,381
9211,329
9191,25
9191,189
9191,185
9214,352
9214,412
9215,83
9217,14
9213,174
9213,340
9210,468
9210,284
9210,280
9220,6
9221,382
9221,117
9223,82
9222,470
9222,53
9216,267
9216,78
9216,27
9194,446
9225,362
9225,449
9225,351
9209,500
9209,478
9227,239
9228,159
9228,371
9228,41
9218,189
9218,274
9224,315
9224,435
9226,36
9226,360
9226,11
9229,483
9231,4
9234,123
9233,300
9232,116
9232,277
9232,126
9230,201
9230,61
9230,246
9235,403
9236,2
9236,339
9236,477
9242,274
9242,145
9242,311
9238,393
9238,473
9238,90
9237,311
9237,78
9243,280
9243,357
9240,373
9240,4
9240,84
9239,102
9239,194
9241,117
9219,35
9219,408
9219,320
9248,435
9250,73
9250,379
9245,342
9245,432
9245,192
9247,101
9247,382
9252,133
9246,77
9246,4
9246,189
9244,294
9244,33
9244,103
9249,174
9249,481
9249,104
9251,161
9251,241
9251,213
9258,81
9253,471
9260,5
9260,363
9254,30
9257,285
9257,260
9257,419
9255,312
9255,378
9255,386
9259,17
9259,223
9259,28
9261,178
9261,113
9261,445
9256,93
9262,326
9262,63
9263,254
9263,481
9263,252
9266,250
9266,60
9264,206
9268,83
9269,173
9269,277
9265,443
9265,495
9271,392
9272,3
9272,356
9274,332
9274,283
9274,271
9267,9
9275,73
9270,193
9276,188
9276,251
9281,120
9281,241
9281,161
9282,344
9282,204
9282,59
9280,87
9280,16
9280,256
9273,461
9273,1
9277,191
9277,359
9284,108
9283,484
9283,440
9283,455
9289,54
9289,50
9289,42
9294,328
9291,267
9291,224
9291,282
9296,127
9287,440
9287,438
9287,383
9292,383
9286,404
9286,68
9288,274
9288,319
9288,343
9285,109
9285,41
9285,10
9293,418
9293,291
9293,298
9297,215
9297,330
9297,28
9301,17
9301,34
9295,2
9295,385
9300,435
9299,42
9299,143
9304,188
9302,334
9302,165
9302,223
9303,117
9303,96
9303,405
9298,443
9298,453
9306,489
9306,239
9306,205
9309,75
9311,423
9310,381
9310,55
9310,32
9308,362
9308,417
9307,490
9307,404
9307,180
9290,54
9314,333
9313,427
9313,477
9313,390
9278,109
9315,301
9315,56
9315,345
9316,63
9318,315
9318,284
9318,148
9319,99
9317,154
9317,41
9317,322
9321,79
9320,69
9320,311
9324,148
9326,287
9326,431
9322,358
9322,488
9323,219
9323,119
9323,160
9327,54
9327,395
9325,141
9325,80
9325,107
9279,384
9279,405
9305,305
9305,195
9305,238
9329,436
9329,265
9329,250
9331,442
9331,473
9334,143
9334,35
9338,295
9336,410
9336,28
9336,132
9330,327
9330,31
9341,284
9341,263
9341,41
9328,456
9343,76
9343,36
9343,246
9342,302
9342,248
9342,419
9345,161
9345,72
9345,384
9344,108
9344,314
9347,74
9347,115
9347,37
9349,9
9349,116
9349,59
9350,429
9312,169
9312,221
9312,58
9348,365
9348,328
9351,286
9351,243
9351,244
9352,163
9355,226
9353,287
9356,58
9354,370
9354,369
9346,145
9346,51
9346,118
9337,103
9357,447
9357,172
9357,141
9339,468
9335,190
9335,303
9332,424
9333,176
9358,285
9340,224
9340,195
9340,17
9359,181
9359,125
9359,284
9360,496
9361,307
9362,289
9363,81
9363,415
9363,472
9364,214
9365,137
9366,2
9366,75
9368,19
9369,309
9369,70
9369,107
9367,375
9367,396
9370,470
9370,365
9370,171
9372,312
9373,51
9373,32
9373,416
9371,470
9376,10
9376,333
9376,231
9374,289
9374,320
9375,1
9375,128
9375,161
9378,333
9377,294
9377,136
9380,232
9379,197
9382,319
9382,280
9382,204
9381,394
9385,249
9385,135
9385,346
9388,100
9391,1
9395,314
9395,412
9395,270
9392,25
9392,269
9394,71
9394,426
9396,445
9396,425
9397,324
9399,41
9398,277
9400,149
9400,60
9402,281
9402,434
9402,26
9401,71
9401,411
9393,138
9393,123
9393,338
9403,246
9403,258
9403,69
9386,276
9386,232
9386,77
9407,366
9407,474
9405,308
9405,244
9390,391
9404,108
9404,240
9383,169
9383,255
9383,394
9384,54
9384,156
9384,44
9406,49
9406,282
9406,51
9387,100
9389,334
9413,222
9413,65
9410,222
9415,112
9415,179
9415,356
9408,251
9408,57
9414,114
9412,411
9412,434
9411,485
9411,292
9409,201
9409,13
9417,401
9417,429
9417,206
9416,238
9416,159
9421,349
9421,294
9418,129
9418,427
9430,142
9419,94
9419,112
9429,483
9429,417
9429,457
9425,370
9425,377
9425,364
9432,117
9433,83
9433,489
9434,69
9434,111
9431,241
9431,385
9431,113
9423,487
9426,451
9439,164
9439,108
9440,311
9440,178
9440,124
9441,483
9441,435
9441,418
9442,333
9436,147
9437,94
9422,411
9424,390
9424,449
9427,7
9428,135
9438,100
9438,479
9438,403
9435,172
9435,45
9449,201
9444,454
9444,4
9444,262
9420,52
9420,480
9420,263
9454,252
9451,231
9451,298
9451,199
9447,145
9443,211
9455,314
9455,81
9458,102
9460,40
9460,149
9457,195
9457,313
9448,151
9448,378
9459,153
9459,443
9459,381
9464,106
9464,240
9462,310
9461,208
9456,327
9456,181
9463,329
9467,284
9445,322
9445,205
9445,35
9450,93
9450,100
9450,111
9466,140
9446,261
9446,300
9465,203
9465,150
9465,242
9453,290
9453,343
9453,229
9452,213
9452,48
9452,260
9468,233
9468,339
9468,333
9471,421
9471,146
9472,396
9472,475
9472,17
9470,226
9470,253
9470,55
9475,133
9476,40
9479,99
9479,338
9479,209
9480,100
9487,350
9488,197
9486,233
9486,113
9489,479
9469,188
9469,73
9491,274
9490,496
9490,385
9492,35
9492,243
9492,39
9493,83
9493,496
9493,454
9477,46
9473,38
9483,149
9483,322
9483,303
9485,148
9481,173
9481,73
9481,278
9482,405
9484,399
9484,472
9478,209
9474,71
9494,141
9495,45
9496,128
9496,24
9496,237
9501,83
9501,46
9508,229
9508,215
9508,153
9509,456
9509,323
9509,57
9497,14
9497,301
9497,323
9499,246
9500,57
9500,10
9498,92
9504,36
9502,441
9502,211
9502,207
9503,248
9503,357
9511,396
9518,499
9519,80
9519,482
9514,110
9520,62
9520,76
9520,212
9517,313
9517,403
9517,443
9521,113
9521,337
9522,313
9522,482
9523,457
9524,368
9524,402
9525,408
9525,426
9528,316
9527,206
9527,265
9527,32
9526,414
9526,449
9530,36
9530,63
9529,177
9533,185
9533,383
9533,141
9532,165
9532,23
9515,209
9515,137
9515,144
9512,45
9512,43
9531,61
9531,254
9531,316
9534,58
9534,107
9516,103
9516,19
9513,35
9506,424
9506,64
9507,191
9507,107
9507,491
9510,316
9510,422
9505,299
9505,331
9535,12
9536,138
9536,42
9538,98
9538,153
9538,281
9537,153
9537,117
9537,189
9539,293
9539,127
9540,488
9542,345
9542,71
9542,142
9543,66
9543,2
9541,462
9541,231
9541,298
9545,42
9544,120
9544,134
9546,381
9546,438
9546,367
9549,42
9549,27
9550,374
9547,370
9547,397
9547,210
9548,361
9548,496
9552,488
9552,393
9552,223
9551,349
9553,490
9553,102
9553,178
9557,227
9557,16
9557,73
9556,223
9555,27
9558,204
9558,206
9558,160
9554,306
9559,460
9559,455
9559,238
9560,269
9561,33
9562,302
9564,114
9564,170
9565,97
9565,237
9565,319
9567,219
9563,294
9563,14
9569,431
9566,261
9566,12
9566,33
9568,122
9568,132
9568,247
9571,383
9574,405
9570,266
9570,4
9573,83
9573,332
9573,155
9572,493
9572,236
9575,436
9577,216
9577,117
9577,80
9579,247
9578,203
9578,57
9576,152
9576,176
9581,99
9581,265
9581,289
9584,432
9583,367
9583,498
9583,377
9586,347
9586,477
9586,3
9585,293
9585,158
9585,144
9587,136
9588,115
9590,31
9590,212
9590,167
9589,369
9589,315
9593,321
9593,500
9592,54
9591,421
9591,458
9591,407
9594,329
9580,405
9595,117
9595,400
9596,424
9597,5
9600,328
9600,70
9599,319
9601,167
9601,48
9601,302
9602,440
9602,471
9603,134
9603,195
9598,82
9598,105
9598,106
9604,392
9607,272
9606,264
9608,60
9608,409
9608,102
9605,469
9605,488
9605,399
9610,379
9612,196
9612,49
9609,365
9609,22
9611,197
9611,345
9611,102
9613,401
9613,410
9613,436
9615,350
9615,358
9614,477
9624,173
9618,127
9618,282
9618,163
9616,447
9616,427
9616,31
9621,457
9621,436
9623,462
9619,471
9619,58
9620,134
9625,75
9633,405
9633,244
9633,203
9634,65
9634,35
9626,473
9626,258
9636,223
9635,205
9635,391
9627,394
9627,482
9627,376
9638,273
9637,340
9637,422
9637,43
9639,221
9639,133
9639,167
9641,438
9641,183
9642,150
9642,438
9640,229
9640,329
9631,8
9643,202
9644,153
9644,58
9645,475
9645,473
9646,445
9646,134
9646,62
9647,35
9648,31
9648,312
9629,345
9649,347
9649,257
9649,47
9650,461
9650,490
9650,9
9651,272
9653,496
9653,472
9630,449
9654,246
9654,484
9654,51
9652,435
9655,449
9655,65
9655,97
9657,15
9657,51
9656,243
9656,298
9656,426
9659,53
9659,418
9659,139
9658,366
9658,329
9660,102
9660,164
9661,428
9661,357
9661,489
9662,203
9662,329
9662,243
9663,49
9663,89
9663,167
9665,493
9665,398
9666,231
9666,331
9667,229
9667,266
9669,396
9668,332
9668,142
9668,200
9671,47
9670,178
9673,380
9674,143
9674,198
9675,125
9675,497
9675,98
9676,151
9676,160
9679,448
9679,365
9679,76
9680,355
9680,475
9678,145
9678,245
9678,164
9683,49
9683,43
9683,260
9677,324
9677,360
9677,161
9681,295
9681,3
9681,413
9684,114
9684,148
9687,314
9686,206
9686,73
9686,83
9688,365
9685,278
9691,458
9691,471
9690,167
9690,391
9692,173
9682,452
9682,295
9693,381
9693,122
9695,402
9695,264
9695,396
9694,406
9696,293
9696,67
9696,235
9697,156
9699,443
9699,381
9698,457
9698,429
9698,495
9701,281
9700,39
9700,327
9704,121
9704,182
9704,348
9703,262
9703,355
9703,72
9706,459
9706,382
9705,388
9705,449
9705,447
9707,304
9709,57
9709,394
9709,437
9711,285
9711,464
9711,149
9708,147
9713,465
9713,477
9713,429
9714,175
9714,225
9714,145
9715,465
9715,62
9715,412
9582,245
9717,269
9718,491
9716,331
9716,400
9716,311
9719,73
9719,124
9719,107
9720,50
9720,221
9721,179
9721,274
9722,128
9722,473
9722,90
9724,8
9724,244
9724,301
9723,456
9723,248
9726,259
9725,454
9725,376
9725,373
9622,345
9622,76
9617,489
9617,441
9664,398
9664,380
9664,461
9632,17
9632,58
9628,395
9672,112
9689,214
9702,54
9702,157
9712,208
9712,417
9710,228
9710,290
9710,181
9727,399
9727,116
9727,431
9728,247
9728,123
9728,313
9729,298
9729,233
9729,185
9731,81
9731,500
9730,39
9730,32
9730,213
9732,484
9732,413
9732,447
9733,183
9733,204
9733,329
9734,476
9734,355
9734,352
9736,207
9735,237
9735,402
9735,150
9737,46
9737,385
9738,257
9739,453
9739,452
9745,88
9752,486
9752,449
9752,443
9753,314
9751,483
9751,111
9751,106
9754,214
9754,461
9755,240
9755,382
9756,285
9756,225
9756,297
9757,187
9757,393
9758,402
9760,428
9760,442
9760,365
9759,372
9761,65
9761,488
9761,56
9763,75
9762,494
9762,407
9762,401
9764,125
9764,223
9764,91
9765,214
9765,384
9766,115
9766,332
9746,257
9747,279
9747,192
9748,196
9748,171
9748,155
9749,478
9750,6
9750,339
9768,361
9768,205
9768,36
9743,106
9744,422
9740,289
9740,92
9740,78
9741,497
9742,351
9742,387
9769,136
9770,195
9770,47
9772,60
9773,279
9773,326
9773,134
9771,121
9776,343
9776,396
9775,71
9775,269
9775,254
9774,84
9779,194
9779,283
9779,63
9778,13
9778,260
9778,303
9780,31
9780,266
9781,170
9781,127
9781,302
9783,4
9783,183
9782,242
9782,78
9782,36
9785,153
9785,14
9785,12
9777,54
9777,49
9787,173
9787,75
9784,169
9788,243
9788,233
9786,234
9767,187
9767,245
9792,365
9789,471
9789,123
9791,119
9791,191
9790,111
9790,123
9790,27
9793,26
9793,65
9793,178
9794,485
9794,416
9794,439
9795,177
9797,275
9797,384
9799,164
9796,402
9796,192
9796,396
9800,451
9800,373
9802,495
9798,393
9798,379
9798,467
9801,359
9801,373
9804,44
9806,409
9807,81
9807,206
9807,88
9805,344
9805,68
9803,176
9803,210
9803,287
9808,50
9808,198
9808,97
9812,175
9812,436
9821,473
9814,323
9814,227
9814,187
9813,443
9813,373
9813,400
9810,482
9818,291
9826,62
9826,58
9825,271
9825,423
9811,58
9811,28
9811,287
9827,296
9827,328
9827,219
9828,441
9828,386
9828,484
9809,144
9809,275
9809,103
9829,370
9829,421
9830,488
9830,196
9830,70
9832,416
9832,351
9832,151
9831,259
9816,90
9817,349
9815,230
9815,71
9815,272
9822,370
9824,47
9823,217
9820,453
9820,455
9820,408
9833,81
9834,481
9834,474
9840,151
9842,388
9842,352
9839,488
9846,241
9846,257
9846,333
9837,494
9837,449
9838,309
9838,113
9819,354
9847,323
9847,257
9847,394
9849,309
9849,283
9848,349
9848,170
9851,118
9851,141
9850,334
9850,312
9852,8
9852,302
9852,75
9854,125
9855,338
9855,204
9853,455
9856,196
9856,19
9856,484
9857,65
9857,93
9858,469
9859,61
9860,457
9861,289
9861,311
9861,398
9862,22
9862,276
9843,408
9844,68
9845,353
9863,24
9863,3
9864,137
9836,198
9841,103
9841,234
9866,141
9866,221
9835,73
9835,448
9835,104
9867,253
9865,402
9865,101
9870,214
9869,169
9869,150
9869,278
9868,392
9871,13
9872,407
9872,86
9875,259
9875,318
9875,471
9873,451
9873,443
9873,84
9876,229
9876,307
9876,176
9874,257
9877,454
9877,494
9877,294
9880,53
9880,213
9879,83
9878,132
9878,330
9878,73
9881,323
9882,263
9882,129
9893,271
9894,268
9894,87
9894,263
9895,425
9895,193
9887,436
9887,248
9887,42
9897,270
9897,40
9896,230
9896,20
9898,183
9899,410
9899,43
9884,48
9883,500
9900,177
9900,166
9885,252
9885,214
9889,360
9889,240
9888,427
9888,274
9886,192
9886,321
9892,480
9904,250
9904,88
9904,340
9907,487
9907,256
9902,381
9902,478
9902,455
9901,223
9901,127
9905,192
9903,19
9910,58
9908,202
9908,83
9906,111
9906,392
9906,296
9890,252
9909,465
9909,401
9911,381
9911,360
9911,432
9891,45
9891,128
9913,4
9923,109
9923,97
9923,178
9924,405
9924,370
9924,423
9925,442
9925,453
9925,396
9926,368
9926,356
9926,427
9927,230
9927,302
9927,142
9928,324
9929,341
9915,379
9930,357
9930,470
9930,484
9931,371
9931,447
9920,262
9935,394
9935,434
9916,340
9936,181
9936,435
9933,457
9914,34
9914,340
9914,385
9937,337
9937,231
9937,217
9938,48
9934,407
9934,33
9939,241
9918,127
9918,77
9918,90
9921,215
9921,269
9921,149
9917,177
9917,289
9917,410
9922,368
9922,362
9922,367
9932,223
9932,14
9912,300
9912,82
9912,149
9919,364
9919,441
9919,367
9940,86
9940,442
9941,401
9941,210
9941,45
9943,402
9942,129
9942,500
9945,62
9946,56
9948,91
9948,187
9944,167
9944,474
9944,320
9949,67
9949,423
9947,149
9947,327
9947,393
9950,324
9950,249
9950,91
9952,397
9952,361
9952,120
9951,44
9953,41
9953,450
9954,412
9954,481
9954,492
9955,373
9956,304
9956,415
9956,123
9958,117
9958,89
9958,135
9957,498
9957,272
9957,285
9959,475
9959,386
9960,249
9961,230
9965,229
9965,420
9964,446
9964,200
9964,166
9967,217
9962,37
9968,179
9972,332
9971,336
9971,389
9971,187
9974,250
9966,39
9966,234
9970,477
9970,462
9970,463
9973,433
9973,401
9975,94
9975,41
9975,333
9976,327
9976,91
9976,201
9980,446
9978,317
9978,183
9978,61
9981,404
9981,385
9981,450
9979,69
9979,57
9979,474
9977,301
9977,26
9977,263
9982,230
9983,184
9983,340
9984,39
9984,303
9984,279
9988,273
9985,335
9985,110
9985,118
9969,111
9969,447
9969,355
9986,191
9994,358
9996,408
9995,88
9998,219
9998,322
9998,185
9990,8
9991,365
9991,359
9963,216
9963,256
10004,383
10004,277
9992,430
9992,192
9992,459
9993,408
10007,431
10003,327
10003,57
10003,246
10006,27
10006,278
10006,208
10008,367
9987,450
9987,449
9987,419
9989,146
10012,191
10012,103
10012,192
10009,140
10011,37
10011,340
10011,90
9997,485
9997,353
9999,158
9999,298
9999,221
10002,262
10002,384
10005,487
10005,352
10005,481
10010,295
10010,230
10010,398
10000,166
10000,424
10000,144
10001,28
10013,434
10013,377
10013,466
10014,285
10020,161
10020,140
10020,459
10018,233
10018,34
10018,341
10019,55
10019,482
10019,331
10021,160
10021,357
10021,441
10015,176
10016,64
10016,50
10016,35
10022,461
10022,273
10023,446
10023,397
10024,276
10024,292
10026,214
10026,33
10026,132
10025,362
10025,474
10025,369
10027,50
10028,26
10028,269
10028,47
10017,179
10029,12
10029,27
10031,483
10031,404
10030,222
10030,458
10033,478
10033,450
10033,476
10035,4
10035,340
10036,95
10037,206
10032,96
10032,271
10032,134
10038,442
10039,149
10039,487
10040,28
10034,303
10034,51
10041,338
10041,138
10041,154
10042,220
10045,46
10045,464
10045,327
10044,438
10044,432
10044,28
10043,405
10053,49
10057,252
10055,316
10056,467
10059,462
10058,7
10058,225
10062,134
10062,261
10062,207
10061,351
10061,14
10061,370
10060,441
10060,12
10046,474
10046,375
10046,490
10065,179
10067,218
10067,193
10048,206
10048,301
10047,422
10047,474
10047,483
10069,319
10069,350
10070,107
10071,25
10052,8
10049,143
10073,386
10073,108
10072,368
10072,496
10068,61
10074,458
10076,112
10076,497
10077,136
10075,496
10054,116
10054,191
10080,398
10080,471
10080,383
10078,213
10078,188
10064,70
10051,151
10066,320
10066,347
10066,220
10079,202
10079,49
10050,388
10063,422
10063,266
10082,152
10085,485
10085,136
10085,418
10086,219
10083,190
10083,117
10089,408
10090,360
10081,429
10081,158
10088,495
10088,416
10088,362
10087,29
10087,257
10087,302
10091,68
10092,238
10093,223
10093,24
10094,176
10094,400
10094,282
10101,358
10101,295
10101,449
10095,459
10095,481
10095,497
10100,378
10106,53
10106,216
10106,24
10096,199
10096,216
10107,240
10097,208
10097,286
10108,237
10108,263
10108,46
10110,291
10110,427
10110,81
10111,110
10111,212
10098,223
10112,225
10112,37
10109,256
10109,234
10114,172
10104,408
10104,361
10099,104
10099,39
10099,167
10113,198
10113,460
10103,96
10103,221
10103,77
10102,358
10102,68
10102,249
10105,216
10105,336
10105,467
10084,185
10084,42
10084,174
10115,389
10115,449
10118,220
10118,409
10117,85
10117,329
10128,301
10128,236
10126,187
10127,458
10127,240
10127,54
10121,166
10116,498
10116,128
10116,43
10134,151
10135,109
10135,76
10135,65
10136,358
10137,54
10137,471
10137,32
10138,356
10138,351
10138,366
10139,462
10139,418
10139,351
10129,59
10129,89
10132,82
10132,261
10132,427
10119,207
10119,235
10133,8
10133,386
10133,444
10131,397
10131,314
10131,489
10130,391
10143,199
10143,96
10143,195
10145,457
10144,362
10140,73
10147,441
10147,464
10147,397
10146,93
10146,463
10146,327
10148,368
10141,425
10150,50
10123,6
10123,255
10142,323
10151,175
10151,83
10149,301
10149,333
10149,317
10120,354
10120,17
10154,500
10154,250
10154,378
10159,19
10159,57
10153,164
10153,374
10153,5
10122,291
10122,372
10122,195
10157,259
10157,27
10125,37
10125,246
10158,84
10158,100
10160,58
10160,83
10160,155
10155,462
10155,498
10155,479
10156,201
10161,70
10161,210
10163,463
10152,254
10152,63
10165,259
10164,469
10164,153
10164,218
10167,364
10167,440
10167,465
10169,170
10169,160
10169,305
10162,144
10162,44
10170,194
10170,86
10170,330
10168,488
10168,400
10166,428
10166,481
10166,414
10172,304
10124,466
10171,42
10173,339
10173,224
10173,104
10174,99
10174,73
10176,177
10176,366
10177,66
10177,94
10177,5
10175,410
10183,471
10183,361
10179,355
10180,113
10180,281
10185,43
10185,199
10184,49
10184,278
10184,275
10178,161
10178,91
10181,393
10181,109
10181,431
10186,232
10182,112
10187,384
10187,416
10187,387
10190,41
10197,475
10197,372
10193,395
10189,151
10189,198
10200,467
10198,371
10198,386
10198,264
10201,427
10201,442
10201,444
10199,341
10199,281
10199,221
10203,327
10203,164
10203,299
10191,89
10191,50
10196,346
10188,6
10206,448
10202,68
10202,75
10202,336
10205,383
10205,246
10204,255
10204,1
10207,354
10207,265
10208,142
10208,499
10209,119
10209,474
10214,304
10212,261
10212,374
10212,288
10211,116
10211,453
10213,239
10192,350
10192,183
10192,95
10195,334
10194,469
10194,447
10210,379
10210,339
10210,480
10216,76
10216,267
10217,106
10217,249
10215,478
10215,173
10215,55
10218,140
10218,308
10219,28
10219,190
10219,254
10221,277
10221,163
10221,40
10224,433
10224,378
10224,373
10222,111
10220,16
10226,173
10227,126
10227,441
10223,235
10223,453
10223,62
10225,282
10225,162
10228,272
10231,189
10230,87
10230,258
10230,216
10229,93
10233,434
10233,342
10233,184
10235,435
10235,492
10237,457
10234,156
10234,227
10234,128
10232,231
10232,166
10232,26
10236,115
10236,103
10236,269
10238,427
10238,334
10238,337
10249,419
10249,199
10249,32
10248,118
10248,321
10248,7
10240,140
10240,278
10250,134
10250,215
10250,190
10251,404
10252,216
10256,6
10256,247
10253,209
10253,355
10257,233
10257,105
10257,300
10242,125
10242,9
10242,207
10255,99
10241,192
10243,464
10243,446
10243,500
10258,11
10258,68
10258,52
10260,246
10260,129
10260,244
10259,29
10259,244
10261,372
10261,403
10261,367
10262,375
10263,62
10263,366
10263,33
10264,459
10264,485
10266,420
10266,474
10266,394
10265,4
10265,262
10265,293
10267,170
10267,281
10268,327
10268,206
10272,463
10272,84
10271,202
10271,76
10269,404
10269,224
10274,493
10239,167
10239,214
10239,173
10279,25
10270,397
10270,398
10273,145
10273,188
10273,136
10281,285
10281,280
10282,152
10282,141
10283,97
10276,383
10276,445
10254,203
10254,77
10254,81
10285,79
10285,35
10286,379
10286,331
10289,347
10277,45
10290,48
10290,450
10290,243
10287,499
10288,162
10288,196
10288,309
10291,381
10292,129
10292,177
10292,18
10247,387
10293,290
10293,17
10293,69
10246,479
10280,468
10245,382
10245,494
10245,353
10278,46
10278,127
10244,112
10244,286
10244,395
10294,421
10275,262
10275,39
10296,277
10296,148
10284,436
10284,474
10299,215
10299,172
10299,285
10302,15
10302,333
10302,85
10295,391
10308,167
10308,186
10308,332
10310,303
10300,168
10300,253
10300,154
10312,375
10313,476
10311,369
10311,478
10309,273
10309,342
10309,125
10314,182
10314,210
10314,181
10315,287
10315,183
10316,239
10317,235
10317,221
10318,422
10318,238
10318,335
10319,407
10321,298
10321,251
10321,350
10322,393
10323,338
10320,447
10305,424
10303,381
10324,448
10324,498
10297,231
10306,270
10306,454
10306,489
10301,375
10325,440
10298,357
10298,421
10298,485
10327,340
10326,411
10326,313
10326,240
10304,411
10304,176
10304,349
10328,317
10328,476
10330,291
10329,31
10333,256
10333,435
10331,66
10331,208
10334,224
10334,32
10336,29
10336,308
10335,38
10335,62
10335,241
10338,369
10332,15
10332,28
10332,347
10337,427
10337,475
10339,195
10339,112
10339,208
10341,230
10341,459
10340,403
10344,363
10344,339
10343,422
10343,428
10342,127
10342,187
10342,306
10345,241
10345,14
10346,279
10346,217
10346,159
10348,388
10348,495
10348,402
10357,392
10357,90
10352,289
10356,451
10356,452
10356,413
10360,319
10362,316
10362,15
10350,454
10350,456
10350,376
10351,229
10351,222
10351,407
10358,403
10366,249
10367,22
10359,219
10359,434
10369,327
10369,497
10370,189
10370,380
10370,78
10371,308
10371,309
10371,58
10372,255
10373,424
10373,468
10373,403
10361,407
10361,442
10361,397
10374,466
10374,392
10374,483
10376,316
10376,102
10376,178
10375,238
10354,245
10354,219
10368,455
10368,460
10347,329
10353,216
10353,306
10355,6
10355,21
10349,342
10349,283
10363,338
10363,177
10364,353
10364,319
10364,435
10365,288
10365,338
10365,220
10307,60
10307,95
10377,138
10377,264
10378,302
10378,283
10378,89
10380,281
10390,118
10390,500
10390,148
10389,151
10389,302
10382,466
10379,365
10393,461
10393,134
10392,388
10394,412
10394,352
10394,407
10395,245
10396,240
10396,481
10396,366
10397,434
10398,107
10400,480
10383,211
10401,344
10399,378
10399,450
10386,94
10386,111
10384,414
10384,482
10384,426
10387,423
10391,287
10388,402
10388,375
10404,340
10402,403
10405,119
10406,430
10406,285
10406,111
10413,340
10413,17
10413,143
10407,116
10414,388
10414,357
10416,130
10416,93
10415,44
10415,99
10415,314
10409,139
10409,18
10417,482
10417,433
10417,411
10410,164
10408,330
10403,134
10403,483
10412,445
10412,79
10412,90
10411,387
10411,261
10411,405
10381,194
10381,323
10385,351
10385,406
10385,485
10418,175
10418,124
10419,448
10419,394
10419,272
10420,50
10420,419
10420,111
10421,326
10422,165
10422,400
10424,442
10424,409
10423,418
10423,24
10426,95
10426,180
10425,39
10429,381
10429,449
10427,274
10427,35
10427,133
10428,261
10430,23
10431,319
10432,4
10432,28
10433,203
10434,175
10434,227
10435,185
10439,80
10447,303
10447,180
10438,296
10438,1
10448,410
10448,72
10448,227
10442,76
10442,201
10450,413
10450,458
10450,1
10436,322
10436,47
10449,239
10449,162
10451,447
10452,334
10446,430
10454,500
10454,297
10454,186
10455,460
10455,485
10453,154
10453,113
10453,343
10456,89
10456,164
10458,344
10458,429
10457,177
10457,200
10459,401
10459,189
10462,449
10461,403
10461,490
10463,439
10463,363
10460,389
10460,312
10460,246
10444,70
10444,342
10440,245
10440,117
10440,103
10443,429
10443,408
10443,348
10441,406
10464,248
10466,265
10466,155
10466,89
10465,202
10445,303
10470,26
10470,166
10470,350
10437,99
10468,199
10468,173
10468,460
10479,170
10481,244
10469,196
10469,314
10478,101
10478,187
10478,104
10480,127
10480,233
10480,133
10477,474
10477,412
10483,224
10483,71
10482,348
10484,40
10485,372
10485,200
10486,347
10487,13
10487,306
10489,244
10489,201
10490,370
10490,273
10490,482
10488,75
10492,89
10492,195
10471,58
10471,222
10471,87
10493,322
10493,56
10493,291
10494,147
10494,71
10474,183
10467,191
10467,476
10475,428
10476,329
10495,496
10495,498
10495,382
10491,347
10491,182
10491,7
10473,167
10500,18
10500,203
10500,225
10499,442
10501,448
10496,75
10496,356
10496,213
10502,304
10502,15
10502,375
10505,184
10505,213
10503,160
10498,10
10498,176
10504,396
10504,472
10504,447
10507,141
10507,62
10507,5
10497,325
10506,415
10506,421
10472,274
10509,57
10509,325
10508,347
10508,133
10511,307
10510,107
10510,417
10512,216
10513,483
10513,436
10514,420
10515,52
10516,203
10516,314
10520,464
10520,418
10517,369
10517,444
10517,451
10519,335
10519,71
10518,249
10518,153
10523,473
10524,384
10522,245
10522,455
10522,143
10521,434
10521,393
10526,118
10526,107
10526,30
10525,10
10525,185
10528,362
10528,488
10530,366
10527,39
10529,213
10529,251
10529,35
10531,193
10532,120
10532,26
10535,270
10535,280
10537,443
10533,452
10533,38
10533,362
10534,411
10538,230
10538,105
10536,261
10536,232
10540,494
10540,479
10540,382
10539,215
10539,246
10542,166
10542,323
10543,210
10544,441
10544,60
10544,182
10546,335
10546,8
10548,105
10549,287
10549,359
10550,260
10550,340
10550,299
10551,77
10551,15
10541,119
10541,216
10547,271
10547,300
10547,202
10552,404
10552,464
10552,485
10555,269
10555,254
10553,332
10553,337
10560,224
10560,206
10560,302
10564,410
10565,74
10565,3
10565,302
10561,37
10561,146
10567,224
10566,419
10566,460
10568,97
10556,489
10556,402
10556,488
10570,153
10569,110
10569,218
10573,269
10572,335
10572,119
10571,425
10575,178
10575,63
10574,176
10574,129
10574,315
10577,136
10576,184
10576,281
10562,127
10580,363
10580,418
10578,136
10578,28
10578,90
10579,54
10579,66
10558,66
10558,109
10558,428
10563,497
10559,34
10545,59
10545,205
10581,351
10581,155
10581,66
10582,433
10582,352
10585,28
10585,9
10583,485
10583,428
10584,253
10584,490
10584,122
10586,348
10586,186
10587,326
10587,246
10587,196
10588,475
10588,423
10591,197
10591,185
10592,366
10589,365
10590,448
10590,124
10593,222
10593,197
10594,49
10596,185
10596,91
10596,174
10597,438
10597,380
10597,368
10598,299
10595,499
10595,456
10595,401
10599,360
10599,433
10599,452
10601,79
10601,266
10600,417
10604,67
10604,81
10604,308
10607,109
10602,20
10605,307
10605,6
10605,194
10609,181
10606,81
10606,428
10606,375
10611,97
10618,83
10554,151
10554,314
10608,200
10610,212
10610,232
10610,262
10603,70
10603,7
10603,212
10619,172
10621,127
10621,69
10625,415
10623,442
10614,439
10614,473
10622,417
10622,361
10622,400
10620,206
10629,411
10630,392
10631,466
10631,411
10632,296
10632,153
10626,184
10626,177
10626,188
10615,137
10615,271
10616,441
10617,236
10617,1
10617,274
10613,3
10612,171
10612,37
10612,168
10627,161
10633,349
10633,151
10633,39
10634,338
10634,343
10624,475
10624,461
10624,442
10636,398
10636,317
10637,500
10637,94
10639,206
10639,179
10639,103
10642,381
10635,489
10640,263
10645,160
10645,40
10645,320
10641,387
10641,373
10641,393
10638,472
10643,493
10643,442
10646,242
10646,24
10646,261
10650,348
10650,21
10650,416
10651,173
10647,225
10647,276
10649,101
10649,248
10648,86
10648,183
10654,398
10653,233
10653,91
10653,253
10656,232
10656,463
10656,424
10659,195
10657,188
10660,424
10661,265
10661,492
10661,351
10652,444
10655,195
10655,154
10662,255
10662,68
10628,321
10628,293
10658,57
10658,104
10663,341
10663,158
10663,62
10665,197
10665,336
10669,288
10667,256
10667,398
10666,344
10666,392
10644,133
10644,204
10670,496
10671,342
10671,67
10671,258
10668,85
10668,45
10668,442
10664,221
10664,108
10664,276
10672,490
10672,453
10672,247
10673,95
10677,494
10677,128
10677,296
10676,218
10676,238
10680,439
10681,19
10681,214
10682,20
10678,438
10557,387
10557,179
10683,80
10683,179
10683,159
10674,13
10674,32
10674,342
10685,2
10685,404
10686,82
10686,344
10686,29
10684,207
10684,280
10688,213
10688,475
10688,425
10689,187
10690,418
10687,28
10687,33
10675,440
10675,460
10675,427
10691,314
10692,22
10694,177
10694,336
10694,5
10693,364
10679,405
10698,433
10696,64
10696,427
10704,54
10704,112
10704,283
10707,200
10707,311
10700,201
10700,41
10700,159
10703,401
10703,447
10697,471
10697,299
10695,23
10695,29
10705,177
10705,428
10702,166
10702,137
10702,87
10699,22
10699,333
10699,186
10706,177
10706,39
10709,196
10709,406
10719,430
10719,86
10718,47
10718,437
10718,86
10720,285
10721,420
10722,26
10722,368
10723,181
10725,39
10724,441
10726,356
10726,3
10726,40
10727,221
10727,485
10728,185
10728,360
10729,319
10729,472
10730,380
10730,495
10730,365
10713,443
10713,34
10731,469
10714,365
10714,70
10715,69
10715,60
10716,220
10716,47
10717,27
10717,141
10717,34
10735,196
10735,27
10708,289
10712,22
10712,330
10732,203
10732,4
10732,324
10701,61
10701,220
10733,354
10733,448
10734,130
10734,498
10734,141
10711,82
10711,72
10710,307
10710,172
10710,332
10736,1
10738,45
10738,5
10737,124
10739,281
10741,26
10741,273
10742,20
10744,121
10740,401
10740,280
10740,301
10745,431
10745,415
10746,337
10746,304
10746,7
10747,498
10747,437
10747,396
10750,352
10750,462
10750,293
10748,113
10748,497
10748,490
10743,430
10743,447
10743,363
10749,221
10749,101
10753,3
10753,5
10752,308
10752,211
10752,426
10754,154
10751,125
10751,313
10751,300
10755,277
10755,157
10756,237
10758,490
10758,383
10758,451
10757,260
10757,43
10757,45
10770,324
10770,371
10763,65
10763,249
10763,264
10771,37
10771,104
10769,274
10772,320
10772,4
10766,427
10766,2
10766,304
10773,26
10773,305
10773,344
10774,169
10774,276
10774,334
10776,355
10776,458
10776,428
10764,382
10764,110
10764,427
10775,45
10777,255
10781,182
10779,212
10779,37
10780,282
10780,285
10780,336
10783,487
10783,211
10783,309
10782,421
10782,431
10782,466
10784,387
10784,122
10784,473
10785,467
10778,418
10762,317
10762,256
10760,459
10760,362
10760,468
10767,100
10767,87
10767,449
10761,246
10761,181
10768,176
10768,222
10768,321
10765,461
10765,439
10765,365
10787,121
10787,16
10759,127
10759,467
10790,174
10788,45
10792,347
10793,153
10793,179
10789,393
10789,355
10789,461
10795,228
10786,277
10786,309
10797,27
10794,308
10791,98
10800,75
10799,49
10799,129
10799,55
10796,293
10796,247
10796,184
10798,72
10798,30
10805,378
10805,156
10805,35
10808,233
10808,2
10808,20
10801,205
10801,295
10807,163
10804,232
10802,184
10802,393
10803,354
10803,25
10803,141
10812,419
10812,424
10811,189
10811,410
10813,5
10816,283
10820,139
10821,442
10821,105
10822,352
10822,400
10823,304
10823,283
10825,429
10814,83
10818,481
10818,304
10827,141
10827,143
10827,326
10828,187
10828,141
10809,357
10824,121
10824,472
10829,419
10829,203
10829,110
10810,365
10810,467
10815,64
10819,155
10819,324
10806,70
10806,167
10832,129
10833,70
10833,133
10833,37
10831,226
10831,346
10834,463
10834,202
10830,47
10817,98
10817,162
10835,448
10835,380
10835,357
10836,319
10836,312
10826,188
10826,207
10838,279
10837,388
10841,466
10839,456
10839,314
10839,7
10840,378
10840,286
10845,447
10845,216
10843,397
10844,493
10844,471
10844,174
10842,304
10842,263
10846,269
10846,485
10848,378
10847,42
10847,71
10849,11
10849,390
10849,151
10850,187
10853,316
10854,23
10854,288
10863,481
10863,252
10862,245
10862,381
10862,288
10865,133
10865,104
10864,259
10867,413
10867,424
10866,62
10866,134
10861,373
10861,452
10861,388
10868,418
10869,52
10869,131
10871,429
10871,71
10871,26
10857,446
10857,183
10872,382
10873,353
10870,358
10870,366
10875,404
10874,476
10874,204
10859,464
10859,364
10877,409
10877,156
10876,494
10876,499
10876,240
10878,168
10878,257
10860,449
10852,109
10852,197
10851,302
10851,9
10851,319
10856,154
10856,161
10858,412
10858,458
10879,453
10879,458
10879,444
10880,207
10882,377
10855,299
10855,52
10881,310
10881,276
10883,442
10883,452
10883,494
10884,335
10884,277
10884,399
10885,147
10887,131
10886,377
10886,107
10888,47
10889,398
10891,148
10892,429
10892,266
10890,32
10894,280
10893,24
10893,126
10895,197
10895,161
10895,344
10898,137
10898,28
10897,30
10900,126
10900,151
10901,226
10901,306
10901,421
10899,425
10899,40
10899,316
10904,176
10904,54
10903,425
10903,101
10903,80
10902,201
10902,45
10902,283
10906,497
10905,445
10907,289
10907,172
10908,380
10910,440
10913,196
10913,239
10912,107
10912,311
10911,224
10911,100
10911,266
10915,464
10914,391
10909,293
10916,319
10916,75
10918,263
10918,77
10918,485
10919,260
10917,480
10917,447
10896,110
10896,282
10921,72
10921,74
10920,9
10920,349
10920,75
10922,317
10922,489
10925,413
10924,442
10923,47
10923,97
10923,286
10927,473
10926,322
10928,191
10928,229
10928,114
10929,479
10930,203
10930,230
10931,151
10931,178
10932,99
10932,494
10932,407
10933,29
10933,140
10933,231
10934,83
10934,224
10935,292
10935,336
10938,363
10937,127
10936,230
10936,397
10936,240
10940,94
10940,90
10939,469
10939,204
10941,162
10941,165
10941,120
10943,20
10943,202
10945,275
10945,313
10945,152
10942,320
10944,158
10944,22
10944,86
10947,433
10947,459
10947,469
10946,276
10946,273
10946,392
10949,185
10951,403
10950,73
10950,405
10950,13
10948,323
10952,446
10952,3
10952,160
10953,490
10953,87
10956,60
10954,224
10959,471
10959,461
10963,263
10963,300
10963,241
10957,426
10957,295
10961,306
10961,480
10960,403
10962,474
10962,225
10965,192
10955,90
10955,39
10955,327
10958,119
10958,164
10958,5
10967,457
10964,317
10964,105
10966,35
10966,134
10966,435
10969,30
10969,300
10971,352
10971,439
10968,450
10972,316
10972,20
10972,187
10973,227
10973,174
10973,253
10970,349
10970,353
10970,16
10975,79
10975,403
10976,450
10976,38
10974,30
10978,257
10977,395
10977,417
10982,110
10982,27
10984,443
10984,449
10984,432
10980,480
10985,125
10985,249
10985,496
10994,25
10993,53
10993,9
10993,333
10995,409
10996,248
10996,220
10990,365
10990,486
10990,471
10998,297
10991,252
10991,457
10997,483
10992,211
11001,450
10983,424
10983,458
10999,255
10999,246
11002,246
11000,67
11000,69
11000,127
11003,41
11004,18
11004,409
11004,162
11006,156
11006,459
11005,409
11005,415
11005,400
11007,140
11007,78
11008,384
11008,226
10986,170
11009,72
10979,471
10987,87
10987,84
11010,380
11010,25
11010,306
10981,92
10981,129
10981,94
11011,467
11011,197
11015,4
11012,8
11012,47
11012,389
11014,205
11014,479
11014,141
11013,456
11013,443
11013,436
11017,11
11017,265
11017,105
11023,365
11023,343
11024,219
11024,147
11024,156
11025,402
11025,70
11026,189
11026,271
11026,341
11019,398
11021,16
11020,257
11020,411
11020,246
11018,39
11022,24
11022,175
11027,472
11027,2
11028,251
10989,218
10989,423
10989,448
11016,421
11016,88
11016,171
10988,416
10988,355
10988,276
11029,347
11029,494
11029,399
11031,494
11031,166
11031,208
11030,184
11030,73
11030,305
11034,333
11034,322
11034,148
11035,119
11032,27
11032,310
11037,1
11037,62
11036,368
11036,485
11033,356
11033,481
11033,416
11038,347
11038,181
11038,103
11039,328
11039,475
11039,432
11041,3
11041,299
11041,171
11040,123
11040,81
11040,43
11052,1
11054,253
11054,255
11043,262
11055,466
11055,468
11055,485
11053,81
11053,109
11053,28
11057,350
11058,173
11058,144
11058,49
11048,304
11048,224
11042,74
11042,26
11044,158
11044,318
11044,50
11046,30
11046,174
11049,300
11050,329
11060,497
11059,195
11059,117
11051,440
11051,401
11045,339
11056,23
11056,70
11061,298
11061,155
11063,85
11065,27
11065,97
11064,123
11066,427
11066,274
11066,171
11068,379
11068,162
11072,265
11072,117
11070,486
11070,385
11073,383
11074,88
11074,9
11074,459
11075,242
11075,286
11062,10
11062,34
11062,22
11071,441
11071,176
11076,394
11076,402
11077,46
11077,273
11079,175
11079,422
11079,276
11078,417
11078,47
11081,411
11080,189
11080,283
11080,51
11069,374
11069,390
11047,426
11082,140
11082,143
11067,472
11067,495
11067,278
11089,335
11089,196
11083,59
11083,175
11083,267
11091,213
11091,114
11091,186
11087,284
11087,183
11084,358
11086,32
11092,464
11092,394
11085,354
11085,442
11085,357
11099,256
11101,95
11096,336
11100,108
11100,287
11100,167
11103,277
11103,162
11104,253
11104,258
11106,456
11108,217
11094,390
11094,362
11102,216
11102,63
11102,246
11109,373
11109,354
11107,281
11107,203
11105,460
11105,202
11105,425
11110,124
11110,307
11113,79
11111,233
11111,272
11111,328
11112,489
11112,365
11114,410
11114,424
11117,6
11117,328
11117,223
11095,389
11116,303
11118,380
11118,423
11118,460
11115,94
11115,126
11115,103
11121,230
11121,165
11121,112
11120,317
11120,346
11120,33
11093,29
11090,438
11088,183
11119,298
11119,110
11097,87
11097,217
11097,461
11098,411
11098,494
11098,361
11122,389
11122,355
11127,486
11127,390
11127,84
11128,449
11123,412
11123,333
11124,275
11124,184
11124,259
11125,303
11125,285
11125,259
11138,81
11138,2
11138,300
11140,372
11140,494
11140,461
11126,252
11126,121
11126,192
11139,119
11139,272
11139,64
11141,167
11141,89
11142,10
11142,420
11135,364
11143,362
11144,350
11144,30
11133,332
11145,448
11145,360
11145,497
11147,291
11147,431
11149,174
11149,194
11148,261
11148,161
11148,144
11150,149
11146,259
11146,96
11146,74
11131,136
11131,429
11131,106
11151,231
11151,237
11151,324
11136,310
11134,217
11134,158
11130,270
11130,445
11132,269
11132,189
11132,260
11137,474
11137,472
11137,247
11152,193
11153,290
11153,328
11158,253
11164,393
11129,70
11129,337
11154,480
11163,67
11166,421
11166,183
11166,303
11155,346
11168,360
11165,76
11167,413
11167,421
11170,235
11170,232
11172,402
11172,437
11160,267
11169,266
11175,54
11174,351
11174,189
11171,44
11171,214
11171,417
11161,479
11161,448
11161,422
11176,373
11176,361
11176,496
11177,66
11179,332
11178,236
11178,148
11173,375
11173,354
11180,432
11180,492
11180,395
11181,310
11181,337
11181,393
11162,32
11162,131
11157,249
11157,175
11157,287
11156,305
11156,496
11156,481
11159,51
11159,451
11182,123
11182,473
11182,179
11184,166
11183,353
11185,496
11185,197
11186,394
11186,63
11187,139
11187,61
11187,124
11190,380
11191,207
11191,101
11191,126
11188,120
11188,285
11193,450
11189,411
11189,263
11194,363
11194,416
11192,410
11195,300
11205,361
11205,253
11207,147
11200,464
11200,462
11206,452
11206,60
11197,272
11197,312
11208,137
11208,214
11209,232
11209,316
11212,231
11212,331
11212,474
11210,173
11213,106
11213,297
11213,86
11211,359
11211,426
11214,45
11214,150
11214,208
11216,22
11216,252
11198,387
11198,115
11217,60
11217,47
11217,230
11215,170
11215,320
11215,49
11218,215
11220,470
11219,496
11219,127
11219,343
11196,409
11199,31
11199,267
11202,250
11202,115
11202,27
11204,321
11221,473
11221,452
11201,105
11224,275
11224,191
11222,303
11222,142
11222,451
11203,5
11203,54
11223,19
11223,309
11225,224
11228,76
11228,83
11229,367
11227,214
11227,21
11226,260
11226,403
11232,480
11232,22
11234,108
11234,117
11234,349
11233,306
11233,330
11233,494
11235,363
11235,417
11236,206
11236,95
11237,8
11237,241
11230,382
11241,388
11246,428
11246,483
11246,460
11249,49
11242,269
11252,191
11252,401
11251,124
11250,282
11250,296
11250,155
11245,476
11245,83
11243,448
11243,473
11243,431
11254,27
11254,268
11254,9
11256,438
11253,41
11248,183
11248,250
11248,88
11255,274
11258,235
11263,180
11263,34
11259,160
11259,307
11247,54
11257,350
11257,134
11257,113
11260,58
11260,30
11260,281
11265,350
11265,204
11265,236
11262,191
11262,41
11240,90
11261,68
11261,191
11261,242
11244,302
11238,85
11238,139
11238,427
11264,189
11239,49
11267,259
11231,194
11231,105
11231,189
11266,121
11269,273
11269,340
11270,24
11270,178
11271,437
11271,270
11268,496
11272,85
11272,86
11273,197
11273,294
11274,48
11274,205
11274,407
11276,480
11276,209
11276,390
11275,193
11275,318
11275,249
11278,385
11277,85
11277,132
11280,284
11280,326
11280,34
11283,166
11283,296
11282,466
11279,340
11279,61
11279,86
11281,411
11281,372
11281,366
11284,151
11284,254
11286,192
11286,259
11286,420
11287,282
11287,337
11285,102
11285,471
11290,383
11290,394
11290,267
11293,88
11293,417
11293,305
11289,330
11289,217
11289,20
11291,96
11291,73
11288,312
11288,335
11288,255
11294,304
11294,93
11294,352
11295,243
11295,329
11292,353
11292,84
11297,236
11297,10
11299,198
11298,104
11298,115
11298,44
11300,255
11300,386
11300,251
11302,49
11304,382
11304,376
11304,398
11296,401
11296,427
11296,349
11301,393
11301,306
11303,320
11303,347
11306,363
11306,410
11306,470
11305,204
11305,40
11305,173
11307,226
11307,148
11307,495
11319,187
11319,417
11319,238
11320,247
11320,412
11308,492
11308,404
11308,478
11321,389
11321,461
11313,391
11313,71
11313,55
11322,159
11322,212
11322,19
11324,416
11324,124
11323,17
11325,129
11325,311
11326,496
11326,390
11326,404
11327,70
11328,122
11328,463
11329,108
11329,301
11331,384
11331,131
11332,425
11332,495
11330,194
11330,38
11330,300
11333,375
11333,305
11333,328
11334,290
11334,1
11316,332
11314,271
11314,101
11315,413
11309,108
11309,35
11318,1
11318,342
11318,283
11310,94
11311,134
11317,359
11317,301
11337,340
11337,288
11312,160
11312,32
11312,405
11335,450
11336,316
11336,101
11344,274
11344,325
11344,256
11345,324
11346,226
11346,132
11348,106
11348,168
11347,147
11347,225
11347,178
11351,167
11350,349
11350,112
11349,47
11349,278
11349,280
11340,401
11354,306
11354,140
11353,348
11353,107
11353,450
11355,335
11359,393
11356,8
11356,21
11352,243
11358,492
11357,142
11357,272
11357,481
11361,74
11361,208
11360,373
11339,455
11339,482
11339,361
11363,215
11363,7
11362,470
11362,15
11341,390
11341,378
11338,253
11364,141
11364,267
11342,105
11343,204
11343,36
11343,305
11365,334
11366,229
11366,132
11367,214
11367,330
11368,111
11368,196
11368,191
11369,210
11372,97
11372,483
11372,289
11374,346
11373,383
11373,473
11375,411
11371,360
11371,491
11370,157
11376,82
11376,172
11376,327
11378,223
11383,404
11383,469
11389,482
11389,408
11389,477
11390,190
11392,83
11392,99
11391,229
11391,187
11391,296
11393,125
11394,6
11394,192
11395,4
11395,498
11380,1
11396,304
11396,290
11396,114
11399,233
11399,471
11399,341
11397,57
11397,290
11398,309
11398,432
11401,266
11401,300
11401,338
11400,21
11400,73
11400,153
11385,293
11385,186
11385,41
11381,385
11381,439
11381,460
11379,470
11379,387
11379,345
11377,244
11377,254
11377,500
11388,139
11388,225
11386,279
11386,62
11384,432
11384,468
11387,489
11402,461
11402,431
11404,275
11382,127
11382,289
11382,41
11403,301
11403,212
11410,232
11410,181
11409,274
11409,247
11411,207
11411,410
11413,346
11406,365
11406,482
11407,339
11407,137
11407,153
11405,339
11405,317
11405,161
11414,377
11414,460
11414,442
11417,487
11417,381
11416,375
11416,496
11416,222
11408,252
11408,201
11408,84
11415,357
11415,108
11415,133
11412,301
11412,329
11412,170
11418,314
11418,6
11418,13
11419,17
11419,232
11419,206
11420,221
11420,33
11420,425
11421,464
11421,446
11421,407
11423,204
11422,57
11422,317
11422,303
11424,421
11424,243
11424,47
11426,166
11426,40
11426,401
11425,91
11427,172
11427,58
11427,464
11428,218
11428,300
11429,347
11429,313
11429,274
11432,371
11432,410
11431,394
11431,392
11431,447
11430,451
11433,1
11433,120
11433,314
11435,103
11435,142
11435,54
11436,211
11437,158
11437,472
11437,342
11439,394
11439,138
11439,482
11440,46
11440,102
11441,98
11441,224
11441,315
11438,76
11438,310
11438,161
11442,145
11443,118
11443,1
11443,255
11444,39
11444,198
11444,319
11448,457
11434,363
11434,381
11454,194
11454,234
11457,64
11457,54
11456,364
11456,387
11459,129
11460,360
11460,404
11460,393
11461,186
11461,17
11458,437
11458,488
11463,212
11463,14
11463,77
11462,79
11462,423
11462,137
11464,411
11464,469
11464,361
11455,339
11453,12
11465,300
11465,363
11466,222
11467,150
11467,51
11467,80
11469,477
11469,394
11469,495
11470,194
11470,378
11451,377
11451,226
11445,346
11445,104
11468,75
11468,179
11446,367
11449,71
11450,447
11450,203
11447,274
11447,326
11447,190
11471,370
11471,264
11472,498
11472,17
11473,316
11473,485
11474,155
11476,148
11476,29
11477,358
11477,488
11477,442
11475,168
11475,499
11475,128
11478,227
11479,455
11479,472
11483,276
11482,453
11482,497
11482,482
11481,131
11481,413
11481,336
11484,454
11484,99
11484,26
11486,146
11488,272
11485,146
11485,4
11485,271
11489,376
11489,485
11489,352
11487,28
11487,37
11487,302
11490,500
11490,366
11491,378
11480,383
11480,239
11499,189
11500,495
11500,178
11502,1
11502,464
11501,259
11501,145
11501,21
11504,478
11504,250
11452,219
11452,429
11452,466
11505,219
11505,383
11503,366
11503,489
11503,499
11498,350
11498,327
11498,232
11507,258
11506,498
11506,415
11506,219
11509,59
11508,306
11508,349
11508,189
11513,233
11513,195
11510,255
11493,38
11493,94
11493,136
11495,455
11511,96
11511,13
11518,198
11518,489
11518,436
11497,418
11520,275
11517,142
11517,89
11516,156
11492,157
11492,249
11492,243
11519,458
11496,339
11496,232
11496,180
11494,349
11494,302
11494,94
11515,349
11512,49
11514,54
11514,294
11523,92
11523,214
11521,342
11521,358
11521,416
11526,58
11526,61
11522,390
11522,224
11522,313
11524,367
11524,492
11530,391
11538,468
11532,322
11532,251
11527,147
11527,141
11527,350
11539,44
11534,52
11534,335
11541,230
11541,194
11542,357
11542,433
11540,14
11544,153
11543,435
11543,496
11525,198
11525,107
11525,294
11548,139
11548,243
11546,470
11546,442
11546,483
11545,85
11545,192
11528,146
11528,111
11528,54
11549,264
11549,424
11549,276
11550,422
11550,377
11550,368
11552,136
11551,363
11551,364
11553,86
11555,167
11555,20
11554,56
11554,122
11537,451
11531,294
11529,135
11533,231
11533,215
11533,85
11547,475
11547,442
11535,108
11556,195
11556,176
11556,397
11558,269
11558,215
11536,492
11557,59
11561,435
11561,494
11560,306
11562,25
11562,434
11563,491
11563,493
11563,457
11564,462
11564,459
11564,498
11559,455
11559,495
11565,230
11565,54
11569,233
11572,477
11572,280
11572,285
11568,358
11571,234
11571,210
11571,212
11573,276
11574,294
11574,320
11575,435
11575,31
11575,33
11577,103
11576,175
11576,50
11576,203
11570,465
11570,333
11570,49
11567,380
11578,140
11578,324
11578,363
11589,68
11589,179
11581,350
11581,60
11588,24
11590,224
11591,424
11591,142
11592,219
11592,294
11579,66
11579,232
11579,33
11584,27
11584,450
11587,207
11587,64
11587,12
11580,101
11582,207
11582,306
11583,213
11583,212
11585,227
11566,107
11566,249
11566,166
11586,14
11586,285
11593,228
11594,367
11594,12
11596,41
11596,33
11595,153
11595,265
11598,472
11598,479
11598,449
11597,262
11597,370
11599,374
11601,350
11601,328
11600,59
11600,283
11602,69
11602,294
11602,174
11604,22
11604,388
11605,320
11605,257
11607,474
11607,375
11607,241
11606,49
11606,159
11608,356
11608,258
11608,116
11603,467
11603,472
11603,476
11612,323
11609,222
11609,127
11616,278
11623,254
11623,184
11623,41
11610,276
11610,17
11610,496
11622,490
11622,393
11621,96
11624,105
11624,30
11624,311
11626,91
11626,233
11627,431
11618,220
11618,77
11618,482
11628,472
11628,489
11619,216
11614,44
11625,302
11625,423
11625,449
11632,330
11629,163
11629,102
11629,238
11631,490
11631,5
11631,68
11634,441
11634,448
11611,240
11611,21
11635,489
11636,91
11636,48
11636,283
11637,406
11637,161
11637,232
11620,252
11620,152
11620,332
11633,405
11633,379
11633,358
11617,317
11615,430
11638,239
11638,94
11640,149
11641,424
11641,61
11641,253
11639,159
11639,68
11639,112
11649,115
11649,238
11648,470
11648,283
11648,76
11652,339
11650,204
11650,91
11650,332
11643,379
11643,186
11654,400
11655,447
11655,475
11655,459
11656,403
11656,203
11647,476
11647,459
11647,448
11613,306
11613,103
11613,39
11630,179
11630,387
11630,262
11651,427
11651,163
11663,292
11663,276
11664,384
11664,429
11664,396
11644,429
11644,92
11665,22
11665,92
11653,132
11642,394
11642,473
11668,176
11645,385
11645,162
11646,234
11646,6
11666,476
11666,360
11666,361
11667,487
11672,158
11669,50
11669,198
11669,118
11670,435
11670,479
11673,150
11673,264
11673,147
11675,423
11675,415
11674,395
11674,350
11680,337
11676,439
11676,150
11676,98
11678,126
11678,154
11679,200
11679,253
11679,68
11677,130
11677,38
11671,380
11682,15
11682,94
11681,285
11685,303
11685,342
11685,66
11686,391
11686,438
11686,433
11684,220
11684,249
11684,230
11683,197
11683,330
11658,70
11658,206
11658,110
11659,188
11659,168
11659,74
11690,174
11690,355
11688,233
11688,122
11688,385
11687,232
11691,466
11691,434
11691,476
11692,334
11692,219
11692,336
11693,79
11693,23
11694,296
11694,143
11695,63
11698,451
11698,373
11698,459
11699,6
11699,329
11699,421
11689,42
11700,48
11700,338
11696,56
11697,9
11697,80
11697,454
11657,327
11657,300
11657,211
11701,97
11702,362
11703,245
11660,111
11660,216
11660,262
11704,273
11704,11
11661,270
11661,289
11705,56
11706,219
11706,200
11662,88
11707,495
11707,446
11707,387
11708,356
11708,468
11708,180
11709,22
11710,146
11710,406
11710,344
11711,9
11712,86
11712,243
11713,17
11713,108
11714,176
11714,277
11715,214
11717,408
11717,307
11717,131
11718,206
11716,73
11716,488
11716,493
11719,290
11719,274
11720,30
11720,418
11720,164
11721,128
11721,447
11721,110
11722,24
11722,325
11722,249
11724,273
11726,225
11723,232
11723,8
11723,331
11727,332
11727,25
11725,443
11725,11
11725,453
11728,352
11728,127
11729,77
11730,339
11730,424
11731,329
11731,155
11732,183
11732,104
11733,415
11736,10
11734,465
11734,377
11734,469
11737,71
11737,259
11739,122
11739,293
11739,104
11735,187
11738,195
11738,55
11738,138
11740,32
11740,185
11740,414
11741,477
11741,395
11743,169
11742,388
11745,95
11744,173
11744,465
11744,74
11746,44
11746,80
11746,127
11748,309
11748,321
11749,118
11749,174
11750,387
11750,94
11751,302
11751,336
11752,20
11753,475
11753,496
11754,421
11755,3
11755,299
11755,170
11756,198
11756,284
11756,16
11758,180
11768,325
11768,166
11768,142
11767,389
11767,366
11769,49
11769,141
11769,273
11757,213
11757,161
11765,121
11765,96
11765,489
11761,364
11764,404
11747,407
11766,400
11760,32
11760,84
11763,372
11763,445
11763,356
11762,234
11759,356
11759,499
11770,326
11770,365
11770,212
11772,452
11772,120
11771,289
11771,336
11771,344
11773,405
11773,452
11773,394
11775,357
11776,170
11774,379
11777,335
11778,451
11779,24
11782,210
11780,217
11780,105
11781,344
11781,273
11786,157
11795,220
11795,212
11783,379
11783,269
11783,210
11785,315
11785,106
11784,117
11784,335
11784,426
11796,202
11796,177
11797,4
11797,156
11797,256
11799,203
11799,168
11799,198
11798,437
11798,291
11802,247
11802,119
11802,463
11800,257
11800,423
11800,432
11801,355
11801,413
11803,464
11804,198
11790,93
11790,275
11806,356
11806,433
11805,332
11805,179
11805,124
11807,367
11807,484
11810,258
11809,380
11809,150
11809,202
11811,108
11812,490
11788,393
11808,4
11808,31
11787,252
11787,169
11787,343
11792,265
11792,341
11792,219
11789,199
11789,373
11816,78
11816,268
11793,309
11820,453
11820,491
11813,357
11813,43
11813,108
11814,91
11814,231
11822,290
11822,352
11822,88
11791,301
11791,166
11791,80
11817,468
11817,148
11818,58
11794,177
11794,156
11794,95
11815,361
11815,488
11815,394
11819,344
11819,306
11821,492
11821,356
11823,265
11823,127
11824,233
11825,273
11827,417
11826,479
11826,72
11826,497
11829,39
11829,95
11829,196
11834,362
11833,89
11828,216
11828,235
11828,127
11830,258
11830,106
11830,328
11831,198
11831,261
11836,141
11832,102
11838,150
11838,129
11835,60
11835,30
11835,165
11837,248
11837,188
11843,268
11842,269
11842,156
11840,197
11840,225
11844,296
11844,34
11844,52
11847,486
11847,10
11846,222
11848,172
11848,76
11841,390
11850,134
11850,153
11849,61
11849,124
11849,267
11845,199
11839,346
11851,348
11851,381
11851,130
11857,367
11857,275
11857,267
11864,35
11852,319
11856,142
11856,65
11856,226
11866,325
11866,279
11867,150
11867,39
11865,8
11868,42
11868,390
11871,182
11869,393
11869,498
11869,306
11861,415
11861,384
11861,357
11872,138
11872,219
11873,317
11874,47
11863,359
11863,405
11863,471
11875,456
11876,361
11876,493
11876,442
11862,30
11862,110
11853,390
11853,349
11853,82
11860,84
11860,80
11860,346
11854,9
11859,154
11859,96
11859,6
11855,66
11855,209
11855,177
11870,368
11858,215
11858,201
11858,83
11881,247
11881,331
11881,493
11889,375
11889,445
11889,448
11890,246
11891,217
11891,250
11884,366
11884,450
11884,490
11892,126
11892,424
11892,407
11893,268
11893,170
11894,190
11894,67
11879,200
11879,179
11895,488
11895,423
11897,165
11898,439
11898,408
11898,88
11899,85
11899,205
11896,45
11896,123
11896,296
11877,123
11877,360
11900,482
11886,194
11886,328
11886,343
11901,361
11901,430
11901,484
11902,423
11902,208
11880,300
11880,65
11882,463
11882,240
11903,278
11903,81
11903,202
11878,117
11878,296
11878,116
11885,476
11885,94
11885,260
11883,435
11883,431
11883,292
11887,318
11904,358
11904,327
11904,483
11906,444
11906,307
11906,469
11907,282
11905,331
11908,339
11909,276
11909,21
11911,17
11888,425
11888,435
11888,353
11913,368
11913,404
11910,432
11910,161
11910,393
11912,473
11912,204
11916,28
11914,229
11914,294
11917,72
11917,367
11917,83
11919,136
11919,336
11920,111
11920,179
11918,62
11918,88
11915,13
11915,40
11929,377
11926,202
11933,476
11934,274
11934,151
11930,229
11930,37
11930,236
11935,380
11935,467
11935,448
11927,470
11927,488
11927,408
11936,189
11923,462
11923,245
11931,97
11928,177
11928,354
11928,357
11921,234
11921,240
11921,349
11925,151
11925,45
11925,351
11924,432
11922,383
11922,353
11922,446
11932,388
11937,449
11939,198
11940,218
11940,448
11940,346
11942,194
11942,223
11942,186
11945,240
11945,321
11938,436
11938,366
11941,484
11947,185
11943,279
11943,405
11943,11
11944,10
11946,280
11948,248
11948,52
11949,62
11949,390
11949,372
11950,29
11950,299
11950,27
11951,240
11952,422
11953,329
11953,23
11955,278
11954,493
11954,468
11954,225
11956,423
11956,338
11957,65
11960,295
11960,269
11959,193
11958,221
11961,107
11961,102
11961,40
11962,442
11962,395
11962,369
11965,386
11965,209
11969,361
11966,401
11966,452
11963,4
11963,214
11967,444
11967,392
11970,55
11970,130
11970,219
11964,215
11971,98
11971,200
11972,171
11972,343
11972,235
11975,452
11974,200
11974,52
11968,43
11968,217
11968,78
11976,30
11976,205
11976,483
11980,197
11981,56
11981,499
11981,284
11982,65
11982,128
11982,46
11979,230
11979,180
11985,181
11985,282
11973,5
11984,159
11986,42
11988,442
11988,445
11988,491
11989,257
11989,485
11991,110
11993,323
11992,209
11992,449
11983,159
11983,479
11983,446
11990,5
11994,270
11987,73
11987,74
11995,386
11995,446
11999,456
11999,475
11999,392
11996,357
11996,425
11997,198
11997,151
11997,308
12001,174
12001,462
12002,442
12002,381
12003,333
12000,414
12004,164
12005,332
12005,129
12006,167
12006,286
11977,311
12007,319
12007,94
12007,228
12008,304
12008,306
12008,94
11978,283
11978,217
12011,300
12011,187
12011,120
12013,469
12013,411
12009,98
12010,408
12014,321
12014,88
12016,224
12012,368
12012,353
12017,16
12017,259
12018,36
12020,77
12019,81
12019,35
12019,262
12023,204
12023,160
12023,41
12015,189
12015,392
12015,62
12021,39
12021,334
12025,25
12026,408
12026,459
12022,495
12022,494
12022,405
11998,499
11998,67
12024,421
12024,17
12024,201
12028,465
12028,396
12027,415
12029,31
12029,334
12030,120
12032,211
12031,492
12033,284
12033,391
12033,440
12034,314
12034,479
12035,82
12035,452
12035,436
12036,141
12037,334
12037,157
12037,76
12039,388
12039,448
12039,391
12041,74
12041,35
12040,410
12040,125
12038,337
12038,470
12038,445
12042,224
12042,360
12043,288
12043,214
12043,133
12054,185
12054,322
12056,31
12045,64
12045,264
12050,384
12058,373
12057,75
12057,330
12057,34
12059,96
12061,210
12061,69
12047,486
12047,137
12063,79
12062,163
12062,136
12060,351
12065,43
12065,39
12064,456
12064,410
12067,85
12069,338
12069,127
12066,496
12066,431
12066,142
12070,37
12070,327
12055,142
12055,152
12055,130
12071,222
12068,37
12068,34
12068,41
12072,222
12072,225
12044,474
12046,431
12046,490
12051,307
12051,232
12051,115
12048,400
12053,100
12053,407
12075,388
12075,355
12049,209
12074,442
12074,450
12074,373
12073,331
12073,42
12076,41
12076,398
12076,77
12080,146
12079,379
12079,38
12078,192
12078,268
12078,146
12052,113
12077,158
12077,47
12081,153
12084,2
12084,189
12085,155
12085,294
12085,340
12091,187
12091,363
12087,234
12093,278
12094,118
12094,337
12095,480
12097,88
12096,217
12096,66
12096,480
12092,397
12092,382
12082,390
12082,435
12088,166
12089,404
12089,381
12089,490
12098,352
12086,201
12086,187
12086,29
12083,351
12083,434
12083,404
12100,268
12100,201
12101,409
12101,361
12109,198
12110,377
12110,320
12110,190
12111,250
12111,246
12099,484
12113,390
12113,82
12112,419
12112,500
12115,167
12115,123
12103,408
12103,467
12108,383
12119,183
12119,50
12106,465
12106,336
12090,417
12090,241
12090,479
12102,466
12102,355
12102,368
12120,82
12120,85
12104,310
12104,329
12104,62
12121,385
12121,368
12123,371
12122,304
12122,341
12118,79
12118,209
12124,344
12125,192
12125,389
12125,106
12105,274
12117,302
12117,118
12107,172
12114,38
12114,92
12116,357
12126,205
12127,409
12127,475
12128,357
12128,482
12128,413
12129,101
12129,65
12130,259
12132,490
12132,352
12132,394
12131,15
12131,52
12134,46
12134,52
12135,142
12135,44
12135,232
12133,174
12137,147
12137,136
12138,260
12139,432
12136,128
12136,184
12136,497
12140,436
12140,460
12140,368
12142,185
12141,208
12143,375
12143,115
12143,422
12144,67
12148,170
12148,2
12150,337
12156,169
12158,30
12157,499
12157,56
12157,181
12159,331
12161,38
12161,167
12161,55
12160,448
12160,424
12160,483
12155,1
12149,248
12162,457
12162,268
12163,415
12163,386
12163,488
12164,472
12164,224
12164,469
12165,484
12151,314
12167,225
12167,203
12166,460
12154,225
12154,196
12154,464
12168,307
12168,375
12168,420
12169,109
12170,160
12171,326
12171,79
12171,68
12175,462
12175,191
12174,417
12173,95
12173,210
12172,256
12172,192
12172,403
12145,112
12177,94
12177,454
12177,96
12178,426
12152,236
12176,289
12176,195
12147,454
12153,483
12153,418
12153,435
12179,24
12179,17
12179,309
12181,7
12181,73
12181,117
12180,149
12183,218
12183,384
12182,299
12182,195
12182,324
12146,253
12146,392
12146,262
12184,56
12184,212
12184,7
12188,47
12188,129
12191,300
12187,416
12196,393
12185,484
12185,402
12185,489
12190,319
12190,215
12197,407
12197,205
12193,248
12193,159
12186,134
12186,382
12195,490
12195,388
12194,319
12194,476
12202,352
12199,371
12199,50
12189,308
12189,78
12192,174
12192,385
12198,315
12198,178
12198,375
12209,323
12209,4
12209,240
12208,63
12208,15
12208,245
12204,425
12204,469
12204,491
12207,234
12207,330
12200,476
12215,23
12212,289
12212,250
12212,96
12214,41
12214,299
12203,247
12213,485
12213,480
12213,288
12218,147
12221,126
12221,77
12220,272
12220,1
12220,484
12219,44
12222,309
12222,198
12206,266
12206,78
12206,76
12225,106
12225,188
12224,70
12224,43
12217,368
12217,409
12217,428
12223,365
12223,118
12227,499
12228,398
12229,408
12229,448
12229,56
12231,296
12231,284
12226,410
12226,307
12226,19
12232,408
12230,216
12230,71
12233,336
12201,104
12201,40
12201,111
12205,278
12205,13
12211,171
12211,195
12210,422
12210,412
12234,414
12236,335
12235,429
12235,245
12235,225
12216,145
12216,484
12216,180
12238,223
12238,276
12238,128
12237,17
12242,332
12243,237
12243,70
12239,120
12239,152
12240,427
12240,376
12240,333
12241,354
12241,494
12241,478
12245,159
12248,174
12247,272
12247,110
12244,34
12244,144
12250,310
12246,32
12251,307
12253,341
12253,18
12253,239
12254,245
12256,428
12255,21
12252,282
12252,358
12252,484
12257,221
12257,402
12257,471
12249,109
12249,113
12249,342
12259,141
12259,238
12258,134
12261,498
12261,365
12260,345
12260,454
12264,422
12264,397
12264,447
12263,213
12263,340
12263,241
12265,386
12265,27
12269,61
12269,36
12267,270
12272,146
12270,476
12270,287
12266,144
12266,151
12266,39
12268,36
12271,227
12273,396
12274,441
12274,261
12274,170
12262,95
12262,259
12262,87
12277,56
12275,240
12275,13
12278,287
12278,47
12278,335
12280,465
12280,148
12280,385
12281,77
12281,158
12281,86
12279,67
12282,247
12276,485
12276,366
12276,394
12285,103
12285,306
12283,23
12283,59
12283,73
12287,245
12284,125
12284,299
12284,271
12286,439
12291,50
12291,475
12290,37
12290,220
12290,346
12289,227
12289,271
12289,81
12296,337
12296,165
12298,280
12298,136
12298,270
12297,154
12297,393
12297,136
12288,372
12288,286
12301,173
12301,299
12301,187
12303,487
12306,214
12306,246
12306,114
12293,475
12294,77
12300,171
12300,130
12307,221
12299,149
12299,8
12299,126
12292,131
12292,370
12292,169
12302,272
12309,6
12308,114
12308,83
12310,129
12310,157
12310,113
12295,10
12295,148
12304,299
12311,362
12305,402
12305,202
12312,467
12314,368
12316,51
12316,201
12316,493
12323,40
12324,93
12324,234
12320,37
12315,9
12326,295
12325,17
12325,110
12325,91
12319,90
12327,328
12327,174
12328,88
12328,130
12328,20
12330,252
12330,135
12331,356
12333,268
12333,496
12334,97
12334,488
12329,433
12332,15
12332,243
12332,340
12313,417
12313,441
12335,258
12336,22
12336,170
12336,112
12338,409
12338,487
12339,307
12341,152
12337,434
12337,440
12340,472
12340,491
12342,132
12342,285
12343,173
12343,358
12345,100
12345,56
12347,75
12346,65
12344,101
12349,429
12349,470
12350,117
12350,19
12350,34
12348,24
12348,27
12348,138
12352,479
12321,83
12321,197
12318,8
12318,46
12351,172
12351,216
12317,459
12322,389
12358,247
12358,133
12358,298
12361,485
12365,12
12366,363
12366,493
12366,352
12367,51
12367,37
12367,65
12359,499
12359,486
12359,422
12369,383
12369,10
12368,83
12368,221
12362,354
12370,130
12370,486
12355,220
12355,95
12371,75
12374,240
12374,316
12374,187
12375,331
12375,11
12375,486
12357,200
12357,148
12357,92
12360,465
12360,410
12373,199
12378,34
12378,406
12378,445
12356,321
12356,461
12379,421
12379,489
12379,368
12377,370
12376,432
12381,17
12381,445
12381,404
12354,171
12380,3
12380,326
12380,66
12363,140
12363,258
12372,177
12372,190
12382,195
12382,105
12382,113
12364,249
12353,19
12353,148
12353,178
12384,69
12384,493
12384,141
12383,214
12383,111
12387,196
12387,84
12385,67
12385,158
12390,354
12386,114
12386,270
12386,173
12389,252
12389,319
12391,201
12392,334
12395,109
12395,35
12395,311
12388,238
12388,347
12388,457
12396,244
12393,432
12393,345
12394,303
12394,221
12394,36
12397,468
12397,453
12397,482
12399,331
12399,174
12399,493
12400,381
12398,91
12398,128
12398,233
12401,225
12404,161
12404,67
12404,42
12405,316
12405,218
12405,235
12402,73
12402,85
12402,489
12410,500
12412,48
12412,71
12412,88
12409,308
12407,285
12407,54
12407,297
12411,2
12411,13
12411,231
12406,264
12408,178
12408,29
12414,146
12414,286
12414,314
12418,134
12417,29
12417,346
12417,489
12416,416
12416,483
12416,252
12415,311
12415,26
12415,136
12419,240
12419,6
12419,28
12420,455
12422,262
12422,286
12423,438
12423,366
12403,33
12403,373
12421,112
12426,462
12426,222
12424,176
12424,113
12425,387
12425,121
12425,499
12429,222
12429,407
12413,128
12413,163
12413,61
12428,163
12430,282
12431,401
12431,355
12431,432
12432,291
12427,74
12427,274
12427,108
12433,78
12435,262
12435,275
12435,309
12436,366
12436,380
12434,24
12434,224
12434,91
12438,473
12437,287
12437,50
12439,7
12439,313
12441,406
12440,449
12440,390
12440,418
12442,59
12443,236
12443,484
12443,99
12445,270
12445,237
12445,318
12444,160
12444,320
12446,243
12447,423
12447,137
12448,464
12448,450
12448,377
12449,116
12451,478
12450,9
12454,323
12453,480
12453,103
12457,221
12457,111
12452,147
12452,314
12452,150
12458,427
12458,160
12458,15
12468,394
12462,394
12455,9
12455,354
12455,202
12465,87
12469,403
12466,323
12466,78
12466,125
12463,166
12467,188
12467,182
12474,464
12474,131
12471,498
12471,379
12471,343
12475,220
12475,193
12473,53
12476,93
12476,335
12476,247
12477,37
12477,248
12478,189
12470,446
12470,249
12470,315
12459,432
12479,115
12479,10
12479,218
12483,411
12483,359
12481,493
12481,43
12481,40
12460,241
12460,147
12460,37
12482,413
12482,445
12461,367
12461,486
12461,353
12464,273
12489,121
12489,12
12489,173
12491,290
12485,101
12485,395
12485,439
12484,123
12484,256
12492,318
12495,15
12495,89
12493,34
12494,61
12494,398
12494,9
12496,210
12496,43
12497,188
12497,377
12487,1
12487,92
12498,342
12498,251
12498,23
12501,238
12501,219
12500,343
12500,221
12486,241
12486,82
12486,210
12488,128
12488,58
12488,442
12456,420
12456,477
12502,19
12502,127
12510,440
12510,35
12510,350
12472,181
12472,254
12505,260
12505,88
12505,226
12513,89
12514,410
12514,394
12512,397
12512,145
12512,224
12509,337
12509,426
12516,449
12515,124
12515,236
12515,313
12518,119
12518,420
12518,342
12517,275
12517,464
12517,394
12480,297
12480,59
12520,436
12519,333
12519,182
12519,325
12521,122
12521,330
12522,159
12524,406
12523,440
12523,443
12504,204
12504,90
12490,237
12490,136
12506,398
12506,492
12507,316
12507,239
12525,117
12525,338
12525,269
12508,31
12526,334
12526,242
12527,247
12527,155
12527,13
12528,26
12528,275
12530,116
12530,170
12529,380
12531,266
12534,431
12533,207
12533,458
12532,321
12532,209
12532,20
12499,40
12536,98
12537,435
12537,383
12535,469
12535,126
12535,120
12539,60
12538,25
12538,428
12541,115
12541,275
12540,9
12540,13
12540,406
12549,200
12544,351
12544,293
12544,346
12550,119
12546,20
12546,390
12554,407
12552,17
12552,11
12555,373
12555,327
12556,221
12556,329
12557,455
12548,460
12548,201
12548,188
12547,458
12547,331
12558,31
12558,27
12559,127
12559,141
12559,236
12560,342
12560,279
12560,139
12551,473
12551,301
12551,203
12561,397
12561,353
12561,483
12562,440
12553,415
12553,495
12563,348
12563,154
12563,437
12564,265
12565,189
12565,223
12565,348
12542,256
12543,332
12566,166
12566,102
12566,220
12545,405
12545,280
12545,485
12567,250
12567,310
12503,228
12568,233
12569,114
12569,106
12569,255
12570,169
12570,313
12571,66
12571,414
12571,351
12511,248
12511,203
12511,72
12573,383
12573,479
12577,465
12572,415
12576,500
12575,419
12575,434
12575,478
12574,53
12574,39
12574,59
12579,18
12579,361
12579,238
12581,14
12581,344
12582,243
12582,242
12584,257
12583,157
12591,182
12591,181
12578,351
12578,383
12578,429
12593,91
12593,306
12595,91
12595,414
12595,241
12597,393
12597,200
12592,175
12592,183
12592,296
12598,205
12600,208
12600,343
12596,199
12596,25
12596,257
12599,8
12599,306
12601,444
12601,50
12601,30
12587,491
12587,353
12587,490
12594,469
12594,442
12594,464
12604,215
12602,220
12602,336
12602,10
12603,76
12603,282
12608,184
12608,391
12608,324
12580,128
12580,281
12588,305
12588,53
12588,325
12606,194
12606,75
12586,158
12586,398
12609,158
12609,105
12605,76
12605,129
12607,500
12607,461
12607,466
12585,332
12585,17
12589,267
12589,489
12590,365
12590,255
12612,237
12612,54
12614,307
12614,77
12614,266
12613,235
12613,496
12613,175
12610,14
12610,484
12615,114
12615,123
12611,143
12611,165
12618,321
12619,99
12621,47
12621,90
12620,301
12616,216
12616,344
12623,71
12623,461
12626,308
12625,492
12625,91
12625,465
12629,63
12629,343
12629,309
12630,110
12628,263
12628,280
12627,445
12627,38
12627,62
12622,365
12624,452
12624,335
12631,1
12631,50
12631,239
12632,103
12632,25
12633,433
12633,361
12633,348
12617,343
12617,415
12635,342
12635,77
12635,284
12638,121
12638,122
12636,116
12636,307
12637,64
12634,334
12634,24
12634,245
12640,146
12640,296
12641,426
12641,10
12644,45
12646,63
12643,457
12643,90
12643,311
12642,139
12645,230
12645,316
12647,43
12648,168
12648,334
12649,402
12649,430
12649,269
12651,339
12652,221
12652,27
12652,147
12653,497
12639,407
12639,414
12639,297
12655,326
12655,126
12655,174
12654,336
12654,421
12650,226
12650,139
12656,407
12658,105
12658,198
12658,148
12657,87
12657,105
12657,430
12659,483
12659,403
12660,287
12660,113
12664,204
12664,308
12661,219
12661,218
12663,319
12671,383
12671,468
12671,29
12667,218
12667,288
12666,304
12665,315
12665,324
12665,27
12679,62
12679,417
12680,225
12681,86
12681,274
12674,248
12674,72
12673,488
12673,348
12682,100
12682,212
12684,384
12684,435
12684,459
12672,341
12672,198
12672,332
12686,298
12686,478
12686,286
12662,355
12685,203
12685,386
12678,236
12678,118
12678,198
12688,189
12668,495
12668,402
12668,491
12670,124
12670,387
12670,406
12690,454
12687,162
12687,493
12687,167
12689,410
12689,456
12691,203
12691,11
12683,176
12683,12
12683,144
12692,41
12692,124
12692,152
12669,418
12676,499
12676,439
12676,380
12675,126
12675,193
12675,328
12677,240
12677,244
12693,102
12693,116
12695,316
12695,219
12694,122
12698,102
12698,25
12696,195
12696,153
12699,180
12699,451
12699,136
12701,227
12700,165
12700,235
12700,488
12703,131
12702,119
12702,322
12705,235
12704,54
12704,166
12707,449
12706,354
12706,484
12706,412
12708,93
12708,149
12711,49
12710,332
12710,31
12710,143
12709,277
12709,157
12709,126
12713,428
12713,399
12713,396
12714,484
12714,405
12714,326
12715,47
12715,17
12712,34
12712,424
12716,199
12716,461
12717,101
12717,484
12717,72
12719,266
12719,126
12719,129
12721,201
12721,320
12725,110
12725,118
12727,392
12727,120
12723,315
12726,457
12726,410
12726,464
12734,269
12734,333
12735,458
12735,45
12736,492
12736,261
12736,93
12728,9
12728,171
12733,293
12733,199
12733,334
12737,328
12737,275
12737,196
12738,328
12730,80
12730,427
12739,11
12739,129
12739,156
12740,184
12740,425
12740,288
12741,119
12742,152
12742,290
12742,280
12743,498
12743,433
12744,311
12731,58
12732,204
12745,367
12745,416
12745,374
12746,76
12746,323
12746,98
12748,120
12747,284
12747,186
12749,155
12749,424
12749,47
12755,468
12756,247
12756,320
12729,340
12729,263
12750,139
12750,332
12757,424
12757,302
12757,36
12759,175
12759,76
12760,2
12720,3
12720,247
12720,389
12752,258
12752,177
12752,155
12758,434
12753,366
12751,325
12751,223
12751,174
12763,428
12754,131
12754,167
12754,178
12768,374
12767,57
12767,349
12767,238
12764,447
12764,376
12764,440
12769,374
12770,359
12773,490
12773,460
12771,488
12771,397
12772,253
12772,75
12772,288
12777,212
12777,185
12766,348
12775,34
12775,157
12775,66
12776,465
12776,183
12697,204
12780,240
12780,247
12782,490
12774,286
12774,190
12778,246
12779,320
12779,126
12779,34
12781,208
12762,179
12765,429
12783,75
12761,433
12761,351
12784,469
12784,477
12784,389
12722,11
12722,89
12722,358
12785,85
12785,296
12787,197
12787,344
12786,230
12786,268
12790,392
12788,438
12788,140
12788,412
12791,293
12791,350
12791,113
12789,119
12789,114
12793,189
12792,79
12792,11
12795,5
12795,381
12795,445
12794,285
12718,245
12724,353
12724,223
12724,295
12796,262
12797,33
12797,84
12798,277
12798,288
12798,8
12800,186
12799,437
12799,424
12802,296
12802,149
12802,181
12803,236
12803,119
12801,221
12801,125
12801,137
12804,369
12806,214
12806,231
12807,308
12808,494
12805,258
12805,323
12805,43
12810,49
12821,55
12821,487
12822,70
12822,20
12823,310
12823,70
12820,353
12824,221
12825,69
12826,188
12827,446
12815,232
12815,343
12815,99
12828,6
12828,113
12830,257
12812,454
12831,448
12831,490
12829,150
12832,211
12832,285
12833,471
12833,407
12833,358
12835,433
12834,40
12817,173
12813,489
12813,34
12818,484
12818,79
12811,7
12811,167
12811,169
12814,203
12814,236
12814,299
12819,243
12809,414
12816,170
12816,273
12838,265
12839,316
12839,269
12839,127
12836,130
12836,284
12840,454
12842,214
12841,392
12841,389
12841,84
12843,128
12843,131
12844,272
12844,296
12847,395
12846,414
12846,241
12846,471
12849,90
12845,195
12848,7
12848,131
12851,232
12851,14
12852,342
12852,73
12852,120
12853,439
12853,358
12850,486
12850,500
12855,186
12855,93
12855,18
12860,479
12859,280
12859,268
12859,215
12857,6
12857,201
12856,88
12856,47
12854,224
12858,98
12858,87
12858,191
12864,460
12862,143
12862,205
12861,175
12863,494
12865,124
12870,384
12870,459
12875,158
12875,210
12875,380
12872,350
12878,475
12877,410
12877,468
12876,8
12876,131
12876,64
12873,321
12873,292
12873,103
12879,74
12880,443
12880,475
12880,391
12882,12
12884,120
12881,145
12881,329
12881,251
12886,371
12885,162
12885,473
12883,382
12883,485
12887,473
12887,9
12887,3
12837,32
12871,238
12871,141
12888,383
12888,421
12888,370
12867,233
12867,78
12866,95
12868,187
12868,347
12890,142
12890,391
12890,2
12869,273
12869,442
12869,269
12891,493
12891,411
12891,308
12874,306
12874,150
12874,187
12893,7
12889,119
12889,397
12889,434
12897,354
12897,318
12897,54
12892,221
12892,12
12892,281
12894,119
12894,301
12894,36
12896,142
12896,379
12895,431
12895,289
12895,185
12898,417
12900,128
12904,382
12904,469
12905,348
12905,374
12905,288
12899,479
12906,262
12908,244
12908,299
12908,259
12902,341
12902,348
12907,26
12907,302
12901,179
12901,292
12901,466
12909,133
12909,426
12909,318
12919,142
12914,304
12920,8
12920,472
12920,251
12910,45
12910,298
12923,490
12922,439
12922,343
12924,19
12924,285
12921,390
12921,441
12921,398
12903,465
12903,463
12903,363
12916,293
12927,489
12927,449
12927,187
12930,344
12930,103
12930,293
12915,135
12915,284
12933,476
12929,121
12929,226
12935,312
12935,212
12931,309
12934,244
12925,199
12925,255
12925,195
12918,140
12918,24
12918,213
12917,28
12917,346
12913,334
12911,179
12911,320
12936,205
12936,151
12936,123
12912,496
12912,251
12912,237
12926,121
12932,27
12932,49
12937,195
12938,469
12938,368
12938,405
12939,497
12939,141
12939,313
12941,91
12941,332
12940,423
12940,471
12940,458
12943,294
12943,169
12943,146
12942,159
12942,298
12944,24
12944,236
12944,115
12945,121
12945,167
12945,351
12946,213
12946,56
12946,162
12948,467
12948,46
12948,9
12928,101
12928,280
12947,241
12949,102
12949,495
12953,288
12952,404
12952,371
12952,394
12950,476
12950,101
12954,108
12951,360
12951,372
12956,474
12956,426
12957,29
12957,224
12957,57
12958,10
12958,395
12958,14
12959,166
12959,162
12955,240
12955,450
12955,19
12961,285
12960,61
12963,442
12964,301
12965,412
12962,374
12962,172
12966,175
12966,285
12966,298
12969,388
12969,88
12970,37
12970,352
12970,258
12967,461
12967,250
12971,446
12968,447
12968,468
12972,13
12973,297
12973,293
12975,457
12974,160
12974,64
12974,239
12977,365
12977,371
12978,302
12978,143
12978,210
12979,2
12976,299
12976,262
12976,107
12981,396
12981,402
12980,279
12980,12
12983,75
12982,257
12982,296
12982,481
12985,149
12984,279
12984,113
12986,421
12986,443
12986,494
12987,371
12987,482
12987,434
12989,200
12989,332
12989,349
12988,323
12988,306
12991,422
12990,64
12990,169
12990,311
12993,128
12993,348
12992,445
12994,178
12994,446
12995,322
12998,360
12998,447
12997,301
12997,338
12997,106
12996,399
12999,102
12999,29
12999,192
13000,272
13003,436
13001,23
13002,296
13002,5
13004,376
13011,483
13006,321
13006,114
13005,420
13007,397
13007,486
13012,58
13014,124
13014,444
13013,178
13016,233
13010,375
13010,265
13010,185
13017,369
13017,374
13018,353
13018,100
13015,49
13015,455
13019,221
13019,161
13019,126
13025,274
13025,248
13024,213
13024,136
13024,90
13027,481
13027,416
13027,87
13009,342
13009,477
13009,400
13026,441
13028,263
13028,276
13028,117
13008,441
13023,419
13022,66
13022,61
13022,439
13020,348
13020,378
13021,22
13021,110
13029,244
13029,40
13029,62
13032,340
13032,105
13031,398
13033,312
13030,183
13030,36
13030,310
13034,247
13034,234
13034,470
13036,298
13036,201
13036,32
13037,206
13037,158
13038,41
13038,171
13041,114
13040,13
13040,146
13040,272
13039,304
13039,288
13035,88
13053,97
13053,184
13047,185
13047,437
13054,101
13054,209
13054,429
13055,470
13050,194
13050,257
13050,86
13048,338
13056,183
13059,273
13059,146
13059,23
13058,252
13057,339
13057,420
13057,446
13060,131
13063,206
13063,112
13064,382
13064,391
13064,396
13062,25
13051,481
13051,51
13065,332
13066,63
13066,347
13061,441
13061,406
13061,422
13042,222
13042,266
13049,246
13072,476
13072,369
13071,478
13071,228
13073,100
13052,37
13052,16
13074,169
13074,279
13077,342
13077,288
13075,164
13076,2
13079,497
13079,176
13079,60
13078,423
13044,308
13044,131
13044,160
13070,329
13080,350
13080,463
13080,389
13081,110
13081,28
13083,356
13083,489
13084,475
13082,329
13086,250
13086,30
13086,194
13085,90
13085,100
13045,103
13045,68
13087,98
13087,46
13087,103
13093,222
13093,59
13088,257
13088,99
13088,192
13089,397
13089,443
13089,434
13090,172
13090,292
13090,124
13092,189
13092,471
13092,233
13091,296
13068,366
13067,186
13067,171
13067,207
13069,453
13046,179
13095,39
13094,424
13094,264
13097,355
13097,463
13098,51
13043,433
13043,372
13101,275
13099,429
13099,434
13100,171
13100,89
13100,113
13106,311
13106,248
13108,445
13108,393
13108,43
13107,300
13107,227
13104,468
13104,456
13104,426
13096,458
13096,445
13112,239
13113,127
13115,371
13115,392
13114,174
13117,463
13117,150
13117,390
13119,250
13119,149
13118,130
13118,309
13116,372
13116,450
13116,415
13120,276
13120,56
13121,158
13121,20
13124,50
13124,7
13127,342
13122,354
13122,409
13122,428
13125,246
13125,1
13125,360
13126,126
13126,100
13126,329
13128,8
13128,145
13128,294
13129,248
13109,183
13109,81
13109,208
13131,282
13131,275
13131,74
13133,389
13133,333
13133,298
13134,162
13130,320
13130,239
13130,245
13132,233
13132,413
13132,302
13135,396
13135,484
13139,195
13139,314
13137,369
13140,125
13123,102
13123,22
13123,81
13141,165
13144,469
13144,443
13144,439
13143,208
13143,67
13142,68
13142,1
13136,212
13136,219
13105,208
13138,407
13138,335
13138,106
13102,335
13102,399
13110,366
13103,332
13103,75
13111,193
13111,211
13111,288
13145,32
13145,23
13145,112
13146,248
13146,19
13146,356
13151,497
13148,226
13148,402
13152,165
13149,310
13149,319
13149,76
13153,32
13154,143
13154,177
13156,111
13156,19
13156,25
13155,99
13155,411
13157,479
13157,40
13157,345
13150,379
13150,500
13147,252
13159,186
13159,107
13159,121
13158,173
13158,490
13160,3
13160,300
13162,486
13164,319
13171,424
13171,365
13171,408
13172,144
13172,252
13172,48
13170,324
13170,62
13161,80
13161,305
13161,248
13166,91
13166,483
13174,352
13174,126
13175,126
13175,282
13173,498
13173,375
13176,124
13176,312
13176,191
13167,453
13167,410
13167,9
13165,259
13168,443
13168,485
13169,200
13163,307
13163,35
13177,300
13177,183
13177,409
13178,140
13178,298
13178,349
13180,81
13180,348
13185,39
13185,360
13185,107
13188,268
13188,75
13188,172
13193,449
13193,86
13179,220
13179,42
13186,97
13194,187
13187,460
13187,428
13189,241
13192,179
13192,16
13192,358
13198,187
13198,199
13198,310
13182,40
13199,364
13202,61
13202,34
13202,189
13201,17
13201,104
13200,190
13203,399
13203,400
13204,307
13204,243
13204,122
13205,294
13207,168
13208,33
13206,257
13209,393
13210,349
13210,454
13210,299
13212,39
13213,335
13213,157
13211,146
13216,253
13215,228
13215,266
13214,246
13214,159
13217,144
13217,170
13218,370
13218,318
13218,181
13183,255
13183,78
13183,225
13220,42
13220,309
13220,296
13219,324
13219,6
13221,438
13225,272
13225,123
13225,210
13224,120
13223,479
13226,75
13226,254
13222,126
13222,252
13228,17
13228,285
13227,89
13191,297
13231,51
13231,155
13231,130
13197,423
13197,388
13229,473
13229,447
13229,32
13230,235
13230,142
13230,29
13190,390
13184,467
13184,493
13195,228
13196,287
13196,105
13233,188
13232,383
13236,362
13235,342
13234,362
13234,317
13238,157
13238,482
13237,408
13237,102
13239,226
13239,403
13239,215
13181,498
13242,189
13242,191
13242,32
13240,361
13240,419
13244,77
13244,484
13241,371
13246,20
13246,499
13245,273
13245,287
13245,16
13247,321
13247,299
13248,459
13248,166
13248,171
13250,272
13250,113
13251,5
13249,149
13249,204
13249,117
13252,322
13252,141
13254,144
13254,46
13254,264
13253,105
13253,56
13255,275
13243,126
13243,317
13256,152
13257,485
13257,418
13258,6
13259,439
13259,451
13259,399
13260,447
13260,441
13261,373
13261,334
13263,5
13263,339
13262,180
13264,270
13264,360
13264,25
13265,89
13266,201
13266,417
13267,171
13267,321
13267,302
13270,391
13270,395
13270,464
13271,321
13271,12
13271,147
13272,421
13272,174
13272,401
13273,481
13273,235
13273,150
13269,389
13269,454
13269,339
13274,26
13275,262
13275,321
13275,390
13276,73
13276,190
13276,189
13277,138
13268,452
13268,223
13281,347
13281,321
13281,373
13279,148
13279,134
13279,188
13280,5
13280,321
13292,429
13292,431
13278,371
13278,434
13293,434
13293,480
13293,317
13291,82
13291,38
13294,306
13294,152
13285,327
13285,199
13285,379
13295,492
13295,198
13295,354
13296,229
13290,63
13290,126
13290,131
13299,164
13299,175
13297,223
13301,432
13298,377
13303,204
13303,235
13302,186
13302,493
13300,302
13300,23
13300,165
13283,335
13308,306
13282,73
13282,449
13282,29
13305,128
13305,64
13306,231
13287,476
13287,495
13304,365
13304,312
13304,115
13284,76
13284,179
13286,116
13286,474
13307,8
13309,483
13309,360
13309,380
13289,160
13289,113
13289,473
13288,357
13288,351
13311,271
13311,371
13311,128
13312,134
13315,81
13315,50
13315,225
13317,351
13319,407
13318,479
13318,55
13318,274
13320,215
13316,1
13316,268
13321,68
13322,491
13323,405
13323,368
13325,18
13324,150
13324,213
13324,121
13313,335
13314,328
13314,26
13314,36
13328,160
13328,289
13330,245
13330,458
13330,272
13333,137
13333,115
13333,23
13334,469
13339,484
13339,224
13339,282
13337,34
13337,61
13337,132
13310,254
13310,53
13338,238
13338,254
13341,493
13340,35
13342,45
13342,60
13345,83
13345,133
13343,41
13343,9
13343,287
13346,126
13346,243
13347,71
13347,317
13347,156
13348,306
13348,23
13348,202
13336,104
13344,353
13344,422
13344,392
13335,11
13350,327
13350,304
13350,31
13329,20
13329,122
13351,411
13351,384
13352,289
13353,38
13353,320
13349,50
13331,90
13331,460
13327,393
13327,70
13327,28
13332,80
13332,135
13326,390
13326,208
13326,138
13354,124
13354,220
13356,322
13356,18
13355,179
13355,123
13355,438
13357,30
13358,4
13358,340
13358,350
13359,487
13359,426
13359,430
13361,30
13361,318
13361,236
13366,66
13366,369
13360,477
13360,33
13370,478
13372,180
13372,439
13371,460
13368,336
13368,158
13368,56
13374,155
13376,14
13367,36
13367,466
13369,154
13369,5
13377,335
13377,294
13375,142
13375,253
13381,49
13379,182
13379,73
13379,179
13380,327
13380,495
13380,378
13382,48
13382,276
13382,170
13383,445
13378,2
13378,163
13378,452
13373,122
13384,174
13384,135
13364,164
13364,290
13364,292
13362,231
13362,16
13365,208
13392,226
13392,108
13392,290
13388,4
13388,76
13388,168
13391,20
13391,38
13390,94
13390,148
13390,23
13385,126
13389,306
13389,312
13389,273
13387,234
13387,329
13386,102
13386,414
13393,482
13393,412
13395,323
13394,199
13394,289
13396,169
13396,3
13396,20
13397,173
13400,287
13400,185
13363,141
13363,327
13363,223
13399,262
13399,309
13399,105
13398,49
13398,30
13398,107
13411,68
13411,84
13408,379
13410,383
13412,438
13409,485
13413,299
13414,497
13414,30
13414,124
13416,226
13416,64
13417,166
13418,95
13418,242
13418,118
13403,297
13403,399
13403,264
13404,226
13404,61
13420,96
13421,276
13421,105
13424,242
13424,171
13419,307
13419,170
13423,243
13425,191
13425,446
13425,487
13422,440
13422,289
13422,202
13426,35
13402,221
13407,498
13407,243
13407,109
13427,493
13405,352
13428,377
13428,496
13428,371
13401,303
13401,181
13401,147
13430,129
13429,148
13429,285
13429,44
13432,434
13432,476
13431,269
13431,20
13435,323
13436,274
13415,349
13415,379
13415,123
13433,257
13406,438
13438,306
13438,144
13438,36
13437,124
13437,128
13437,271
13443,404
13442,394
13442,385
13441,280
13445,334
13445,110
13440,312
13440,126
13440,328
13448,25
13447,1
13449,316
13449,322
13444,492
13444,340
13446,95
13446,328
13439,389
13439,150
13439,164
13450,127
13450,151
13450,228
13434,282
13434,217
13434,135
13451,447
13452,89
13452,67
13453,74
13453,20
13455,178
13456,209
13457,393
13454,157
13454,88
13458,459
13458,374
13458,425
13459,388
13460,151
13460,62
13462,202
13463,207
13461,282
13461,199
13461,266
13464,189
13464,37
13468,145
13468,245
13468,318
13477,2
13478,450
13479,119
13465,479
13465,499
13476,445
13476,456
13472,426
13472,424
13472,481
13480,429
13480,188
13480,190
13482,364
13482,467
13482,22
13484,438
13481,118
13485,199
13485,120
13485,154
13467,194
13467,152
13486,70
13488,351
13483,262
13491,324
13491,120
13490,138
13490,5
13466,371
13466,394
13466,295
13489,44
13475,392
13475,404
13487,422
13487,436
13473,11
13473,118
13492,160
13469,115
13470,394
13470,314
13471,125
13471,321
13471,493
13494,234
13494,146
13474,72
13474,205
13474,100
13493,400
13493,414
13493,426
13496,474
13496,441
13496,197
13497,105
13497,335
13497,90
13500,9
13495,451
13495,363
13498,358
13499,232
13499,134
13501,350
13501,156
13501,79
13502,346
13502,380
13502,413
13503,66
13503,4
13504,270
13504,285
13507,465
13507,362
13507,357
13505,326
13505,64
13508,297
13506,56
13510,332
13510,353
13509,123
13509,188
13511,188
13511,100
13513,75
13514,494
13514,499
13514,56
13512,61
13512,181
13512,88
13518,125
13518,24
13516,126
13519,248
13519,102
13519,112
13522,374
13522,451
13517,15
13523,35
13521,413
13520,484
13515,152
13515,6
13515,164
13524,385
13524,134
13526,315
13526,183
13525,295
13527,198
13527,60
13527,306
13530,179
13530,339
13528,217
13528,230
13529,318
13529,202
13529,24
13532,429
13532,337
13531,362
13531,376
13531,193
13537,245
13537,151
13537,214
13536,97
13536,160
13536,123
13538,275
13538,221
13538,201
13539,338
13539,294
13540,36
13540,185
13540,160
13533,257
13533,366
13534,258
13534,40
13535,153
13535,315
13535,409
13548,65
13549,429
13549,186
13546,356
13554,189
13554,337
13553,381
13553,444
13553,434
13556,381
13556,110
13556,182
13557,107
13557,47
13557,282
13552,214
13552,227
13559,312
13558,438
13558,32
13558,72
13560,364
13541,419
13555,221
13555,28
13555,119
13565,89
13565,223
13565,304
13550,371
13550,402
13562,453
13562,378
13562,446
13563,203
13563,380
13561,34
13561,289
13561,92
13566,204
13566,325
13544,496
13544,425
13544,208
13567,450
13568,330
13568,92
13570,312
13564,246
13564,307
13564,466
13571,165
13571,77
13569,25
13569,211
13569,57
13574,365
13574,280
13575,154
13575,69
13575,313
13576,380
13573,355
13543,20
13543,117
13572,470
13572,422
13542,400
13542,316
13542,391
13545,497
13577,466
13577,372
13577,490
13578,341
13578,89
13578,103
13579,456
13579,498
13551,37
13551,491
13581,276
13581,143
13581,83
13582,53
13547,359
13583,7
13583,268
13585,279
13586,111
13587,258
13587,80
13587,99
13580,217
13580,266
13584,245
13588,192
13589,52
13592,275
13590,453
13594,407
13594,129
13594,125
13591,288
13591,302
13597,81
13597,343
13593,257
13593,316
13593,261
13596,146
13595,472
13595,270
13595,499
13608,235
13608,129
13609,288
13609,147
13609,379
13610,218
13610,69
13610,329
13602,445
13602,262
13599,120
13599,291
13599,228
13614,53
13615,35
13615,31
13612,39
13617,73
13617,91
13617,153
13601,430
13611,480
13611,343
13611,401
13604,307
13604,486
13603,440
13603,98
13600,421
13600,7
13607,104
13607,141
13624,35
13624,105
13624,203
13623,350
13625,140
13625,64
13625,235
13626,496
13626,373
13627,287
13606,19
13606,72
13605,208
13605,3
13616,2
13619,72
13619,254
13619,158
13620,23
13620,292
13620,262
13621,379
13621,360
13621,500
13618,205
13598,117
13598,196
13598,240
13613,121
13628,267
13628,244
13628,216
13630,154
13630,170
13630,253
13631,436
13629,447
13632,386
13632,488
13632,432
13633,249
13634,306
13636,261
13636,262
13636,429
13635,193
13635,29
13635,480
13637,36
13637,64
13637,47
13639,307
13639,229
13640,243
13640,375
13640,66
13638,366
13638,135
13638,316
13641,105
13641,274
13643,179
13643,477
13645,55
13644,89
13644,170
13644,160
13648,468
13648,407
13642,390
13642,499
13642,438
13651,104
13649,431
13649,409
13649,476
13647,429
13658,421
13658,138
13658,161
13646,166
13646,122
13646,196
13659,389
13661,448
13660,173
13660,141
13663,280
13662,264
13662,258
13664,390
13664,415
13650,458
13650,239
13650,223
13665,288
13665,111
13665,308
13657,334
13668,251
13668,490
13668,224
13666,140
13666,127
13669,99
13669,269
13667,379
13667,415
13667,348
13670,487
13674,335
13673,221
13673,300
13673,361
13672,222
13672,333
13672,20
13671,165
13671,464
13652,480
13654,142
13656,327
13656,181
13656,213
13622,74
13622,176
13653,399
13653,484
13653,435
13676,443
13676,441
13675,344
13675,183
13675,51
13677,13
13678,191
13678,201
13678,227
13679,453
13655,326
13655,149
13655,13
13681,419
13681,426
13683,419
13683,414
13683,378
13680,442
13680,167
13680,342
13684,42
13684,480
13685,458
13686,238
13686,175
13682,121
13682,222
13682,376
13687,405
13687,498
13687,471
13690,374
13690,13
13690,164
13688,411
13689,370
13691,187
13691,189
13691,55
13692,81
13692,97
13692,170
13695,367
13697,146
13696,160
13696,467
13699,495
13699,184
13699,435
13693,222
13698,56
13706,256
13706,213
13707,302
13703,364
13704,35
13705,442
13705,174
13705,86
13709,365
13709,490
13709,456
13708,129
13710,117
13711,365
13711,281
13713,244
13713,183
13716,146
13712,415
13712,372
13712,447
13718,274
13718,322
13718,99
13714,381
13714,477
13714,500
13715,340
13715,125
13715,98
13720,436
13722,76
13719,347
13719,273
13719,322
13721,148
13721,322
13724,396
13724,425
13724,40
13723,183
13723,21
13723,452
13726,253
13727,421
13725,7
13725,119
13725,271
13728,288
13730,392
13730,456
13731,359
13731,410
13731,489
13702,400
13702,480
13717,336
13717,41
13732,288
13732,54
13733,38
13734,267
13734,47
13734,136
13694,356
13735,348
13735,80
13735,125
13738,153
13738,221
13736,11
13736,115
13736,200
13737,353
13739,497
13739,187
13740,273
13741,431
13741,354
13742,85
13742,289
13742,190
13743,162
13743,189
13747,235
13747,198
13747,24
13746,458
13746,237
13746,490
13745,17
13745,325
13744,455
13744,2
13700,450
13755,306
13756,100
13757,317
13757,56
13757,341
13758,23
13759,179
13760,306
13748,454
13748,193
13761,401
13761,257
13761,441
13762,72
13764,352
13764,475
13763,13
13765,381
13765,389
13765,441
13767,180
13767,138
13729,314
13768,314
13769,435
13771,344
13771,126
13771,235
13766,349
13766,135
13773,71
13773,412
13773,162
13772,408
13774,498
13774,392
13776,132
13776,84
13778,199
13778,297
13775,292
13779,463
13752,408
13752,244
13770,279
13770,478
13750,8
13751,68
13751,217
13751,453
13701,367
13701,231
13777,109
13777,84
13777,91
13754,113
13780,182
13749,139
13749,164
13749,422
13781,149
13753,3
13784,87
13784,93
13784,91
13783,24
13783,167
13783,492
13787,105
13787,6
13791,433
13791,128
13782,443
13782,450
13788,338
13788,440
13788,152
13789,137
13789,269
13789,206
13785,170
13786,361
13799,77
13803,241
13801,50
13801,301
13800,203
13800,454
13790,355
13790,101
13804,347
13804,181
13806,435
13805,109
13808,96
13808,108
13808,287
13802,494
13802,397
13802,26
13798,483
13810,154
13810,111
13794,17
13794,140
13794,245
13812,176
13809,473
13809,466
13809,498
13811,254
13811,283
13811,155
13814,212
13793,195
13793,304
13792,442
13816,158
13816,76
13797,149
13797,262
13797,26
13815,86
13815,362
13815,279
13796,60
13796,7
13817,379
13817,359
13813,305
13813,467
13820,335
13820,360
13820,155
13822,192
13822,12
13822,14
13807,374
13807,388
13828,440
13828,370
13795,300
13795,415
13795,363
13824,263
13823,105
13827,328
13827,137
13830,280
13831,211
13831,113
13833,103
13833,154
13833,135
13834,85
13834,359
13834,106
13826,449
13832,257
13818,151
13829,266
13821,203
13821,323
13835,142
13836,470
13837,128
13837,364
13838,362
13838,463
13838,60
13839,338
13839,35
13825,93
13825,96
13819,183
13819,402
13819,254
13843,365
13843,193
13843,292
13840,368
13840,418
13842,147
13846,162
13844,249
13844,328
13844,413
13845,375
13845,467
13848,461
13848,466
13849,303
13849,335
13849,262
13850,9
13850,128
13851,474
13853,323
13852,172
13854,277
13854,211
13847,119
13847,188
13857,275
13857,41
13856,382
13856,66
13855,487
13855,471
13858,347
13858,32
13859,124
13841,391
13841,39
13841,470
13860,376
13860,494
13862,459
13862,445
13861,133
13863,462
13863,354
13863,383
13865,215
13865,31
13865,95
13864,195
13864,386
13864,218
13866,302
13866,18
13867,476
13868,440
13868,351
13869,401
13870,317
13870,205
13870,304
13871,195
13871,495
13871,234
13872,302
13872,106
13872,332
13874,298
13874,188
13873,260
13873,23
13876,102
13876,364
13875,216
13875,69
13875,45
13877,240
13877,215
13879,432
13879,470
13878,392
13878,360
13880,314
13880,151
13880,50
13883,298
13882,192
13893,263
13893,157
13893,221
13881,344
13881,195
13881,34
13894,334
13894,174
13894,47
13895,119
13895,203
13895,456
13892,301
13892,64
13897,396
13898,333
13898,358
13887,221
13887,268
13889,430
13899,303
13899,65
13900,251
13900,107
13902,176
13901,19
13896,259
13896,2
13896,347
13904,99
13906,437
13906,353
13903,266
13908,44
13905,156
13905,470
13888,412
13907,400
13907,500
13907,249
13890,190
13890,162
13886,356
13885,318
13885,11
13885,258
13891,234
13891,138
13891,315
13884,85
13909,87
13910,38
13913,243
13913,389
13913,55
13912,471
13912,477
13912,20
13911,344
13911,98
13915,258
13914,350
13914,6
13914,320
13916,151
13921,382
13922,36
13922,367
13917,75
13917,57
13917,74
13918,45
13918,134
13918,154
13920,273
13920,323
13920,382
13923,19
13923,138
13919,44
13919,221
13924,496
13924,382
13924,446
13926,234
13926,460
13926,374
13934,328
13934,16
13936,418
13936,449
13936,102
13935,385
13935,7
13929,23
13938,461
13939,122
13939,76
13933,284
13937,472
13937,419
13937,380
13941,459
13941,469
13942,118
13942,212
13942,95
13943,403
13944,57
13945,150
13945,119
13940,61
13940,337
13947,196
13948,391
13946,417
13946,118
13953,187
13930,437
13954,482
13954,261
13928,310
13928,14
13928,137
13925,391
13925,476
13925,439
13927,482
13927,394
13932,195
13932,336
13949,263
13952,275
13952,109
13950,96
13950,61
13961,83
13931,244
13931,276
13931,295
13960,11
13956,126
13956,268
13959,362
13964,157
13958,462
13958,441
13963,236
13963,137
13955,21
13965,110
13967,161
13967,479
13966,141
13966,39
13966,184
13957,182
13969,444
13951,234
13951,126
13970,85
13962,483
13972,187
13971,449
13971,486
13974,264
13974,58
13968,179
13968,72
13968,219
13978,402
13976,415
13976,390
13977,35
13977,56
13979,413
13979,374
13975,255
13975,158
13981,177
13981,444
13980,317
13980,151
13980,152
13987,152
13990,130
13989,148
13988,140
13988,335
13988,50
13991,165
13991,189
13991,346
13992,232
13992,370
13992,301
13973,230
13973,34
13973,108
13994,276
13994,126
13983,20
13983,261
13983,419
13984,406
13984,340
13984,67
13993,366
13993,237
13993,455
13997,367
13997,396
13997,370
13986,390
13986,352
13986,480
13998,57
13998,104
13999,238
13999,331
14000,321
14000,167
14001,7
14001,132
14001,120
14004,431
14004,119
14003,265
14006,441
14006,376
14006,481
13982,485
13985,478
13985,285
13996,122
13996,495
13996,256
13995,290
14002,132
14005,60
14007,142
14008,190
14008,143
14008,53
14010,34
14010,301
14011,348
14022,278
14022,19
14022,21
14015,278
14015,226
14009,352
14025,37
14023,401
14023,382
14023,368
14026,320
14024,6
14024,79
14024,102
14012,83
14027,227
14027,12
14018,213
14018,420
14013,108
14028,484
14020,258
14020,280
14019,372
14019,110
14019,188
14016,341
14016,204
14016,98
14014,312
14017,242
14017,421
14021,183
14021,64
14029,237
14029,318
14030,281
14030,315
14030,76
14031,150
14031,70
14031,126
14033,211
14033,296
14032,104
14032,194
14032,376
14036,438
14034,421
14037,10
14037,153
14038,224
14035,483
14041,329
14041,58
14041,208
14040,248
14040,11
14040,265
14039,87
14039,335
14039,163
14042,344
14043,84
14043,137
14043,188
14055,157
14055,292
14055,442
14048,373
14048,90
14048,256
14056,293
14056,435
14046,85
14046,12
14046,90
14057,137
14051,348
14051,219
14058,188
14058,163
14059,352
14059,201
14059,367
14061,431
14062,305
14062,423
14063,5
14063,296
14060,214
14065,258
14065,44
14065,301
14064,278
14064,93
14064,110
14052,146
14054,3
14054,275
14054,131
14066,79
14066,193
14066,67
14067,196
14070,184
14070,41
14068,79
14068,82
14068,113
14071,7
14071,380
14071,311
14044,412
14044,443
14069,381
14049,155
14049,280
14053,403
14072,106
14072,155
14072,53
14047,458
14047,378
14047,479
14073,145
14073,160
14050,430
14050,379
14050,18
14045,219
14045,461
14075,459
14075,209
14077,404
14074,108
14074,264
14082,361
14079,455
14079,460
14078,24
14080,379
14080,253
14080,292
14081,432
14081,366
14081,25
14086,103
14083,94
14083,336
14085,345
14087,33
14087,1
14084,301
14090,243
14090,492
14090,224
14089,350
14076,312
14091,57
14091,136
14092,24
14092,78
14092,236
14088,384
14088,472
14093,127
14095,485
14094,126
14094,1
14094,337
14096,350
14096,395
14099,317
14099,354
14097,34
14097,5
14097,271
14098,140
14101,201
14101,281
14101,143
14104,191
14104,347
14104,224
14105,23
14105,439
14102,308
14112,264
14112,292
14103,150
14100,127
14100,173
14100,149
14117,110
14117,20
14113,74
14106,332
14106,270
14106,94
14114,398
14114,418
14119,78
14119,19
14120,138
14120,271
14118,490
14110,341
14122,107
14122,116
14123,234
14123,322
14127,160
14127,195
14124,226
14124,84
14124,216
14126,399
14126,183
14129,269
14129,181
14129,234
14115,102
14121,478
14121,181
14121,442
14130,497
14130,406
14125,486
14125,402
14128,81
14128,344
14128,243
14107,161
14107,256
14108,99
14108,63
14131,441
14131,296
14131,263
14132,236
14132,270
14132,379
14139,84
14139,272
14133,139
14133,182
14140,171
14140,460
14140,398
14141,100
14145,239
14145,237
14109,73
14109,219
14109,243
14144,285
14144,495
14144,38
14142,432
14134,118
14116,50
14116,153
14116,338
14135,128
14135,120
14150,97
14149,92
14149,203
14149,89
14152,195
14148,89
14148,112
14148,10
14147,429
14147,417
14147,409
14146,373
14146,46
14146,7
14153,381
14143,367
14143,6
14143,425
14151,264
14151,54
14151,158
14111,316
14111,283
14111,215
14136,70
14136,62
14138,317
14138,484
14138,33
14155,373
14155,369
14137,229
14137,481
14154,207
14154,146
14154,98
14157,305
14157,207
14161,6
14161,432
14158,199
14167,403
14167,489
14159,31
14169,16
14163,391
14163,396
14163,22
14168,440
14168,257
14168,146
14171,173
14171,396
14164,101
14164,31
14174,202
14174,8
14174,464
14173,200
14173,58
14177,92
14180,490
14170,328
14175,82
14182,225
14182,205
14172,372
14176,64
14176,230
14183,146
14183,152
14162,486
14156,475
14156,312
14178,492
14178,12
14165,50
14160,10
14160,90
14160,175
14179,290
14179,239
14179,165
14185,270
14185,263
14185,223
14181,284
14184,443
14184,171
14188,375
14188,328
14188,104
14187,97
14191,108
14190,40
14190,247
14190,160
14186,463
14192,9
14189,135
14195,305
14194,192
14194,53
14166,224
14197,364
14197,91
14197,330
14193,140
14193,96
14193,290
14198,196
14198,70
14199,102
14199,335
14196,396
14196,202
14196,152
14201,452
14201,373
14201,417
14200,347
14204,401
14204,464
14204,421
14205,223
14206,6
14206,295
14208,469
14208,88
14203,316
14203,244
14203,6
14202,7
14202,34
14202,50
14216,252
14216,363
14216,103
14215,331
14215,188
14215,176
14217,406
14220,395
14220,10
14218,487
14218,266
14223,374
14223,33
14223,279
14222,267
14222,120
14222,121
14221,298
14207,3
14207,106
14226,48
14226,13
14226,97
14225,229
14225,260
14225,28
14224,123
14224,350
14224,264
14227,1
14227,16
14227,57
14230,50
14231,300
14231,98
14231,427
14211,423
14211,389
14211,451
14214,174
14214,110
14212,13
14212,159
14209,32
14213,151
14213,155
14213,288
14234,3
14234,166
14233,410
14233,484
14232,470
14232,494
14232,364
14235,495
14236,334
14237,443
14237,458
14239,261
14239,75
14241,48
14228,33
14240,349
14240,247
14240,206
14238,71
14238,119
14238,361
14242,351
14242,476
14242,445
14219,383
14229,211
14229,124
14244,279
14244,42
14243,318
14210,419
14246,279
14246,172
14245,35
14245,430
14245,486
14258,90
14258,232
14247,67
14247,46
14247,233
14249,14
14249,276
14249,137
14261,315
14261,167
14261,165
14259,463
14259,458
14248,211
14248,68
14260,54
14260,171
14260,63
14257,96
14253,434
14253,149
14253,374
14266,144
14266,154
14265,300
14265,114
14263,333
14263,450
14264,163
14264,474
14264,313
14268,483
14268,415
14267,242
14267,463
14267,44
14262,311
14272,332
14272,296
14272,224
14269,461
14269,5
14269,441
14271,405
14271,222
14271,369
14270,240
14270,180
14270,200
14274,170
14274,405
14254,364
14273,107
14273,325
14250,386
14251,456
14251,447
14251,377
14252,3
14252,183
14252,10
14276,84
14276,153
14277,177
14277,213
14277,66
14280,119
14280,176
14280,295
14256,225
14278,261
14278,54
14278,393
14255,265
14255,32
14281,214
14286,346
14285,101
14287,284
14282,209
14282,59
14288,183
14288,154
14290,123
14290,168
14293,53
14293,298
14292,197
14291,286
14291,247
14283,479
14283,485
14294,431
14275,81
14275,356
14275,258
14295,453
14295,445
14279,11
14284,479
14289,328
14289,425
14289,251
14297,73
14296,69
14296,367
14300,380
14300,331
14301,326
14301,498
14301,61
14303,80
14303,461
14302,268
14302,98
14302,12
14299,302
14299,173
14304,78
14305,10
14305,80
14306,132
14306,228
14306,143
14307,220
14308,286
14308,439
14298,10
14298,344
14309,24
14309,255
14309,219
14312,197
14315,226
14316,496
14316,477
14316,399
14317,261
14318,42
14319,362
14319,391
14319,426
14310,395
14310,408
14311,170
14311,154
14311,115
14323,61
14323,306
14323,21
14320,84
14320,326
14320,271
14324,144
14325,24
14325,86
14325,355
14326,270
14326,15
14327,324
14327,34
14314,398
14314,307
14314,171
14313,250
14313,439
14313,38
14322,19
14322,227
14322,147
14328,366
14328,352
14328,470
14329,307
14329,54
14321,287
14321,108
14333,31
14333,30
14333,400
14341,124
14343,441
14343,398
14338,82
14340,42
14340,305
14340,242
14342,150
14342,115
14344,127
14344,272
14336,497
14336,406
14336,350
14345,124
14345,139
14345,56
14348,396
14348,7
14348,129
14347,328
14331,264
14331,22
14337,127
14350,86
14349,91
14351,84
14351,83
14352,307
14352,499
14355,399
14355,285
14353,292
14353,262
14334,129
14334,89
14334,336
14330,111
14330,170
14332,79
14332,330
14354,369
14356,210
14356,147
14335,246
14339,287
14339,184
14339,160
14359,1
14357,367
14360,67
14363,260
14362,296
14362,259
14362,173
14365,303
14365,88
14365,215
14364,144
14364,350
14361,87
14361,244
14361,288
14366,62
14368,389
14368,406
14370,434
14370,476
14370,393
14367,194
14367,201
14367,87
14369,403
14369,499
14371,89
14373,400
14373,369
14358,89
14358,270
14374,287
14374,28
14372,176
14372,84
14372,312
14376,430
14346,165
14346,262
14346,294
14379,280
14379,124
14377,207
14377,101
14377,423
14381,151
14381,8
14381,265
14384,135
14391,328
14391,129
14390,489
14390,494
14390,478
14392,305
14392,206
14385,376
14393,42
14394,327
14394,337
14387,391
14396,267
14378,72
14378,393
14395,196
14395,235
14395,149
14388,420
14389,459
14389,440
14382,201
14382,73
14380,106
14400,83
14398,441
14401,463
14401,473
14401,407
14399,341
14399,346
14397,408
14397,414
14383,447
14383,422
14383,390
14403,428
14403,485
14386,156
14386,241
14386,302
14402,291
14402,280
14404,49
14375,235
14375,294
14375,313
14405,413
14405,34
14406,5
14406,332
14406,295
14407,245
14407,243
14407,186
14408,318
14408,102
14408,258
14409,332
14409,121
14410,89
14411,78
14414,53
14412,161
14412,119
14415,226
14418,7
14417,250
14417,357
14420,294
14420,297
14420,253
14419,177
14419,106
14419,93
14423,339
14423,218
14424,254
14424,190
14424,300
14425,434
14422,165
14422,160
14422,378
14421,207
14426,6
14426,329
14427,152
14427,338
14427,252
14413,11
14413,344
14428,444
14428,440
14431,323
14431,446
14429,152
14429,146
14429,61
14430,438
14430,120
14416,483
14416,473
14416,234
14437,304
14437,276
14432,380
14438,41
14438,204
14438,105
14445,272
14445,80
14445,399
14436,291
14436,50
14436,169
14448,256
14447,449
14447,366
14447,326
14442,288
14449,351
14444,491
14444,386
14452,402
14450,181
14446,324
14446,30
14451,478
14451,356
14453,395
14453,190
14455,146
14455,406
14455,111
14440,499
14457,480
14441,342
14441,335
14441,264
14458,184
14458,383
14439,275
14443,241
14443,156
14443,335
14434,162
14434,131
14456,83
14456,46
14454,462
14454,354
14454,83
14435,485
14435,345
14435,126
14433,309
14460,302
14462,150
14459,201
14459,11
14473,66
14461,465
14461,438
14469,29
14469,120
14474,310
14474,169
14474,275
14464,329
14476,103
14476,321
14465,303
14465,235
14465,310
14477,453
14477,427
14477,455
14475,391
14475,487
14475,13
14467,374
14467,417
14479,470
14479,206
14479,92
14480,354
14480,404
14478,33
14481,458
14481,428
14481,165
14482,132
14485,143
14483,328
14483,115
14484,361
14484,432
14486,159
14486,20
14486,48
14487,244
14487,124
14487,92
14489,251
14489,193
14490,439
14490,434
14470,425
14466,427
14468,269
14468,254
14468,484
14488,113
14488,402
14488,99
14471,384
14492,463
14492,394
14492,386
14491,43
14491,92
14472,257
14472,76
14493,166
14493,256
14496,147
14496,132
14498,116
14494,489
14494,388
14494,429
14501,413
14463,4
14463,404
14463,308
14500,438
14500,44
14502,429
14499,454
14503,458
14503,358
14504,494
14497,426
14497,428
14497,400
14495,343
14495,350
14505,183
14505,409
14516,432
14516,218
14515,92
14515,198
14508,97
14508,55
14507,456
14507,500
14507,483
14510,198
14506,292
14506,406
14506,229
14509,138
14509,149
14513,364
14513,410
14513,362
14514,177
14514,274
14514,72
14512,352
14512,364
14511,454
14511,385
14511,351
14517,259
14517,3
14517,358
14518,292
14518,187
14519,57
14519,59
14519,183
14520,96
14520,166
14532,69
14522,375
14533,28
14533,223
14533,55
14534,349
14535,270
14535,301
14525,220
14525,158
14525,74
14521,496
14537,169
14536,446
14536,68
14523,284
14523,91
14531,478
14531,331
14538,55
14538,411
14540,196
14539,492
14539,75
14539,166
14529,221
14529,322
14529,222
14541,232
14541,90
14543,26
14543,232
14543,10
14545,320
14544,360
14544,112
14524,446
14526,86
14530,399
14527,462
14527,234
14527,50
14528,415
14528,174
14550,457
14547,386
14547,431
14547,365
14546,285
14546,301
14548,392
14548,364
14548,394
14551,423
14552,1
14552,176
14553,430
14553,201
14553,81
14555,62
14549,468
14549,414
14554,140
14554,250
14558,156
14558,448
14559,24
14559,253
14557,185
14560,135
14561,303
14561,297
14561,285
14562,403
14562,426
14564,53
14563,340
14563,233
14563,299
14565,1
14565,206
14567,479
14567,415
14568,217
14568,404
14566,309
14566,117
14566,302
14556,500
14542,372
14542,412
14570,35
14573,122
14573,251
14574,173
14574,198
14576,354
14576,134
14577,75
14577,6
14577,224
14571,28
14571,119
14575,240
14575,350
14575,196
14580,218
14580,71
14572,255
14578,405
14578,269
14586,122
14587,160
14587,105
14588,244
14588,30
14588,81
14590,252
14589,495
14591,382
14591,249
14583,149
14583,26
14592,164
14592,287
14579,315
14584,43
14584,485
14584,433
14582,330
14582,252
14582,412
14581,414
14581,462
14569,307
14569,124
14594,330
14594,271
14593,324
14593,450
14593,80
14595,9
14595,327
14595,373
14597,444
14596,99
14596,237
14596,170
14599,448
14599,406
14599,351
14600,165
14600,190
14598,315
14601,433
14601,317
14602,248
14602,319
14602,286
14604,11
14604,6
14605,271
14606,414
14606,51
14608,393
14603,171
14603,332
14603,308
14611,153
14611,86
14609,440
14610,23
14610,388
14610,239
14612,467
14612,93
14614,340
14613,462
14613,263
14585,5
14615,104
14615,487
14615,383
14616,40
14616,192
14616,349
14617,187
14617,30
14617,26
14618,369
14618,408
14618,495
14620,424
14620,83
14620,346
14619,126
14619,498
14619,190
14622,381
14622,410
14622,366
14621,341
14621,365
14623,165
14623,484
14625,290
14625,256
14626,376
14626,399
14626,371
14624,169
14607,306
14607,116
14627,326
14628,414
14640,229
14639,61
14639,30
14630,395
14630,79
14642,496
14642,424
14642,474
14641,458
14641,398
14641,382
14644,61
14644,438
14643,424
14629,191
14629,47
14646,11
14646,162
14645,219
14645,183
14647,72
14647,111
14634,88
14651,182
14651,143
14649,273
14649,105
14648,500
14648,360
14648,420
14650,355
14650,397
14635,358
14653,442
14652,193
14652,273
14652,35
14637,27
14637,119
14637,337
14657,484
14658,182
14658,65
14661,231
14661,349
14636,287
14659,414
14659,405
14659,428
14663,397
14663,296
14663,272
14662,479
14662,88
14638,147
14638,96
14638,64
14664,309
14664,67
14664,479
14654,423
14654,310
14654,106
14656,334
14656,201
14665,242
14632,47
14632,115
14632,37
14631,103
14631,228
14660,69
14660,236
14660,130
14633,132
14633,318
14633,242
14655,390
14666,229
14667,251
14667,218
14667,167
14669,397
14668,309
14668,213
14668,57
14671,154
14671,104
14671,239
14673,172
14675,290
14672,259
14672,200
14672,144
14670,421
14670,443
14674,12
14674,368
14676,5
14676,140
14676,191
14677,240
14677,130
14677,485
14678,1
14681,500
14685,219
14691,199
14691,324
14691,203
14693,126
14693,368
14693,230
14692,253
14692,148
14694,449
14687,417
14687,110
14690,470
14696,193
14697,143
14695,222
14695,138
14695,378
14698,412
14698,448
14698,496
14688,202
14700,316
14700,258
14699,181
14699,431
14701,492
14701,118
14701,197
14702,461
14702,375
14704,357
14703,500
14703,133
14703,448
14706,484
14706,469
14705,372
14707,80
14707,320
14707,113
14686,39
14683,440
14683,30
14680,367
14689,13
14689,221
14682,146
14682,176
14709,498
14709,200
14679,256
14679,276
14679,173
14710,365
14710,490
14708,491
14708,474
14708,396
14684,24
14712,7
14712,312
14711,254
14715,108
14715,4
14713,140
14713,143
14713,267
14714,301
14714,433
14714,305
14720,491
14720,421
14719,242
14718,131
14722,299
14722,53
14723,73
14723,272
14723,49
14724,253
14724,98
14724,114
14721,162
14721,409
14721,337
14717,37
14717,4
14728,166
14728,265
14728,69
14727,277
14727,406
14726,147
14726,115
14726,22
14716,90
14739,30
14739,104
14739,109
14738,226
14736,216
14736,142
14736,75
14741,414
14741,206
14741,413
14743,496
14743,363
14740,364
14740,418
14745,204
14745,253
14745,291
14737,340
14737,486
14746,70
14746,133
14747,348
14747,44
14747,11
14748,256
14748,148
14732,474
14749,403
14749,250
14750,250
14750,127
14750,139
14734,330
14734,29
14734,138
14725,486
14742,115
14742,272
14735,458
14735,241
14735,446
14733,61
14731,428
14730,59
14730,114
14752,20
14752,150
14751,81
14751,349
14753,293
14753,190
14756,185
14754,90
14755,11
14757,204
14759,222
14759,26
14760,82
14758,373
14758,436
14758,13
14765,219
14762,426
14729,451
14729,296
14729,310
14767,199
14769,323
14769,380
14769,9
14768,239
14768,123
14770,7
14770,365
14770,301
14766,37
14766,417
14766,457
14744,23
14744,266
14771,184
14771,173
14773,262
14773,1
14772,156
14772,302
14772,334
14763,497
14763,479
14763,499
14774,316
14774,347
14774,90
14764,231
14764,453
14764,230
14777,378
14777,446
14776,376
14776,138
14761,352
14775,27
14775,221
14775,48
14778,353
14778,363
14782,392
14779,333
14780,116
14780,286
14780,184
14781,472
14781,441
14781,371
14784,77
14784,180
14783,69
14783,227
14783,288
14785,42
14785,127
14785,161
14786,53
14786,343
14787,385
14787,376
14787,373
14788,124
14788,112
14790,65
14790,131
14790,50
14789,161
14789,20
14792,348
14791,141
14791,321
14793,475
14795,404
14795,440
14795,494
14796,418
14796,166
14794,231
14794,31
14794,341
14797,175
14797,350
14799,337
14798,1
14800,16
14800,407
14800,100
14801,479
14807,380
14810,76
14814,64
14814,150
14815,361
14816,392
14816,209
14816,232
14818,425
14818,413
14818,400
14817,161
14817,101
14817,245
14811,255
14811,155
14811,446
14820,152
14820,271
14819,170
14819,207
14823,179
14823,43
14823,348
14802,203
14802,388
14821,208
14821,372
14821,245
14824,434
14805,270
14805,238
14808,450
14808,434
14809,309
14826,332
14826,149
14826,62
14825,12
14825,330
14825,490
14828,302
14828,402
14828,205
14813,304
14803,25
14803,388
14803,176
14829,181
14829,47
14829,251
14806,141
14806,392
14830,469
14830,266
14812,394
14812,10
14812,437
14804,287
14804,139
14804,185
14832,308
14832,50
14832,191
14831,164
14831,335
14831,431
14834,30
14827,166
14833,415
14833,190
14833,315
14822,391
14822,376
14822,395
14835,463
14835,50
14835,475
14837,319
14837,86
14837,171
14836,81
14836,179
14839,229
14839,141
14841,364
14841,351
14841,406
14838,241
14840,467
14840,415
14840,452
14842,303
14842,207
14844,388
14846,310
14849,439
14849,377
14849,60
14851,342
14852,359
14850,28
14850,287
14850,383
14845,453
14845,193
14845,345
14853,419
14853,89
14853,408
14843,399
14854,293
14854,141
14855,384
14855,443
14848,407
14848,35
14848,27
14856,302
14856,158
14856,152
14847,329
14865,83
14865,247
14865,117
14866,392
14866,440
14869,352
14869,450
14868,476
14868,414
14868,388
14871,307
14871,292
14871,290
14872,210
14872,60
14874,197
14874,152
14874,338
14873,23
14873,200
14873,258
14875,196
14875,28
14875,9
14876,469
14857,411
14877,357
14878,260
14878,186
14878,163
14879,141
14879,447
14879,295
14880,490
14880,229
14870,438
14870,374
14870,419
14882,241
14881,38
14883,223
14867,160
14867,431
14867,403
14884,457
14861,163
14861,87
14885,48
14859,102
14859,296
14859,109
14858,328
14858,132
14860,108
14864,397
14864,495
14864,357
14862,465
14862,365
14863,499
14863,261
14863,393
14887,411
14886,422
14886,238
14886,123
14888,432
14888,107
14890,92
14891,496
14891,478
14889,189
14892,252
14895,335
14895,73
14893,309
14893,254
14894,373
14894,492
14896,374
14896,365
14897,193
14899,222
14899,341
14899,149
14900,198
14901,183
14903,252
14906,498
14906,396
14909,481
14909,358
14909,362
14912,50
14912,186
14912,2
14915,190
14914,342
14914,29
14914,266
14913,447
14913,459
14916,145
14910,364
14910,421
14910,494
14919,293
14917,186
14917,20
14917,492
14920,187
14920,284
14918,295
14918,348
14918,288
14922,141
14922,226
14924,13
14923,327
14923,110
14921,155
14921,228
14921,282
14898,281
14898,96
14925,289
14925,394
14902,224
14902,129
14902,239
14908,226
14908,264
14911,425
14911,496
14911,410
14904,342
14904,42
14927,211
14907,42
14905,180
14905,271
14928,254
14928,148
14926,328
14926,30
14926,245
14933,135
14933,218
14933,227
14937,484
14937,486
14934,208
14934,342
14934,316
14936,122
14935,382
14935,66
14939,2
14938,328
14938,238
14938,315
14940,72
14941,4
14944,139
14943,60
14942,487
14946,299
14948,292
14948,311
14948,341
14947,278
14947,499
14947,235
14951,310
14932,75
14932,136
14952,427
14952,44
14952,367
14950,33
14950,44
14949,484
14949,233
14953,273
14953,392
14953,141
14954,175
14954,449
14954,47
14955,53
14955,50
14955,85
14958,206
14958,304
14956,246
14956,158
14956,215
14930,236
14930,302
14930,289
14960,390
14960,488
14959,137
14959,192
14959,449
14957,39
14957,159
14957,63
14961,79
14961,418
14961,181
14962,380
14931,401
14931,463
14929,31
14963,179
14965,303
14965,366
14965,119
14964,94
14966,416
14966,366
14966,374
14967,365
14967,430
14976,386
14976,152
14976,286
14971,499
14971,481
14968,249
14968,49
14968,41
14972,472
14972,223
14972,397
14970,436
14970,119
14970,258
14978,282
14978,228
14978,57
14984,452
14984,421
14984,419
14982,434
14982,50
14983,13
14985,94
14980,200
14980,477
14980,117
14974,462
14974,20
14974,299
14979,415
14987,192
14987,125
14987,55
14991,156
14991,132
14992,232
14992,478
14975,174
14993,375
14977,384
14994,267
14994,135
14988,97
14988,274
14988,268
14996,74
14996,388
14996,347
14945,451
14945,433
14945,485
14995,275
14986,274
14986,92
14986,421
15000,124
15000,148
14999,407
14997,175
14997,318
14997,294
14998,496
15004,221
15002,61
15002,72
14981,63
14981,98
14981,109
14990,10
15007,197
15007,181
15005,7
14969,232
14969,234
14969,159
14989,296
15006,444
15009,239
15009,80
15009,74
15013,122
15013,419
15013,253
15012,70
15012,314
15012,313
15016,17
15016,430
15016,415
15015,309
15003,351
15003,41
15010,404
15011,406
15011,270
15011,417
15014,434
15019,21
15001,417
15001,428
15001,415
15027,405
15027,497
15027,390
15018,288
15018,326
15017,416
15017,414
15021,131
15021,14
15021,313
15025,151
15026,141
15026,61
15008,454
15008,383
15008,441
14973,214
14973,320
14973,15
15028,101
15028,288
15028,454
15020,189
15024,224
15024,285
15024,236
15022,172
15023,186
15023,149
15023,439
15029,175
15029,148
15029,95
15030,418
15034,139
15032,483
15032,494
15035,193
15035,175
15035,203
15037,358
15031,162
15031,61
15038,15
15033,164
15033,159
15036,71
15036,287
15036,221
15040,267
15040,340
15040,438
15041,246
15039,497
15039,351
15039,427
15042,222
15042,444
15054,193
15054,274
15043,276
15043,485
15043,135
15055,317
15055,409
15055,496
15056,500
15056,141
15057,403
15053,381
15053,76
15058,64
15058,179
15058,52
15059,218
15048,401
15048,489
15048,439
15060,298
15060,208
15063,347
15063,442
15062,398
15062,366
15062,419
15064,371
15064,66
15066,14
15065,474
15061,278
15061,218
15061,242
15067,307
15068,40
15044,72
15044,374
15051,251
15045,364
15052,65
15046,174
15046,94
15071,374
15071,189
15071,112
15072,397
15073,163
15073,119
15073,238
15050,160
15050,101
15050,32
15074,220
15074,43
15075,215
15070,454
15077,104
15077,350
15077,140
15078,254
15078,81
15078,133
15069,107
15069,138
15079,495
15079,269
15047,287
15047,197
15080,131
15076,162
15076,77
15082,472
15082,462
15081,477
15081,352
15084,422
15084,68
15083,164
15083,197
15086,31
15049,454
15049,461
15049,492
15088,79
15088,382
15088,391
15085,149
15087,228
15089,35
15089,212
15089,338
15090,138
15091,478
15091,399
15091,460
15096,396
15092,6
15092,308
15092,127
15104,417
15104,487
15103,387
15103,403
15106,294
15106,413
15105,93
15108,282
15108,92
15108,317
15107,488
15110,420
15110,474
15109,170
15109,351
15109,449
15099,49
15111,197
15111,453
15112,353
15112,42
15113,105
15113,166
15113,44
15094,241
15115,32
15114,410
15114,287
15119,51
15117,433
15117,432
15093,224
15093,372
15093,31
15122,399
15120,370
15116,201
15116,381
15121,447
15121,444
15121,459
15124,76
15097,24
15097,162
15101,19
15125,52
15128,241
15129,327
15127,375
15127,454
15127,387
15130,175
15100,9
15100,301
15100,471
15131,24
15131,82
15098,387
15098,443
15095,138
15126,218
15126,210
15133,50
15118,367
15118,433
15118,427
15141,491
15141,401
15132,489
15132,89
15132,109
15142,97
15138,143
15138,141
15138,405
15136,259
15136,346
15102,337
15102,206
15102,482
15143,45
15143,69
15145,293
15146,477
15146,214
15149,421
15149,188
15149,356
15147,180
15147,205
15147,312
15123,357
15123,337
15154,195
15135,442
15135,190
15135,31
15150,244
15150,81
15150,8
15156,403
15156,139
15156,358
15155,122
15153,64
15153,384
15153,443
15157,474
15157,401
15157,434
15137,352
15137,8
15158,499
15158,429
15158,439
15159,124
15159,272
15151,232
15152,457
15140,480
15140,387
15140,389
15144,481
15144,470
15161,114
15160,315
15160,167
15160,39
15162,366
15162,462
15139,345
15139,5
15139,384
15134,349
15134,499
15134,140
15148,147
15148,343
15148,106
15163,241
15163,306
15163,346
15165,64
15165,42
15169,51
15164,134
15164,28
15164,103
15171,459
15167,400
15167,13
15167,123
15168,121
15170,492
15170,402
15170,482
15166,116
15166,296
15166,241
15173,327
15173,46
15172,386
15172,65
15174,437
15174,210
15179,265
15179,109
15179,349
15176,360
15176,98
15176,385
15175,39
15175,34
15175,307
15177,150
15177,4
15178,206
15178,128
15183,208
15183,378
15183,300
15186,198
15190,478
15192,4
15193,155
15193,35
15193,66
15194,496
15194,224
15194,407
15191,275
15197,373
15197,57
15197,173
15195,346
15195,276
15195,33
15198,228
15198,428
15198,8
15199,305
15200,135
15187,115
15201,431
15201,130
15203,19
15203,307
15203,176
15202,44
15202,254
15202,191
15204,366
15204,117
15204,444
15188,247
15188,254
15188,60
15205,185
15207,1
15207,92
15184,410
15184,247
15206,267
15206,159
15206,391
15189,494
15189,264
15189,149
15208,411
15208,380
15208,458
15210,71
15210,119
15209,184
15209,2
15209,19
15212,68
15181,102
15181,250
15211,463
15211,492
15211,423
15214,218
15216,258
15216,269
15213,37
15217,114
15217,19
15217,203
15196,196
15218,320
15218,312
15215,64
15215,250
15219,52
15219,250
15219,50
15185,363
15182,31
15220,105
15180,256
15222,466
15222,370
15223,142
15223,201
15223,7
15221,249
15224,440
15225,340
15225,324
15227,193
15227,413
15227,259
15230,88
15230,381
15228,441
15231,124
15232,96
15234,232
15226,486
15226,121
15233,320
15229,297
15238,309
15238,238
15247,432
15246,8
15248,23
15248,109
15242,318
15242,356
15242,192
15250,499
15250,402
15249,458
15251,19
15252,59
15252,18
15254,21
15254,183
15253,51
15253,83
15253,269
15255,6
15257,11
15257,324
15257,74
15256,294
15256,490
15256,134
15258,105
15241,364
15244,159
15240,363
15240,402
15240,105
15259,408
15259,402
15259,76
15245,2
15243,379
15237,295
15236,212
15236,206
15235,227
15235,50
15235,25
15261,141
15261,174
15260,469
15239,346
15239,300
15239,414
15264,304
15264,176
15265,355
15265,77
15266,290
15266,149
15266,172
15267,256
15269,429
15269,168
15269,50
15270,58
15270,32
15268,199
15268,296
15268,93
15273,307
15273,468
15273,330
15272,310
15272,172
15271,180
15271,300
15271,108
15276,310
15275,275
15275,153
15277,39
15277,86
15277,69
15274,213
15263,362
15263,454
15278,54
15278,294
15279,241
15282,140
15282,3
15281,253
15281,285
15281,238
15280,352
15280,107
15280,277
15283,470
15283,487
15283,179
15284,249
15288,17
15288,325
15287,146
15287,471
15289,189
15289,216
15290,261
15285,103
15285,62
15291,276
15291,220
15291,313
15286,444
15286,332
15292,349
15296,432
15294,107
15294,301
15294,103
15293,158
15293,94
15297,421
15297,143
15297,12
15295,499
15295,192
15295,285
15262,425
15262,161
15262,87
15299,472
15299,409
15299,428
15303,106
15298,244
15298,223
15302,247
15307,149
15307,392
15301,433
15301,101
15301,457
15305,82
15305,243
15305,235
15306,65
15306,330
15311,442
15304,213
15300,158
15300,233
15317,39
15310,80
15319,227
15319,119
15319,109
15312,250
15312,191
15312,303
15308,207
15308,301
15308,449
15320,99
15320,237
15320,310
15321,361
15316,413
15314,114
15318,195
15318,86
15318,312
15309,225
15309,134
15313,470
15313,377
15323,369
15322,272
15324,452
15315,407
15315,428
15315,446
15328,212
15328,413
15326,309
15327,343
15329,430
15329,355
15331,370
15331,88
15330,427
15330,369
15330,386
15325,76
15332,380
15332,395
15332,353
15333,469
15333,29
15333,128
15334,181
15334,332
15334,498
15335,227
15335,321
15335,13
15336,156
15338,92
15338,28
15338,240
15337,29
15339,323
15342,228
15341,497
15341,43
15345,327
15344,479
15344,474
15340,419
15346,243
15346,168
15347,468
15347,397
15349,97
15348,486
15348,292
15350,342
15350,242
15350,113
15351,313
15351,209
15351,126
15353,477
15343,253
15352,75
15352,52
15357,170
15357,32
15362,148
15362,276
15360,393
15356,118
15356,207
15358,496
15358,401
15361,469
15359,322
15359,453
15359,119
15354,296
15354,289
15355,240
15363,477
15363,229
15363,326
15366,445
15375,11
15376,176
15377,382
15379,494
15378,491
15378,108
15378,348
15380,210
15380,116
15380,270
15381,335
15381,183
15381,140
15370,456
15370,358
15374,184
15374,351
15374,403
15382,205
15382,427
15383,166
15383,33
15383,47
15384,140
15386,386
15386,7
15386,365
15385,341
15385,364
15385,343
15364,469
15387,59
15387,297
15390,69
15368,76
15388,230
15388,233
15388,86
15365,398
15391,408
15391,243
15367,289
15367,314
15389,274
15389,112
15371,355
15373,49
15373,116
15373,317
15372,284
15369,413
15392,125
15393,138
15393,52
15401,225
15400,72
15400,41
15405,193
15405,122
15403,249
15403,213
15403,176
15402,377
15402,233
15402,297
15399,212
15404,172
15404,168
15407,497
15406,87
15406,290
15406,366
15409,225
15409,102
15396,200
15396,102
15396,233
15410,230
15416,347
15394,67
15395,57
15395,139
15395,165
15412,57
15412,457
15412,420
15414,413
15414,408
15414,272
15408,466
15398,190
15398,337
15413,169
15413,192
15413,138
15411,483
15397,302
15397,185
15421,11
15421,148
15421,68
15415,194
15427,433
15427,460
15427,110
15428,227
15428,48
15428,61
15429,83
15429,17
15430,422
15431,32
15431,436
15431,226
15432,344
15432,119
15432,85
15433,360
15436,338
15436,82
15434,411
15434,192
15437,81
15439,169
15438,389
15438,473
15438,479
15440,466
15440,464
15441,50
15418,443
15443,230
15444,221
15444,335
15444,327
15442,154
15417,348
15417,414
15425,116
15425,125
15422,241
15422,422
15420,175
15420,244
15426,459
15423,30
15423,178
15435,48
15435,32
15435,379
15445,307
15445,475
15445,478
15419,32
15419,393
15446,260
15446,279
15446,359
15449,188
15450,55
15452,242
15452,455
15452,323
15451,73
15451,125
15451,475
15453,89
15454,496
15456,182
15456,280
15456,139
15448,220
15455,297
15455,251
15455,212
15458,346
15458,318
15460,439
15462,152
15461,419
15461,456
15463,235
15464,245
15468,279
15468,14
15467,352
15467,422
15465,271
15465,157
15465,418
15466,47
15466,366
15459,333
15459,380
15470,401
15470,337
15471,188
15469,416
15469,125
15469,49
15473,413
15474,40
15475,89
15475,81
15478,379
15477,4
15477,75
15480,311
15481,493
15481,356
15481,452
15479,153
15479,385
15485,125
15485,167
15484,342
15482,100
15482,174
15482,487
15483,308
15483,108
15483,338
15486,1
15486,85
15486,335
15487,305
15488,402
15489,80
15491,391
15491,446
15491,387
15492,398
15492,141
15494,259
15494,95
15493,271
15493,187
15493,318
15490,77
15490,7
15490,182
15496,251
15496,294
15496,255
15495,280
15495,176
15497,390
15424,454
15424,327
15498,481
15498,418
15498,487
15500,3
15500,320
15500,296
15501,220
15501,227
15503,461
15504,163
15504,257
15504,43
15499,213
15499,441
15499,368
15506,279
15506,107
15506,114
15505,106
15505,309
15507,369
15507,236
15508,340
15502,440
15502,19
15472,500
15472,413
15472,168
15476,365
15476,262
15476,49
15447,293
15447,354
15447,402
15509,73
15509,243
15510,20
15510,275
15510,327
15511,380
15511,456
15512,195
15512,275
15512,6
15457,461
15457,219
15514,401
15514,413
15513,350
15515,208
15517,37
15517,94
15516,421
15516,339
15516,488
15518,121
15518,192
15519,264
15519,305
15521,240
15520,34
15520,434
15520,436
15522,157
15523,368
15524,379
15524,432
15524,414
15525,218
15525,458
15525,212
15528,8
15527,153
15527,135
15526,492
15526,475
15526,379
15530,462
15530,444
15530,395
15531,216
15531,198
15529,372
15534,132
15534,174
15534,11
15533,84
15533,312
15533,267
15535,227
15536,286
15536,127
15536,451
15532,116
15532,37
15532,45
15540,379
15540,419
15540,494
15548,460
15548,397
15549,461
15550,111
15543,493
15543,467
15543,476
15552,101
15552,151
15551,275
15551,321
15551,40
15546,333
15545,151
15545,302
15545,137
15554,372
15554,429
15558,186
15558,409
15553,290
15553,29
15553,18
15556,340
15556,201
15555,463
15555,288
15559,282
15559,11
15559,88
15541,154
15557,33
15557,320
15557,305
15563,325
15563,386
15560,69
15560,219
15560,438
15561,186
15561,328
15562,435
15564,496
15564,358
15564,55
15539,379
15565,266
15565,13
15542,181
15542,59
15542,175
15544,53
15544,357
15547,259
15547,201
15538,43
15538,185
15537,177
15537,201
15537,222
15567,144
15567,180
15567,303
15566,457
15566,486
15566,288
15568,283
15568,118
15568,62
15570,422
15570,277
15571,78
15573,212
15572,25
15572,161
15575,262
15576,302
15576,197
15576,1
15569,379
15569,482
15574,292
15574,28
15574,338
15578,216
15578,114
15577,192
15577,151
15580,134
15582,141
15582,441
15582,263
15583,186
15583,159
15583,138
15579,398
15579,437
15584,294
15584,127
15581,246
15585,141
15585,216
15587,495
15586,340
15588,122
15588,64
15589,59
15589,358
15589,180
15593,163
15593,284
15591,127
15591,192
15591,210
15595,192
15595,188
15595,194
15596,414
15598,220
15598,102
15590,236
15590,193
15590,89
15597,152
15592,433
15600,301
15601,474
15599,230
15599,292
15599,203
15602,17
15603,172
15607,255
15606,3
15606,120
15609,16
15609,480
15609,47
15611,279
15611,332
15604,214
15604,271
15604,14
15608,431
15608,188
15608,443
15615,365
15619,385
15619,424
15619,404
15594,472
15594,494
15594,380
15605,153
15605,386
15612,271
15612,127
15612,246
15622,12
15610,479
15618,56
15618,340
15618,109
15616,53
15616,280
15617,238
15617,85
15623,364
15623,477
15623,394
15613,485
15626,156
15626,213
15626,323
15624,80
15624,91
15624,43
15627,278
15627,346
15625,67
15625,80
15630,77
15630,172
15628,462
15631,495
15633,194
15633,432
15634,263
15634,39
15634,107
15635,131
15614,451
15614,14
15614,23
15636,448
15636,475
15636,454
15632,472
15632,481
15632,414
15637,89
15637,105
15637,229
15639,452
15641,146
15641,150
15641,398
15644,198
15629,135
15629,65
15629,257
15642,465
15642,157
15642,426
15640,203
15620,119
15620,490
15620,89
15643,243
15638,313
15645,204
15621,493
15621,258
15649,331
15646,318
15646,256
15646,440
15653,19
15653,195
15647,83
15652,34
15652,63
15655,386
15654,451
15654,337
15654,457
15651,239
15656,137
15656,240
15657,273
15657,336
15657,456
15650,373
15658,320
15658,172
15648,264
15665,334
15659,64
15661,202
15661,107
15661,203
15660,126
15660,251
15660,156
15672,232
15672,252
15671,49
15671,162
15673,387
15673,6
15673,135
15676,449
15677,361
15674,262
15674,292
15675,295
15675,188
15675,219
15678,91
15678,379
15678,267
15667,64
15667,320
15681,65
15681,481
15680,258
15680,114
15680,17
15679,135
15679,115
15679,453
15682,477
15684,260
15662,491
15662,359
15662,114
15683,102
15683,486
15683,121
15685,410
15687,246
15687,162
15687,407
15686,50
15668,306
15668,338
15668,487
15666,498
15663,391
15663,366
15670,300
15669,18
15664,71
15664,493
15689,378
15689,459
15691,398
15691,470
15691,215
15693,25
15693,2
15692,268
15690,454
15690,432
15690,430
15695,198
15695,185
15695,40
15694,136
15694,166
15694,150
15696,265
15696,216
15696,255
15698,203
15698,38
15698,209
15697,453
15701,396
15701,95
15701,361
15700,208
15700,300
15702,96
15702,317
15704,189
15704,328
15706,165
15705,89
15705,287
15705,103
15688,217
15707,284
15707,400
15709,171
15709,338
15708,480
15708,448
15708,280
15710,374
15710,383
15699,259
15699,138
15699,261
15712,367
15712,500
15711,262
15711,350
15723,283
15717,227
15717,296
15724,317
15724,121
15725,240
15725,55
15726,326
15722,421
15727,60
15718,323
15718,136
15728,185
15728,354
15728,431
15729,53
15729,135
15729,344
15719,446
15730,229
15730,344
15731,90
15731,388
15720,373
15720,25
15720,403
15732,256
15732,436
15735,444
15735,192
15733,423
15733,458
15734,247
15736,435
15736,500
15738,297
15721,392
15721,210
15721,330
15737,51
15737,41
15737,29
15715,424
15715,235
15715,379
15714,449
15703,300
15703,10
15716,56
15716,160
15716,293
15713,258
15713,205
15713,160
15746,332
15746,50
15748,173
15748,207
15748,76
15743,238
15742,116
15745,499
15739,267
15739,426
15739,375
15740,123
15740,256
15740,135
15750,170
15747,204
15747,59
15747,277
15756,116
15756,49
15756,353
15752,222
15753,12
15757,284
15757,467
15759,185
15762,86
15762,377
15762,304
15741,400
15741,230
15766,414
15763,468
15763,431
15763,494
15744,282
15767,307
15767,251
15765,187
15765,307
15768,296
15768,240
15755,85
15755,333
15769,273
15764,299
15764,65
15760,289
15760,271
15760,116
15761,174
15770,107
15770,25
15754,221
15758,438
15758,418
15758,402
15772,80
15772,246
15771,472
15751,160
15751,344
15773,194
15773,52
15773,157
15749,250
15749,163
15774,30
15774,181
15776,355
15775,304
15775,295
15775,354
15777,465
15777,428
15777,262
15780,320
15780,161
15780,370
15782,269
15781,72
15781,452
15781,153
15783,85
15786,495
15778,64
15778,82
15787,149
15787,52
15785,351
15785,100
15785,347
15784,464
15784,34
15789,498
15789,7
15789,433
15788,349
15788,322
15790,130
15792,57
15792,271
15791,447
15791,103
15791,136
15795,185
15795,296
15795,56
15797,110
15797,103
15798,28
15798,148
15796,9
15793,155
15793,355
15793,196
15804,261
15804,69
15805,498
15805,365
15799,371
15794,346
15794,210
15794,397
15811,443
15811,408
15812,302
15803,445
15813,352
15813,498
15779,230
15779,145
15779,13
15807,283
15806,24
15806,232
15818,179
15818,280
15818,260
15816,409
15817,351
15815,477
15820,44
15820,255
15820,407
15823,196
15822,363
15821,485
15821,39
15819,486
15819,154
15819,199
15809,74
15809,111
15825,243
15800,403
15800,454
15808,367
15826,67
15826,111
15831,428
15829,171
15829,348
15829,255
15827,414
15827,403
15827,69
15828,140
15828,160
15828,93
15810,75
15810,310
15810,404
15830,30
15830,124
15830,226
15832,174
15814,316
15814,130
15814,28
15801,445
15802,377
15802,61
15824,227
15824,461
15836,61
15834,290
15833,255
15837,144
15838,437
15838,368
15841,328
15841,57
15841,108
15835,118
15835,68
15840,154
15840,129
15839,142
15839,14
15842,470
15842,476
15845,236
15843,413
15843,358
15850,53
15850,39
15850,295
15847,168
15847,141
15849,481
15849,484
15846,315
15846,44
15846,82
15844,185
15844,320
15844,215
15848,377
15848,260
15848,274
15851,24
15851,320
15858,454
15859,402
15859,375
15859,383
15853,279
15853,465
15853,338
15860,256
15860,185
15861,149
15862,255
15862,290
15865,353
15866,146
15864,214
15863,178
15863,3
15854,341
15854,222
15854,263
15856,333
15856,352
15856,460
15852,51
15852,393
15867,315
15867,326
15867,286
15875,65
15875,1
15875,421
15876,55
15877,267
15877,48
15878,57
15879,343
15879,202
15881,414
15881,360
15880,144
15883,156
15883,140
15883,70
15882,100
15884,184
15884,197
15884,279
15886,403
15886,449
15885,126
15885,284
15885,440
15872,198
15872,474
15888,351
15888,366
15887,22
15873,372
15873,498
15873,365
15871,26
15868,133
15868,32
15855,454
15855,430
15874,171
15874,26
15857,267
15857,53
15857,89
15870,266
15870,109
15890,377
15890,426
15890,277
15889,276
15889,293
15889,138
15893,178
15893,208
15891,417
15891,360
15894,243
15897,55
15897,236
15897,6
15892,333
15892,112
15892,168
15901,467
15899,206
15899,125
15899,21
15896,62
15896,44
15898,319
15900,352
15900,174
15900,355
15895,108
15895,296
15895,185
15903,365
15911,33
15907,148
15907,311
15910,454
15910,109
15909,177
15909,90
15909,252
15908,154
15912,198
15912,463
15902,156
15904,4
15914,224
15914,195
15914,209
15920,171
15920,236
15918,485
15922,212
15922,81
15921,187
15921,210
15921,243
15919,171
15919,239
15919,228
15913,442
15913,304
15925,123
15925,163
15925,129
15923,248
15923,203
15923,43
15926,128
15916,387
15916,405
15916,398
15924,429
15924,349
15924,373
15927,137
15927,182
15927,151
15929,482
15929,148
15917,442
15917,127
15917,374
15934,207
15934,292
15932,33
15932,314
15935,141
15936,273
15937,117
15937,177
15933,27
15938,60
15938,446
15938,17
15939,220
15939,90
15941,278
15941,4
15941,196
15940,39
15940,278
15940,143
15943,119
15946,308
15946,302
15942,443
15942,483
15942,426
15947,458
15947,378
15947,332
15949,245
15950,428
15950,367
15950,47
15869,458
15930,492
15930,356
15930,118
15906,123
15906,174
15931,212
15928,342
15955,396
15955,125
15955,175
15951,319
15951,423
15959,212
15959,53
15952,141
15952,302
15952,27
15954,374
15954,492
15954,450
15960,73
15960,204
15960,59
15958,52
15953,43
15915,364
15915,394
15915,374
15965,247
15966,365
15966,425
15966,190
15968,146
15968,459
15968,282
15967,44
15967,128
15944,242
15963,354
15963,388
15970,329
15971,476
15971,149
15969,425
15969,13
15969,278
15974,52
15957,172
15962,45
15973,431
15973,374
15973,205
15945,392
15948,172
15956,345
15956,180
15972,131
15972,48
15972,299
15961,307
15961,234
15905,320
15975,269
15975,234
15975,118
15976,372
15976,425
15964,8
15964,305
15964,246
15986,344
15986,130
15986,108
15988,119
15988,386
15987,338
15987,116
15987,459
15989,105
15989,384
15989,456
15981,205
15992,256
15992,368
15990,334
15990,482
15990,473
15991,280
15991,156
15991,17
15983,461
15993,155
15993,107
15994,189
15994,196
15996,105
15996,197
15978,192
15978,338
15995,447
15995,397
15995,380
15998,439
15979,488
15979,470
15997,388
15997,492
15984,354
15984,140
15984,168
15999,440
15999,377
15999,446
16000,173
16000,271
15980,356
15980,477
15980,467
16001,386
15985,153
15977,148
15977,79
15977,205
16002,89
16004,420
16004,99
16005,112
16005,303
16003,165
16003,102
16009,58
16014,452
16014,492
16006,241
16006,253
16006,288
16016,316
16016,344
16017,354
15982,231
16018,1
16018,309
16018,302
16019,81
16019,307
16022,448
16022,45
16021,358
16021,419
16020,25
16020,227
16024,144
16024,87
16026,415
16023,94
16023,196
16011,38
16025,290
16027,368
16027,351
16007,363
16007,354
16012,499
16012,376
16010,331
16008,249
16008,303
16028,129
16028,200
16028,59
16013,190
16013,157
16013,121
16015,476
16015,291
16015,262
16029,115
16029,33
16029,65
16030,304
16031,385
16031,22
16031,184
16033,195
16034,204
16034,206
16034,201
16035,160
16035,95
16036,252
16038,219
16038,175
16038,191
16037,400
16037,418
16039,158
16040,120
16040,238
16032,271
16042,279
16042,452
16042,128
16041,332
16044,315
16044,184
16046,474
16046,313
16045,259
16056,482
16056,424
16056,393
16055,89
16055,256
16055,56
16050,301
16052,482
16052,56
16052,332
16043,283
16043,137
16047,122
16048,161
16048,261
16048,50
16049,147
16049,186
16053,272
16053,165
16053,169
16058,9
16058,51
16058,113
16051,454
16051,497
16051,312
16065,358
16064,419
16064,481
16067,249
16066,228
16066,397
16068,103
16069,259
16069,250
16069,457
16071,90
16071,319
16070,376
16070,406
16070,429
16072,474
16060,156
16060,338
16073,326
16074,248
16077,215
16075,373
16075,292
16076,109
16076,74
16078,17
16080,467
16080,466
16057,429
16057,393
16079,254
16079,303
16079,54
16054,256
16059,160
16062,167
16081,316
16081,365
16061,21
16063,144
16063,467
16082,251
16082,115
16084,348
16084,50
16084,301
16083,40
16083,68
16083,56
16088,166
16087,335
16087,170
16087,143
16085,379
16085,451
16085,384
16089,388
16089,433
16090,436
16092,88
16092,330
16092,182
16093,44
16091,247
16091,102
16095,382
16094,56
16094,396
16098,28
16098,399
16097,206
16096,3
16096,275
16096,264
16101,218
16100,92
16100,496
16100,79
16099,29
16099,18
16099,275
16102,133
16103,161
16103,226
16104,95
16105,368
16105,496
16107,483
16107,74
16107,270
16108,119
16108,175
16108,96
16106,73
16106,170
16106,266
16109,471
16109,5
16109,257
16110,20
16110,63
16110,207
16086,282
16111,333
16120,238
16120,187
16121,47
16112,374
16112,434
16112,423
16115,287
16115,160
16115,494
16117,138
16117,61
16116,137
16116,289
16116,461
16114,48
16114,267
16123,470
16123,177
16123,463
16113,106
16113,325
16113,146
16118,365
16118,396
16119,160
16119,119
16119,27
16122,45
16124,207
16126,217
16130,361
16128,328
16131,204
16131,453
16129,409
16129,392
16129,411
16125,37
16134,358
16132,359
16132,447
16132,351
16136,112
16136,283
16139,178
16139,290
16140,266
16140,108
16138,356
16138,306
16138,182
16127,401
16127,416
16135,469
16135,480
16133,282
16133,363
16133,171
16143,45
16143,48
16145,206
16145,272
16145,239
16146,91
16146,147
16146,479
16141,219
16141,5
16141,427
16148,234
16148,268
16148,270
16144,481
16152,399
16154,281
16147,161
16147,134
16150,404
16150,491
16150,412
16155,55
16155,11
16155,175
16153,17
16153,15
16158,149
16158,56
16158,146
16157,156
16157,207
16157,139
16159,254
16159,314
16156,42
16156,167
16163,262
16163,25
16162,104
16160,275
16161,429
16166,151
16166,61
16165,480
16165,27
16165,202
16164,455
16142,471
16137,31
16137,94
16137,390
16149,447
16167,459
16167,124
16151,37
16151,320
16151,211
16169,480
16169,431
16169,404
16170,205
16168,488
16172,128
16172,134
16173,139
16173,216
16173,258
16176,403
16174,77
16174,469
16174,306
16180,332
16180,468
16175,193
16175,98
16179,47
16179,364
16179,477
16178,457
16171,486
16171,375
16171,331
16182,237
16185,464
16185,320
16181,382
16181,444
16181,410
16177,56
16183,425
16186,393
16186,19
16184,185
16187,404
16189,144
16189,124
16189,151
16190,259
16190,330
16191,331
16191,126
16193,328
16193,208
16194,267
16192,154
16195,472
16195,393
16197,417
16197,316
16196,4
16196,340
16198,457
16198,401
16198,435
16199,230
16199,20
16199,476
16200,22
16200,323
16200,285
16201,96
16201,271
16188,264
16188,63
16188,167
16202,127
16202,341
16204,162
16203,83
16203,193
16207,218
16205,264
16206,121
16206,465
16209,327
16209,341
16208,462
16208,130
16208,36
16211,268
16210,182
16210,50
16210,261
16212,277
16212,242
16214,454
16214,149
16213,139
16213,185
16213,284
16215,410
16215,463
16218,360
16218,326
16218,416
16222,414
16219,127
16219,237
16216,342
16220,302
16220,36
16220,315
16221,276
16221,190
16224,219
16223,299
16223,36
16223,100
16229,143
16229,43
16227,86
16227,235
16227,258
16225,286
16225,168
16225,172
16231,217
16231,81
16231,176
16226,444
16217,433
16217,325
16217,312
16233,32
16235,301
16235,40
16235,145
16232,284
16230,53
16236,372
16236,379
16236,436
16234,247
16234,11
16234,294
16237,136
16238,361
16239,421
16241,193
16240,171
16240,355
16240,290
16242,227
16242,33
16242,50
16244,119
16244,67
16245,446
16245,364
16245,463
16247,426
16228,362
16243,124
16243,431
16243,460
16249,354
16248,328
16248,126
16248,263
16246,53
16251,187
16251,114
16251,483
16252,453
16252,449
16254,52
16254,419
16254,84
16250,200
16250,323
16250,300
16255,331
16255,463
16253,145
16253,182
16257,65
16257,170
16259,385
16256,292
16260,476
16258,446
16258,424
16263,193
16264,371
16264,28
16264,283
16261,323
16261,179
16262,61
16265,402
16265,467
16267,161
16267,250
16267,282
16266,146
16266,328
16266,122
16268,393
16268,299
16268,79
16272,442
16269,221
16269,417
16273,368
16273,106
16271,318
16271,241
16270,14
16270,408
16277,486
16277,427
16277,8
16282,11
16282,222
16282,450
16283,436
16283,300
16283,443
16274,466
16275,173
16275,146
16276,292
16279,339
16280,477
16281,79
16281,500
16290,349
16290,265
16290,328
16278,42
16278,337
16291,457
16289,408
16289,127
16296,371
16287,28
16299,224
16295,168
16295,169
16295,205
16284,265
16284,337
16298,443
16298,416
16297,239
16297,289
16297,39
16292,478
16300,384
16300,476
16294,490
16294,102
16294,398
16302,290
16304,242
16304,334
16304,161
16303,341
16306,77
16301,239
16301,60
16301,85
16293,209
16293,32
16305,298
16305,438
16305,216
16307,142
16307,246
16285,14
16288,493
16288,447
16288,389
16308,380
16308,126
16286,285
16315,6
16311,3
16311,53
16313,108
16313,38
16316,25
16316,318
16309,485
16309,131
16309,63
16312,271
16312,116
16312,53
16319,410
16319,437
16319,388
16320,203
16318,449
16318,287
16318,221
16317,138
16317,385
16310,339
16310,397
16310,444
16321,327
16321,33
16321,32
16322,32
16322,155
16323,163
16323,357
16323,328
16324,391
16324,197
16324,25
16325,153
16325,151
16325,347
16326,320
16326,195
16326,56
16327,487
16328,205
16328,84
16328,175
16314,352
16314,489
16331,250
16331,178
16331,285
16330,239
16330,162
16330,333
16332,473
16334,382
16333,224
16336,468
16336,438
16337,148
16337,350
16337,195
16335,271
16335,395
16335,437
16341,419
16338,418
16338,45
16338,130
16347,469
16339,292
16339,299
16350,457
16340,207
16340,6
16340,294
16348,452
16351,310
16351,236
16349,494
16349,416
16353,30
16353,60
16354,303
16352,379
16352,468
16352,396
16356,24
16356,493
16356,171
16355,385
16355,200
16355,84
16358,92
16357,233
16357,185
16357,208
16343,391
16343,140
16361,204
16362,28
16362,448
16363,485
16363,481
16363,16
16359,29
16359,194
16360,41
16360,312
16342,10
16342,404
16344,500
16344,380
16345,437
16346,139
16346,383
16329,36
16329,26
16329,276
16364,146
16364,189
16366,202
16367,153
16367,189
16365,86
16365,218
16365,194
16368,47
16368,199
16368,347
16370,189
16370,317
16369,433
16369,86
16371,73
16371,24
16371,184
16374,54
16375,499
16377,202
16373,223
16372,335
16372,322
16372,347
16378,389
16378,357
16380,130
16379,444
16379,74
16381,462
16381,111
16383,185
16383,395
16383,192
16384,366
16384,67
16384,23
16382,8
16382,16
16376,290
16387,239
16385,399
16389,283
16389,5
16389,89
16397,401
16397,487
16391,461
16391,442
16399,206
16399,440
16394,438
16398,188
16393,219
16393,468
16403,96
16405,418
16400,491
16400,91
16404,72
16404,141
16404,384
16401,160
16401,409
16401,330
16406,268
16406,435
16408,309
16408,38
16407,21
16407,261
16407,492
16396,215
16396,90
16396,133
16388,272
16388,322
16386,276
16414,433
16390,79
16390,19
16390,351
16415,140
16415,168
16416,301
16416,90
16416,279
16418,435
16418,415
16417,45
16419,161
16419,234
16419,218
16421,123
16421,66
16422,475
16422,32
16422,106
16420,419
16420,406
16420,352
16424,212
16423,78
16425,196
16425,185
16425,440
16426,444
16395,500
16410,34
16410,316
16427,213
16427,328
16427,242
16432,379
16432,396
16431,272
16431,222
16434,263
16434,336
16433,415
16435,199
16437,33
16438,130
16438,451
16436,73
16436,131
16440,494
16440,379
16440,440
16439,427
16441,478
16441,168
16441,38
16444,394
16444,137
16445,39
16443,54
16443,156
16429,168
16429,142
16428,291
16428,19
16428,240
16448,276
16448,42
16448,130
16411,210
16449,331
16449,118
16450,366
16450,387
16430,54
16430,120
16446,248
16446,244
16447,306
16452,497
16452,468
16454,116
16454,191
16451,233
16451,304
16456,468
16456,391
16453,413
16453,261
16453,103
16457,314
16457,202
16458,394
16458,430
16455,101
16455,302
16460,8
16461,20
16461,118
16462,437
16462,395
16465,296
16463,170
16463,96
16459,343
16459,445
16464,53
16464,109
16464,459
16466,355
16466,441
16468,479
16469,499
16469,93
16469,10
16412,193
16412,103
16470,262
16470,376
16467,417
16467,355
16402,290
16402,467
16402,401
16392,364
16471,447
16471,352
16413,130
16413,343
16409,188
16409,293
16472,393
16472,159
16473,156
16473,372
16473,29
16474,111
16475,23
16475,256
16477,134
16477,190
16477,214
16480,477
16480,447
16479,201
16479,103
16482,145
16482,424
16482,212
16481,258
16481,30
16481,67
16483,379
16485,82
16485,16
16478,47
16478,150
16484,178
16486,12
16476,236
16487,187
16487,220
16487,304
16488,137
16488,18
16442,242
16490,221
16490,58
16492,87
16489,303
16489,232
16494,454
16494,369
16491,239
16491,282
16493,460
16493,305
16493,401
16495,246
16496,137
16496,289
16497,185
16497,124
16500,171
16498,22
16498,175
16499,269
16499,84
16503,314
16501,17
16504,310
16504,351
16504,380
16502,367
16502,433
16509,57
16508,221
16508,189
16508,400
16507,115
16507,148
16511,1
16510,181
16510,480
16510,29
16506,215
16506,139
16506,83
16513,265
16513,228
16513,152
16515,259
16515,128
16515,89
16516,351
16517,180
16517,253
16514,128
16514,343
16514,44
16512,351
16512,456
16518,355
16518,299
16520,353
16522,470
16524,138
16524,150
16526,62
16525,35
16525,217
16525,133
16527,499
16527,486
16527,403
16523,122
16523,274
16531,19
16532,434
16530,203
16530,308
16530,100
16535,94
16535,231
16534,379
16534,488
16534,377
16529,390
16529,441
16536,327
16539,472
16537,69
16537,345
16537,173
16538,69
16540,228
16540,133
16541,202
16541,169
16541,336
16543,446
16543,162
16544,281
16545,27
16545,330
16519,107
16519,283
16505,390
16505,8
16505,496
16521,74
16521,35
16521,286
16528,91
16528,80
16533,451
16546,417
16542,196
16542,139
16558,84
16558,374
16558,6
16551,240
16551,137
16547,29
16547,443
16548,73
16557,67
16557,353
16557,387
16549,402
16552,298
16550,237
16553,487
16553,470
16553,382
16555,52
16555,25
16555,1
16556,446
16556,481
16554,122
16554,14
16554,40
16559,25
16559,209
16559,240
16560,446
16560,114
16562,268
16562,342
16562,108
16565,394
16565,159
16565,402
16564,212
16564,7
16564,135
16566,251
16567,387
16567,160
16568,454
16571,96
16571,148
16570,197
16570,224
16569,386
16569,414
16572,432
16572,19
16572,163
16577,12
16583,424
16583,418
16582,371
16584,202
16584,330
16586,275
16586,432
16586,361
16585,300
16585,220
16587,252
16588,266
16579,36
16579,223
16579,127
16589,69
16589,148
16589,51
16580,40
16580,125
16580,466
16590,310
16590,110
16590,343
16592,266
16592,233
16592,34
16594,463
16594,475
16595,377
16593,347
16593,232
16593,167
16596,184
16596,328
16575,243
16575,128
16581,428
16581,58
16581,124
16573,457
16573,156
16578,79
16578,258
16574,235
16574,368
16574,428
16597,434
16597,487
16597,379
16561,74
16561,212
16600,454
16600,393
16600,370
16599,63
16601,53
16602,372
16604,493
16604,359
16603,399
16605,275
16606,365
16606,358
16607,293
16608,405
16609,329
16609,129
16609,301
16611,64
16611,121
16611,484
16610,403
16610,408
16610,461
16612,233
16612,237
16576,368
16576,459
16598,491
16598,471
16598,481
16613,453
16613,178
16563,366
16563,410
16617,132
16617,213
16619,128
16626,258
16626,171
16626,210
16624,448
16624,356
16627,155
16625,357
16625,354
16625,491
16615,177
16615,479
16629,499
16629,240
16629,212
16631,292
16631,184
16631,388
16632,423
16633,421
16633,28
16630,53
16630,141
16630,313
16623,441
16623,58
16591,174
16591,143
16591,430
16628,356
16628,486
16636,495
16636,33
16635,42
16635,149
16635,312
16638,211
16638,84
16634,407
16634,390
16614,91
16639,472
16618,454
16616,291
16616,249
16616,15
16620,142
16620,424
16620,458
16621,247
16622,456
16622,381
16640,257
16640,197
16642,215
16642,1
16645,119
16645,336
16645,8
16641,179
16641,298
16641,51
16643,471
16643,358
16647,112
16647,239
16646,399
16646,133
16646,92
16644,394
16644,295
16649,355
16649,422
16658,105
16648,2
16648,153
16659,197
16659,192
16659,262
16660,499
16661,71
16663,173
16663,58
16662,290
16662,419
16662,385
16665,175
16665,117
16665,85
16664,159
16664,85
16667,398
16667,351
16667,499
16668,286
16668,79
16669,320
16657,328
16671,338
16637,235
16670,267
16670,433
16670,350
16672,174
16672,19
16672,279
16673,214
16673,335
16673,208
16666,472
16666,152
16654,187
16674,477
16674,214
16674,155
16655,276
16655,66
16653,191
16653,68
16653,33
16676,307
16676,353
16656,35
16677,427
16677,496
16677,352
16681,332
16681,313
16681,210
16675,482
16675,362
16675,461
16652,475
16652,91
16683,430
16683,367
16682,9
16682,425
16679,319
16684,227
16685,469
16685,212
16678,81
16687,154
16687,180
16687,265
16686,374
16686,411
16686,432
16688,319
16688,400
16651,325
16690,440
16690,207
16690,377
16680,204
16680,473
16680,23
16689,465
16691,359
16691,355
16694,460
16694,456
16693,301
16693,14
16692,95
16692,166
16692,363
16696,370
16696,427
16696,164
16698,250
16698,2
16698,24
16697,436
16697,469
16697,429
16650,5
16650,78
16650,213
16699,454
16695,29
16695,460
16695,226
16700,491
16701,319
16701,77
16701,207
16702,448
16702,13
16702,25
16703,8
16703,325
16705,391
16705,420
16704,358
16708,161
16710,29
16712,134
16712,406
16711,205
16711,35
16711,295
16713,371
16713,266
16713,459
16707,106
16707,347
16706,366
16706,219
16706,17
16709,63
16709,15
16715,190
16725,439
16726,363
16726,268
16724,88
16728,79
16728,181
16728,78
16727,408
16727,41
16727,345
16729,237
16729,280
16729,227
16730,69
16731,122
16731,276
16731,85
16733,283
16733,115
16733,7
16719,10
16719,161
16734,102
16734,56
16734,323
16735,106
16735,360
16737,134
16738,162
16738,430
16720,22
16720,134
16721,345
16722,477
16722,485
16714,68
16714,80
16714,5
16717,496
16717,364
16739,83
16739,302
16732,282
16718,165
16718,211
16718,317
16723,275
16723,54
16716,458
16716,179
16716,164
16736,200
16736,160
16741,407
16741,95
16741,304
16742,156
16744,211
16744,311
16744,13
16745,394
16743,470
16746,433
16746,480
16747,158
16747,293
16750,347
16750,72
16748,249
16751,15
16751,473
16751,389
16752,416
16752,394
16752,385
16749,491
16740,134
16740,261
16740,266
16763,260
16763,257
16764,350
16764,124
16765,19
16765,370
16765,295
16766,118
16766,257
16766,486
16757,279
16757,150
16767,339
16767,310
16767,320
16754,63
16769,191
16769,213
16769,402
16770,264
16770,410
16770,232
16768,445
16768,480
16768,416
16772,217
16771,160
16771,31
16771,245
16773,290
16776,304
16776,275
16755,389
16755,228
16775,210
16775,327
16753,79
16753,256
16753,170
16760,148
16760,261
16760,406
16778,386
16778,459
16778,401
16762,339
16759,469
16756,379
16756,468
16756,385
16761,19
16761,252
16761,2
16758,458
16779,368
16777,335
16780,218
16780,439
16780,397
16781,438
16781,433
16783,409
16783,287
16784,355
16782,30
16782,487
16782,55
16785,232
16788,102
16788,98
16788,315
16786,243
16786,277
16790,66
16790,30
16790,294
16791,151
16789,68
16789,58
16792,292
16793,382
16787,240
16787,332
16787,266
16801,446
16774,290
16774,443
16774,255
16800,96
16800,190
16804,217
16805,336
16797,90
16807,478
16807,474
16810,43
16808,143
16808,196
16808,202
16796,165
16809,190
16794,64
16794,237
16795,25
16795,132
16802,404
16802,414
16802,437
16798,38
16798,491
16798,274
16806,7
16806,404
16806,466
16803,496
16803,224
16799,317
16799,129
16799,46
16812,137
16812,56
16813,358
16811,450
16811,420
16816,483
16814,41
16814,25
16814,254
16815,474
16815,420
16817,32
16817,305
16817,445
16818,283
16822,296
16822,34
16823,423
16823,442
16819,272
16819,90
16819,341
16821,481
16821,75
16820,91
16820,267
16820,30
16825,376
16825,490
16825,378
16828,346
16828,345
16828,119
16824,115
16826,20
16826,32
16826,296
16831,336
16830,275
16830,491
16829,177
16829,78
16829,286
16833,316
16833,262
16833,47
16834,194
16834,223
16834,351
16835,301
16832,454
16827,185
16827,123
16827,130
16836,293
16836,217
16836,130
16837,377
16839,1
16839,385
16840,480
16840,387
16842,229
16841,81
16841,28
16846,245
16847,118
16845,101
16845,209
16844,360
16844,346
16844,469
16843,239
16843,305
16838,237
16850,358
16852,424
16852,428
16852,11
16848,485
16848,488
16848,390
16849,409
16849,494
16849,456
16851,100
16851,86
16855,460
16855,77
16855,209
16854,443
16858,464
16858,7
16858,231
16857,408
16857,471
16859,392
16861,151
16861,246
16856,183
16856,292
16862,135
16862,79
16865,464
16865,406
16864,76
16864,486
16866,66
16866,460
16866,63
16863,199
16863,438
16863,311
16868,407
16853,46
16853,25
16867,10
16872,345
16879,40
16873,218
16873,47
16878,214
16878,74
16860,482
16860,361
16860,499
16875,70
16870,211
16880,201
16880,218
16874,463
16871,339
16871,159
16871,158
16881,50
16876,286
16877,424
16877,405
16877,475
16886,190
16886,356
16886,50
16888,368
16889,300
16889,331
16892,189
16893,254
16893,232
16893,368
16891,131
16891,105
16891,117
16882,302
16890,399
16890,398
16885,45
16887,269
16887,250
16887,245
16884,12
16883,138
16883,300
16883,66
16895,85
16897,65
16897,94
16894,345
16894,357
16869,434
16869,492
16869,414
16906,384
16906,463
16906,491
16899,303
16909,314
16909,193
16909,115
16908,364
16898,482
16913,92
16913,411
16912,267
16912,130
16912,126
16896,148
16911,186
16914,477
16902,64
16902,492
16910,90
16910,236
16910,126
16903,279
16903,32
16915,63
16915,385
16915,118
16900,414
16900,479
16901,113
16901,218
16904,114
16905,269
16905,455
16907,131
16907,92
16907,253
16920,156
16920,313
16920,326
16927,340
16928,214
16928,466
16930,499
16930,260
16929,16
16929,216
16929,310
16923,458
16923,407
16931,271
16931,177
16932,464
16934,488
16933,53
16933,4
16933,260
16935,389
16936,48
16925,400
16925,494
16925,69
16937,423
16937,493
16939,55
16938,213
16938,485
16938,422
16940,463
16940,97
16921,324
16921,254
16924,390
16922,445
16926,412
16919,123
16941,291
16918,115
16918,265
16918,200
16916,359
16916,298
16942,460
16917,111
16917,12
16943,397
16943,432
16943,431
16944,45
16945,290
16945,212
16946,99
16946,124
16946,302
16947,9
16947,4
16948,254
16949,274
16949,94
16949,258
16950,357
16950,452
16952,499
16952,366
16952,371
16951,32
16951,128
16953,325
16953,40
16955,484
16958,24
16957,495
16954,479
16954,66
16954,360
16960,465
16960,398
16956,238
16956,83
16959,407
16959,442
16959,492
16961,305
16961,230
16963,53
16963,183
16962,495
16962,308
16969,12
16969,63
16969,353
16965,399
16970,363
16964,400
16972,106
16972,254
16971,426
16966,94
16966,87
16967,247
16967,192
16967,155
16973,476
16976,219
16975,247
16968,409
16983,378
16981,179
16980,41
16980,130
16980,327
16988,393
16988,427
16985,87
16979,14
16979,208
16979,128
16990,442
16990,155
16990,147
16991,29
16991,63
16991,140
16989,411
16989,469
16989,353
16992,460
16993,428
16993,491
16977,106
16994,464
16995,423
16995,21
16996,441
16997,445
16997,425
16998,317
16998,179
16982,54
16982,164
16982,324
16984,110
16984,1
17000,104
17000,59
17000,448
17001,396
17003,98
17003,108
17005,166
16978,28
16978,492
16978,441
16986,439
16999,439
17007,297
17007,141
17007,207
17008,324
17008,379
17008,258
17009,187
17009,347
17012,470
17011,405
17006,132
17006,154
17010,96
17010,299
17010,3
17013,186
17013,480
17013,12
16987,311
16987,69
17004,131
16974,300
16974,381
17014,472
17014,114
17015,344
17015,231
17017,345
17017,174
17018,194
17020,299
17020,325
17020,77
17016,177
17016,86
17016,269
17024,151
17021,481
17022,158
17022,184
17019,298
17026,307
17025,156
17025,306
17025,235
17023,11
17023,314
17027,357
17027,473
17028,408
17028,7
17002,196
17002,108
17002,440
17029,468
17030,196
17030,461
17030,313
17032,57
17032,353
17034,180
17034,402
17035,249
17031,18
17031,178
17036,233
17036,71
17036,102
17038,212
17038,302
17038,53
17037,164
17033,428
17033,377
17039,83
17039,54
17040,286
17040,435
17041,447
17042,49
17042,137
17042,154
17054,7
17048,283
17048,456
17043,200
17043,21
17055,128
17056,454
17056,330
17056,276
17045,31
17045,77
17045,130
17053,224
17053,162
17057,474
17057,370
17057,415
17058,459
17058,461
17058,470
17060,371
17060,491
17060,436
17059,190
17059,341
17059,257
17061,8
17061,235
17061,321
17062,339
17062,238
17063,382
17063,75
17066,141
17066,200
17065,416
17065,411
17065,456
17064,74
17064,356
17064,235
17069,239
17067,236
17067,190
17067,317
17068,305
17044,446
17044,441
17044,495
17050,40
17050,13
17046,63
17052,33
17052,24
17052,230
17070,362
17051,241
17051,259
17051,444
17049,41
17049,108
17049,13
17073,101
17074,55
17074,107
17074,404
17075,230
17072,30
17072,194
17078,461
17078,202
17077,304
17077,308
17077,404
17081,50
17076,459
17047,500
17083,388
17083,106
17071,264
17071,290
17071,66
17082,8
17082,113
17086,245
17084,95
17089,240
17091,156
17090,88
17090,67
17090,144
17092,282
17092,121
17092,17
17088,289
17088,76
17088,182
17087,135
17087,138
17087,32
17093,390
17093,366
17094,356
17094,332
17095,376
17095,445
17095,372
17079,93
17079,332
17079,72
17097,401
17096,152
17096,281
17098,460
17099,324
17099,135
17080,121
17080,89
17080,336
17100,55
17102,136
17102,140
17102,350
17103,486
17101,96
17105,362
17108,156
17108,62
17109,48
17106,259
17106,42
17106,337
17107,16
17107,459
17110,50
17110,100
17104,31
17104,311
17112,270
17113,80
17113,244
17114,278
17114,337
17114,287
17111,91
17119,282
17117,150
17116,337
17125,60
17125,321
17125,222
17115,68
17115,311
17115,375
17123,9
17123,491
17123,31
17127,439
17126,27
17126,124
17085,498
17085,398
17085,475
17129,143
17129,50
17121,2
17130,166
17130,481
17130,335
17128,93
17128,212
17133,277
17133,234
17133,174
17131,40
17131,151
17132,145
17132,86
17124,53
17118,407
17118,471
17120,176
17120,272
17134,37
17134,261
17134,206
17122,455
17122,433
17122,490
17135,82
17135,41
17135,17
17137,356
17141,313
17141,64
17141,315
17138,482
17138,375
17142,445
17142,439
17142,423
17136,205
17144,378
17139,270
17143,394
17146,317
17146,337
17145,118
17145,174
17147,181
17148,373
17140,292
17149,235
17151,218
17151,123
17151,286
17162,273
17163,325
17163,227
17164,26
17150,119
17156,191
17156,492
17161,143
17161,234
17165,279
17165,105
17165,24
17168,87
17168,285
17168,76
17167,298
17169,167
17169,462
17169,409
17170,193
17170,297
17171,374
17166,47
17166,169
17166,75
17173,451
17173,359
17173,475
17172,239
17174,199
17174,272
17174,347
17175,174
17175,180
17175,86
17155,182
17176,86
17176,366
17176,173
17153,396
17153,405
17154,24
17157,132
17157,145
17177,480
17177,467
17159,368
17159,358
17159,8
17152,402
17152,47
17160,254
17160,188
17179,89
17179,265
17179,428
17181,174
17181,352
17181,441
17180,394
17184,283
17184,451
17183,311
17182,363
17187,44
17187,479
17187,60
17186,121
17186,313
17188,242
17190,361
17190,443
17190,350
17185,250
17192,168
17192,159
17178,266
17191,480
17189,49
17189,295
17194,47
17196,88
17193,24
17193,17
17193,296
17197,96
17197,315
17197,327
17158,284
17158,277
17158,238
17195,115
17195,206
17195,55
17198,373
17199,349
17199,339
17199,98
17200,127
17200,435
17200,135
17202,101
17201,434
17203,416
17203,484
17204,116
17204,441
17207,453
17210,246
17210,146
17216,204
17216,478
17216,127
17215,73
17215,65
17215,312
17212,373
17212,459
17211,477
17211,207
17218,73
17214,52
17214,369
17214,105
17217,498
17217,468
17217,402
17219,87
17219,219
17219,177
17222,308
17220,185
17224,401
17225,15
17225,174
17225,412
17226,265
17226,185
17226,150
17227,367
17227,85
17228,488
17228,4
17228,307
17221,426
17229,483
17229,479
17229,482
17230,103
17230,304
17230,433
17208,46
17223,268
17205,145
17206,145
17206,20
17231,390
17231,407
17231,438
17213,4
17232,156
17232,141
17233,13
17233,161
17234,157
17236,41
17209,395
17235,429
17238,246
17238,247
17238,207
17239,452
17242,67
17241,80
17241,200
17240,47
17240,98
17240,469
17243,236
17243,272
17243,179
17237,447
17237,287
17237,143
17244,187
17244,393
17245,229
17245,87
17246,336
17246,417
17246,106
17247,183
17251,465
17251,486
17251,469
17248,391
17254,6
17254,59
17254,342
17249,171
17249,86
17249,447
17250,413
17250,163
17250,458
17253,96
17252,239
17252,39
17252,167
17256,393
17256,491
17256,416
17257,347
17257,257
17257,218
17258,332
17255,316
17255,47
17259,73
17259,237
17260,22
17260,215
17260,53
17261,255
17264,462
17264,3
17263,302
17263,151
17263,207
17265,211
17265,314
17267,4
17267,111
17266,408
17266,418
17269,178
17269,210
17269,184
17268,163
17268,484
17271,312
17273,224
17273,281
17272,445
17272,352
17270,370
17270,21
17274,403
17274,178
17275,152
17275,405
17276,49
17276,36
17278,450
17278,482
17278,406
17262,52
17284,146
17284,17
17285,381
17285,460
17277,47
17277,52
17281,42
17281,216
17281,148
17287,320
17287,204
17287,315
17286,252
17286,389
17286,7
17280,37
17280,100
17282,221
17282,28
17282,225
17288,201
17283,475
17293,362
17292,23
17292,243
17291,477
17289,341
17290,372
17290,198
17290,369
17294,310
17294,417
17294,357
17279,28
17279,33
17279,224
17295,325
17295,499
17295,21
17299,40
17299,93
17299,175
17303,397
17303,471
17308,49
17307,331
17307,268
17309,219
17309,423
17304,289
17304,195
17311,354
17311,437
17311,139
17313,339
17313,114
17300,294
17296,309
17315,92
17316,311
17314,137
17314,269
17317,217
17318,383
17318,405
17318,361
17320,133
17320,441
17320,16
17298,217
17298,424
17298,220
17321,441
17321,363
17319,477
17319,375
17310,76
17310,230
17310,184
17323,291
17322,438
17312,282
17312,78
17324,246
17301,81
17297,41
17302,484
17302,489
17302,356
17305,234
17305,225
17325,159
17325,319
17306,341
17306,99
17326,220
17326,230
17326,339
17327,280
17327,209
17328,409
17329,60
17329,339
17331,371
17331,359
17331,486
17330,306
17330,170
17330,235
17333,58
17333,226
17334,397
17335,348
17335,249
17332,315
17332,90
17332,131
17337,438
17336,54
17336,35
17336,169
17338,186
17338,28
17338,153
17340,363
17340,171
17340,35
17339,174
17341,425
17341,99
17341,262
17343,378
17343,459
17347,429
17347,473
17347,481
17342,182
17346,219
17346,380
17348,124
17348,21
17348,428
17349,415
17349,369
17349,362
17351,305
17351,123
17350,371
17353,4
17353,22
17352,330
17352,233
17352,322
17355,412
17355,405
17355,296
17345,173
17345,28
17345,85
17354,453
17354,428
17356,65
17356,173
17356,2
17358,339
17358,285
17358,232
17357,198
17357,459
17344,117
17344,460
17344,356
17359,183
17360,150
17361,374
17361,431
17363,300
17363,138
17363,226
17366,275
17366,423
17365,360
17365,463
17364,163
17364,341
17362,154
17362,98
17367,385
17367,440
17367,359
17368,482
17368,364
17368,205
17370,500
17370,445
17370,433
17371,183
17373,307
17372,77
17372,317
17374,482
17374,331
17369,447
17369,498
17375,210
17376,483
17376,156
17388,25
17388,397
17389,310
17389,23
17389,40
17390,113
17391,423
17391,448
17391,428
17385,5
17384,247
17384,64
17384,493
17392,405
17392,429
17392,445
17393,72
17383,394
17383,377
17395,149
17379,315
17396,64
17382,231
17382,451
17382,219
17397,474
17398,57
17400,408
17400,257
17400,378
17394,320
17399,209
17399,174
17399,219
17401,205
17380,400
17378,190
17378,316
17377,339
17377,199
17381,97
17381,148
17409,349
17409,48
17410,418
17411,417
17411,414
17411,433
17404,196
17404,492
17408,279
17408,234
17408,285
17406,449
17406,482
17406,464
17403,175
17403,246
17403,259
17402,210
17407,431
17407,357
17413,156
17413,192
17413,363
17386,182
17417,266
17405,299
17405,71
17412,438
17412,426
17416,419
17416,479
17419,345
17419,245
17419,419
17414,88
17415,435
17415,478
17415,376
17418,383
17422,392
17423,292
17423,54
17424,185
17387,343
17387,473
17387,470
17425,289
17425,105
17425,77
17421,119
17420,166
17426,338
17427,292
17428,238
17429,356
17430,361
17430,30
17431,78
17431,344
17432,420
17434,312
17433,386
17433,373
17433,419
17435,40
17435,94
17436,105
17437,35
17437,124
17438,438
17438,431
17438,471
17439,362
17439,160
17439,365
17440,303
17445,200
17445,267
17443,157
17443,287
17453,23
17453,306
17444,484
17444,381
17444,428
17454,302
17454,165
17456,78
17448,473
17457,420
17457,127
17457,44
17458,298
17458,202
17458,46
17455,226
17455,307
17450,261
17459,167
17459,150
17461,377
17461,451
17463,203
17462,360
17460,137
17460,14
17460,218
17464,28
17464,314
17464,495
17452,123
17452,120
17452,410
17467,17
17466,400
17466,306
17465,115
17465,176
17465,259
17469,500
17451,456
17446,74
17446,165
17449,326
17441,351
17447,225
17442,464
17442,356
17470,362
17470,131
17470,112
17471,386
17471,484
17472,281
17472,232
17473,336
17473,349
17473,149
17477,380
17477,9
17474,495
17474,410
17479,361
17479,415
17478,176
17478,154
17480,119
17481,248
17481,285
17481,449
17482,298
17483,377
17483,147
17476,500
17468,225
17475,263
17475,50
17475,8
17488,150
17491,210
17496,348
17496,368
17496,295
17497,494
17498,313
17498,120
17498,183
17500,456
17499,443
17499,303
17499,137
17501,477
17501,26
17495,103
17495,420
17503,197
17502,459
17502,395
17502,183
17505,91
17505,342
17505,49
17506,88
17506,276
17506,237
17493,428
17493,470
17507,58
17507,186
17507,73
17509,28
17509,497
17509,170
17504,314
17504,160
17510,413
17508,448
17508,442
17511,105
17511,156
17511,232
17512,16
17492,338
17492,65
17494,52
17489,335
17518,473
17518,452
17518,334
17513,263
17515,39
17522,217
17522,288
17516,292
17490,67
17490,64
17519,148
17523,364
17524,258
17524,20
17524,348
17528,240
17526,396
17526,23
17527,128
17527,298
17527,363
17529,205
17530,409
17530,406
17530,486
17531,365
17532,134
17525,436
17533,315
17533,343
17533,130
17517,418
17517,301
17486,277
17484,43
17484,133
17514,455
17514,473
17514,426
17487,359
17487,371
17487,364
17485,493
17485,213
17485,45
17520,266
17520,457
17520,252
17521,300
17521,209
17539,348
17539,176
17535,359
17535,251
17537,275
17537,309
17538,488
17541,427
17541,452
17541,57
17536,130
17546,286
17546,189
17546,193
17549,486
17549,455
17549,388
17540,494
17540,449
17548,401
17534,243
17552,249
17552,9
17554,489
17555,446
17557,192
17560,306
17553,243
17553,341
17559,162
17559,272
17559,242
17561,440
17551,354
17562,334
17562,414
17547,47
17547,194
17563,340
17563,289
17563,121
17558,195
17558,267
17556,317
17556,217
17556,50
17564,142
17550,134
17550,248
17550,363
17543,172
17543,155
17566,493
17567,175
17569,480
17569,446
17569,461
17568,456
17565,268
17565,181
17565,349
17570,95
17570,12
17571,255
17571,347
17572,346
17572,302
17572,181
17573,320
17573,494
17573,412
17576,337
17576,291
17575,135
17575,85
17574,128
17542,245
17542,406
17544,428
17544,163
17544,116
17579,373
17579,444
17545,147
17545,80
17578,411
17582,310
17582,26
17582,108
17590,166
17590,81
17590,325
17581,451
17580,295
17580,307
17587,220
17583,258
17583,147
17583,104
17584,291
17584,297
17577,489
17577,495
17586,117
17586,442
17594,367
17594,191
17585,258
17585,15
17592,349
17588,217
17588,32
17588,193
17591,150
17591,101
17591,237
17601,223
17601,261
17601,295
17595,176
17602,38
17602,346
17602,176
17603,354
17603,467
17599,58
17599,454
17598,451
17598,406
17598,459
17597,353
17597,129
17597,324
17593,161
17600,374
17600,388
17604,100
17605,308
17611,397
17611,376
17608,64
17608,170
17608,86
17612,458
17612,57
17612,293
17610,99
17610,326
17606,310
17614,143
17614,237
17614,127
17616,436
17616,145
17613,113
17613,424
17613,500
17609,240
17609,247
17615,107
17615,34
17617,404
17617,408
17617,392
17596,257
17596,430
17589,370
17589,474
17607,144
17607,186
17607,74
17619,307
17619,358
17620,397
17620,482
17620,369
17622,319
17623,281
17621,48
17621,381
17621,330
17626,459
17626,498
17626,394
17624,440
17624,456
17624,498
17625,138
17625,50
17628,407
17628,219
17628,31
17630,3
17627,94
17627,371
17627,58
17631,58
17631,18
17631,241
17629,134
17629,273
17618,458
17618,264
17618,269
17635,241
17635,283
17635,201
17633,18
17633,158
17638,43
17638,179
17638,333
17644,227
17644,96
17636,171
17636,165
17636,101
17647,291
17647,160
17643,238
17645,7
17645,440
17645,172
17646,217
17646,282
17646,128
17648,490
17649,314
17649,268
17651,205
17651,299
17651,119
17653,245
17653,108
17652,462
17652,431
17632,77
17632,32
17632,125
17654,86
17654,491
17650,23
17650,440
17650,435
17655,238
17655,275
17655,333
17657,442
17657,48
17640,307
17640,332
17656,356
17656,418
17656,191
17658,129
17659,222
17659,224
17659,252
17634,459
17660,53
17639,182
17639,306
17639,106
17642,73
17641,11
17641,184
17641,107
17661,175
17661,328
17637,26
17664,231
17663,288
17663,67
17663,142
17662,136
17662,228
17662,74
17666,199
17666,311
17665,200
17665,109
17668,222
17668,187
17669,192
17670,333
17673,396
17667,47
17667,181
17672,97
17672,4
17675,411
17675,396
17674,373
17674,472
17671,486
17671,390
17671,443
17676,328
17677,286
17678,163
17682,324
17687,181
17687,83
17687,338
17680,39
17680,71
17683,131
17683,264
17685,7
17681,464
17681,244
17684,483
17679,300
17686,385
17686,418
17688,198
17688,98
17690,339
17690,257
17689,398
17689,429
17689,366
17692,142
17692,188
17691,456
17691,500
17694,28
17694,141
17694,308
17693,390
17696,140
17696,305
17696,134
17706,276
17706,144
17706,455
17697,407
17697,314
17707,375
17708,96
17708,176
17709,103
17709,113
17710,430
17710,466
17710,409
17711,123
17705,279
17712,7
17712,74
17712,95
17695,119
17695,70
17717,203
17698,33
17698,491
17698,403
17704,440
17704,372
17714,52
17700,330
17700,54
17716,83
17716,179
17716,270
17699,416
17715,17
17715,341
17715,283
17718,34
17701,399
17701,490
17701,271
17703,372
17703,435
17702,184
17702,49
17721,314
17713,495
17713,427
17713,364
17730,113
17723,432
17724,16
17724,206
17720,305
17731,474
17733,156
17733,269
17732,177
17732,3
17732,327
17734,138
17734,178
17734,151
17727,333
17727,20
17735,460
17735,499
17726,93
17726,131
17738,255
17737,115
17737,236
17737,297
17739,131
17739,295
17736,231
17736,27
17722,260
17722,253
17746,412
17746,425
17740,205
17740,178
17740,31
17741,483
17741,388
17728,490
17729,259
17729,272
17744,135
17744,256
17743,474
17743,494
17742,358
17725,436
17725,363
17719,204
17719,325
17719,190
17745,360
17745,495
17748,196
17747,473
17747,271
17749,85
17749,75
17749,129
17751,137
17750,499
17750,25
17752,316
17753,381
17755,391
17756,325
17756,193
17754,442
17754,371
17757,59
17757,116
17758,380
17759,177
17763,263
17763,207
17768,246
17768,59
17768,326
17769,346
17769,332
17772,334
17772,331
17773,497
17773,212
17766,454
17766,493
17770,67
17770,218
17775,250
17775,259
17774,364
17774,496
17776,82
17776,181
17778,53
17778,308
17778,350
17780,350
17771,465
17771,335
17771,10
17779,470
17781,450
17781,366
17777,494
17761,42
17761,91
17761,219
17783,104
17783,242
17783,85
17784,475
17784,394
17786,44
17787,388
17787,361
17787,439
17785,425
17785,44
17788,42
17788,45
17788,16
17764,133
17762,246
17762,132
17765,297
17767,170
17767,25
17767,300
17760,16
17760,264
17790,410
17790,498
17789,81
17789,115
17782,385
17782,481
17792,369
17791,227
17793,90
17794,198
17794,313
17794,483
17805,340
17805,43
17805,427
17804,138
17804,165
17806,484
17807,55
17807,292
17807,53
17809,466
17800,144
17800,241
17810,138
17798,180
17798,270
17798,417
17811,14
17808,470
17808,441
17813,245
17814,339
17812,105
17815,293
17815,131
17803,285
17803,187
17803,247
17819,40
17820,440
17820,370
17801,405
17801,407
17822,197
17796,361
17796,387
17796,461
17823,104
17823,109
17823,230
17825,386
17824,474
17824,480
17816,348
17816,165
17816,248
17802,186
17797,387
17797,464
17826,377
17827,2
17827,182
17827,184
17795,181
17795,137
17830,145
17828,470
17832,152
17831,368
17831,99
17831,263
17838,11
17834,444
17817,84
17840,45
17841,440
17833,184
17835,131
17844,321
17846,455
17846,458
17839,252
17839,162
17839,97
17843,452
17843,357
17843,371
17836,108
17836,408
17836,119
17837,339
17837,62
17837,41
17849,12
17849,27
17849,339
17850,411
17850,431
17850,371
17847,293
17821,420
17821,446
17821,362
17842,39
17842,423
17842,201
17848,57
17851,163
17852,421
17852,375
17852,54
17853,405
17853,167
17853,236
17854,228
17859,131
17859,289
17855,19
17855,55
17855,161
17858,3
17860,268
17860,113
17860,74
17856,481
17856,63
17861,123
17861,172
17829,269
17862,290
17862,159
17863,76
17857,496
17857,423
17818,353
17818,441
17818,79
17845,12
17799,170
17799,121
17865,442
17864,445
17868,200
17867,461
17866,458
17866,421
17869,60
17871,316
17872,484
17872,101
17870,413
17870,350
17870,17
17874,451
17874,411
17875,26
17879,423
17877,282
17878,415
17878,471
17876,292
17880,237
17880,440
17880,132
17883,448
17881,144
17881,110
17882,382
17882,296
17882,189
17884,329
17884,110
17885,479
17885,428
17886,51
17888,38
17888,486
17887,415
17890,265
17891,223
17891,336
17891,465
17889,318
17889,323
17889,156
17893,344
17893,283
17893,103
17892,94
17896,254
17896,251
17896,51
17895,251
17895,272
17895,11
17898,129
17898,312
17894,150
17899,450
17899,366
17897,324
17900,257
17900,454
17901,446
17901,448
17902,361
17902,407
17902,408
17904,167
17904,82
17904,412
17906,162
17914,41
17914,417
17905,328
17905,187
17905,330
17909,163
17909,44
17909,390
17911,370
17915,391
17915,499
17917,230
17917,221
17917,292
17919,423
17912,326
17912,115
17912,57
17921,284
17921,417
17921,204
17908,175
17908,391
17908,461
17923,250
17923,469
17923,199
17924,272
17924,314
17926,393
17925,493
17925,281
17928,141
17928,309
17913,412
17913,92
17913,350
17929,23
17930,454
17930,367
17927,210
17927,189
17933,235
17933,78
17932,399
17932,429
17932,152
17934,162
17934,159
17935,263
17935,279
17873,223
17873,250
17916,440
17916,363
17916,379
17907,33
17907,274
17907,159
17936,172
17938,46
17939,89
17939,475
17939,232
17937,357
17937,246
17941,499
17941,202
17941,287
17940,355
17940,230
17942,394
17942,481
17942,358
17945,405
17943,457
17943,413
17943,311
17944,313
17944,219
17944,60
17946,153
17946,249
17947,337
17947,246
17947,317
17918,431
17918,175
17918,413
17948,392
17948,417
17910,388
17910,463
17910,391
17922,474
17957,212
17957,246
17958,58
17958,459
17958,5
17959,500
17959,186
17951,338
17951,20
17951,55
17956,235
17960,353
17960,33
17961,457
17962,40
17964,53
17964,199
17963,229
17963,323
17965,258
17967,184
17953,262
17969,320
17969,326
17969,184
17968,38
17968,128
17968,255
17972,115
17972,242
17971,14
17971,102
17971,206
17954,202
17903,134
17920,323
17970,409
17970,386
17931,69
17931,110
17949,361
17949,421
17949,362
17966,162
17955,420
17955,475
17955,331
17978,365
17981,424
17981,431
17981,496
17979,49
17979,410
17980,435
17980,367
17983,89
17982,408
17982,358
17984,373
17984,397
17984,403
17985,499
17985,389
17988,422
17988,44
17987,182
17989,163
17989,491
17989,271
17990,117
17990,225
17990,2
17993,120
17993,384
17991,325
17994,190
17994,209
17994,155
17992,325
17992,20
17974,12
17986,451
17986,157
17986,500
17975,341
17975,344
17975,102
17976,99
17976,262
17976,138
17977,488
17977,380
17973,83
17973,134
17952,258
17952,339
17950,411
17950,447
17995,346
17995,409
17996,56
17997,276
17997,310
17998,19
17998,173
18000,252
18001,270
18001,219
18001,96
18002,98
18003,118
17999,52
17999,73
18004,211
18004,494
18005,137
18005,248
18007,214
18006,61
18006,208
18006,322
18008,35
18009,366
18009,377
18009,471
18013,203
18013,186
18013,213
18012,390
18010,446
18011,368
18014,190
18020,379
18020,247
18020,301
18023,405
18023,44
18023,71
18019,116
18017,320
18017,316
18017,113
18018,281
18018,196
18018,215
18016,352
18016,366
18021,277
18021,500
18028,425
18028,439
18027,316
18027,86
18027,168
18025,412
18022,173
18022,285
18022,120
18024,460
18024,194
18024,270
18015,170
18015,248
18015,379
18026,305
18026,257
18026,56
18029,17
18029,262
18031,351
18031,396
18031,474
18030,5
18030,95
18030,188
18033,320
18033,129
18033,305
18034,278
18034,465
18034,273
18035,170
18032,459
18032,255
18036,298
18038,265
18041,444
18041,490
18039,36
18039,280
18040,348
18040,403
18040,474
18037,115
18043,36
18043,350
18043,357
18044,73
18044,134
18044,11
18042,169
18042,128
18042,105
18048,292
18050,236
18045,500
18045,92
18047,333
18047,127
18047,155
18046,284
18046,305
18046,385
18049,327
18060,129
18060,83
18060,6
18059,175
18062,82
18062,208
18063,277
18065,103
18066,98
18066,414
18067,34
18061,420
18061,399
18068,205
18068,493
18068,291
18069,424
18069,415
18064,420
18064,401
18064,395
18071,340
18071,350
18071,426
18072,31
18072,3
18074,63
18074,39
18074,220
18075,263
18075,122
18075,246
18070,452
18073,168
18055,155
18055,350
18054,270
18054,20
18054,33
18052,461
18052,376
18053,476
18056,388
18056,225
18057,173
18051,148
18051,34
18076,130
18076,175
18076,47
18077,181
18077,122
18077,348
18079,127
18079,161
18085,386
18078,80
18078,464
18058,292
18058,80
18058,298
18082,344
18082,272
18088,306
18088,254
18084,207
18084,316
18084,250
18087,308
18087,110
18087,273
18089,68
18081,95
18081,297
18081,347
18080,151
18090,365
18090,460
18090,265
18083,183
18083,366
18093,462
18093,486
18093,423
18092,465
18092,428
18092,430
18096,27
18091,281
18091,211
18095,203
18095,69
18095,384
18099,125
18097,281
18097,115
18097,375
18101,465
18101,421
18098,366
18098,50
18100,403
18100,408
18100,404
18102,165
18103,61
18103,310
18103,428
18094,328
18094,423
18086,29
18106,160
18106,60
18106,305
18108,375
18108,244
18104,152
18104,99
18105,202
18105,205
18110,270
18107,465
18107,480
18107,447
18113,426
18112,356
18114,390
18114,24
18114,374
18116,280
18116,211
18111,157
18115,104
18115,315
18115,17
18122,302
18122,101
18117,20
18117,34
18117,463
18119,393
18119,463
18109,468
18109,434
18124,438
18124,482
18127,436
18127,358
18129,427
18125,15
18120,244
18123,119
18123,9
18126,357
18126,167
18118,28
18128,433
18128,392
18128,488
18130,29
18130,140
18130,194
18131,189
18131,89
18131,216
18134,243
18134,107
18134,477
18142,73
18132,227
18132,271
18144,390
18144,446
18144,270
18145,423
18145,368
18145,373
18143,6
18143,177
18133,310
18133,306
18146,248
18146,296
18147,209
18148,252
18148,129
18148,498
18151,87
18151,320
18151,406
18135,14
18135,357
18150,194
18150,313
18153,282
18141,64
18141,342
18141,344
18154,137
18154,339
18156,370
18155,193
18157,243
18157,368
18157,401
18158,426
18158,496
18158,406
18159,323
18159,20
18159,122
18161,129
18161,281
18161,48
18160,94
18136,490
18136,170
18136,306
18149,446
18139,64
18139,307
18139,316
18137,276
18138,118
18138,230
18121,270
18121,301
18121,77
18140,304
18170,166
18169,136
18169,257
18169,247
18173,375
18175,84
18175,160
18174,155
18174,301
18174,21
18171,213
18171,334
18176,93
18176,118
18176,35
18177,299
18177,251
18177,471
18178,321
18178,454
18178,325
18180,451
18180,284
18179,445
18181,314
18181,357
18162,334
18162,163
18182,59
18182,296
18185,354
18184,203
18184,103
18184,146
18183,497
18183,404
18183,431
18186,200
18186,258
18186,339
18152,408
18152,208
18152,425
18172,487
18164,429
18187,154
18187,466
18192,414
18192,410
18192,432
18193,102
18193,407
18194,125
18188,138
18188,337
18188,96
18191,73
18189,360
18189,245
18189,168
18165,151
18196,438
18196,476
18195,93
18195,414
18195,283
18197,142
18197,13
18197,39
18199,428
18199,435
18199,436
18200,423
18200,371
18200,357
18201,485
18198,77
18198,48
18198,440
18204,199
18204,138
18202,92
18203,383
18203,118
18203,493
18205,454
18206,357
18206,435
18206,450
18210,150
18207,88
18209,202
18209,111
18209,339
18211,413
18213,129
18208,165
18208,30
18208,23
18212,24
18190,458
18166,330
18166,296
18166,278
18214,182
18214,349
18214,191
18216,453
18167,114
18167,88
18167,142
18222,215
18221,39
18221,41
18168,349
18168,264
18168,342
18218,329
18218,431
18220,13
18220,90
18219,491
18219,408
18219,486
18163,267
18163,15
18215,52
18217,250
18234,53
18234,297
18223,487
18235,458
18235,412
18235,100
18236,218
18236,73
18233,125
18233,358
18233,188
18237,67
18239,415
18230,104
18241,124
18241,123
18241,449
18240,396
18240,484
18242,481
18242,395
18228,387
18228,495
18228,438
18238,12
18238,205
18238,70
18244,257
18244,341
18231,244
18245,325
18245,190
18245,311
18246,363
18246,393
18247,67
18243,463
18248,398
18248,439
18248,354
18225,196
18225,225
18225,13
18224,135
18224,417
18232,257
18232,144
18232,81
18226,64
18249,30
18249,286
18227,366
18227,489
18227,478
18252,388
18252,48
18254,320
18254,242
18254,278
18255,384
18255,379
18251,262
18251,398
18258,67
18258,243
18258,240
18229,323
18229,84
18250,178
18264,112
18266,419
18266,404
18265,353
18265,401
18260,244
18268,428
18268,471
18268,499
18269,446
18269,449
18263,311
18270,263
18270,29
18253,202
18262,72
18262,194
18267,386
18256,37
18256,273
18256,176
18257,354
18280,261
18280,268
18274,307
18274,131
18274,254
18259,187
18259,391
18259,110
18277,286
18277,265
18277,172
18272,335
18272,72
18272,302
18273,272
18278,297
18278,380
18278,215
18275,282
18275,221
18275,389
18282,175
18282,466
18282,291
18284,249
18284,327
18261,481
18283,54
18285,98
18285,53
18279,138
18279,81
18279,288
18281,383
18281,430
18281,392
18286,307
18287,409
18287,493
18290,300
18290,244
18292,169
18288,180
18288,53
18298,494
18298,32
18299,376
18301,479
18301,367
18302,396
18302,229
18302,322
18289,423
18289,257
18294,329
18304,276
18304,317
18304,36
18303,244
18300,444
18300,342
18300,257
18305,334
18305,322
18305,19
18306,473
18306,413
18306,487
18307,416
18307,467
18293,66
18293,181
18293,5
18295,266
18295,100
18295,183
18291,359
18291,376
18291,375
18297,219
18297,356
18296,154
18296,136
18308,45
18308,467
18308,268
18271,342
18271,144
18276,308
18276,193
18276,148
18309,87
18309,86
18319,30
18319,32
18311,97
18311,249
18323,76
18323,330
18323,135
18322,77
18322,349
18324,34
18325,452
18325,202
18325,372
18326,188
18326,225
18326,47
18327,46
18329,415
18328,287
18328,487
18328,454
18321,95
18321,452
18331,373
18331,425
18330,461
18332,235
18332,117
18332,475
18310,56
18310,275
18310,473
18334,176
18335,70
18335,265
18333,467
18333,187
18338,490
18312,28
18312,284
18312,249
18336,402
18336,56
18336,214
18337,353
18313,125
18313,259
18313,108
18320,477
18317,385
18317,443
18314,452
18314,444
18315,351
18315,497
18315,379
18318,397
18318,438
18318,437
18316,410
18316,478
18339,47
18339,33
18339,492
18340,265
18342,255
18342,307
18342,14
18345,32
18341,204
18341,430
18341,255
18344,353
18343,282
18343,194
18343,209
18346,136
18346,356
18347,57
18347,123
18347,255
18351,287
18351,15
18351,43
18348,373
18348,418
18348,443
18349,172
18354,4
18355,257
18355,244
18350,469
18350,320
18363,19
18363,500
18364,324
18364,338
18353,54
18366,151
18366,443
18366,129
18352,485
18352,381
18369,27
18369,268
18367,466
18367,449
18365,481
18365,353
18358,431
18358,157
18368,370
18372,386
18371,415
18371,380
18371,368
18370,313
18370,60
18370,6
18362,159
18362,87
18373,337
18373,330
18374,367
18374,424
18374,472
18375,303
18378,109
18378,252
18377,73
18377,185
18379,47
18379,118
18379,474
18360,477
18360,354
18359,187
18359,332
18361,167
18361,313
18381,130
18380,381
18380,497
18357,261
18385,440
18385,128
18385,248
18382,245
18382,108
18382,147
18384,70
18384,245
18384,59
18383,38
18383,214
18383,368
18376,498
18376,458
18387,374
18387,481
18387,497
18386,376
18386,455
18390,78
18390,120
18388,206
18388,226
18389,489
18391,234
18391,451
18391,320
18392,250
18393,19
18393,196
18394,344
18394,380
18394,222
18398,429
18400,297
18400,471
18403,424
18395,351
18408,158
18408,313
18397,198
18397,341
18397,119
18406,241
18406,165
18406,419
18405,87
18405,25
18411,389
18404,299
18404,348
18404,32
18409,221
18409,480
18409,426
18410,473
18410,45
18410,276
18402,413
18402,379
18402,381
18401,409
18356,76
18420,15
18396,363
18396,457
18421,335
18421,35
18399,322
18399,291
18415,427
18415,430
18415,454
18422,491
18424,480
18424,163
18423,25
18419,390
18419,420
18425,428
18425,205
18425,185
18427,137
18427,481
18426,91
18426,375
18428,338
18428,390
18428,465
18430,107
18407,50
18407,25
18407,119
18432,404
18434,179
18429,3
18433,373
18431,257
18417,164
18417,178
18413,8
18413,20
18413,2
18416,203
18412,326
18412,386
18437,259
18414,223
18414,345
18444,208
18444,193
18444,181
18435,359
18438,475
18438,481
18441,210
18441,22
18441,198
18447,287
18443,154
18443,338
18443,368
18445,473
18445,298
18439,348
18439,262
18439,245
18446,357
18418,182
18418,34
18448,496
18448,422
18448,382
18442,442
18442,366
18440,156
18440,9
18440,70
18449,74
18449,354
18449,230
18450,46
18450,5
18450,373
18436,245
18451,196
18451,311
18451,437
18452,445
18452,300
18452,140
18454,345
18457,368
18457,163
18457,316
18453,445
18459,203
18459,129
18455,271
18455,405
18460,463
18460,418
18460,361
18458,487
18458,408
18458,308
18461,408
18461,464
18461,356
18464,37
18463,482
18462,193
18462,172
18465,489
18465,475
18465,225
18467,437
18456,124
18456,457
18470,355
18466,231
18466,213
18468,279
18468,203
18468,248
18472,456
18471,290
18471,27
18473,202
18473,58
18473,175
18477,367
18478,166
18478,392
18478,398
18469,343
18469,4
18469,234
18475,118
18475,147
18475,344
18480,368
18480,21
18480,127
18482,341
18476,309
18476,30
18481,489
18485,86
18485,484
18486,465
18488,372
18488,446
18474,14
18487,158
18489,476
18489,416
18494,450
18484,486
18484,53
18484,99
18493,6
18495,391
18492,135
18496,381
18496,448
18497,135
18498,55
18498,309
18499,262
18499,153
18499,222
18502,92
18502,409
18503,24
18503,405
18503,477
18501,340
18504,136
18504,390
18505,71
18505,138
18500,7
18500,352
18500,357
18491,417
18491,378
18491,350
18507,330
18508,142
18508,20
18510,224
18512,40
18509,263
18509,297
18506,110
18483,469
18517,6
18518,50
18519,445
18519,394
18519,497
18523,143
18515,110
18516,270
18516,108
18516,65
18524,101
18524,390
18525,376
18525,417
18525,221
18522,93
18522,246
18522,326
18528,254
18528,123
18521,18
18527,236
18530,304
18530,247
18531,118
18526,326
18529,299
18529,320
18529,363
18533,242
18533,23
18533,34
18532,302
18532,335
18532,322
18534,47
18539,397
18539,334
18539,37
18538,319
18538,120
18540,62
18540,5
18543,154
18536,114
18536,209
18536,103
18542,482
18544,484
18544,383
18544,187
18547,127
18547,19
18547,239
18541,230
18541,78
18548,416
18548,299
18548,318
18545,127
18546,210
18546,87
18550,346
18550,144
18550,255
18551,396
18552,142
18537,181
18537,290
18537,52
18554,393
18554,500
18549,112
18549,33
18549,99
18553,38
18553,442
18553,286
18555,425
18555,122
18555,380
18558,355
18561,477
18561,375
18561,480
18562,72
18562,233
18562,403
18560,331
18560,118
18564,188
18563,481
18563,202
18563,299
18559,92
18559,136
18559,132
18565,384
18565,446
18566,68
18557,174
18557,127
18569,389
18568,296
18567,210
18567,83
18570,101
18570,476
18570,363
18574,265
18574,153
18479,385
18479,372
18573,10
18573,82
18573,211
18576,201
18490,367
18490,437
18490,440
18578,106
18578,159
18578,436
18577,339
18577,17
18577,274
18581,124
18575,311
18575,341
18579,361
18584,12
18584,183
18584,76
18513,423
18513,384
18513,26
18580,341
18580,491
18580,41
18585,53
18585,211
18583,140
18583,190
18583,303
18582,72
18587,195
18587,239
18588,489
18591,64
18589,465
18592,430
18592,256
18592,435
18586,244
18586,176
18586,171
18593,494
18572,191
18590,300
18596,77
18595,181
18595,251
18595,39
18597,267
18597,339
18571,260
18571,463
18594,224
18511,450
18514,204
18520,464
18520,382
18598,16
18607,494
18608,115
18608,305
18608,158
18610,132
18610,308
18610,359
18609,472
18609,275
18611,163
18602,308
18602,252
18604,9
18604,178
18613,218
18613,94
18612,466
18612,368
18600,348
18614,199
18605,258
18616,29
18616,443
18616,67
18619,404
18615,161
18615,500
18615,411
18618,46
18617,27
18617,219
18617,141
18620,56
18620,161
18620,454
18601,237
18601,99
18601,272
18603,143
18599,205
18621,326
18621,19
18606,359
18623,410
18535,336
18535,61
18535,220
18622,349
18622,141
18622,339
18556,102
18556,466
18624,439
18624,456
18624,408
18625,366
18627,199
18627,117
18626,382
18626,465
18628,210
18628,74
18628,143
18629,168
18632,121
18632,311
18632,45
18630,345
18634,469
18634,411
18631,125
18633,232
18636,231
18635,314
18635,106
18635,477
18639,129
18639,130
18637,280
18637,119
18637,252
18638,317
18638,35
18640,384
18640,375
18642,474
18642,425
18642,371
18644,295
18644,410
18644,121
18643,195
18643,108
18653,79
18654,313
18655,142
18655,209
18656,364
18656,440
18656,474
18657,237
18657,425
18658,408
18648,478
18648,440
18661,382
18661,280
18662,298
18662,495
18659,192
18663,438
18663,398
18660,285
18660,247
18660,113
18664,41
18650,245
18665,126
18665,26
18668,387
18666,418
18666,480
18666,315
18667,384
18667,393
18645,95
18645,193
18645,70
18646,112
18646,84
18646,447
18669,145
18669,344
18669,282
18647,156
18647,258
18652,417
18652,430
18652,403
18670,159
18670,266
18671,385
18641,424
18641,364
18641,367
18651,314
18651,258
18674,478
18672,278
18673,69
18675,387
18675,193
18649,155
18676,23
18676,159
18679,99
18678,456
18678,484
18681,478
18681,300
18681,186
18677,414
18680,366
18680,410
18684,415
18684,364
18684,387
18683,105
18683,411
18685,460
18685,62
18686,418
18687,137
18688,225
18688,298
18688,469
18682,470
18692,106
18690,241
18690,442
18690,77
18689,173
18693,256
18691,484
18691,429
18695,25
18696,283
18696,247
18701,50
18701,191
18701,108
18694,410
18694,260
18694,107
18698,165
18698,283
18703,64
18703,486
18703,337
18700,11
18699,377
18699,386
18699,413
18702,273
18702,133
18704,21
18705,192
18697,296
18697,244
18697,89
18709,369
18706,83
18707,472
18708,45
18708,138
18710,373
18710,271
18714,333
18712,392
18715,312
18711,183
18713,90
18713,224
18713,45
18716,388
18717,415
18717,58
18725,479
18722,359
18722,424
18722,369
18726,145
18719,154
18719,174
18719,222
18727,413
18727,241
18727,261
18718,342
18721,319
18721,197
18720,194
18720,377
18724,151
18728,403
18728,266
18723,383
18723,446
18723,370
18729,233
18730,33
18731,311
18731,140
18731,318
18732,451
18732,478
18732,394
18733,340
18733,25
18733,249
18734,135
18734,46
18734,29
18735,179
18735,497
18735,185
18736,439
18736,220
18737,244
18740,361
18741,413
18743,42
18738,452
18744,18
18745,316
18745,160
18739,332
18739,315
18747,395
18746,50
18746,228
18742,165
18749,231
18749,70
18749,380
18751,328
18752,212
18752,116
18752,11
18753,467
18753,403
18748,493
18748,198
18754,250
18754,331
18756,276
18756,49
18756,129
18757,398
18757,420
18757,383
18755,312
18758,335
18758,459
18758,177
18750,230
18750,120
18760,461
18764,43
18764,344
18763,364
18763,445
18763,464
18766,100
18766,44
18762,227
18762,399
18761,109
18767,47
18768,273
18759,302
18765,473
18765,154
18765,170
18770,287
18771,281
18771,406
18771,70
18773,263
18773,209
18773,200
18769,486
18769,285
18769,291
18772,96
18772,239
18772,66
18774,130
18774,353
18774,491
18776,178
18777,437
18777,98
18777,57
18779,167
18780,245
18781,217
18778,380
18782,494
18782,252
18783,160
18783,66
18783,278
18784,21
18785,498
18785,163
18785,401
18788,447
18788,418
18788,411
18786,181
18786,324
18787,167
18789,155
18789,221
18789,451
18791,468
18791,494
18801,363
18802,78
18802,405
18802,355
18790,453
18790,451
18790,463
18794,207
18794,314
18800,498
18800,195
18803,310
18804,405
18804,493
18808,391
18807,401
18806,354
18806,425
18805,219
18805,434
18809,249
18809,371
18809,101
18811,129
18810,83
18813,20
18813,168
18814,277
18814,301
18815,393
18815,160
18812,22
18798,469
18798,405
18798,368
18820,370
18797,473
18797,21
18819,144
18821,348
18822,74
18824,92
18824,314
18816,331
18816,186
18825,392
18823,41
18823,38
18826,444
18826,249
18826,3
18828,204
18829,280
18829,113
18827,60
18827,333
18827,356
18793,204
18830,176
18830,277
18830,373
18792,481
18792,236
18817,336
18817,225
18817,293
18832,29
18832,221
18818,180
18831,351
18831,181
18833,166
18795,418
18795,438
18838,185
18838,198
18839,469
18840,256
18841,127
18841,466
18841,200
18843,70
18843,18
18844,66
18844,316
18842,402
18842,447
18799,283
18799,172
18799,25
18845,148
18845,33
18847,363
18847,31
18848,365
18846,456
18846,73
18846,236
18796,269
18796,44
18796,484
18849,180
18849,174
18849,10
18851,340
18851,226
18851,71
18852,358
18852,496
18852,384
18854,317
18855,246
18858,416
18858,379
18858,352
18856,375
18835,281
18835,431
18836,370
18836,368
18836,498
18837,373
18837,401
18837,441
18863,286
18863,473
18863,418
18862,398
18864,166
18834,163
18865,405
18865,400
18866,136
18866,78
18867,68
18870,485
18871,322
18871,201
18872,356
18868,160
18868,6
18873,296
18874,319
18874,219
18874,334
18875,479
18875,186
18876,394
18876,476
18877,478
18877,481
18878,440
18878,283
18879,234
18880,85
18881,92
18881,112
18853,10
18853,294
18882,271
18882,378
18882,138
18883,39
18883,403
18885,497
18887,171
18884,23
18888,434
18888,336
18889,395
18889,164
18889,240
18886,244
18886,297
18890,393
18890,123
18869,224
18892,193
18891,46
18893,498
18893,150
18893,274
18850,356
18850,193
18850,36
18894,103
18894,310
18894,94
18896,481
18896,383
18896,410
18895,127
18895,55
18895,188
18860,64
18860,21
18897,339
18897,159
18897,275
18859,401
18859,18
18859,254
18902,280
18899,479
18899,472
18899,417
18900,33
18898,305
18898,420
18898,474
18906,373
18903,202
18903,289
18903,497
18905,9
18907,383
18907,348
18910,191
18910,174
18910,210
18908,193
18908,174
18908,241
18775,149
18775,154
18909,267
18909,83
18857,199
18857,480
18857,210
18913,458
18912,169
18912,116
18911,489
18911,427
18911,381
18916,353
18916,391
18916,491
18920,484
18920,256
18914,476
18914,352
18914,481
18924,153
18924,308
18921,191
18921,174
18922,33
18922,158
18922,286
18926,237
18926,149
18923,303
18923,416
18923,468
18929,145
18929,306
18929,158
18919,480
18917,395
18917,391
18917,444
18930,28
18915,480
18915,372
18928,12
18932,182
18936,128
18933,291
18933,44
18935,234
18935,155
18918,453
18937,328
18937,111
18940,395
18940,389
18938,4
18934,408
18934,454
18941,319
18927,292
18925,465
18939,352
18942,449
18942,308
18945,404
18943,84
18944,62
18944,470
18947,228
18947,183
18948,35
18948,28
18948,322
18955,187
18955,196
18953,181
18953,372
18954,345
18952,18
18956,396
18956,249
18956,151
18951,187
18951,245
18959,22
18959,75
18959,61
18946,301
18946,265
18961,156
18962,122
18949,57
18950,97
18963,61
18901,207
18901,176
18901,331
18861,349
18861,142
18904,236
18904,480
18904,147
18931,379
18957,260
18958,287
18960,215
18960,244
18964,449
18965,130
18965,92
18965,77
18966,95
18966,22
18969,427
18967,247
18967,78
18970,238
18971,131
18968,256
18968,263
18968,156
18972,316
18974,10
18974,346
18973,320
18973,91
18973,43
18976,431
18976,105
18975,214
18979,237
18979,314
18979,128
18989,51
18989,133
18990,369
18990,372
18990,429
18983,427
18983,426
18991,106
18991,152
18991,356
18988,408
18988,432
18985,427
18985,492
18992,196
18992,231
18992,328
18993,359
18993,203
18995,444
18994,67
18998,495
18998,169
18997,227
18996,422
18996,389
18996,378
18999,86
18999,112
18986,391
19000,475
19000,203
19000,107
19001,467
19001,359
19003,456
19003,125
19003,3
19002,23
19002,55
19002,173
18982,19
18982,265
18982,157
18984,461
18981,364
18981,108
18981,120
18987,497
18987,461
18987,371
19004,30
19004,231
19004,91
18977,163
18977,306
18980,197
18980,289
18980,238
19006,181
19007,498
19009,358
19009,190
18978,120
18978,336
18978,307
19008,114
19008,132
19008,182
19005,458
19005,462
19005,396
19011,356
19012,326
19014,82
19013,46
19010,281
19010,77
19010,340
19016,377
19016,368
19016,426
19015,18
19015,244
19017,234
19017,195
19017,106
19018,17
19018,311
19021,166
19021,61
19020,309
19023,449
19023,487
19023,459
19019,167
19019,392
19022,494
19025,24
19025,233
19025,84
19027,497
19027,112
19024,473
19024,306
19026,117
19028,275
19028,33
19029,474
19029,493
19031,301
19031,287
19031,116
19033,207
19033,345
19034,11
19034,155
19030,466
19036,336
19037,477
19032,234
19038,154
19038,399
19038,429
19039,313
19039,187
19039,247
19040,55
19041,185
19035,202
19045,248
19042,226
19043,390
19043,154
19043,86
19052,290
19047,74
19047,305
19044,265
19044,27
19050,72
19050,226
19050,136
19051,306
19046,155
19046,237
19049,426
19049,429
19055,120
19055,43
19063,284
19063,235
19048,473
19065,349
19065,481
19058,437
19058,228
19058,314
19064,437
19064,363
19067,365
19067,401
19067,385
19068,246
19068,339
19053,56
19070,428
19070,476
19066,377
19071,102
19071,202
19073,363
19072,6
19072,218
19072,356
19069,80
19069,267
19076,460
19076,356
19075,336
19075,215
19077,208
19079,445
19079,493
19074,402
19074,357
19081,234
19081,117
19080,142
19080,379
19062,31
19062,304
19062,290
19082,74
19082,340
19082,298
19059,353
19060,430
19060,26
19083,265
19083,52
19056,466
19056,362
19056,491
19054,347
19054,107
19061,469
19061,471
19078,320
19057,13
19057,402
19057,2
19084,276
19084,310
19091,473
19091,375
19091,464
19092,69
19092,220
19090,10
19086,247
19086,258
19093,430
19093,412
19093,452
19098,326
19098,401
19099,114
19099,371
19096,191
19096,131
19096,114
19097,55
19097,242
19101,146
19101,311
19101,340
19100,291
19094,367
19094,406
19103,450
19103,176
19102,341
19102,256
19102,290
19104,129
19104,477
19106,229
19089,210
19110,6
19110,331
19110,268
19107,374
19107,486
19108,236
19109,479
19087,223
19087,474
19087,129
19105,468
19105,473
19111,372
19088,9
19088,127
19088,274
19095,131
19095,158
19095,328
19114,479
19114,486
19113,41
19113,43
19112,231
19115,469
19115,363
19115,172
19116,87
19116,122
19116,226
19118,5
19118,104
19117,69
19085,469
19085,364
19085,499
19119,88
19122,421
19122,368
19123,51
19121,441
19124,32
19125,309
19129,472
19128,377
19128,433
19128,474
19120,315
19120,70
19131,93
19131,426
19131,459
19135,65
19135,154
19135,343
19132,390
19132,378
19130,43
19130,163
19136,344
19136,334
19133,26
19133,14
19138,58
19126,473
19139,32
19137,411
19137,280
19141,75
19141,153
19140,389
19144,12
19144,326
19147,402
19142,9
19142,43
19146,385
19145,34
19145,100
19134,391
19149,46
19149,48
19149,191
19153,479
19150,106
19150,78
19150,102
19151,233
19154,487
19154,392
19154,311
19155,483
19155,100
19148,350
19148,189
19152,414
19152,429
19152,366
19127,56
19127,419
19127,271
19156,212
19157,444
19157,112
19159,18
19159,32
19159,292
19160,30
19160,352
19160,63
19158,60
19158,471
19158,242
19162,137
19163,50
19161,35
19166,52
19164,448
19164,496
19164,447
19165,160
19165,93
19167,395
19167,322
19168,487
19168,180
19173,235
19173,137
19173,195
19179,12
19180,253
19175,253
19175,85
19177,74
19177,47
19177,404
19172,456
19181,227
19183,392
19182,102
19182,53
19184,282
19184,15
19186,104
19187,104
19187,234
19187,232
19185,150
19185,102
19185,130
19189,313
19189,450
19188,123
19188,292
19191,328
19191,307
19192,420
19192,400
19176,294
19176,346
19176,174
19190,60
19190,258
19178,8
19178,336
19169,410
19169,374
19193,427
19194,241
19194,18
19174,316
19174,171
19170,13
19170,330
19195,359
19195,435
19196,202
19196,323
19197,107
19197,73
19197,17
19198,378
19198,2
19171,357
19171,407
19171,390
19202,137
19206,185
19207,133
19207,255
19205,463
19205,247
19205,134
19211,170
19210,92
19210,138
19200,179
19200,166
19212,96
19212,78
19214,114
19214,172
19199,209
19199,189
19204,346
19201,14
19201,223
19216,414
19213,275
19213,285
19215,6
19215,431
19217,390
19218,147
19218,376
19222,331
19222,476
19222,162
19220,51
19220,65
19220,109
19219,78
19219,55
19224,89
19224,169
19224,33
19221,291
19221,290
19221,401
19223,344
19223,54
19227,37
19226,170
19225,373
19228,184
19229,450
19208,82
19208,149
19230,452
19230,426
19231,251
19231,212
19231,96
19209,26
19209,363
19209,372
19203,421
19232,371
19233,150
19233,347
19233,442
19235,161
19236,306
19236,453
19234,189
19234,379
19237,227
19237,61
19238,190
19241,153
19241,13
19241,271
19239,388
19239,245
19243,155
19240,308
19240,289
19240,136
19244,45
19242,294
19242,120
19245,269
19245,278
19245,29
19247,213
19250,18
19250,29
19246,22
19246,256
19246,111
19252,284
19257,164
19257,48
19257,96
19256,350
19256,231
19260,52
19259,319
19259,283
19259,340
19248,225
19261,6
19261,395
19261,149
19258,285
19258,477
19262,418
19262,195
19263,99
19263,345
19265,173
19265,486
19264,297
19264,185
19264,272
19267,333
19267,215
19268,456
19268,113
19254,369
19254,201
19270,356
19270,375
19270,429
19272,57
19269,255
19266,308
19266,413
19266,369
19253,419
19253,15
19253,197
19275,441
19275,120
19275,437
19273,51
19273,67
19273,194
19271,97
19271,463
19271,422
19276,40
19276,195
19276,339
19251,199
19278,491
19278,261
19255,53
19274,178
19274,110
19274,186
19280,86
19143,463
19143,400
19143,496
19279,77
19281,209
19281,314
19281,349
19277,304
19277,380
19277,86
19282,424
19282,293
19287,451
19286,326
19290,136
19290,301
19290,180
19291,142
19291,101
19294,190
19294,350
19285,331
19285,128
19285,133
19284,330
19284,117
19284,134
19288,280
19288,449
19288,77
19292,291
19293,305
19293,95
19295,41
19295,304
19295,279
19283,365
19296,383
19296,242
19289,463
19249,333
19307,272
19301,230
19301,459
19300,230
19300,432
19297,27
19308,242
19308,16
19308,297
19309,325
19309,480
19309,70
19312,462
19312,484
19312,81
19310,202
19310,475
19299,25
19299,384
19299,369
19298,28
19313,377
19313,299
19313,372
19316,117
19316,277
19316,68
19306,105
19306,466
19318,97
19315,17
19315,473
19315,177
19317,203
19317,442
19321,466
19321,372
19320,180
19311,2
19311,226
19314,11
19323,458
19323,492
19323,481
19303,300
19303,112
19302,326
19302,246
19302,331
19322,116
19324,122
19324,186
19324,181
19304,80
19304,357
19305,486
19305,291
19305,264
19325,425
19325,466
19325,407
19327,53
19327,46
19328,423
19328,367
19328,393
19331,110
19331,474
19331,248
19330,173
19333,8
19333,85
19333,441
19329,412
19329,434
19319,461
19319,460
19319,473
19336,228
19335,150
19335,50
19338,265
19338,328
19339,3
19339,74
19339,285
19334,182
19334,16
19334,22
19340,46
19340,110
19337,382
19326,170
19326,77
19332,126
19332,98
19332,301
19341,288
19342,19
19342,347
19343,461
19343,72
19346,15
19346,329
19346,175
19345,84
19347,423
19348,112
19344,348
19344,27
19350,302
19350,25
19349,251
19352,146
19352,408
19351,316
19353,343
19353,55
19355,358
19355,450
19355,454
19354,36
19354,20
19357,432
19357,358
19357,440
19356,480
19356,324
19356,445
19358,383
19359,274
19359,458
19360,55
19360,25
19360,17
19365,317
19365,148
19361,26
19362,369
19362,490
19362,418
19375,179
19375,157
19376,459
19376,126
19376,210
19377,132
19377,185
19363,491
19378,158
19378,240
19379,164
19379,116
19379,215
19374,481
19374,418
19374,449
19369,486
19369,12
19369,171
19380,191
19380,171
19380,52
19381,426
19381,407
19382,355
19382,214
19383,134
19384,330
19384,189
19384,218
19387,272
19387,291
19388,361
19388,470
19388,206
19386,46
19385,144
19385,366
19385,296
19367,81
19390,244
19390,425
19389,99
19368,421
19370,141
19366,65
19366,289
19371,81
19371,476
19371,156
19391,84
19364,225
19373,190
19373,84
19373,180
19392,258
19392,183
19392,148
19394,257
19393,83
19395,285
19395,459
19395,302
19396,161
19397,355
19397,196
19397,83
19399,221
19398,176
19398,349
19400,467
19400,462
19400,145
19401,207
19404,141
19404,253
19404,272
19403,137
19403,230
19403,93
19402,73
19405,330
19405,231
19407,398
19407,39
19406,330
19406,170
19406,340
19408,450
19409,445
19410,197
19411,152
19411,469
19411,73
19412,407
19414,479
19414,47
19414,163
19413,165
19413,19
19413,472
19415,321
19415,255
19415,297
19416,164
19417,198
19417,41
19418,203
19418,326
19419,212
19419,246
19419,233
19420,228
19420,173
19422,243
19423,138
19423,4
19425,492
19424,18
19424,362
19427,180
19428,162
19428,123
19428,269
19431,217
19431,183
19372,269
19372,476
19372,113
19432,130
19429,72
19429,162
19441,220
19433,310
19433,242
19440,10
19421,496
19421,481
19421,421
19444,21
19444,465
19442,401
19426,417
19426,4
19426,132
19443,498
19443,398
19443,407
19447,81
19446,470
19446,498
19445,252
19445,340
19445,127
19434,60
19434,37
19434,201
19449,151
19449,292
19437,168
19439,190
19439,98
19451,355
19451,473
19451,227
19453,45
19453,443
19455,160
19455,210
19430,17
19430,34
19430,318
19456,435
19452,37
19452,337
19438,184
19436,214
19454,470
19454,138
19458,6
19458,346
19457,15
19457,9
19435,414
19435,101
19450,333
19459,450
19462,72
19462,344
19461,420
19460,286
19448,1
19448,236
19463,458
19463,135
19463,213
19464,459
19464,328
19470,257
19466,500
19468,117
19468,400
19471,368
19471,415
19471,474
19469,356
19469,481
19469,423
19467,257
19467,432
19467,25
19472,446
19472,250
19465,118
19465,273
19473,492
19473,18
19473,66
19474,458
19474,403
19474,434
19476,263
19475,17
19475,35
19475,263
19485,84
19485,83
19482,343
19482,10
19482,132
19490,399
19490,395
19489,417
19489,461
19489,400
19491,244
19491,332
19479,272
19479,12
19479,142
19492,402
19492,421
19493,235
19495,23
19495,36
19494,489
19494,247
19494,4
19488,498
19488,117
19497,240
19500,366
19498,65
19498,154
19486,407
19496,307
19499,228
19499,324
19501,23
19501,196
19504,309
19505,479
19503,419
19503,427
19503,395
19502,311
19502,147
19502,11
19487,338
19487,265
19487,285
19481,500
19481,475
19507,293
19507,297
19508,341
19508,282
19509,451
19509,498
19484,327
19484,417
19511,58
19510,15
19510,149
19513,100
19514,349
19512,370
19516,302
19516,251
19515,267
19515,304
19515,372
19517,242
19517,232
19517,89
19520,365
19520,403
19518,382
19518,430
19518,360
19522,44
19519,483
19519,447
19480,455
19523,432
19523,493
19525,404
19525,1
19525,11
19526,478
19524,428
19524,394
19529,401
19529,420
19527,478
19528,320
19528,148
19528,99
19530,191
19530,496
19533,95
19532,66
19532,141
19531,40
19477,294
19477,24
19535,393
19521,290
19521,460
19537,342
19537,289
19537,176
19536,286
19536,30
19483,96
19483,408
19540,146
19540,78
19540,281
19539,318
19542,183
19542,134
19545,269
19538,175
19538,85
19541,373
19543,420
19543,123
19543,396
19546,301
19544,188
19544,104
19548,307
19548,480
19548,390
19547,25
19534,213
19534,300
19478,497
19478,1
19551,317
19551,237
19553,368
19553,409
19506,250
19549,69
19549,184
19552,260
19550,78
19555,203
19554,422
19554,500
19557,41
19558,483
19558,428
19556,140
19556,189
19556,440
19561,227
19559,150
19559,164
19559,331
19560,52
19560,159
19560,226
19563,302
19567,448
19566,299
19564,180
19564,380
19568,347
19569,346
19565,494
19565,370
19565,496
19570,140
19570,485
19579,281
19578,36
19578,88
19578,240
19572,448
19573,411
19573,410
19573,400
19574,337
19581,378
19581,382
19581,496
19580,252
19580,322
19580,123
19562,181
19583,256
19584,364
19584,484
19585,323
19585,247
19585,123
19590,453
19582,14
19582,102
19586,393
19586,180
19586,239
19589,440
19589,443
19588,491
19588,253
19593,429
19592,285
19592,168
19592,47
19587,306
19587,93
19587,457
19595,247
19595,301
19595,37
19594,130
19594,237
19594,284
19571,454
19571,491
19571,351
19576,358
19576,369
19575,497
19575,301
19575,302
19596,471
19596,55
19577,444
19577,436
19591,331
19591,271
19597,430
19597,405
19598,376
19602,86
19603,438
19599,268
19599,136
19599,70
19605,219
19605,340
19604,145
19604,127
19604,201
19606,55
19607,374
19607,209
19607,58
19601,54
19601,246
19608,61
19608,158
19610,315
19610,105
19611,434
19609,329
19600,123
19600,157
19616,68
19614,28
19618,149
19619,453
19620,401
19620,54
19620,424
19613,400
19613,496
19613,493
19621,24
19621,341
19621,209
19622,353
19622,486
19622,497
19623,22
19623,121
19624,354
19624,361
19624,107
19625,290
19625,15
19625,148
19617,353
19617,272
19617,461
19626,132
19626,475
19626,330
19627,88
19627,90
19628,74
19628,359
19628,232
19629,484
19629,400
19630,500
19630,445
19630,178
19632,173
19631,218
19631,4
19631,16
19615,71
19615,162
19615,167
19633,496
19633,404
19634,472
19634,68
19634,61
19636,186
19636,140
19637,106
19637,189
19637,177
19640,131
19612,401
19612,59
19612,30
19639,440
19639,330
19639,317
19635,252
19641,94
19641,283
19641,91
19642,482
19642,425
19644,37
19644,116
19643,314
19643,240
19645,462
19645,440
19645,466
19646,208
19646,133
19646,68
19638,10
19638,115
19649,374
19649,363
19649,448
19653,443
19653,390
19653,397
19658,43
19658,473
19658,325
19661,237
19661,190
19660,267
19660,269
19660,77
19655,91
19655,65
19663,445
19663,156
19663,24
19664,433
19664,382
19664,414
19657,245
19657,337
19657,215
19666,276
19666,492
19665,437
19665,438
19665,465
19668,197
19668,333
19669,446
19669,393
19662,364
19662,72
19662,254
19659,252
19659,426
19656,174
19656,110
19656,136
19671,271
19667,430
19667,420
19674,365
19673,492
19648,223
19648,292
19648,156
19654,427
19654,338
19654,363
19651,383
19651,475
19652,217
19652,333
19650,48
19650,124
19650,135
19672,229
19672,260
19647,22
19647,144
19647,3
19670,265
19670,367
19675,366
19675,482
19676,450
19676,259
19676,260
19677,77
19677,248
19677,237
19678,271
19678,282
19679,139
19679,327
19681,367
19681,309
19681,458
19682,336
19682,155
19682,12
19680,122
19680,216
19683,131
19685,302
19684,353
19684,217
19684,270
19686,26
19686,344
19686,345
19687,131
19687,388
19687,156
19688,482
19689,329
19691,6
19691,128
19691,257
19690,220
19690,53
19690,176
19694,223
19694,213
19694,115
19703,460
19703,369
19703,479
19692,251
19692,88
19693,161
19693,441
19693,191
19696,274
19704,448
19704,401
19705,26
19705,43
19709,102
19707,188
19707,118
19707,335
19710,107
19702,475
19706,140
19711,171
19708,236
19708,206
19712,239
19712,160
19716,353
19716,468
19698,71
19699,331
19699,264
19699,203
19719,396
19719,122
19719,158
19695,166
19695,25
19700,46
19700,329
19700,128
19713,192
19713,117
19718,214
19718,24
19718,316
19720,101
19721,451
19697,140
19697,292
19723,161
19723,23
19723,357
19722,407
19722,103
19722,209
19701,492
19701,464
19701,19
19724,240
19724,392
19727,233
19727,362
19727,8
19725,367
19725,478
19726,333
19726,436
19730,429
19730,440
19730,485
19731,180
19731,177
19729,119
19728,249
19728,491
19732,463
19732,482
19714,297
19733,471
19733,396
19733,399
19734,182
19734,27
19735,372
19715,34
19738,380
19738,376
19736,477
19736,369
19736,359
19737,404
19739,86
19717,104
19741,436
19740,462
19740,430
19740,468
19742,214
19742,78
19742,151
19744,273
19743,81
19745,460
19749,369
19746,400
19746,259
19746,227
19751,344
19748,171
19748,80
19748,73
19747,469
19747,385
19747,387
19750,144
19750,407
19750,29
19752,488
19753,128
19753,346
19757,495
19758,385
19756,343
19756,313
19756,37
19754,116
19754,323
19754,135
19755,448
19755,440
19760,279
19761,216
19765,1
19765,94
19762,102
19763,41
19763,469
19763,31
19764,160
19764,134
19759,401
19759,370
19759,405
19767,369
19768,79
19768,75
19768,140
19766,427
19769,295
19772,445
19772,40
19770,255
19770,321
19770,297
19771,89
19771,325
19773,279
19773,311
19776,278
19776,232
19776,347
19777,462
19777,498
19775,320
19775,40
19780,105
19780,248
19780,104
19779,118
19779,87
19781,424
19781,487
19781,383
19778,490
19778,499
19778,282
19774,36
19783,221
19784,67
19784,118
19784,119
19786,406
19786,352
19792,46
19792,22
19792,221
19794,216
19791,285
19782,348
19782,474
19782,121
19793,206
19785,246
19785,185
19785,271
19787,389
19797,144
19798,315
19798,99
19799,425
19790,344
19790,30
19795,43
19795,273
19800,427
19801,261
19796,91
19796,282
19796,308
19789,348
19789,403
19789,20
19803,164
19804,368
19802,415
19802,499
19802,167
19805,20
19805,234
19788,381
19788,446
19788,411
19806,96
19806,168
19807,129
19807,202
19807,320
19808,381
19808,126
19809,282
19809,344
19809,390
19812,257
19812,390
19812,10
19810,495
19810,241
19811,307
19811,339
19811,243
19814,229
19814,184
19813,317
19813,11
19813,178
19815,13
19815,468
19818,298
19818,3
19816,350
19816,337
19817,321
19817,98
19819,119
19819,382
19824,89
19824,291
19822,122
19822,292
19822,52
19821,432
19821,174
19826,144
19826,227
19826,238
19825,439
19820,262
19820,255
19829,55
19827,341
19827,317
19827,264
19828,28
19828,131
19831,297
19830,48
19830,186
19830,83
19823,96
19823,117
19836,446
19836,77
19836,298
19843,361
19843,416
19839,470
19839,113
19842,215
19842,179
19844,427
19840,352
19845,45
19846,326
19846,323
19847,344
19847,143
19847,130
19848,50
19848,72
19848,273
19841,16
19841,169
19841,209
19849,133
19849,388
19850,32
19850,67
19851,318
19851,274
19852,420
19852,436
19852,482
19853,190
19853,443
19856,119
19837,104
19854,229
19854,471
19833,196
19833,73
19833,148
19855,330
19855,193
19855,203
19838,433
19838,484
19832,85
19832,448
19832,218
19834,271
19835,445
19863,345
19863,216
19860,157
19860,428
19860,364
19861,100
19861,89
19861,48
19865,293
19865,132
19867,412
19867,296
19864,440
19864,411
19864,2
19858,409
19858,490
19858,456
19870,260
19875,429
19877,104
19857,86
19857,399
19879,248
19880,352
19862,253
19859,5
19859,53
19859,19
19868,384
19872,463
19872,366
19869,420
19866,126
19866,296
19873,467
19881,158
19881,300
19881,111
19871,154
19874,463
19874,440
19874,264
19878,103
19882,200
19883,325
19876,494
19885,60
19885,213
19885,11
19888,492
19887,330
19889,12
19890,269
19890,429
19891,328
19894,94
19893,45
19893,251
19892,1
19892,290
19892,227
19886,51
19886,15
19884,180
19884,204
19895,137
19895,378
19895,145
19907,70
19903,94
19896,199
19896,138
19896,37
19897,321
19897,243
19897,56
19908,134
19908,11
19909,364
19909,451
19912,36
19912,323
19912,244
19910,275
19910,147
19904,417
19904,418
19916,103
19913,395
19913,35
19914,196
19902,372
19918,125
19918,204
19918,100
19911,218
19911,165
19911,17
19917,327
19917,19
19917,329
19905,401
19905,79
19905,375
19915,449
19915,388
19921,244
19919,200
19919,161
19919,113
19906,93
19906,90
19922,312
19922,326
19922,105
19898,331
19923,44
19923,370
19923,115
19901,241
19901,279
19920,330
19899,139
19899,85
19900,331
19900,393
19900,131
19924,115
19924,265
19930,172
19930,107
19931,465
19931,410
19932,355
19932,87
19934,257
19934,150
19934,20
19927,85
19927,6
19926,335
19939,364
19939,176
19938,227
19938,253
19938,412
19929,176
19929,148
19937,170
19940,392
19940,205
19940,227
19941,232
19941,410
19942,198
19942,182
19945,182
19945,207
19945,226
19936,179
19944,204
19944,23
19948,129
19948,136
19947,205
19947,423
19928,395
19943,284
19943,257
19943,122
19951,453
19951,68
19925,320
19950,141
19950,217
19952,477
19952,399
19949,231
19949,150
19949,34
19935,163
19962,129
19962,344
19956,73
19956,445
19961,478
19965,251
19965,137
19966,96
19959,472
19960,295
19960,54
19960,251
19964,497
19964,442
19964,493
19970,460
19971,105
19971,42
19971,219
19953,422
19953,406
19953,410
19973,357
19973,416
19973,468
19974,286
19974,343
19972,299
19972,325
19972,50
19975,441
19975,394
19975,352
19977,460
19977,428
19963,132
19976,285
19976,1
19933,99
19933,141
19933,135
19978,340
19978,305
19958,326
19946,130
19946,251
19946,233
19969,332
19969,318
19969,192
19954,136
19967,228
19979,390
19979,486
19979,363
19981,228
19983,401
19988,113
19988,201
19980,232
19990,380
19990,91
19955,284
19989,187
19989,273
19991,89
19991,399
19991,20
19992,140
19992,344
19992,294
19968,236
19987,310
19993,127
19996,277
19995,343
19997,373
19997,354
19999,340
19999,307
19994,415
19994,430
19994,363
20000,434
20001,71
19985,186
19985,478
19985,257
19998,460
19998,390
19986,86
19986,270
19984,361
19984,12
19984,86
19957,363
19957,399
19982,97
19982,310
20002,149
20003,480
20003,225
20003,250
20004,127
20004,112
20004,6
20006,466
20006,496
20005,285
20005,237
20005,51
20011,201
20011,383
20011,231
20012,489
20014,59
20014,109
20013,4
20013,267
20016,349
20016,292
20016,218
20018,208
20018,106
20017,412
20017,273
20015,419
20015,428
20019,445
20024,204
20024,127
20022,345
20022,144
20022,177
20020,165
20020,7
20020,256
20010,210
20021,6
20021,331
20021,235
20023,413
20023,410
20023,369
20025,387
20025,190
20025,445
20026,472
20007,20
20007,87
20027,358
20027,406
20027,425
20008,259
20008,79
20008,295
20028,75
20028,252
20009,268
20029,188
20030,336
20030,259
20030,477
20033,441
20033,302
20033,182
20034,430
20034,288
20031,136
20035,228
20035,314
20035,211
20036,405
20036,459
20036,464
20037,344
20037,75
20038,426
20038,290
20032,405
20039,461
20039,358
20039,484
20040,402
20040,322
20040,74
20041,72
20041,147
20041,30
20053,12
20053,51
20050,285
20050,112
20054,307
20055,332
20055,312
20056,288
20056,71
20051,271
20051,325
20051,48
20057,218
20047,181
20047,300
20047,94
20058,346
20061,232
20060,170
20060,275
20060,391
20062,96
20062,220
20062,30
20059,158
20059,347
20059,362
20064,47
20063,369
20065,271
20065,225
20066,383
20066,448
20048,374
20049,108
20049,196
20045,496
20045,2
20045,336
20052,204
20067,245
20067,282
20072,168
20071,13
20071,281
20073,261
20074,362
20074,498
20074,478
20075,334
20077,299
20077,298
20044,441
20078,254
20076,453
20076,407
20076,232
20081,388
20079,378
20082,115
20082,43
20082,72
20083,275
20080,130
20080,274
20080,476
20084,99
20084,89
20088,314
20087,169
20087,112
20089,376
20090,456
20090,408
20090,474
20042,21
20043,475
20070,76
20095,189
20095,493
20095,54
20097,267
20093,407
20093,449
20093,409
20094,389
20094,459
20094,351
20099,496
20099,449
20100,10
20100,27
20100,2
20101,204
20068,12
20068,31
20068,43
20102,41
20103,143
20104,185
20104,200
20104,181
20098,337
20098,364
20106,116
20107,98
20108,28
20105,32
20105,89
20105,1
20109,455
20109,36
20110,267
20110,352
20110,238
20085,105
20111,228
20111,310
20111,22
20069,304
20112,388
20112,371
20114,54
20114,251
20114,449
20113,328
20113,255
20086,450
20046,340
20046,247
20096,181
20096,157
20116,436
20116,479
20117,72
20117,137
20092,422
20092,365
20091,326
20115,183
20118,172
20118,56
20119,6
20119,56
20122,78
20122,471
20120,440
20123,377
20123,419
20125,180
20125,351
20124,238
20124,362
20124,435
20126,404
20127,496
20127,329
20121,405
20121,95
20121,58
20129,221
20129,209
20129,103
20131,201
20132,387
20135,355
20135,392
20135,237
20136,106
20136,186
20134,192
20138,260
20139,298
20139,171
20137,48
20137,2
20140,16
20130,98
20142,98
20142,313
20142,253
20141,19
20143,155
20143,267
20145,436
20145,419
20133,158
20133,130
20133,38
20144,378
20144,64
20144,138
20148,323
20148,415
20150,124
20150,156
20151,93
20149,128
20147,93
20147,124
20146,276
20146,495
20146,433
20128,188
20128,216
20153,233
20154,17
20156,124
20156,289
20156,282
20157,398
20158,86
20158,183
20155,206
20160,86
20159,351
20159,324
20159,225
20163,461
20165,190
20165,224
20164,71
20164,443
20170,64
20170,146
20170,42
20166,196
20166,150
20169,391
20169,365
20167,344
20167,317
20167,63
20152,250
20152,479
20152,70
20162,334
20161,314
20161,457
20161,252
20171,37
20171,125
20168,165
20168,48
20168,9
20174,487
20174,373
20174,255
20173,21
20178,278
20172,171
20177,132
20177,147
20179,33
20179,375
20175,210
20176,222
20176,462
20182,3
20180,74
20180,233
20181,400
20181,241
20181,234
20183,299
20183,409
20189,420
20189,360
20189,491
20186,350
20186,190
20186,342
20191,44
20191,244
20197,23
20195,81
20196,24
20196,213
20184,494
20184,360
20184,446
20199,190
20199,426
20199,465
20201,200
20185,431
20185,430
20202,21
20202,80
20203,11
20203,289
20206,330
20205,12
20205,468
20205,125
20204,28
20204,229
20204,463
20200,354
20200,461
20198,300
20208,358
20208,417
20207,262
20207,478
20210,102
20209,282
20211,48
20211,284
20211,210
20190,418
20193,136
20193,174
20193,342
20194,345
20188,109
20192,275
20212,318
20212,24
20212,232
20213,157
20214,381
20214,173
20214,203
20215,82
20215,84
20219,287
20219,296
20219,311
20217,372
20216,266
20216,178
20218,288
20218,44
20222,61
20221,66
20221,451
20224,112
20223,224
20220,266
20220,107
20220,5
20227,74
20227,476
20227,408
20228,101
20228,271
20230,365
20231,423
20231,108
20226,398
20229,125
20229,435
20229,484
20225,16
20232,207
20233,395
20233,65
20187,187
20238,208
20238,159
20238,106
20244,290
20242,157
20240,404
20240,487
20240,386
20243,452
20243,50
20246,198
20248,126
20248,182
20248,107
20250,380
20250,496
20250,39
20249,57
20249,284
20249,433
20247,408
20247,196
20251,236
20253,136
20252,375
20258,473
20239,386
20239,443
20255,247
20255,431
20260,47
20260,101
20254,362
20254,46
20236,321
20236,202
20236,177
20259,367
20259,313
20261,337
20261,390
20261,302
20262,275
20262,191
20262,449
20263,466
20235,195
20235,182
20235,265
20234,80
20234,115
20234,138
20264,333
20267,435
20267,226
20267,356
20265,205
20265,294
20265,89
20266,116
20241,417
20241,491
20241,434
20269,404
20269,402
20269,441
20268,433
20268,360
20268,428
20245,138
20257,377
20257,412
20257,498
20271,224
20271,86
20270,338
20270,59
20270,278
20237,165
20237,326
20272,424
20273,231
20273,246
20273,23
20275,297
20276,87
20276,142
20256,304
20256,136
20280,146
20280,433
20274,46
20274,226
20274,295
20279,3
20279,399
20285,367
20285,306
20285,368
20284,123
20286,248
20286,280
20277,68
20277,61
20277,443
20283,260
20283,169
20283,7
20281,461
20281,441
20281,477
20288,415
20287,57
20290,343
20290,202
20290,69
20278,244
20278,387
20278,479
20289,268
20291,392
20294,23
20293,487
20293,28
20293,175
20296,107
20296,330
20295,82
20295,327
20292,134
20292,454
20298,440
20298,382
20282,321
20282,259
20297,440
20297,475
20300,369
20300,420
20300,195
20299,478
20301,189
20301,248
20301,299
20304,387
20304,184
20304,368
20306,80
20305,329
20305,166
20302,138
20302,48
20303,37
20308,23
20308,217
20308,377
20307,237
20311,294
20311,434
20311,345
20312,412
20310,250
20310,398
20310,457
20313,302
20313,73
20313,84
20314,98
20314,292
20315,497
20317,406
20317,470
20318,237
20309,279
20309,157
20309,39
20319,231
20321,372
20321,409
20321,453
20323,478
20316,176
20316,469
20320,99
20324,215
20324,307
20324,60
20322,50
20322,267
20322,393
20325,185
20326,62
20330,383
20327,110
20328,258
20329,340
20329,2
20329,265
20331,98
20331,292
20338,344
20337,413
20337,366
20336,228
20336,291
20336,219
20339,431
20339,386
20339,376
20345,321
20344,133
20346,270
20346,100
20347,471
20347,27
20349,125
20350,409
20348,374
20348,475
20348,355
20341,36
20351,34
20351,159
20351,310
20352,8
20352,287
20352,302
20353,209
20353,63
20353,263
20356,131
20356,193
20356,238
20354,375
20354,113
20354,172
20355,150
20355,131
20355,304
20357,210
20359,372
20359,14
20359,290
20358,408
20358,271
20343,427
20343,495
20360,493
20342,33
20342,94
20342,164
20340,412
20332,235
20332,58
20332,222
20361,236
20361,67
20335,177
20334,381
20334,398
20334,403
20362,361
20362,379
20364,167
20364,325
20365,116
20365,123
20365,31
20333,126
20333,316
20366,262
20366,36
20366,237
20363,439
20363,283
20363,466
20367,358
20368,142
20368,200
20369,438
20370,19
20370,166
20372,37
20371,382
20371,375
20371,433
20374,154
20374,311
20373,95
20373,105
20375,327
20377,253
20377,443
20378,122
20378,129
20379,383
20379,448
20379,320
20376,70
20376,83
20380,298
20380,248
20381,264
20381,8
20387,435
20387,407
20384,233
20386,466
20394,147
20394,141
20385,274
20388,150
20382,52
20382,235
20382,301
20393,9
20393,217
20393,279
20390,196
20390,183
20391,152
20389,132
20383,209
20392,44
20392,8
20392,495
20398,93
20398,184
20399,354
20396,344
20396,129
20396,261
20397,57
20397,148
20397,168
20395,18
20395,82
20406,273
20406,226
20400,403
20408,430
20403,403
20403,324
20403,45
20401,283
20401,215
20402,290
20402,261
20407,96
20407,14
20413,422
20409,418
20412,401
20410,433
20410,373
20410,416
20404,126
20404,71
20404,183
20411,383
20411,252
20405,495
20405,399
20414,56
20414,33
20417,44
20420,262
20420,57
20420,179
20422,251
20422,189
20423,13
20425,26
20425,262
20425,244
20415,229
20416,190
20416,198
20416,350
20418,452
20418,438
20418,419
20421,342
20427,347
20419,310
20419,30
20419,159
20426,387
20426,284
20424,201
20424,14
20428,427
20428,364
20431,252
20439,411
20434,231
20434,171
20434,397
20437,64
20436,178
20430,353
20430,400
20440,7
20440,71
20441,290
20441,74
20442,313
20442,34
20429,270
20429,263
20429,154
20444,361
20444,449
20444,457
20443,15
20443,194
20443,324
20445,7
20446,56
20450,267
20450,305
20451,31
20452,476
20447,173
20447,354
20449,97
20449,233
20453,183
20455,400
20455,360
20455,396
20432,417
20432,492
20432,406
20454,231
20460,306
20460,324
20435,313
20461,241
20461,128
20461,133
20457,42
20457,246
20459,305
20459,101
20459,192
20464,336
20464,492
20463,360
20463,273
20463,150
20466,291
20466,257
20467,460
20467,252
20467,443
20465,412
20469,448
20433,169
20433,102
20438,338
20438,264
20438,450
20468,480
20468,490
20468,429
20470,44
20470,250
20472,30
20472,117
20472,174
20473,324
20473,218
20473,349
20474,388
20474,377
20471,197
20471,134
20475,93
20475,159
20477,398
20477,296
20476,410
20476,472
20476,435
20478,475
20481,220
20484,184
20484,224
20482,441
20479,365
20479,416
20479,463
20462,483
20483,443
20488,234
20485,300
20485,6
20485,202
20487,455
20489,110
20489,37
20491,492
20493,465
20492,298
20495,418
20494,131
20494,239
20496,64
20497,498
20497,460
20497,391
20499,304
20500,334
20500,9
20500,255
20501,204
20501,118
20498,54
20498,11
20498,385
20503,476
20503,435
20502,293
20502,145
20502,41
20508,354
20508,493
20508,477
20507,98
20507,127
20506,86
20509,104
20505,383
20505,268
20505,467
20510,200
20510,86
20510,230
20511,26
20511,336
20512,248
20512,186
20512,16
20490,125
20458,474
20448,181
20513,451
20513,500
20513,117
20515,354
20515,128
20515,62
20514,301
20514,48
20516,304
20516,329
20517,449
20517,87
20524,307
20456,230
20456,303
20526,80
20525,35
20525,415
20528,219
20528,329
20529,264
20518,428
20527,461
20527,13
20519,351
20519,118
20519,41
20480,78
20480,215
20480,287
20486,15
20521,431
20521,376
20521,487
20522,384
20520,203
20520,129
20520,60
20523,178
20523,286
20523,90
20531,197
20531,117
20530,308
20504,476
20504,392
20535,466
20543,263
20543,74
20543,112
20537,70
20544,205
20544,24
20545,479
20539,10
20539,334
20539,370
20546,269
20546,334
20548,12
20549,300
20549,197
20547,486
20540,54
20540,427
20540,350
20550,37
20550,254
20553,28
20553,270
20551,159
20551,25
20542,181
20542,434
20552,369
20552,425
20555,46
20555,280
20555,103
20557,343
20557,320
20556,316
20556,111
20556,253
20554,466
20554,250
20558,217
20558,114
20558,70
20533,66
20559,140
20559,324
20534,386
20536,245
20536,161
20541,311
20541,49
20560,404
20560,475
20560,408
20561,123
20561,259
20532,498
20532,245
20562,144
20562,222
20538,161
20538,240
20563,455
20565,491
20565,176
20565,497
20564,492
20564,408
20564,482
20566,500
20566,170
20566,198
20567,92
20568,382
20570,274
20570,339
20569,381
20569,133
20569,128
20571,70
20571,319
20572,64
20572,182
20574,335
20575,154
20577,293
20573,417
20573,168
20573,178
20576,423
20576,149
20586,296
20586,45
20583,149
20583,30
20590,440
20590,409
20591,48
20591,197
20581,33
20584,151
20587,131
20587,487
20595,160
20595,209
20594,329
20594,242
20594,428
20597,258
20597,121
20597,390
20596,472
20596,89
20596,111
20599,278
20599,91
20599,314
20580,448
20580,477
20580,427
20598,206
20598,474
20601,261
20601,219
20600,424
20604,182
20604,249
20604,400
20602,300
20605,111
20606,411
20606,173
20606,253
20603,289
20603,211
20603,217
20607,348
20607,71
20607,143
20585,352
20578,374
20609,431
20609,321
20610,201
20608,264
20608,52
20593,440
20582,38
20579,442
20579,433
20589,95
20589,217
20589,246
20588,236
20588,222
20588,191
20592,79
20614,451
20614,486
20614,356
20611,222
20615,327
20613,356
20613,57
20613,130
20616,101
20617,359
20617,384
20617,333
20618,277
20619,56
20620,354
20620,269
20624,242
20624,353
20624,91
20626,14
20626,475
20621,107
20627,383
20627,389
20628,82
20628,466
20628,39
20630,31
20629,298
20629,89
20632,121
20632,204
20633,62
20633,141
20631,61
20631,368
20623,13
20623,66
20623,285
20634,264
20634,273
20634,181
20638,92
20636,453
20637,181
20637,31
20637,323
20635,263
20635,285
20640,492
20640,367
20640,437
20645,197
20645,464
20645,287
20622,152
20622,12
20622,316
20647,356
20646,274
20646,233
20642,231
20642,54
20642,2
20649,405
20649,12
20649,191
20648,24
20648,260
20648,155
20650,124
20652,90
20651,471
20651,422
20653,410
20653,3
20639,177
20639,1
20625,259
20625,15
20625,68
20643,402
20643,10
20643,215
20654,441
20654,457
20654,371
20644,23
20644,293
20641,205
20655,109
20655,186
20658,339
20658,237
20657,463
20612,456
20612,360
20612,471
20662,233
20662,325
20662,154
20669,92
20669,232
20669,132
20656,437
20656,443
20670,99
20670,104
20671,371
20671,162
20671,112
20659,428
20664,163
20664,227
20664,234
20674,284
20674,451
20676,473
20676,345
20676,342
20675,216
20668,192
20668,67
20668,78
20677,82
20679,252
20679,137
20678,185
20678,204
20678,309
20672,485
20672,363
20680,130
20680,147
20682,107
20682,388
20682,17
20673,34
20673,269
20673,413
20681,317
20663,472
20665,367
20665,464
20665,413
20661,247
20661,236
20660,147
20660,367
20660,40
20666,70
20666,202
20666,40
20685,342
20686,305
20686,337
20689,2
20689,181
20687,348
20687,112
20690,412
20692,28
20692,181
20688,36
20688,184
20694,268
20694,269
20693,170
20693,51
20693,286
20691,182
20691,343
20691,180
20683,7
20695,47
20695,120
20667,215
20667,486
20684,374
20707,482
20707,89
20707,296
20696,218
20696,451
20696,122
20708,303
20708,161
20710,67
20710,163
20710,317
20702,385
20711,478
20711,363
20711,486
20703,331
20705,331
20705,117
20705,400
20709,148
20709,362
20709,169
20713,220
20713,248
20712,363
20715,158
20715,134
20717,329
20717,50
20717,42
20716,354
20720,371
20719,409
20719,204
20719,57
20718,457
20718,223
20714,2
20697,436
20704,73
20704,48
20704,10
20698,499
20722,437
20722,415
20722,458
20721,188
20721,255
20706,267
20706,273
20700,489
20700,385
20724,372
20723,13
20723,239
20723,103
20725,64
20725,296
20726,196
20726,161
20727,475
20728,342
20728,86
20728,141
20729,218
20729,185
20729,190
20730,442
20730,418
20730,102
20731,31
20734,269
20732,470
20732,331
20733,345
20701,397
20701,488
20701,288
20736,352
20737,86
20735,486
20742,269
20742,154
20742,389
20738,62
20738,343
20738,86
20740,474
20699,3
20699,24
20743,358
20743,429
20743,362
20750,301
20739,197
20739,254
20739,39
20752,483
20751,436
20751,1
20751,238
20741,416
20741,470
20741,456
20754,383
20754,110
20756,23
20755,321
20755,369
20755,395
20757,99
20757,188
20758,399
20753,88
20753,71
20753,297
20746,253
20760,342
20761,320
20759,315
20759,45
20759,214
20763,446
20762,326
20766,399
20766,28
20765,390
20764,30
20764,130
20764,188
20745,10
20745,179
20747,488
20747,357
20747,340
20744,422
20744,353
20744,208
20748,412
20748,443
20748,115
20768,354
20769,220
20767,36
20770,225
20770,32
20770,6
20749,440
20771,365
20771,401
20771,357
20772,424
20772,385
20772,419
20773,80
20773,89
20775,460
20776,59
20776,4
20776,324
20777,269
20777,161
20777,20
20778,51
20778,274
20779,114
20779,232
20779,229
20781,69
20780,381
20780,327
20780,235
20782,383
20782,378
20782,436
20774,355
20783,183
20783,248
20783,343
20794,206
20794,101
20795,177
20796,227
20797,8
20797,101
20785,155
20788,88
20788,137
20788,21
20801,232
20801,142
20798,288
20798,335
20798,59
20803,387
20799,308
20799,313
20799,405
20804,326
20802,70
20802,125
20800,187
20800,483
20800,407
20805,485
20789,497
20790,224
20790,282
20790,346
20791,353
20791,491
20784,431
20784,285
20784,367
20792,202
20792,156
20793,7
20793,264
20806,353
20806,460
20806,483
20807,78
20807,319
20807,110
20810,218
20812,67
20812,218
20811,384
20811,454
20786,356
20786,336
20813,54
20813,134
20817,313
20815,365
20815,482
20815,15
20814,79
20814,483
20816,36
20816,173
20816,250
20819,422
20819,393
20821,249
20821,271
20821,107
20818,267
20818,302
20822,472
20822,400
20823,22
20823,359
20823,76
20820,51
20820,61
20820,29
20824,158
20825,271
20827,497
20827,203
20826,380
20826,498
20828,190
20828,300
20828,254
20829,221
20829,253
20829,471
20831,428
20831,410
20834,188
20834,113
20830,385
20830,387
20833,456
20833,365
20836,295
20835,244
20835,186
20837,350
20832,37
20832,65
20842,157
20842,273
20844,203
20840,250
20839,177
20845,469
20845,467
20847,15
20847,478
20848,50
20846,50
20846,4
20846,482
20838,30
20838,213
20838,345
20841,53
20841,55
20849,138
20849,345
20851,110
20851,461
20851,77
20852,135
20855,70
20855,268
20855,54
20853,340
20853,330
20858,62
20858,24
20854,396
20854,393
20854,368
20857,389
20857,424
20857,305
20856,422
20860,107
20860,450
20859,286
20859,497
20863,48
20861,467
20861,486
20861,110
20864,370
20864,133
20864,114
20862,14
20865,488
20865,85
20865,265
20869,93
20869,47
20866,283
20870,267
20868,286
20871,437
20871,323
20871,488
20872,435
20872,311
20872,145
20867,249
20867,440
20875,239
20875,424
20875,63
20874,389
20874,418
20876,352
20876,95
20876,44
20873,117
20873,152
20880,231
20882,129
20882,152
20881,344
20881,45
20881,220
20884,17
20884,155
20886,444
20886,374
20885,234
20885,211
20885,196
20887,417
20888,353
20888,456
20888,351
20883,133
20883,1
20883,202
20891,143
20892,89
20892,108
20893,214
20893,83
20893,331
20890,224
20894,392
20894,367
20894,405
20895,202
20896,474
20896,307
20898,426
20898,108
20897,30
20897,92
20900,486
20900,454
20900,480
20902,353
20901,267
20901,340
20899,290
20899,300
20899,8
20903,86
20904,354
20904,333
20904,199
20906,487
20905,381
20905,177
20907,146
20910,473
20908,293
20908,127
20908,40
20911,433
20912,56
20912,336
20912,85
20909,182
20909,44
20909,68
20913,203
20916,410
20787,177
20917,498
20917,34
20915,259
20808,21
20808,469
20809,99
20843,48
20843,414
20843,136
20850,27
20850,195
20850,23
20918,301
20924,12
20924,250
20924,57
20925,315
20925,259
20920,93
20920,381
20920,443
20914,127
20914,355
20914,344
20927,343
20926,344
20926,423
20928,118
20928,248
20929,256
20929,309
20929,251
20930,358
20930,360
20932,345
20931,346
20934,36
20919,348
20933,65
20933,73
20936,362
20936,435
20935,408
20935,400
20937,189
20938,185
20938,312
20939,453
20939,406
20939,492
20923,447
20877,242
20877,42
20940,165
20940,19
20878,287
20878,348
20921,387
20921,446
20921,407
20879,445
20879,451
20922,340
20922,85
20889,148
20889,289
20942,234
20942,341
20942,82
20943,362
20943,138
20943,249
20941,241
20941,370
20944,45
20944,50
20944,144
20948,155
20945,224
20945,323
20945,340
20946,101
20946,398
20947,308
20947,66
20949,299
20949,498
20949,415
20952,175
20952,29
20952,44
20950,308
20950,119
20951,494
20951,261
20953,224
20953,318
20958,247
20958,156
20958,339
20966,208
20954,194
20965,117
20967,228
20967,146
20955,468
20955,492
20969,161
20972,412
20970,348
20970,41
20970,57
20957,237
20957,123
20971,162
20973,155
20973,274
20956,477
20956,126
20974,18
20974,33
20974,315
20968,186
20968,335
20976,252
20977,306
20977,226
20979,39
20964,320
20964,200
20963,38
20963,239
20961,434
20978,442
20959,208
20980,312
20962,423
20960,187
20960,255
20960,138
20983,177
20985,306
20987,67
20987,300
20987,215
20984,334
20984,261
20984,318
20981,467
20986,52
20982,291
20982,274
20988,256
20988,180
20990,399
20990,135
20991,34
20994,61
20995,463
20995,487
20995,52
20996,412
20989,81
20989,239
20989,329
20993,243
20993,233
20992,44
20992,241
20992,133
20997,310
21000,291
21000,439
21000,217
21001,486
20998,499
21003,460
21003,415
21002,265
21002,254
21002,204
20999,437
20999,343
20999,148
20975,295
20975,348
21005,412
21005,393
21005,406
21015,128
21015,47
21014,354
21009,385
21018,43
21018,243
21019,435
21019,392
21016,298
21016,254
21016,68
21017,177
21017,95
21020,137
21020,150
21020,249
21023,296
21023,499
21004,98
21004,328
21008,324
21025,417
21006,85
21006,328
21006,279
21028,480
21028,247
21027,299
21026,275
21012,312
21012,205
21007,396
21007,488
21013,20
21013,65
21011,408
21021,262
21010,269
21010,208
21010,260
21024,446
21024,121
21024,431
21022,54
21022,174
21029,437
21029,416
21030,328
21030,209
21030,26
21031,152
21031,6
21034,289
21034,169
21035,269
21035,138
21035,305
21036,347
21036,128
21033,289
21032,329
21032,294
21032,237
21037,274
21037,309
21037,354
21038,399
21038,413
21040,467
21040,455
21040,182
21041,289
21041,235
21041,164
21039,102
21039,115
21039,77
21042,111
21042,54
21042,354
21046,464
21045,68
21045,459
21045,332
21043,56
21043,81
21043,373
21050,266
21050,328
21050,181
21058,376
21057,201
21057,53
21059,147
21059,91
21059,448
21060,156
21061,335
21044,329
21063,373
21065,269
21062,313
21062,485
21062,490
21066,98
21066,393
21066,350
21048,422
21049,309
21049,252
21067,275
21067,274
21064,282
21064,43
21064,157
21068,280
21068,157
21068,365
21069,392
21069,294
21069,328
21070,168
21070,261
21071,20
21071,167
21071,178
21056,100
21056,262
21053,400
21053,422
21054,173
21054,344
21054,389
21072,18
21072,245
21073,293
21073,143
21073,229
21047,66
21047,230
21047,349
21074,73
21074,166
21055,229
21055,66
21055,209
21052,423
21052,431
21076,317
21076,339
21076,61
21075,146
21075,448
21075,360
21080,160
21077,26
21077,469
21078,69
21078,271
21081,340
21081,249
21081,495
21079,134
21079,247
21082,313
21082,434
21083,194
21083,48
21083,368
21087,230
21051,9
21051,337
21085,419
21085,466
21085,349
21084,2
21084,274
21088,402
21088,409
21086,91
21090,347
21090,21
21089,108
21089,452
21089,174
21091,484
21091,427
21092,187
21093,20
21093,69
21093,77
21095,418
21095,470
21096,340
21096,262
21094,172
21094,268
21094,97
21097,48
21097,160
21097,285
21101,221
21099,375
21098,24
21098,71
21098,297
21102,180
21102,20
21100,333
21103,311
21103,134
21103,133
21104,274
21104,78
21104,332
21105,387
21105,163
21107,409
21107,494
21107,447
21106,377
21106,395
21106,469
21112,63
21112,349
21112,167
21108,81
21108,201
21113,494
21109,274
21110,316
21110,148
21110,165
21111,142
21114,415
21115,282
21115,255
21117,150
21126,421
21124,489
21124,364
21125,260
21125,239
21125,122
21130,319
21131,90
21120,347
21120,452
21132,201
21129,219
21129,44
21133,90
21133,294
21128,155
21128,34
21128,60
21134,443
21134,457
21134,228
21135,207
21136,220
21136,422
21123,201
21123,371
21123,211
21137,474
21137,491
21137,487
21138,176
21138,164
21138,5
21119,57
21116,64
21116,148
21116,261
21121,252
21121,466
21121,430
21122,185
21122,298
21122,7
21139,371
21139,448
21141,125
21141,149
21142,455
21140,238
21140,214
21127,12
21143,422
21143,254
21145,66
21144,280
21118,294
21118,260
21118,140
21149,123
21149,257
21149,426
21150,189
21146,458
21148,452
21148,369
21155,240
21155,15
21153,322
21153,334
21152,17
21154,86
21154,48
21154,61
21158,307
21158,472
21158,252
21159,18
21151,166
21151,211
21151,212
21157,10
21157,453
21157,172
21156,439
21160,338
21160,178
21161,147
21161,334
21163,478
21163,489
21164,173
21164,194
21164,132
21165,360
21165,41
21166,314
21166,96
21166,34
21168,90
21168,398
21168,124
21162,114
21162,475
21169,427
21170,190
21170,335
21171,177
21171,314
21171,221
21172,175
21173,229
21173,211
21173,122
21174,398
21175,52
21175,147
21176,211
21181,215
21181,164
21178,314
21180,482
21180,389
21180,193
21182,307
21182,479
21177,41
21177,300
21183,224
21179,372
21179,162
21179,88
21167,354
21188,104
21188,48
21190,308
21192,211
21192,198
21191,97
21184,311
21199,41
21199,424
21195,496
21195,407
21194,187
21194,64
21185,445
21185,240
21198,281
21200,449
21200,305
21200,481
21196,221
21196,74
21196,243
21197,446
21197,404
21197,494
21189,318
21189,226
21189,395
21202,443
21202,54
21202,283
21201,322
21201,70
21201,288
21193,494
21186,314
21186,231
21187,228
21187,83
21204,249
21204,283
21207,215
21207,86
21207,280
21205,433
21205,414
21205,480
21203,202
21203,349
21209,270
21209,435
21209,451
21208,304
21210,62
21210,498
21210,40
21212,301
21211,231
21211,304
21211,62
21206,349
21206,229
21219,300
21219,494
21213,472
21215,331
21215,67
21216,400
21216,3
21216,123
21217,258
21217,32
21224,220
21224,343
21218,494
21218,376
21214,320
21214,73
21214,275
21220,80
21220,500
21220,13
21222,447
21226,54
21226,140
21223,157
21223,369
21228,253
21228,228
21225,334
21225,8
21225,20
21221,36
21221,269
21221,145
21227,164
21227,463
21227,430
21230,80
21231,209
21231,86
21229,186
21229,250
21232,349
21232,383
21236,311
21236,93
21233,15
21233,402
21234,223
21234,374
21234,412
21237,398
21237,438
21237,397
21238,470
21238,438
21240,199
21240,349
21240,231
21241,475
21241,466
21241,500
21244,410
21244,135
21244,194
21243,442
21243,162
21243,45
21239,201
21239,326
21239,72
21242,382
21242,188
21147,316
21147,6
21147,307
21245,209
21245,31
21245,112
21247,495
21247,301
21247,82
21250,250
21248,389
21248,454
21246,248
21251,79
21251,486
21249,498
21249,396
21249,394
21254,319
21253,424
21256,467
21256,457
21255,439
21259,175
21258,159
21258,288
21258,245
21257,289
21257,38
21257,418
21262,389
21260,419
21261,179
21261,343
21261,197
21235,1
21252,445
21265,297
21275,304
21276,104
21274,8
21274,206
21274,160
21277,483
21277,122
21277,365
21269,341
21269,11
21263,335
21263,186
21263,52
21279,7
21279,494
21280,119
21278,83
21278,208
21281,387
21281,355
21281,371
21282,350
21282,212
21283,77
21283,239
21283,199
21284,447
21286,293
21286,452
21285,200
21285,262
21287,457
21287,59
21287,417
21270,146
21270,90
21272,115
21272,217
21264,255
21273,447
21273,389
21266,328
21271,316
21271,229
21271,207
21268,56
21289,49
21289,133
21289,224
21267,235
21288,477
21288,493
21288,433
21292,184
21293,187
21291,156
21294,227
21294,270
21294,293
21295,345
21295,144
21290,13
21297,139
21297,368
21296,133
21296,7
21296,364
21299,128
21300,291
21300,487
21300,418
21301,182
21301,303
21302,66
21302,98
21298,157
21298,207
21298,136
21305,374
21305,141
21304,51
21304,66
21304,328
21303,16
21303,232
21306,115
21306,446
21306,482
21312,416
21312,275
21312,408
21309,110
21309,300
21309,172
21311,106
21311,279
21310,302
21310,11
21307,374
21307,139
21308,1
21308,39
21314,12
21313,490
21313,59
21325,420
21325,499
21322,461
21322,446
21326,23
21326,499
21326,457
21320,386
21327,138
21327,329
21327,36
21323,64
21323,287
21328,304
21328,130
21328,170
21329,374
21329,87
21331,179
21332,14
21332,135
21335,271
21337,126
21337,203
21337,407
21334,425
21338,496
21338,56
21319,40
21319,59
21333,177
21333,489
21333,113
21330,181
21330,224
21330,19
21340,341
21340,120
21339,498
21339,53
21336,471
21336,107
21336,65
21342,279
21342,47
21342,456
21316,92
21316,405
21321,434
21321,396
21343,396
21344,385
21324,5
21324,407
21341,174
21341,331
21345,35
21345,84
21346,356
21346,73
21346,115
21350,234
21350,209
21347,287
21347,221
21347,76
21349,95
21349,375
21349,61
21348,396
21353,211
21353,41
21351,181
21352,117
21352,184
21352,298
21317,190
21317,49
21317,219
21356,33
21356,133
21354,493
21354,464
21355,241
21355,276
21315,85
21315,297
21315,277
21318,178
21318,488
21318,81
21366,361
21366,462
21365,139
21365,51
21365,46
21367,361
21367,467
21367,393
21360,478
21360,438
21360,436
21368,147
21368,133
21368,227
21362,45
21362,410
21362,46
21371,379
21371,476
21369,139
21369,163
21369,154
21372,376
21372,353
21372,423
21373,251
21373,84
21370,306
21370,258
21358,17
21358,107
21358,453
21374,442
21374,416
21374,172
21378,402
21376,114
21376,249
21376,85
21375,74
21375,188
21375,287
21377,296
21361,454
21361,61
21379,272
21379,104
21364,472
21359,118
21363,371
21357,260
21357,219
21380,108
21380,263
21380,190
21381,88
21381,344
21381,192
21382,455
21382,494
21385,439
21385,198
21388,482
21388,146
21387,238
21387,330
21387,193
21394,373
21394,400
21394,472
21395,309
21390,483
21390,35
21383,348
21396,418
21396,486
21396,356
21401,303
21399,235
21399,102
21402,85
21402,313
21403,415
21403,140
21403,376
21398,398
21398,280
21400,316
21400,379
21400,319
21397,165
21397,159
21397,188
21405,243
21408,50
21408,273
21408,277
21407,46
21406,243
21406,181
21406,223
21404,154
21404,85
21404,118
21389,453
21384,228
21384,47
21384,301
21386,256
21386,297
21392,457
21391,122
21391,306
21391,428
21393,124
21393,192
21412,401
21412,454
21410,453
21410,427
21410,486
21416,396
21416,468
21422,49
21414,273
21420,18
21420,112
21426,453
21418,190
21418,251
21418,258
21425,5
21425,281
21425,6
21424,129
21424,106
21424,413
21428,385
21428,357
21428,365
21429,189
21411,492
21427,141
21427,76
21430,104
21430,265
21430,294
21432,79
21431,364
21431,359
21431,366
21433,310
21433,309
21415,52
21415,94
21415,186
21434,78
21434,130
21435,313
21436,471
21436,259
21436,76
21413,395
21417,117
21417,38
21417,215
21421,248
21421,376
21421,326
21437,297
21437,402
21409,420
21409,450
21409,432
21419,358
21438,425
21438,245
21438,367
21439,328
21439,377
21440,466
21441,18
21441,141
21442,380
21442,376
21442,22
21443,197
21443,402
21443,426
21444,116
21444,168
21446,62
21446,167
21450,173
21450,65
21450,182
21449,322
21449,181
21451,287
21451,258
21453,127
21453,65
21448,94
21448,28
21448,295
21454,430
21454,410
21454,450
21452,374
21452,191
21452,245
21447,488
21447,237
21455,443
21445,126
21445,487
21456,316
21456,456
21456,28
21459,24
21459,125
21458,320
21458,110
21458,102
21461,300
21461,19
21460,137
21457,207
21457,461
21463,408
21463,393
21463,437
21466,341
21466,188
21469,255
21469,127
21465,327
21465,186
21465,101
21470,405
21470,446
21470,491
21462,321
21468,362
21477,57
21477,466
21467,48
21467,3
21471,31
21471,26
21481,406
21482,263
21482,312
21483,228
21483,125
21483,481
21480,130
21484,52
21479,94
21478,102
21478,472
21478,341
21475,75
21475,201
21474,332
21474,21
21474,162
21473,393
21473,346
21472,162
21472,56
21476,156
21476,244
21476,444
21485,443
21485,430
21488,497
21488,483
21488,372
21495,451
21495,361
21496,14
21496,337
21496,361
21497,460
21497,187
21497,448
21494,290
21498,312
21498,234
21464,155
21464,16
21464,142
21499,184
21499,165
21499,293
21486,264
21486,271
21501,268
21501,165
21501,118
21500,102
21500,192
21500,286
21504,11
21504,177
21503,439
21503,410
21503,380
21502,308
21507,221
21507,12
21506,31
21505,483
21423,242
21423,27
21423,317
21510,278
21508,183
21509,186
21509,267
21487,439
21487,50
21487,227
21491,173
21491,163
21493,198
21493,78
21493,81
21489,190
21490,404
21490,413
21490,426
21492,237
21492,373
21511,245
21512,196
21512,311
21516,444
21516,372
21516,462
21517,296
21517,180
21514,252
21514,418
21513,243
21513,377
21513,70
21515,218
21515,197
21515,429
21518,62
21518,324
21518,134
21523,309
21523,16
21522,372
21521,178
21521,101
21521,235
21519,131
21519,15
21524,21
21524,368
21524,28
21520,60
21520,143
21520,170
21528,439
21528,158
21536,64
21532,457
21532,367
21538,86
21538,353
21539,341
21539,71
21537,445
21540,275
21540,25
21526,114
21526,64
21541,384
21542,225
21534,245
21534,316
21545,233
21543,314
21546,162
21547,258
21544,347
21544,2
21548,212
21548,85
21548,75
21549,277
21549,127
21549,30
21533,171
21533,288
21535,404
21535,375
21535,461
21525,96
21531,99
21531,169
21529,216
21529,409
21530,458
21527,441
21527,138
21552,392
21552,449
21550,108
21555,98
21555,139
21556,343
21556,317
21556,230
21554,329
21554,82
21551,89
21560,78
21560,300
21560,171
21561,56
21561,102
21561,498
21563,422
21562,237
21562,37
21558,66
21558,289
21559,396
21553,41
21553,271
21564,405
21564,426
21557,488
21569,327
21568,42
21568,352
21568,377
21566,385
21566,429
21570,27
21570,170
21571,316
21571,95
21571,27
21565,148
21565,125
21565,347
21576,266
21576,371
21575,105
21575,9
21575,350
21577,262
21574,162
21574,113
21574,66
21572,116
21572,74
21572,21
21578,8
21578,250
21573,368
21573,494
21573,415
21580,385
21581,234
21581,87
21581,349
21579,39
21579,195
21579,67
21582,125
21582,267
21567,143
21583,346
21583,131
21583,322
21584,36
21584,6
21588,207
21589,378
21587,389
21585,352
21585,317
21590,61
21590,83
21590,304
21591,188
21591,67
21591,347
21592,345
21592,249
21595,60
21593,359
21593,500
21597,428
21597,383
21586,282
21586,9
21586,274
21596,487
21596,368
21594,177
21600,465
21603,101
21603,482
21605,260
21605,339
21605,30
21602,138
21598,499
21598,195
21604,387
21604,352
21604,400
21606,399
21606,382
21606,458
21601,464
21599,30
21599,458
21599,273
21607,399
21608,387
21608,158
21609,361
21610,284
21610,194
21610,214
21612,195
21611,450
21613,332
21614,123
21616,287
21618,14
21617,24
21617,73
21619,339
21620,414
21615,132
21615,69
21615,166
21622,457
21622,56
21621,255
21621,34
21621,246
21624,95
21624,231
21623,190
21623,385
21623,408
21625,209
21625,77
21625,211
21626,274
21626,122
21627,260
21627,311
21627,233
21628,401
21628,366
21628,391
21630,477
21630,121
21630,44
21631,153
21631,3
21632,20
21629,355
21629,71
21629,240
21634,17
21633,398
21633,375
21633,365
21636,197
21636,476
21636,19
21637,470
21637,478
21635,341
21638,173
21640,345
21639,145
21639,141
21639,407
21643,327
21644,43
21641,209
21641,121
21645,291
21646,3
21649,179
21649,79
21648,272
21647,464
21647,461
21650,74
21651,491
21654,318
21654,439
21653,214
21653,267
21652,121
21652,297
21652,143
21656,89
21656,192
21656,258
21642,172
21642,447
21655,289
21655,99
21657,450
21657,36
21659,241
21658,476
21658,397
21658,352
21663,481
21663,309
21663,497
21666,408
21666,268
21671,391
21671,19
21672,432
21673,332
21673,100
21673,370
21664,207
21664,381
21668,149
21668,258
21668,219
21674,114
21674,182
21674,28
21675,252
21675,239
21675,79
21678,266
21676,425
21676,260
21676,83
21665,469
21677,116
21677,413
21680,265
21680,256
21667,338
21684,482
21682,332
21682,432
21685,9
21685,474
21661,275
21679,121
21679,215
21679,276
21686,456
21686,458
21686,413
21683,333
21683,51
21683,139
21681,171
21681,96
21681,397
21689,27
21688,488
21687,42
21687,182
21687,51
21691,271
21692,480
21690,341
21690,263
21690,267
21660,215
21660,93
21693,487
21669,259
21669,118
21662,138
21662,18
21670,324
21670,91
21694,250
21694,276
21695,286
21698,499
21698,391
21698,479
21697,155
21697,401
21696,201
21696,470
21706,311
21706,296
21706,127
21703,376
21703,452
21702,51
21702,165
21702,29
21699,65
21699,152
21699,41
21701,194
21701,337
21701,117
21712,356
21712,243
21714,474
21713,282
21713,377
21715,311
21715,166
21715,7
21708,236
21717,455
21717,6
21718,185
21718,9
21716,377
21716,407
21716,432
21721,124
21720,134
21719,204
21719,117
21719,306
21709,213
21709,93
21722,463
21723,48
21723,188
21723,137
21724,398
21724,118
21725,422
21725,55
21725,131
21728,379
21728,369
21728,359
21729,272
21732,283
21732,243
21732,292
21730,144
21730,399
21700,136
21700,410
21700,7
21733,329
21704,49
21704,10
21734,345
21734,161
21734,227
21735,84
21735,326
21711,96
21736,305
21737,314
21737,158
21710,322
21710,22
21739,462
21739,290
21738,253
21738,51
21738,333
21727,111
21740,420
21743,422
21743,497
21742,354
21742,210
21741,407
21731,90
21726,70
21726,177
21745,9
21707,491
21707,426
21746,247
21746,209
21746,362
21747,347
21747,220
21748,436
21750,494
21749,245
21749,122
21744,347
21744,500
21752,327
21752,124
21751,130
21751,400
21751,274
21755,467
21754,398
21756,425
21758,123
21758,455
21757,59
21705,243
21705,449
21705,439
21761,490
21761,451
21761,369
21762,413
21764,160
21764,212
21765,223
21765,431
21765,200
21766,450
21766,364
21766,373
21767,441
21767,400
21767,437
21768,215
21768,396
21753,45
21753,197
21770,453
21769,277
21769,213
21769,132
21771,135
21759,428
21759,494
21774,182
21774,56
21774,216
21773,49
21773,113
21772,288
21772,87
21772,160
21775,369
21775,419
21775,496
21777,190
21763,352
21763,329
21763,408
21780,478
21781,296
21778,342
21778,322
21782,99
21782,494
21782,422
21776,285
21783,333
21783,299
21783,98
21779,141
21784,339
21785,418
21785,111
21787,374
21787,153
21787,299
21788,147
21788,338
21788,49
21791,65
21791,145
21791,250
21789,475
21789,60
21792,411
21792,39
21793,206
21797,323
21797,369
21798,496
21760,255
21760,171
21760,31
21801,454
21802,342
21802,103
21802,407
21803,223
21804,396
21804,98
21804,381
21795,422
21799,351
21796,231
21796,303
21805,230
21800,296
21800,90
21806,321
21807,482
21809,190
21812,429
21812,464
21812,364
21810,168
21810,426
21810,327
21814,127
21814,396
21813,327
21813,238
21808,487
21808,418
21808,460
21815,43
21816,151
21816,193
21817,259
21817,80
21818,499
21818,484
21820,168
21820,480
21820,333
21821,460
21822,472
21822,362
21822,475
21823,177
21823,61
21824,120
21824,384
21824,395
21825,138
21825,143
21786,180
21786,34
21827,50
21828,473
21828,429
21828,187
21826,214
21829,452
21832,196
21832,129
21831,396
21831,413
21790,412
21790,217
21819,404
21819,365
21819,381
21834,161
21834,147
21830,372
21830,342
21830,426
21836,270
21836,241
21836,200
21835,335
21835,33
21837,466
21837,431
21838,427
21838,184
21833,304
21833,62
21833,257
21841,151
21840,196
21840,210
21839,153
21839,57
21839,228
21842,478
21794,401
21794,83
21794,302
21811,89
21811,166
21843,169
21843,103
21846,36
21846,125
21846,331
21844,317
21844,54
21844,327
21847,407
21850,214
21849,434
21849,431
21848,66
21848,38
21848,75
21851,412
21851,455
21853,425
21853,353
21853,383
21845,128
21845,312
21845,331
21854,356
21854,349
21852,376
21852,479
21852,430
21857,118
21857,116
21856,281
21856,386
21856,9
21855,90
21858,341
21858,280
21858,24
21859,13
21859,441
21860,488
21860,318
21861,130
21861,176
21861,171
21862,181
21862,65
21862,177
21863,120
21863,131
21864,29
21874,204
21874,287
21875,289
21876,464
21876,363
21876,427
21869,368
21877,24
21877,354
21878,40
21878,382
21878,181
21871,65
21871,143
21881,324
21880,268
21879,399
21879,357
21873,140
21873,134
21873,24
21883,68
21883,313
21883,343
21872,278
21872,238
21872,53
21885,37
21882,200
21882,348
21884,239
21886,20
21886,283
21886,301
21887,66
21866,488
21866,297
21867,37
21867,41
21867,280
21890,255
21888,333
21888,175
21888,387
21870,256
21870,223
21868,83
21868,80
21889,461
21889,383
21889,448
21892,411
21892,193
21891,226
21891,79
21893,268
21893,316
21897,198
21894,199
21895,91
21895,243
21895,72
21865,201
21865,132
21865,323
21898,177
21898,108
21898,411
21900,176
21900,198
21899,97
21901,181
21902,145
21902,241
21903,198
21903,34
21908,25
21908,339
21909,135
21909,494
21909,247
21911,366
21911,255
21905,379
21905,385
21896,435
21896,402
21904,425
21912,91
21912,192
21906,98
21906,432
21906,433
21910,59
21910,123
21913,175
21913,126
21913,152
21914,205
21914,324
21916,484
21916,296
21916,339
21917,294
21919,132
21918,387
21918,2
21920,198
21915,289
21915,360
21923,485
21921,218
21921,266
21921,39
21922,126
21922,238
21922,286
21924,222
21924,251
21924,11
21925,330
21925,419
21925,162
21926,48
21926,72
21926,111
21928,236
21928,455
21928,291
21929,424
21929,393
21929,413
21927,260
21927,89
21927,433
21930,8
21930,336
21930,126
21931,299
21931,47
21932,95
21932,220
21932,328
21933,262
21934,144
21934,158
21934,304
21936,400
21936,323
21936,270
21937,85
21937,61
21937,94
21935,329
21935,38
21935,130
21940,132
21938,250
21938,197
21938,52
21942,109
21942,83
21942,435
21941,414
21941,413
21941,445
21939,162
21939,102
21944,252
21944,494
21943,211
21943,176
21943,400
21907,254
21907,198
21907,278
21951,449
21951,458
21952,286
21953,365
21954,391
21954,192
21955,241
21955,274
21955,49
21956,156
21956,124
21956,256
21957,237
21958,312
21958,476
21959,402
21959,471
21959,352
21960,227
21961,500
21963,422
21963,156
21965,248
21965,141
21965,302
21964,432
21964,153
21964,256
21962,108
21962,392
21962,288
21968,200
21968,150
21968,33
21967,317
21967,399
21967,172
21947,394
21947,369
21948,272
21948,12
21948,370
21973,178
21975,136
21975,432
21950,163
21950,174
21950,291
21971,273
21971,479
21971,388
21970,468
21970,302
21970,147
21977,415
21977,285
21966,424
21966,401
21966,491
21979,414
21978,49
21978,175
21978,246
21976,307
21976,172
21974,374
21946,263
21946,70
21945,21
21945,68
21980,355
21980,139
21980,226
21981,250
21969,369
21983,203
21983,321
21983,43
21986,149
21984,381
21988,258
21949,241
21949,111
21987,346
21987,172
21989,105
21989,78
21989,158
21992,299
21992,361
21982,348
21982,383
21982,59
21991,370
21994,170
21996,107
21996,160
21997,298
21997,70
21997,330
21998,235
21998,197
21998,406
22000,375
21999,166
21995,136
21995,309
22002,180
22003,450
22003,240
22003,152
22001,277
22001,378
22006,303
22004,71
22005,58
22005,427
22007,355
22007,398
22008,28
22008,31
22008,419
22009,267
22010,156
22010,286
22010,147
22011,427
22012,424
22016,465
22016,351
22014,325
22014,17
22018,244
22018,427
22018,15
22015,89
22023,119
21990,248
21990,127
21990,276
22021,283
22027,12
22028,267
22019,467
22022,285
22022,344
22022,362
22020,179
22020,173
22024,40
22024,4
22013,485
22013,72
22013,16
22025,398
22025,81
22017,3
22017,147
22017,453
21972,296
21972,361
22026,148
21985,327
21993,95
22029,461
22029,392
22031,351
22031,229
22032,234
22032,251
22032,433
22030,97
22030,392
22030,479
22033,238
22034,172
22034,202
22034,53
22035,431
22035,294
22037,148
22038,402
22040,26
22040,440
22039,442
22039,410
22036,457
22036,353
22041,139
22041,368
22044,433
22044,99
22053,137
22050,236
22050,121
22050,195
22047,114
22047,391
22047,411
22055,204
22055,240
22054,116
22056,452
22057,151
22057,55
22057,104
22048,429
22048,464
22058,302
22060,120
22061,133
22061,395
22061,363
22062,447
22062,203
22062,426
22063,420
22063,386
22063,397
22066,348
22066,8
22066,413
22065,34
22064,448
22064,361
22059,449
22059,473
22059,333
22045,47
22051,446
22051,264
22051,279
22049,283
22049,28
22067,385
22067,398
22067,466
22052,291
22046,284
22046,234
22046,57
22043,252
22043,133
22043,97
22068,370
22042,164
22069,37
22069,228
22069,454
22070,62
22070,412
22071,39
22071,62
22071,117
22074,123
22074,83
22072,232
22076,94
22076,64
22077,259
22077,247
22075,149
22075,106
22075,350
22073,495
22078,314
22078,224
22080,220
22080,90
22080,219
22081,191
22079,470
22082,265
22082,193
22083,277
22083,393
22083,483
22085,89
22084,467
22088,87
22088,30
22087,142
22087,447
22086,196
22086,75
22086,183
22089,138
22090,419
22091,202
22091,329
22091,328
22093,335
22093,96
22092,354
22095,439
22095,340
22095,118
22094,368
22100,116
22100,292
22096,463
22096,191
22096,29
22108,139
22108,258
22108,31
22098,2
22098,69
22098,351
22099,415
22099,448
22103,137
22109,481
22109,495
22109,394
22110,382
22112,267
22113,239
22114,305
22114,217
22116,179
22115,21
22111,452
22111,439
22111,456
22117,300
22117,96
22118,161
22119,412
22119,391
22119,104
22107,377
22120,239
22120,102
22105,239
22105,246
22105,322
22121,389
22122,196
22123,232
22124,172
22124,26
22104,402
22125,473
22125,61
22106,243
22101,227
22101,314
22101,198
22097,105
22097,167
22097,283
22126,450
22126,492
22126,435
22127,145
22127,349
22128,68
22128,414
22129,484
22130,72
22130,166
22131,284
22135,292
22136,13
22138,299
22138,466
22138,145
22137,247
22137,466
22139,154
22139,106
22140,302
22141,393
22142,103
22134,208
22133,11
22133,235
22133,156
22102,439
22102,97
22102,491
22143,258
22143,201
22143,29
22148,50
22150,122
22150,215
22150,430
22149,59
22149,225
22149,207
22132,405
22132,136
22147,79
22147,251
22147,74
22151,314
22151,192
22151,66
22153,45
22152,415
22152,471
22155,131
22157,491
22157,162
22154,221
22154,192
22158,371
22158,363
22158,402
22160,262
22156,150
22144,375
22144,221
22144,298
22161,193
22161,362
22162,436
22162,380
22163,57
22163,61
22165,305
22146,350
22159,150
22159,18
22166,280
22167,85
22167,126
22167,154
22168,126
22145,88
22145,384
22169,179
22169,92
22164,154
22164,45
22164,327
22170,399
22170,247
22170,438
22174,30
22171,96
22171,102
22171,32
22172,266
22172,53
22172,348
22175,299
22175,235
22173,308
22173,14
22173,311
22176,436
22176,99
22176,250
22177,107
22178,22
22178,397
22178,123
22181,476
22180,74
22182,203
22182,144
22182,227
22179,241
22179,155
22179,6
22187,106
22184,485
22184,352
22188,385
22183,290
22183,58
22183,149
22186,113
22191,357
22191,446
22191,104
22193,328
22193,253
22190,298
22190,349
22190,191
22194,182
22194,243
22194,246
22189,386
22189,483
22192,424
22192,476
22192,438
22196,114
22196,217
22196,376
22195,78
22195,155
22197,370
22197,238
22198,395
22198,355
22198,411
22185,256
22199,295
22199,155
22204,198
22203,94
22203,245
22206,401
22206,436
22208,407
22205,120
22205,22
22207,304
22207,288
22209,385
22209,461
22210,453
22212,84
22213,461
22213,422
22211,123
22215,448
22215,467
22215,438
22214,276
22202,409
22202,251
22201,100
22216,410
22200,400
22200,389
22228,313
22228,8
22229,310
22229,369
22218,75
22230,13
22230,323
22231,383
22221,138
22224,380
22232,57
22232,179
22232,95
22233,106
22233,390
22233,292
22234,353
22234,401
22234,186
22236,370
22236,372
22235,496
22235,84
22235,193
22237,212
22238,441
22238,495
22238,364
22241,434
22239,376
22240,293
22217,336
22227,123
22227,99
22227,346
22245,108
22245,28
22243,48
22242,421
22242,380
22246,54
22225,102
22225,190
22225,138
22244,50
22244,260
22226,323
22226,174
22226,74
22222,427
22222,436
22222,480
22220,186
22220,177
22223,224
22219,331
22219,90
22219,492
22247,395
22247,387
22248,181
22249,351
22249,489
22251,387
22251,416
22251,400
22252,374
22252,429
22253,377
22250,411
22250,36
22256,205
22256,51
22257,443
22257,302
22257,467
22255,414
22255,483
22255,388
22260,210
22260,464
22254,276
22254,269
22254,308
22261,480
22258,215
22258,228
22258,299
22262,36
22262,266
22264,376
22264,266
22264,170
22265,484
22266,193
22266,138
22268,342
22268,296
22267,229
22267,218
22267,152
22269,214
22269,213
22259,215
22259,163
22259,134
22270,249
22270,229
22270,280
22263,25
22263,261
22263,234
22276,490
22276,11
22272,100
22272,1
22272,219
22273,3
22273,209
22274,152
22274,274
22274,182
22283,402
22283,163
22283,130
22284,22
22284,13
22285,25
22285,106
22285,366
22286,404
22288,49
22287,54
22287,327
22289,43
22289,165
22291,212
22291,228
22291,90
22293,81
22293,40
22293,122
22290,420
22279,41
22279,484
22294,134
22294,325
22296,106
22296,271
22296,331
22295,354
22295,427
22298,469
22298,419
22297,454
22282,25
22282,407
22282,405
22280,19
22280,138
22281,343
22299,149
22299,16
22299,139
22278,87
22277,48
22275,47
22271,233
22292,472
22292,468
22300,121
22301,476
22301,400
22302,4
22302,297
22302,82
22303,289
22303,59
22304,212
22304,234
22304,315
22305,132
22305,197
22308,179
22308,91
22308,274
22309,68
22309,119
22307,19
22307,333
22307,102
22306,407
22310,10
22311,434
22311,198
22311,65
22312,453
22312,477
22312,359
22320,132
22320,168
22320,270
22324,27
22322,153
22322,90
22321,16
22321,289
22321,379
22317,499
22317,1
22317,163
22325,321
22325,16
22325,197
22326,49
22326,148
22327,279
22327,320
22330,448
22330,369
22329,319
22329,373
22328,418
22328,416
22331,7
22331,181
22332,380
22335,495
22335,8
22333,309
22333,88
22333,351
22336,97
22336,187
22336,260
22334,283
22337,50
22315,228
22323,243
22323,81
22316,158
22313,253
22313,342
22341,236
22341,326
22341,99
22342,499
22342,291
22342,118
22339,206
22339,188
22318,452
22318,250
22343,95
22343,367
22345,366
22345,380
22347,81
22346,140
22344,354
22344,67
22349,165
22319,231
22319,87
22319,204
22348,420
22350,379
22351,157
22351,336
22352,27
22352,17
22352,11
22355,201
22353,235
22354,358
22354,496
22356,448
22356,131
22356,141
22357,176
22357,73
22360,454
22358,288
22314,303
22359,385
22338,379
22338,105
22338,167
22340,285
22366,453
22366,172
22368,13
22373,77
22373,53
22372,500
22372,447
22364,473
22364,494
22369,116
22369,131
22369,229
22374,75
22374,480
22374,164
22377,39
22375,431
22375,236
22375,492
22370,280
22370,276
22376,356
22376,467
22378,58
22367,36
22381,259
22381,188
22379,50
22379,212
22382,108
22382,224
22382,274
22384,238
22383,34
22383,309
22383,162
22361,8
22361,417
22365,119
22365,353
22380,389
22380,111
22380,461
22371,129
22362,42
22386,226
22386,119
22386,155
22363,406
22363,451
22388,458
22388,310
22392,477
22392,358
22389,417
22396,143
22396,484
22393,121
22393,23
22393,84
22391,69
22385,279
22385,478
22385,69
22390,264
22390,13
22390,169
22398,47
22398,170
22397,26
22397,273
22394,111
22394,136
22399,57
22399,237
22400,254
22401,337
22401,480
22402,424
22402,480
22402,483
22403,481
22403,422
22403,396
22404,261
22404,159
22405,37
22405,156
22407,119
22407,124
22407,485
22409,174
22409,339
22406,412
22406,364
22406,460
22408,48
22408,392
22408,397
22395,272
22395,318
22411,61
22411,129
22410,372
22387,308
22387,352
22417,453
22417,434
22422,89
22422,136
22422,386
22423,357
22423,155
22418,157
22418,328
22426,287
22426,89
22413,303
22413,166
22413,201
22424,352
22424,363
22424,411
22425,210
22425,82
22412,472
22412,70
22427,119
22427,474
22428,456
22428,19
22430,481
22421,279
22429,357
22429,477
22429,319
22414,66
22414,136
22433,347
22433,445
22431,162
22431,65
22431,265
22432,209
22432,114
22432,134
22434,288
22436,456
22436,426
22436,250
22435,70
22435,286
22437,207
22416,14
22416,399
22419,453
22419,385
22420,183
22420,182
22438,42
22438,362
22439,156
22440,448
22442,70
22441,425
22441,481
22443,207
22444,189
22444,266
22447,174
22446,462
22446,392
22446,396
22415,192
22415,187
22449,411
22448,274
22448,146
22448,15
22450,420
22450,192
22445,91
22445,226
22451,108
22454,263
22454,261
22455,328
22455,261
22455,465
22452,58
22452,187
22452,434
22465,147
22458,237
22458,301
22459,387
22459,412
22459,224
22466,471
22466,464
22466,358
22456,47
22468,226
22468,358
22468,446
22469,250
22461,459
22461,227
22470,173
22470,211
22470,331
22472,434
22472,95
22467,448
22473,123
22473,271
22473,336
22471,77
22471,329
22471,344
22460,208
22460,186
22460,280
22457,277
22462,349
22463,348
22463,64
22463,382
22464,196
22464,19
22464,90
22474,183
22475,235
22475,117
22476,11
22477,432
22477,485
22479,280
22479,133
22482,183
22482,57
22481,189
22481,307
22480,331
22480,493
22478,169
22478,15
22487,450
22486,261
22486,450
22488,435
22485,277
22485,139
22485,331
22483,392
22489,148
22490,332
22491,345
22491,318
22492,235
22492,356
22492,274
22495,24
22495,10
22495,247
22493,158
22494,495
22496,201
22496,414
22484,17
22484,41
22484,309
22497,85
22497,458
22498,482
22498,339
22498,195
22504,472
22501,468
22503,205
22503,55
22506,348
22511,113
22499,112
22499,297
22512,267
22513,335
22513,155
22513,34
22514,458
22515,436
22515,303
22515,212
22517,478
22518,186
22518,276
22516,452
22516,341
22516,169
22521,94
22521,3
22520,452
22520,182
22522,373
22522,160
22519,416
22519,397
22519,422
22523,389
22523,45
22524,108
22524,421
22526,297
22505,307
22505,288
22527,334
22527,200
22525,462
22525,116
22528,361
22529,324
22529,467
22531,492
22531,451
22531,385
22534,188
22534,372
22533,272
22533,83
22533,187
22535,78
22535,111
22535,152
22532,368
22532,364
22532,361
22537,208
22508,350
22508,263
22510,332
22510,111
22538,269
22538,128
22538,168
22502,146
22502,473
22502,4
22539,91
22536,148
22536,76
22536,24
22500,195
22500,83
22540,349
22540,495
22543,177
22543,22
22543,478
22542,306
22542,344
22542,253
22544,44
22544,335
22544,310
22509,188
22541,451
22541,167
22530,117
22507,86
22507,284
22507,96
22545,290
22545,208
22453,74
22453,212
22453,393
22546,484
22546,465
22549,459
22550,73
22550,374
22547,356
22551,235
22551,153
22551,195
22548,364
22548,387
22548,394
22554,263
22554,235
22553,148
22553,208
22552,82
22552,185
22552,222
22557,142
22557,29
22557,253
22558,124
22558,294
22555,418
22559,330
22556,261
22556,260
22564,182
22572,186
22572,142
22567,323
22573,389
22571,393
22574,380
22574,355
22574,471
22576,89
22576,371
22575,111
22577,188
22577,140
22577,485
22569,116
22569,345
22569,377
22578,160
22578,64
22578,142
22581,423
22581,91
22582,3
22582,252
22582,186
22579,175
22579,23
22579,474
22583,353
22584,390
22584,406
22566,457
22566,238
22566,489
22586,280
22585,471
22585,118
22585,482
22561,434
22561,369
22561,448
22565,380
22565,130
22565,464
22560,157
22580,485
22580,304
22580,107
22562,59
22562,78
22562,189
22563,110
22568,295
22568,336
22568,388
22570,269
22570,150
22570,246
22587,6
22588,108
22590,287
22590,10
22590,33
22591,423
22593,455
22594,481
22595,334
22589,40
22589,21
22589,111
22596,384
22596,488
22597,247
22597,162
22597,329
22598,9
22598,469
22599,109
22599,293
22599,211
22601,346
22600,71
22600,490
22602,155
22602,19
22592,206
22592,481
22604,18
22606,42
22605,113
22605,98
22609,149
22609,200
22609,343
22603,384
22603,164
22618,323
22607,195
22617,24
22617,290
22608,261
22620,281
22620,342
22621,66
22619,147
22622,21
22624,307
22624,90
22623,2
22625,447
22625,269
22626,72
22628,356
22628,440
22628,488
22627,391
22627,297
22629,209
22629,170
22629,129
22612,443
22612,153
22612,371
22630,500
22630,365
22630,261
22631,235
22633,63
22633,404
22633,425
22632,181
22632,444
22632,117
22616,406
22614,166
22614,408
22614,281
22613,151
22613,235
22613,476
22615,89
22615,309
22615,307
22639,137
22636,318
22636,280
22638,376
22638,445
22638,386
22611,249
22611,245
22634,60
22635,232
22635,6
22637,472
22637,379
22640,250
22610,348
22610,68
22610,253
22641,121
22644,390
22642,5
22642,353
22642,496
22646,404
22646,480
22646,375
22643,205
22648,213
22647,230
22645,132
22649,474
22654,402
22654,289
22653,9
22656,220
22656,131
22656,451
22657,64
22657,55
22657,427
22655,296
22655,196
22655,247
22658,481
22658,434
22659,122
22650,359
22650,297
22650,265
22652,127
22652,125
22652,61
22660,316
22661,59
22661,80
22661,130
22664,217
22664,133
22663,76
22663,75
22662,93
22665,407
22665,108
22651,245
22651,266
22651,64
22667,367
22666,496
22666,456
22668,486
22670,487
22670,381
22670,462
22671,399
22671,234
22671,164
22672,382
22674,142
22673,275
22675,398
22675,162
22676,130
22676,70
22676,333
22678,490
22678,414
22678,404
22677,416
22680,248
22680,336
22679,161
22679,479
22679,223
22683,465
22683,437
22683,449
22682,406
22682,24
22685,368
22685,365
22685,456
22691,371
22681,392
22681,364
22692,306
22692,205
22693,484
22694,269
22694,77
22697,268
22697,85
22697,148
22699,4
22699,166
22699,167
22695,340
22695,252
22698,292
22696,158
22701,107
22701,86
22684,471
22684,466
22684,440
22700,198
22700,342
22702,366
22702,491
22702,344
22705,256
22705,190
22705,405
22706,149
22706,200
22690,422
22690,473
22708,59
22708,49
22703,266
22703,222
22710,391
22711,391
22707,225
22709,369
22709,74
22709,195
22713,71
22713,211
22714,429
22714,200
22714,477
22712,219
22712,465
22712,248
22715,337
22715,92
22688,380
22716,125
22716,253
22716,256
22689,465
22717,144
22717,339
22717,141
22718,136
22718,428
22718,19
22722,247
22723,236
22721,393
22721,398
22724,160
22724,216
22724,238
22719,277
22726,229
22726,419
22720,139
22720,443
22720,42
22728,65
22728,500
22727,489
22729,382
22731,227
22731,70
22731,125
22732,273
22732,21
22734,115
22734,175
22734,56
22730,59
22730,348
22730,218
22733,491
22733,389
22735,8
22735,479
22738,196
22738,89
22740,432
22740,394
22741,246
22741,403
22739,44
22739,425
22739,384
22742,283
22742,146
22742,50
22744,289
22743,409
22745,114
22745,322
22737,389
22747,277
22747,396
22749,260
22751,295
22748,352
22748,374
22752,137
22750,475
22736,32
22736,99
22736,9
22756,232
22758,162
22757,84
22759,463
22759,357
22754,417
22760,374
22760,439
22760,493
22762,334
22762,278
22762,139
22761,253
22763,292
22763,142
22753,308
22669,464
22669,4
22669,359
22764,499
22687,359
22704,92
22704,456
22704,151
22755,113
22755,65
22755,158
22686,484
22686,450
22725,371
22746,118
22746,67
22746,94
22768,170
22768,331
22777,187
22776,259
22778,329
22779,483
22779,296
22781,381
22781,387
22781,416
22780,55
22782,444
22782,412
22782,447
22784,426
22783,266
22766,341
22785,174
22785,257
22785,6
22786,63
22786,88
22786,27
22788,40
22788,499
22789,302
22787,207
22787,88
22790,446
22790,3
22790,470
22765,396
22765,404
22769,484
22769,379
22770,351
22770,276
22770,305
22794,488
22795,478
22795,437
22796,88
22796,165
22793,445
22793,27
22793,231
22797,231
22797,276
22797,196
22798,129
22798,361
22798,135
22799,277
22799,96
22771,191
22801,144
22803,159
22803,405
22803,1
22802,189
22802,254
22802,35
22800,139
22800,346
22800,86
22804,30
22805,383
22808,252
22807,119
22807,359
22806,100
22773,462
22773,499
22792,293
22792,241
22792,200
22791,421
22791,481
22767,152
22767,94
22767,224
22775,458
22775,113
22772,446
22772,363
22772,469
22774,163
22774,350
22810,72
22810,231
22814,300
22821,401
22822,298
22823,235
22824,132
22824,34
22824,170
22825,388
22825,447
22825,264
22826,293
22820,278
22820,475
22820,97
22817,242
22817,62
22827,218
22827,243
22827,263
22828,55
22829,464
22831,164
22831,226
22831,217
22832,363
22830,6
22830,397
22834,451
22833,193
22835,450
22835,358
22837,119
22837,249
22815,490
22815,268
22836,6
22836,47
22836,228
22818,3
22819,117
22812,271
22812,135
22812,238
22813,62
22816,423
22816,217
22816,293
22838,71
22838,26
22839,402
22839,460
22811,445
22809,179
22842,229
22842,192
22842,291
22841,185
22841,105
22841,326
22843,23
22844,11
22844,215
22844,251
22840,438
22840,395
22845,133
22845,261
22846,116
22849,46
22850,389
22850,371
22850,90
22851,67
22852,175
22848,140
22848,56
22853,14
22853,338
22847,320
22847,313
22854,367
22854,248
22854,346
22856,242
22856,171
22863,486
22859,44
22859,125
22855,59
22855,185
22855,255
22860,464
22866,339
22866,61
22866,445
22865,244
22865,181
22865,329
22858,388
22858,499
22857,21
22857,327
22868,135
22864,258
22862,271
22862,232
22861,160
22861,338
22861,328
22870,213
22872,42
22867,203
22869,83
22871,386
22871,439
22871,400
22875,300
22875,246
22874,385
22874,303
22876,202
22876,303
22876,304
22877,214
22879,68
22878,372
22873,360
22880,360
22881,443
22881,493
22881,217
22883,349
22883,494
22883,376
22884,466
22894,490
22894,79
22894,289
22895,124
22895,274
22895,144
22882,112
22897,466
22897,493
22896,95
22896,300
22887,442
22893,375
22893,458
22900,342
22899,169
22899,73
22903,285
22903,242
22903,289
22901,369
22901,464
22901,403
22902,157
22902,318
22905,385
22888,202
22888,191
22888,71
22908,13
22906,226
22906,17
22907,237
22907,93
22907,312
22909,42
22909,327
22904,139
22904,124
22910,71
22910,186
22889,224
22889,17
22889,79
22891,183
22898,410
22898,497
22898,433
22886,394
22886,303
22886,69
22885,59
22912,471
22890,155
22890,233
22892,265
22892,23
22892,62
22914,170
22915,406
22915,114
22911,26
22913,110
22913,307
22916,64
22916,185
22916,299
22917,27
22917,94
22917,387
22918,499
22918,227
22919,407
22919,408
22921,208
22921,193
22922,169
22925,304
22923,344
22923,249
22924,322
22920,172
22920,168
22920,78
22928,9
22926,493
22926,475
22926,346
22929,356
22929,92
22931,431
22931,463
22930,62
22930,432
22932,46
22932,234
22932,272
22933,247
22933,198
22933,96
22927,29
22927,16
22934,386
22934,240
22936,447
22935,334
22935,333
22939,468
22939,493
22937,349
22940,61
22941,471
22941,87
22942,372
22938,343
22938,311
22938,186
22943,342
22944,419
22947,470
22947,359
22947,352
22946,490
22946,132
22946,80
22945,29
22949,378
22949,276
22949,105
22950,148
22950,307
22950,48
22951,249
22951,100
22951,416
22948,80
22948,326
22948,18
22954,466
22954,140
22955,141
22955,422
22955,205
22956,199
22956,396
22956,204
22953,218
22953,162
22952,13
22952,292
22952,288
22962,192
22965,45
22965,346
22963,477
22963,441
22966,210
22969,322
22969,337
22969,373
22972,220
22972,161
22967,421
22967,490
22967,109
22971,127
22971,456
22971,462
22968,405
22970,249
22970,147
22970,252
22976,395
22976,392
22964,5
22964,6
22964,318
22975,101
22978,28
22978,162
22980,241
22980,337
22977,53
22981,265
22973,387
22973,34
22973,132
22979,495
22979,353
22979,491
22959,187
22983,8
22983,261
22958,43
22958,267
22958,256
22957,103
22957,273
22957,233
22974,20
22974,286
22961,488
22961,122
22984,221
22984,67
22984,66
22982,293
22985,221
22985,8
22960,111
22960,140
22960,144
22986,298
22986,203
22987,219
22991,132
22991,160
22991,397
22990,167
22990,392
22988,81
22988,492
22988,441
22992,432
22989,420
22989,396
22989,474
22994,392
22994,363
22994,495
22996,134
22996,293
22996,60
22997,265
22998,353
22998,57
22995,305
22995,156
22995,35
22999,212
22999,84
22993,223
22993,109
22993,336
23005,414
23005,470
23009,48
23009,400
23011,248
23012,428
23012,309
23012,392
23007,23
23007,449
23007,226
23010,344
23010,247
23010,312
23008,316
23002,37
23004,130
23003,491
23003,370
23013,454
23001,24
23001,436
23000,233
23000,496
23000,475
23015,154
23016,338
23016,22
23006,127
23006,194
23020,399
23020,480
23020,498
23021,196
23021,75
23021,58
23028,372
23028,427
23019,334
23023,401
23017,491
23017,224
23017,243
23014,337
23014,112
23014,27
23026,33
23026,493
23026,21
23024,114
23024,53
23018,451
23018,418
23018,351
23025,397
23022,108
23027,194
23027,30
23029,146
23029,445
23029,434
23031,358
23033,130
23030,98
23030,168
23034,93
23034,458
23035,332
23032,200
23032,346
23032,227
23037,130
23039,431
23039,216
23040,369
23036,221
23036,282
23041,77
23041,150
23041,302
23038,134
23042,406
23042,326
23042,483
23045,349
23044,75
23044,169
23043,482
23043,439
23043,495
23056,329
23056,57
23056,77
23058,280
23057,218
23048,315
23048,309
23048,263
23051,44
23051,307
23060,100
23061,51
23061,252
23061,137
23064,450
23064,377
23064,46
23063,93
23046,376
23062,324
23062,69
23062,402
23066,77
23066,246
23047,136
23049,31
23049,346
23069,255
23070,464
23070,459
23070,360
23071,241
23059,216
23053,83
23053,121
23053,202
23072,308
23072,326
23055,38
23054,408
23054,460
23050,114
23050,289
23068,20
23068,258
23068,76
23067,183
23067,143
23067,56
23076,233
23075,264
23075,307
23075,295
23074,279
23074,442
23073,397
23073,46
23073,110
23052,301
23052,342
23052,40
23065,376
23077,187
23077,113
23077,337
23080,318
23081,378
23081,421
23078,176
23078,481
23084,387
23084,325
23086,427
23086,370
23085,492
23085,224
23085,351
23082,428
23082,414
23082,209
23088,353
23083,190
23083,322
23089,20
23090,105
23090,141
23090,34
23091,76
23091,42
23091,498
23094,142
23094,147
23087,354
23087,459
23087,405
23093,213
23093,170
23092,153
23092,343
23092,132
23095,203
23099,458
23098,233
23098,47
23096,233
23096,89
23100,254
23100,154
23100,38
23103,202
23097,193
23097,220
23079,304
23079,235
23079,180
23101,421
23101,455
23101,457
23107,276
23107,243
23109,421
23109,365
23109,416
23115,477
23105,447
23105,255
23105,466
23106,245
23102,68
23102,233
23104,259
23104,1
23104,393
23112,465
23110,367
23111,429
23111,438
23114,159
23114,54
23118,55
23118,350
23108,232
23120,270
23120,285
23119,130
23119,187
23119,4
23121,471
23121,363
23121,451
23122,237
23122,141
23122,14
23124,419
23124,479
23124,362
23113,118
23113,325
23116,262
23116,290
23116,265
23125,155
23125,361
23125,320
23123,137
23123,334
23129,22
23129,16
23129,418
23126,447
23126,305
23127,423
23127,411
23128,154
23128,315
23132,223
23131,329
23131,11
23117,234
23117,33
23141,499
23144,298
23140,385
23133,180
23133,69
23133,320
23136,176
23136,139
23130,419
23130,474
23134,297
23134,465
23146,456
23146,31
23145,51
23145,395
23149,257
23149,59
23148,115
23148,494
23148,447
23150,454
23147,421
23147,454
23147,451
23143,140
23153,292
23151,471
23151,493
23151,437
23152,199
23154,331
23154,165
23154,50
23155,204
23157,230
23157,320
23160,50
23159,125
23159,130
23159,198
23158,492
23135,284
23135,382
23142,277
23142,114
23161,391
23161,416
23161,231
23156,215
23138,53
23162,184
23162,367
23163,336
23137,140
23137,15
23137,148
23165,471
23165,235
23167,430
23139,308
23139,253
23139,228
23168,409
23168,406
23164,244
23164,24
23166,5
23166,203
23166,140
23170,63
23170,228
23174,54
23174,399
23174,176
23173,460
23173,171
23171,63
23175,195
23175,42
23176,258
23176,443
23172,260
23172,370
23177,363
23177,399
23178,100
23178,405
23169,262
23180,499
23180,450
23180,405
23179,497
23179,204
23179,217
23182,476
23182,310
23187,210
23187,334
23185,194
23185,283
23181,139
23188,200
23189,106
23189,92
23193,382
23194,420
23194,272
23194,58
23195,334
23197,27
23196,294
23196,9
23198,250
23199,450
23199,389
23199,355
23201,58
23201,216
23204,260
23204,392
23202,258
23202,433
23202,272
23207,475
23207,421
23207,459
23200,355
23203,388
23203,489
23203,444
23186,219
23186,248
23186,302
23209,206
23205,430
23205,387
23190,333
23190,175
23190,315
23183,318
23184,371
23208,409
23208,106
23192,152
23192,149
23210,390
23210,423
23206,243
23206,97
23206,185
23191,441
23191,373
23191,433
23214,240
23214,23
23213,297
23213,88
23213,227
23211,31
23211,110
23215,435
23215,490
23212,186
23212,48
23217,204
23217,240
23217,195
23216,206
23220,262
23220,332
23218,15
23218,446
23218,301
23219,365
23222,190
23222,128
23222,343
23221,317
23221,446
23221,486
23224,499
23224,231
23223,378
23223,34
23223,141
23226,115
23230,383
23230,428
23231,357
23231,234
23225,266
23225,22
23228,326
23228,442
23228,272
23233,165
23234,398
23234,438
23232,286
23236,194
23235,181
23237,463
23237,477
23239,11
23239,131
23227,468
23238,1
23238,108
23243,317
23240,59
23240,228
23241,3
23241,364
23241,395
23244,493
23242,449
23242,495
23242,473
23229,286
23229,498
23229,277
23247,270
23248,317
23248,338
23250,366
23250,351
23251,430
23249,308
23249,258
23249,322
23253,238
23246,288
23246,420
23252,398
23252,366
23252,422
23256,499
23256,60
23256,36
23257,375
23257,454
23257,418
23254,201
23254,286
23258,485
23258,307
23258,424
23255,129
23245,86
23259,492
23259,379
23260,296
23261,433
23263,488
23262,206
23262,239
23264,252
23265,7
23265,159
23266,203
23268,93
23268,439
23267,54
23267,72
23271,68
23271,434
23271,113
23270,14
23269,60
23273,150
23273,3
23272,238
23276,327
23286,401
23286,497
23286,471
23282,206
23282,469
23282,58
23280,114
23280,325
23280,134
23287,408
23288,351
23288,391
23288,470
23285,291
23285,272
23285,29
23289,365
23289,330
23290,17
23290,250
23291,453
23291,499
23293,191
23292,332
23292,372
23292,231
23294,209
23296,116
23296,193
23296,167
23295,57
23295,190
23295,16
23297,242
23297,333
23297,346
23298,313
23300,173
23300,395
23299,113
23299,466
23299,197
23283,161
23283,394
23283,406
23284,143
23284,211
23274,303
23279,72
23279,132
23279,159
23275,48
23275,17
23277,6
23277,464
23277,500
23281,24
23301,197
23301,249
23301,135
23304,389
23304,430
23306,414
23306,392
23302,471
23302,128
23302,101
23278,455
23278,26
23309,206
23305,6
23305,316
23303,483
23315,198
23315,237
23319,292
23319,254
23316,114
23316,340
23316,262
23317,249
23317,438
23317,81
23307,60
23307,363
23307,146
23318,494
23318,41
23318,55
23323,456
23323,472
23321,22
23322,350
23322,112
23322,212
23324,152
23326,117
23326,384
23326,299
23328,6
23325,372
23325,373
23329,295
23329,187
23308,252
23308,255
23334,371
23320,371
23311,493
23311,354
23311,396
23330,220
23330,132
23330,336
23337,89
23337,273
23332,257
23332,203
23338,384
23338,438
23310,47
23339,432
23340,394
23336,500
23336,31
23336,359
23333,359
23333,78
23327,149
23327,101
23331,187
23331,341
23331,484
23335,384
23335,403
23335,458
23313,463
23313,147
23312,82
23341,472
23341,258
23341,399
23314,399
23314,144
23344,10
23344,311
23344,342
23346,418
23346,46
23346,240
23343,260
23354,83
23355,339
23355,305
23349,309
23349,303
23349,143
23347,301
23347,248
23347,2
23356,103
23348,314
23348,119
23348,5
23357,31
23357,420
23358,14
23358,151
23358,423
23342,200
23342,25
23342,217
23359,385
23359,119
23360,90
23360,289
23363,414
23363,404
23350,236
23352,487
23352,379
23352,429
23361,53
23361,206
23353,184
23353,136
23351,370
23366,359
23366,43
23362,76
23362,383
23345,250
23345,24
23364,24
23364,228
23368,132
23368,107
23369,43
23369,79
23369,73
23365,317
23365,146
23370,171
23372,453
23372,152
23372,68
23367,134
23367,222
23367,263
23371,21
23371,361
23371,313
23373,175
23373,249
23373,330
23374,90
23374,58
23375,216
23375,325
23376,115
23377,499
23378,155
23378,481
23378,248
23380,456
23380,492
23379,87
23382,413
23382,383
23381,438
23385,298
23384,423
23384,418
23386,281
23386,283
23387,199
23388,292
23388,282
23388,262
23389,16
23389,84
23389,418
23383,73
23383,166
23390,229
23390,216
23390,98
23391,107
23391,284
23392,498
23392,364
23393,28
23394,120
23394,366
23397,225
23397,87
23396,419
23396,403
23396,496
23395,297
23395,286
23395,116
23398,280
23398,103
23399,322
23399,270
23399,446
23402,183
23402,146
23401,13
23401,206
23400,360
23400,496
23403,191
23405,463
23405,393
23404,14
23404,400
23404,54
23406,78
23406,273
23406,71
23408,419
23409,296
23409,393
23410,415
23407,116
23411,253
23411,483
23414,404
23412,152
23412,180
23413,28
23415,104
23417,325
23417,178
23417,237
23416,56
23416,298
23418,288
23418,141
23418,93
23419,457
23419,395
23419,452
23420,196
23420,433
23420,481
23421,451
23423,214
23422,245
23422,207
23424,84
23426,485
23426,466
23429,163
23428,122
23428,125
23428,63
23425,479
23425,423
23425,462
23427,148
23427,229
23430,132
23430,56
23432,171
23432,151
23433,364
23431,213
23431,235
23438,198
23438,167
23436,439
23436,208
23436,370
23434,496
23446,25
23446,89
23447,126
23447,387
23447,290
23435,338
23435,75
23451,358
23451,426
23437,424
23437,443
23437,499
23453,4
23453,32
23453,56
23441,374
23441,101
23441,50
23454,25
23454,177
23454,55
23455,234
23457,185
23457,51
23439,342
23439,351
23443,474
23443,391
23440,36
23440,104
23442,343
23442,443
23445,492
23445,337
23445,96
23452,266
23456,435
23456,260
23456,124
23444,494
23444,430
23448,143
23448,189
23448,138
23460,316
23458,356
23458,419
23458,422
23449,23
23449,163
23450,436
23463,112
23463,257
23463,69
23465,368
23465,302
23465,357
23467,474
23467,412
23464,408
23462,242
23462,18
23462,238
23469,10
23469,97
23469,260
23470,287
23470,270
23470,176
23471,29
23473,110
23473,66
23473,21
23474,124
23474,114
23474,288
23475,85
23475,260
23466,219
23466,309
23472,460
23472,123
23477,313
23477,263
23477,274
23479,339
23478,254
23478,211
23478,250
23480,250
23480,160
23468,46
23468,364
23468,286
23482,70
23481,49
23476,439
23476,407
23476,283
23461,64
23461,214
23484,128
23484,345
23483,252
23483,226
23483,11
23486,243
23487,488
23487,416
23487,406
23490,399
23490,303
23490,246
23489,245
23489,131
23489,285
23491,45
23491,50
23488,234
23488,312
23488,122
23485,235
23485,243
23485,202
23492,30
23495,132
23495,122
23493,333
23497,306
23496,23
23496,381
23500,300
23499,306
23499,437
23499,170
23501,129
23498,325
23498,157
23498,58
23503,429
23502,267
23504,144
23507,413
23507,150
23505,307
23512,226
23512,157
23513,30
23513,16
23513,159
23515,112
23515,144
23515,187
23509,272
23509,180
23509,369
23514,327
23506,427
23506,485
23506,468
23517,303
23517,338
23511,190
23511,298
23522,214
23522,383
23523,68
23524,191
23526,296
23526,250
23525,391
23525,367
23525,450
23528,10
23530,352
23518,26
23516,320
23531,136
23531,18
23531,238
23532,29
23532,472
23529,242
23536,456
23534,26
23534,432
23535,167
23537,16
23537,497
23539,116
23539,85
23519,336
23527,285
23527,196
23459,80
23542,332
23540,314
23540,167
23540,180
23510,264
23510,153
23510,446
23541,395
23545,358
23520,394
23544,440
23548,170
23549,205
23549,206
23552,252
23552,202
23551,120
23551,361
23551,1
23553,229
23553,80
23550,448
23550,208
23550,77
23546,306
23556,305
23556,271
23556,257
23555,245
23555,110
23555,226
23521,91
23521,433
23547,285
23538,155
23538,187
23538,207
23562,214
23559,136
23560,291
23560,187
23561,263
23558,193
23558,105
23558,214
23494,279
23494,76
23508,250
23508,324
23533,17
23533,28
23533,45
23554,111
23554,117
23554,147
23543,175
23543,274
23557,410
23568,396
23568,9
23568,170
23575,89
23576,100
23576,362
23576,165
23577,3
23577,419
23577,39
23565,216
23565,264
23565,334
23578,457
23580,169
23580,7
23579,486
23579,79
23579,37
23566,271
23566,66
23564,404
23564,415
23564,387
23571,147
23571,14
23569,292
23569,18
23569,332
23570,308
23567,368
23567,404
23572,452
23572,349
23563,374
23563,132
23563,164
23573,485
23573,37
23573,107
23574,289
23586,70
23593,22
23593,175
23583,66
23583,220
23595,14
23594,94
23594,183
23596,272
23592,277
23598,274
23598,469
23597,174
23597,226
23597,304
23600,479
23601,207
23582,350
23582,8
23582,254
23604,289
23603,403
23603,423
23602,284
23605,412
23605,464
23606,56
23606,333
23584,455
23584,58
23589,480
23589,242
23585,359
23585,380
23587,372
23588,293
23588,217
23588,241
23591,454
23590,341
23608,45
23608,193
23607,226
23607,136
23609,78
23609,50
23612,450
23610,486
23610,478
23610,263
23611,302
23611,134
23614,221
23613,480
23613,393
23616,422
23616,394
23618,210
23615,242
23615,250
23617,476
23617,364
23617,458
23619,242
23619,455
23619,424
23622,205
23622,119
23620,170
23621,322
23626,140
23626,330
23626,8
23624,343
23629,391
23629,109
23629,51
23633,354
23633,424
23634,228
23634,212
23635,109
23635,50
23636,41
23636,260
23632,262
23581,34
23581,310
23581,222
23639,108
23638,124
23638,94
23637,328
23637,16
23642,166
23641,472
23641,395
23641,366
23644,298
23644,440
23644,375
23643,171
23643,493
23643,391
23640,67
23645,272
23599,330
23599,86
23599,318
23623,289
23623,99
23623,258
23630,144
23630,410
23625,53
23625,178
23646,462
23627,155
23627,40
23631,363
23631,422
23631,380
23628,460
23628,8
23628,483
23647,459
23647,114
23650,332
23650,186
23648,265
23648,38
23654,71
23653,341
23652,252
23655,335
23651,246
23657,427
23656,268
23659,359
23659,314
23660,222
23660,6
23658,469
23658,430
23661,208
23661,452
23661,351
23649,45
23649,332
23663,343
23663,433
23663,198
23662,448
23665,320
23665,124
23665,253
23668,109
23666,55
23670,181
23667,294
23671,81
23669,109
23669,392
23674,70
23674,492
23664,64
23664,134
23672,333
23672,498
23672,330
23673,454
23675,198
23687,435
23688,293
23688,263
23689,179
23689,134
23689,144
23676,30
23676,270
23676,372
23691,75
23691,135
23690,348
23690,271
23690,9
23686,249
23686,28
23686,233
23692,419
23677,44
23693,428
23695,285
23695,268
23696,223
23696,39
23696,77
23694,68
23694,306
23694,176
23697,101
23697,73
23699,354
23698,150
23698,196
23698,213
23684,443
23684,481
23680,161
23680,496
23679,173
23681,422
23681,405
23681,447
23683,235
23683,295
23685,267
23685,83
23685,306
23678,67
23702,241
23702,33
23701,366
23706,478
23708,38
23708,170
23712,423
23710,467
23704,320
23714,258
23715,49
23716,205
23716,259
23716,110
23717,412
23717,456
23718,204
23718,454
23719,58
23721,403
23703,287
23705,51
23705,196
23705,456
23709,444
23709,356
23709,371
23707,183
23707,315
23707,309
23711,268
23713,203
23713,279
23720,399
23720,500
23700,148
23700,216
23700,231
23682,140
23682,265
23682,287
23722,71
23722,156
23722,24
23727,483
23727,166
23727,162
23734,335
23734,349
23735,325
23735,190
23735,330
23724,66
23724,166
23737,23
23737,334
23739,264
23739,483
23738,89
23738,115
23740,348
23740,6
23741,122
23741,48
23736,493
23736,361
23733,336
23733,250
23733,110
23744,85
23744,103
23745,199
23747,410
23747,492
23742,285
23742,2
23746,245
23746,234
23746,233
23743,394
23743,487
23743,445
23732,112
23732,90
23732,193
23726,63
23726,50
23731,478
23723,427
23723,468
23723,379
23751,224
23751,208
23751,166
23752,86
23752,392
23728,389
23728,91
23753,363
23753,466
23754,444
23756,431
23756,475
23756,362
23749,350
23749,369
23749,277
23757,306
23757,258
23758,364
23759,468
23748,374
23748,409
23760,430
23760,441
23761,447
23763,179
23763,3
23763,226
23762,112
23729,359
23764,220
23764,247
23764,22
23766,154
23765,399
23765,420
23765,460
23750,257
23750,124
23768,487
23769,196
23769,488
23767,144
23767,398
23767,177
23770,214
23770,61
23725,357
23725,69
23771,253
23772,16
23772,24
23774,335
23774,71
23774,135
23773,139
23773,248
23776,441
23776,314
23776,76
23730,412
23775,209
23775,287
23775,227
23777,116
23777,313
23777,472
23780,298
23779,86
23784,163
23781,341
23781,50
23781,130
23787,431
23787,452
23787,355
23790,428
23791,359
23791,379
23792,260
23792,80
23782,100
23793,134
23793,145
23795,499
23795,370
23795,6
23755,82
23755,200
23797,223
23796,84
23796,420
23798,275
23798,106
23794,461
23801,315
23803,185
23786,8
23800,382
23788,238
23788,33
23806,442
23806,394
23802,433
23802,444
23802,475
23804,323
23785,403
23785,369
23785,359
23807,485
23807,398
23783,373
23783,263
23783,309
23789,166
23778,239
23778,299
23813,169
23813,456
23817,454
23817,488
23816,147
23816,462
23799,467
23808,226
23822,388
23809,187
23809,281
23809,67
23810,212
23810,229
23823,191
23823,72
23823,166
23824,341
23824,243
23826,412
23826,480
23827,313
23818,293
23818,363
23818,258
23814,178
23814,370
23814,464
23828,458
23828,5
23828,3
23830,37
23830,201
23830,101
23815,113
23815,255
23832,216
23832,20
23832,205
23833,287
23833,273
23829,185
23829,64
23829,364
23834,200
23837,280
23837,455
23837,313
23835,181
23835,199
23835,146
23836,456
23836,153
23821,114
23821,116
23839,139
23841,103
23841,6
23841,228
23840,84
23838,114
23838,346
23842,360
23842,471
23846,480
23846,342
23805,160
23805,53
23831,186
23845,52
23845,45
23844,48
23844,13
23849,156
23847,199
23850,71
23850,240
23848,47
23848,449
23851,252
23851,349
23851,253
23820,372
23852,472
23811,337
23811,6
23811,349
23819,441
23819,455
23819,471
23812,498
23812,375
23812,467
23825,322
23854,423
23854,470
23854,497
23853,92
23853,278
23853,324
23855,14
23856,466
23857,291
23857,4
23858,380
23858,132
23858,367
23860,265
23861,173
23862,24
23862,59
23862,347
23864,409
23864,448
23865,446
23865,374
23865,383
23863,237
23843,122
23866,182
23859,122
23859,377
23859,356
23873,320
23873,143
23872,353
23872,456
23877,14
23877,185
23877,156
23881,109
23881,332
23881,59
23880,379
23880,473
23880,90
23876,359
23876,64
23882,413
23883,144
23883,420
23883,347
23885,319
23885,119
23884,383
23884,148
23884,450
23878,320
23878,425
23874,227
23874,500
23874,57
23868,259
23868,248
23868,273
23867,150
23867,272
23867,328
23869,209
23870,106
23870,329
23889,472
23889,419
23879,337
23895,102
23895,111
23895,50
23894,242
23897,216
23897,264
23897,27
23898,433
23898,356
23898,425
23896,499
23896,200
23896,64
23899,237
23899,350
23900,79
23901,469
23901,374
23893,292
23893,428
23893,247
23902,373
23902,469
23903,292
23903,175
23904,108
23905,443
23908,168
23906,243
23906,41
23909,229
23909,293
23909,174
23875,102
23907,207
23907,283
23871,360
23886,110
23886,287
23886,261
23910,44
23910,263
23910,225
23890,340
23890,449
23890,3
23911,434
23911,259
23911,207
23888,340
23888,321
23914,387
23913,252
23917,368
23917,484
23917,213
23915,418
23915,417
23919,325
23919,301
23887,403
23887,371
23887,328
23922,319
23922,70
23922,464
23920,375
23920,472
23921,57
23921,33
23918,118
23918,426
23923,134
23923,241
23916,326
23916,65
23926,29
23926,62
23933,54
23933,290
23934,315
23935,230
23935,85
23935,81
23912,401
23912,290
23912,369
23931,98
23931,362
23932,466
23936,366
23924,457
23924,302
23940,30
23937,414
23937,261
23937,432
23938,70
23939,272
23939,34
23939,254
23941,488
23942,175
23942,284
23942,14
23944,285
23945,380
23947,81
23946,74
23946,315
23946,3
23948,133
23925,336
23925,268
23925,323
23929,339
23928,341
23928,214
23943,268
23927,492
23949,379
23949,255
23951,468
23951,246
23951,330
23930,204
23930,222
23950,61
23952,263
23952,456
23953,10
23953,2
23891,487
23891,67
23891,84
23955,114
23955,204
23954,393
23954,473
23957,189
23958,39
23958,346
23958,429
23959,124
23960,232
23960,173
23961,195
23962,194
23964,336
23964,79
23963,145
23963,280
23963,112
23956,171
23956,51
23966,107
23967,147
23965,257
23965,278
23971,345
23971,232
23970,210
23970,145
23970,103
23892,245
23892,427
23969,151
23969,198
23968,11
23968,399
23968,410
23973,184
23972,8
23972,58
23978,17
23976,246
23976,463
23976,366
23980,191
23986,417
23986,494
23979,154
23989,64
23989,202
23990,196
23990,29
23983,210
23992,435
23991,241
23991,94
23991,314
23987,128
23987,205
23987,39
23994,60
23994,6
23995,278
23995,444
23995,274
23993,86
23993,420
23984,44
23984,107
23984,202
23996,453
23996,200
23988,457
23988,85
23988,210
23997,90
23997,214
23985,276
23985,317
23998,25
23998,93
23999,73
23999,54
24000,378
24000,500
24000,446
24001,156
24002,60
24002,80
23977,350
23977,142
23977,239
23982,469
23982,442
23982,392
23981,421
23981,423
23981,137
23974,66
23974,232
24003,378
24003,421
24003,417
23975,240
23975,94
24004,451
24005,388
24006,361
24006,137
24006,369
24010,88
24009,130
24009,218
24009,119
24007,138
24007,103
24011,345
24012,232
24012,248
24012,448
24014,136
24013,425
24013,287
24008,473
24016,20
24016,236
24018,360
24019,271
24019,141
24019,131
24015,101
24015,92
24015,4
24017,66
24021,17
24021,231
24022,330
24022,283
24022,116
24023,119
24023,115
24023,51
24024,201
24024,328
24025,233
24026,85
24026,127
24026,460
24020,488
24020,331
24020,107
24027,492
24027,378
24028,88
24028,241
24029,381
24032,231
24032,298
24032,118
24031,344
24034,372
24034,469
24034,110
24033,239
24033,455
24033,177
24035,340
24035,186
24035,338
24036,440
24036,469
24036,382
24037,474
24038,447
24038,442
24038,362
24039,327
24039,75
24039,14
24041,266
24041,13
24042,67
24043,125
24043,53
24043,255
24040,113
24040,158
24040,140
24046,29
24046,153
24046,240
24030,492
24048,29
24048,375
24050,226
24050,34
24050,65
24047,205
24047,104
24047,388
24049,282
24044,490
24044,369
24051,270
24052,352
24045,336
24045,122
24054,427
24054,366
24056,142
24055,469
24055,421
24057,150
24058,228
24058,198
24061,151
24061,186
24060,269
24060,114
24059,164
24059,72
24062,117
24062,197
24062,322
24064,98
24065,411
24063,433
24063,277
24063,331
24067,49
24066,114
24066,304
24066,395
24070,38
24070,212
24069,164
24069,255
24069,412
24072,137
24072,156
24068,138
24068,271
24053,248
24071,215
24071,155
24083,244
24083,119
24074,122
24074,367
24084,301
24084,67
24080,68
24080,1
24080,165
24079,134
24079,31
24085,226
24085,292
24085,174
24082,209
24082,96
24089,124
24087,229
24087,240
24086,377
24091,325
24094,31
24094,346
24090,313
24090,40
24090,61
24088,186
24088,395
24088,285
24095,442
24092,192
24093,488
24093,157
24093,373
24096,260
24096,330
24097,361
24078,51
24098,197
24098,336
24073,194
24081,328
24081,82
24076,86
24099,161
24099,63
24099,44
24077,361
24077,208
24077,9
24100,385
24100,207
24100,446
24102,241
24102,455
24102,438
24101,276
24103,389
24104,383
24104,11
24104,124
24075,177
24075,219
24075,195
24105,161
24105,203
24105,123
24106,273
24107,467
24107,99
24107,23
24108,427
24112,95
24111,45
24111,449
24111,161
24109,201
24110,482
24110,280
24110,134
24114,194
24114,119
24116,235
24113,402
24120,431
24117,493
24118,210
24115,138
24115,48
24115,454
24119,216
24121,27
24122,486
24122,463
24124,320
24125,199
24123,247
24126,232
24128,56
24127,64
24127,427
24130,101
24130,249
24129,134
24131,270
24131,478
24131,368
24133,47
24136,344
24134,115
24134,121
24134,252
24132,329
24132,282
24132,137
24137,37
24138,89
24138,4
24139,333
24139,233
24139,428
24143,366
24141,164
24141,240
24141,137
24142,246
24150,61
24140,57
24149,208
24151,478
24151,307
24151,26
24146,318
24146,227
24147,433
24147,351
24144,143
24144,306
24153,119
24153,114
24152,161
24152,464
24152,92
24155,491
24156,387
24157,403
24157,155
24154,147
24135,166
24135,270
24135,151
24158,42
24158,157
24158,222
24161,444
24161,458
24159,70
24159,44
24159,294
24145,265
24167,421
24164,440
24164,280
24164,347
24165,351
24165,462
24168,55
24169,319
24169,212
24160,240
24160,23
24160,280
24171,5
24171,283
24171,232
24172,125
24170,334
24170,201
24170,44
24174,211
24174,256
24174,258
24173,378
24166,381
24166,382
24166,50
24175,36
24148,412
24162,381
24177,231
24177,214
24163,430
24163,88
24185,434
24185,351
24181,160
24181,304
24181,319
24186,465
24183,106
24183,8
24183,187
24187,278
24187,378
24187,279
24188,363
24188,473
24188,380
24182,7
24182,208
24178,458
24178,433
24180,471
24180,372
24179,230
24189,125
24189,250
24176,294
24176,196
24176,61
24190,57
24192,376
24192,418
24193,368
24193,100
24193,331
24195,51
24195,201
24196,82
24196,230
24194,28
24194,346
24194,36
24197,118
24197,309
24197,396
24198,303
24199,223
24184,240
24184,82
24184,200
24191,308
24191,70
24201,328
24202,138
24200,26
24200,31
24203,285
24206,205
24205,164
24208,348
24208,181
24204,301
24204,52
24211,480
24211,167
24211,34
24209,238
24209,103
24220,3
24220,192
24220,96
24221,19
24223,312
24223,295
24222,72
24222,187
24219,335
24219,473
24224,362
24224,94
24224,376
24214,218
24214,80
24225,303
24225,460
24225,252
24226,206
24226,406
24226,33
24228,352
24227,233
24227,7
24227,33
24229,455
24230,101
24230,50
24207,267
24207,172
24207,257
24217,260
24216,320
24210,151
24210,128
24210,493
24215,314
24215,383
24215,163
24213,64
24213,107
24213,164
24212,48
24212,50
24212,260
24233,357
24218,139
24218,16
24218,423
24231,338
24231,77
24231,99
24232,375
24232,395
24234,255
24237,73
24237,276
24244,203
24244,274
24242,427
24242,339
24242,267
24236,298
24236,476
24236,221
24246,234
24246,198
24248,452
24248,381
24248,375
24247,245
24247,155
24247,41
24245,234
24245,4
24249,388
24250,31
24250,293
24250,87
24251,91
24251,289
24253,299
24252,334
24252,193
24252,273
24254,444
24254,309
24257,351
24257,483
24257,422
24239,256
24258,424
24258,434
24256,201
24243,416
24243,99
24243,353
24241,373
24241,365
24255,367
24255,402
24238,397
24238,149
24235,285
24235,206
24235,305
24240,338
24240,336
24259,188
24261,315
24261,247
24264,296
24264,198
24264,345
24263,394
24263,437
24263,417
24262,222
24262,231
24260,5
24260,248
24267,121
24267,126
24267,47
24268,185
24268,183
24269,38
24269,370
24271,330
24271,191
24270,267
24270,162
24266,467
24273,173
24272,492
24272,484
24265,457
24265,87
24265,464
24274,456
24277,154
24277,136
24278,357
24278,477
24275,356
24275,487
24276,460
24276,360
24281,108
24281,485
24280,95
24280,247
24280,133
24284,407
24283,43
24285,163
24285,372
24282,135
24279,307
24279,268
24279,267
24288,342
24287,327
24289,71
24289,334
24289,349
24286,227
24286,80
24290,184
24290,105
24290,417
24291,318
24291,347
24291,6
24292,25
24296,64
24294,127
24294,273
24295,282
24295,339
24295,314
24293,287
24293,21
24293,285
24297,183
24297,204
24298,251
24298,189
24299,23
24299,244
24300,127
24300,151
24301,259
24301,477
24301,385
24302,264
24302,166
24304,56
24303,222
24307,266
24307,241
24309,208
24309,104
24309,334
24306,8
24312,285
24312,13
24312,401
24311,256
24314,84
24314,187
24316,259
24308,143
24310,196
24305,144
24313,328
24313,183
24313,162
24317,393
24319,236
24319,398
24321,260
24324,192
24324,276
24324,25
24322,477
24322,382
24322,447
24315,116
24323,308
24323,161
24318,435
24318,463
24318,438
24327,293
24320,291
24320,239
24334,336
24326,211
24335,52
24335,493
24325,400
24325,368
24337,5
24339,52
24339,294
24329,320
24338,284
24338,272
24340,421
24340,370
24340,409
24342,469
24328,51
24328,440
24328,286
24336,485
24336,207
24331,25
24331,400
24331,299
24341,132
24343,137
24330,279
24330,176
24333,34
24333,105
24333,169
24344,409
24344,411
24344,451
24332,375
24332,407
24345,399
24345,486
24345,481
24346,250
24346,338
24347,345
24349,441
24349,368
24349,356
24348,369
24350,344
24350,403
24351,250
24352,449
24360,87
24357,452
24357,301
24357,93
24358,491
24358,235
24358,52
24356,464
24356,281
24366,145
24354,428
24354,474
24354,456
24367,24
24365,485
24365,383
24365,454
24368,7
24368,483
24368,495
24371,121
24372,267
24372,280
24359,183
24359,55
24369,460
24369,56
24370,399
24370,260
24355,276
24355,94
24355,34
24353,310
24375,58
24375,117
24374,189
24374,91
24374,32
24373,414
24376,386
24376,383
24376,428
24377,19
24377,494
24377,11
24379,334
24381,496
24381,209
24378,301
24380,160
24363,440
24363,439
24363,358
24362,229
24362,476
24361,67
24361,325
24361,33
24364,39
24364,71
24364,16
24383,134
24383,428
24384,258
24384,378
24384,487
24382,83
24382,274
24382,23
24385,169
24387,268
24388,350
24388,334
24388,315
24390,388
24389,258
24389,203
24392,406
24392,392
24391,60
24391,285
24391,279
24393,432
24393,478
24393,232
24395,373
24386,347
24386,237
24399,210
24399,73
24396,471
24396,208
24406,412
24406,454
24400,365
24400,387
24407,212
24407,32
24407,431
24401,10
24401,141
24408,209
24408,304
24402,493
24402,78
24402,13
24409,469
24409,463
24409,480
24411,458
24411,425
24403,58
24403,198
24412,186
24412,236
24410,279
24410,341
24404,250
24404,3
24404,350
24413,344
24405,457
24405,361
24405,381
24394,297
24394,51
24394,26
24416,324
24417,195
24417,176
24418,169
24414,341
24414,64
24414,367
24419,369
24419,422
24421,315
24421,165
24421,30
24422,459
24415,314
24415,28
24423,126
24423,283
24420,109
24420,349
24424,86
24424,8
24425,196
24425,92
24425,190
24428,290
24428,21
24398,87
24398,94
24398,366
24430,201
24430,449
24432,357
24427,93
24397,332
24397,405
24429,476
24429,68
24431,390
24431,66
24426,248
24433,133
24435,331
24434,242
24434,52
24436,465
24437,300
24438,230
24438,377
24439,259
24440,87
24441,421
24441,494
24441,129
24442,414
24445,152
24445,274
24445,245
24447,286
24447,120
24448,281
24448,200
24448,275
24449,43
24446,384
24446,395
24451,194
24451,243
24450,238
24452,421
24453,92
24453,151
24453,124
24456,341
24456,192
24456,133
24455,69
24455,283
24454,498
24457,65
24457,313
24457,336
24460,45
24461,261
24462,318
24463,61
24459,149
24459,53
24459,344
24464,352
24465,124
24467,276
24466,465
24466,218
24466,401
24468,464
24470,65
24470,188
24469,477
24469,192
24472,184
24474,327
24474,469
24474,307
24471,30
24471,125
24471,252
24473,68
24473,367
24475,61
24458,184
24458,297
24458,85
24444,180
24444,304
24443,405
24443,494
24443,348
24478,225
24478,276
24476,423
24476,249
24479,489
24479,364
24480,272
24483,254
24483,439
24484,301
24484,166
24484,227
24477,31
24481,80
24487,18
24487,57
24485,301
24485,74
24488,232
24489,101
24489,5
24490,309
24486,244
24486,452
24491,99
24491,25
24491,242
24492,200
24492,77
24495,469
24495,495
24495,128
24497,114
24497,150
24496,441
24496,389
24496,355
24498,298
24498,130
24499,20
24499,473
24499,128
24500,229
24501,102
24501,131
24502,367
24502,120
24502,487
24503,112
24506,146
24505,181
24505,329
24507,114
24509,252
24512,343
24510,336
24511,331
24511,369
24511,232
24514,353
24514,354
24514,393
24515,238
24515,442
24515,465
24508,244
24508,457
24508,266
24517,286
24518,353
24516,419
24516,462
24520,160
24520,71
24523,386
24522,244
24524,255
24524,249
24521,38
24526,155
24528,24
24528,311
24528,317
24519,326
24519,239
24529,280
24529,478
24530,376
24530,230
24530,236
24531,109
24534,14
24535,155
24535,451
24532,115
24532,465
24532,153
24536,42
24533,61
24533,48
24533,314
24539,339
24539,214
24537,484
24537,481
24541,483
24542,420
24540,140
24540,160
24540,487
24543,421
24544,88
24545,75
24548,342
24548,471
24482,124
24482,126
24482,203
24547,143
24547,315
24547,191
24550,281
24546,321
24546,387
24554,151
24555,376
24552,451
24552,461
24552,397
24557,296
24557,330
24551,100
24551,447
24558,323
24558,176
24559,97
24559,32
24559,345
24527,89
24553,326
24553,470
24553,315
24561,297
24563,168
24564,207
24565,460
24565,102
24493,339
24493,109
24566,321
24566,150
24562,52
24562,123
24562,210
24494,45
24504,474
24504,455
24525,163
24525,159
24538,92
24549,352
24549,356
24556,191
24556,338
24556,246
24567,451
24567,66
24569,69
24569,120
24569,310
24576,61
24576,296
24577,114
24577,316
24577,85
24579,10
24579,87
24578,296
24578,19
24578,242
24575,72
24575,130
24581,157
24580,49
24580,260
24580,243
24570,237
24568,238
24568,337
24573,438
24573,303
24573,49
24571,372
24571,391
24572,145
24574,4
24574,47
24574,49
24582,23
24583,353
24583,385
24584,435
24585,293
24585,320
24586,10
24586,239
24588,96
24588,139
24588,383
24587,288
24587,15
24590,120
24589,383
24589,148
24589,318
24591,6
24592,171
24592,386
24592,163
24593,302
24595,402
24595,294
24595,416
24594,71
24594,333
24594,47
24597,314
24597,447
24598,493
24598,443
24598,470
24599,197
24599,193
24599,314
24602,449
24600,137
24600,345
24600,219
24601,17
24601,344
24601,233
24513,3
24513,102
24603,489
24603,448
24603,425
24560,265
24560,388
24560,54
24596,120
24596,301
24596,303
24604,10
24605,357
24605,237
24605,63
24606,251
24606,181
24606,284
24607,266
24607,216
24608,436
24609,331
24609,340
24609,452
24610,23
24610,87
24611,421
24613,233
24612,482
24612,429
24612,423
24616,205
24616,182
24616,54
24614,351
24614,277
24617,216
24620,3
24629,425
24629,321
24630,372
24630,292
24623,156
24623,245
24623,399
24631,145
24633,101
24633,272
24628,96
24628,27
24632,370
24634,389
24634,411
24635,409
24636,450
24636,353
24636,378
24638,100
24638,108
24638,369
24637,106
24637,227
24639,77
24639,58
24639,394
24640,342
24640,1
24642,54
24642,347
24642,116
24643,131
24643,180
24621,42
24621,437
24621,473
24625,388
24626,270
24626,464
24626,143
24624,39
24624,84
24624,93
24627,278
24627,348
24615,437
24615,487
24615,467
24619,291
24622,311
24618,192
24618,398
24644,157
24641,477
24641,464
24641,475
24647,395
24645,457
24645,426
24645,377
24648,171
24651,29
24651,53
24651,56
24649,198
24649,155
24652,375
24650,181
24650,323
24654,6
24654,108
24654,314
24655,267
24646,287
24658,446
24659,283
24656,170
24656,365
24661,85
24661,140
24661,309
24657,80
24657,84
24662,460
24653,157
24653,178
24663,281
24664,36
24664,16
24665,126
24666,186
24666,205
24666,393
24674,189
24674,328
24672,344
24678,317
24678,111
24676,235
24676,158
24676,275
24679,68
24679,101
24681,364
24681,458
24682,277
24682,21
24682,7
24677,39
24677,193
24673,446
24673,436
24686,421
24685,96
24685,333
24683,281
24675,104
24687,391
24687,209
24689,244
24689,142
24684,454
24684,437
24688,83
24688,397
24688,92
24690,286
24690,203
24691,182
24667,71
24667,221
24667,23
24693,448
24693,115
24692,175
24692,307
24692,83
24670,58
24670,118
24670,344
24671,222
24694,88
24694,178
24694,228
24680,367
24680,478
24668,91
24668,174
24668,38
24695,454
24695,258
24697,320
24697,61
24697,5
24696,187
24696,417
24696,485
24660,456
24660,363
24698,389
24698,356
24698,379
24699,5
24699,47
24699,101
24700,401
24700,370
24700,80
24703,40
24705,276
24705,263
24708,299
24708,218
24701,121
24701,193
24701,97
24709,77
24709,207
24709,409
24707,261
24707,360
24707,410
24702,329
24702,266
24702,422
24712,496
24712,366
24711,282
24711,310
24713,189
24713,433
24710,33
24716,3
24716,81
24714,434
24714,163
24714,6
24704,274
24715,470
24715,421
24717,319
24717,472
24717,325
24706,368
24720,444
24725,165
24727,412
24727,492
24727,462
24722,354
24722,432
24728,284
24721,436
24729,64
24730,216
24730,38
24719,47
24719,56
24726,39
24723,400
24731,456
24731,395
24731,361
24732,343
24732,435
24732,497
24718,139
24718,263
24734,57
24734,269
24733,354
24733,261
24733,218
24724,167
24724,246
24724,228
24735,304
24735,105
24737,182
24736,175
24738,328
24740,312
24740,43
24740,350
24741,321
24741,240
24742,79
24742,242
24743,418
24743,396
24744,200
24744,28
24746,404
24745,432
24747,266
24747,247
24747,162
24749,360
24749,430
24749,476
24748,471
24750,240
24739,446
24739,279
24739,26
24753,252
24761,386
24761,435
24762,490
24762,396
24763,254
24758,489
24764,114
24764,283
24766,186
24765,137
24765,264
24765,127
24767,135
24768,482
24768,491
24768,27
24771,206
24771,67
24756,172
24756,360
24756,108
24769,408
24769,406
24770,191
24772,475
24772,344
24772,56
24773,156
24773,115
24774,405
24774,89
24774,279
24754,120
24776,483
24776,371
24776,25
24755,204
24755,325
24755,382
24757,108
24757,260
24778,13
24778,86
24778,83
24751,155
24751,487
24759,31
24752,446
24752,455
24777,275
24777,54
24775,178
24775,115
24775,25
24760,247
24760,78
24780,206
24779,397
24782,401
24782,475
24785,176
24781,244
24781,17
24781,309
24784,281
24783,427
24783,441
24783,477
24790,384
24790,449
24789,429
24789,483
24789,375
24787,248
24787,221
24787,230
24788,41
24786,186
24786,454
24791,11
24791,159
24796,285
24793,50
24802,465
24802,460
24803,134
24803,298
24804,133
24795,24
24795,299
24795,154
24799,389
24799,345
24805,75
24806,366
24806,237
24806,367
24807,413
24807,97
24807,17
24808,182
24808,264
24808,345
24811,350
24811,500
24812,242
24812,280
24812,325
24813,27
24810,244
24814,226
24814,445
24814,430
24809,258
24815,73
24815,72
24794,295
24794,195
24794,115
24800,225
24800,195
24800,289
24792,42
24792,287
24797,262
24801,363
24801,17
24801,171
24820,326
24820,271
24819,119
24818,95
24821,86
24823,462
24823,459
24822,479
24824,178
24824,26
24826,463
24826,420
24826,458
24825,399
24825,412
24825,445
24827,484
24827,330
24827,378
24828,188
24798,99
24798,304
24798,213
24829,44
24829,43
24829,60
24816,471
24816,369
24817,227
24817,15
24817,258
24669,35
24669,343
24669,48
24832,34
24835,399
24839,23
24839,59
24839,232
24841,48
24840,474
24840,283
24840,168
24844,74
24844,25
24844,327
24830,136
24838,99
24838,293
24846,477
24833,326
24834,22
24845,325
24845,274
24847,140
24847,383
24848,241
24848,112
24843,365
24843,366
24843,500
24836,270
24836,315
24836,221
24831,63
24831,496
24831,254
24837,34
24837,123
24851,422
24849,468
24849,426
24850,134
24850,81
24850,337
24842,158
24842,13
24852,136
24854,282
24854,171
24854,72
24853,411
24853,418
24853,417
24856,434
24856,243
24856,85
24855,243
24855,174
24855,43
24857,366
24857,407
24859,171
24859,494
24859,285
24858,119
24860,468
24861,186
24862,429
24862,146
24862,262
24863,196
24864,410
24865,108
24865,187
24866,436
24867,153
24867,364
24868,461
24868,286
24868,90
24870,479
24870,72
24870,96
24872,247
24871,407
24869,277
24873,256
24873,297
24873,250
24874,330
24874,391
24874,58
24876,232
24876,161
24875,68
24878,453
24879,496
24879,477
24879,256
24883,176
24883,108
24877,401
24890,474
24890,462
24888,223
24888,3
24889,101
24889,111
24895,383
24895,435
24896,400
24896,15
24896,479
24897,314
24897,90
24897,278
24898,420
24898,438
24887,119
24887,335
24887,140
24899,300
24880,80
24880,293
24885,158
24885,165
24884,395
24900,133
24900,101
24900,293
24882,261
24882,297
24902,71
24902,235
24901,482
24905,85
24904,128
24904,107
24904,214
24903,228
24886,164
24894,248
24894,286
24892,232
24881,103
24891,128
24891,218
24907,98
24907,7
24893,394
24893,368
24893,358
24908,240
24908,129
24908,288
24910,184
24910,266
24911,405
24911,493
24912,345
24913,337
24913,246
24915,375
24916,86
24916,15
24917,230
24917,65
24909,461
24909,359
24923,111
24923,56
24918,267
24918,277
24918,229
24920,60
24920,328
24920,264
24919,145
24919,128
24919,334
24906,335
24914,129
24914,156
24914,46
24925,184
24922,344
24924,105
24924,191
24929,405
24929,414
24929,373
24926,362
24926,421
24928,107
24928,338
24927,454
24927,100
24921,295
24930,75
24930,258
24931,470
24931,407
24932,463
24932,69
24933,423
24935,204
24935,340
24937,197
24947,436
24948,487
24949,255
24944,313
24944,208
24950,291
24951,321
24951,322
24951,152
24952,296
24952,198
24952,201
24954,67
24954,184
24953,186
24953,106
24953,316
24956,335
24956,188
24955,249
24955,371
24955,370
24940,479
24940,73
24934,336
24934,162
24936,253
24936,157
24941,366
24941,225
24941,404
24938,45
24938,89
24938,253
24959,347
24959,217
24957,316
24957,33
24960,138
24960,144
24960,96
24962,296
24962,305
24961,36
24958,304
24945,118
24945,430
24945,63
24966,316
24965,274
24969,99
24969,136
24969,298
24942,176
24946,162
24946,429
24972,208
24972,341
24972,294
24971,123
24971,417
24970,154
24970,143
24970,76
24974,141
24974,76
24974,255
24973,221
24975,225
24975,27
24976,404
24963,168
24967,469
24981,446
24968,25
24968,39
24982,130
24983,413
24977,256
24977,424
24977,367
24986,169
24986,324
24986,160
24987,229
24987,280
24987,55
24984,124
24985,343
24985,345
24985,305
24943,254
24978,10
24978,367
24978,117
24964,293
24964,425
24964,64
24979,15
24980,30
24980,434
24980,381
24990,265
24991,418
24991,186
24991,102
24939,123
24939,170
24992,190
24992,124
24992,125
24989,418
24989,470
24989,485
24993,43
24995,471
24988,470
24997,142
24994,243
24998,176
24996,142
24996,184
24996,52
24999,42
25000,333
25000,208
