id_incidencia,id_vuelo
20,18396
20,17699
19,5306
19,10831
19,8670
21,6437
21,14962
21,15111
21,20603
21,514
6,7859
6,10301
6,1549
6,8652
6,12613
22,1047
22,660
25,12679
25,3908
7,5309
1,20200
1,16557
1,17719
1,11948
1,6870
4,11910
2,17553
5,5950
5,16782
5,19285
5,12739
5,552
26,1456
27,2968
27,7471
27,583
27,19048
27,10655
30,10729
30,9964
31,19582
31,16332
32,185
32,8276
10,15856
10,5380
10,1900
10,96
33,4713
33,11604
33,3259
33,2235
33,19252
34,11015
37,10369
37,17958
37,3453
37,14982
41,2330
41,7651
41,12200
41,4176
41,9070
44,4656
44,6340
44,11684
44,23767
44,10159
45,23964
45,19129
45,14665
50,23482
50,5920
50,22214
50,6100
50,11822
51,19047
51,9657
51,24724
51,4392
51,13583
54,10786
54,13383
54,24666
54,658
53,3764
53,15380
53,14405
66,15787
49,3425
67,4574
67,9274
67,5485
67,12044
70,23011
70,23847
70,12248
70,8869
70,3669
71,5944
71,6132
71,10299
62,22490
62,23550
62,13695
62,6034
62,2527
73,764
73,12318
73,15550
73,7469
73,13517
74,23191
74,17936
74,456
75,18095
75,9570
75,4565
72,20044
72,534
72,3545
72,12566
72,9851
79,18658
79,2522
52,15134
52,13312
80,9792
80,18816
80,1723
80,17897
84,23240
84,24118
78,4884
78,8155
78,13863
85,4785
61,1969
61,1305
61,3673
87,21966
87,23948
87,20729
89,23078
89,6621
89,6206
89,9280
92,22417
90,21800
90,7389
90,15996
90,5540
90,11104
76,19756
58,11888
58,15436
58,16714
77,23514
102,21109
102,12462
102,13786
59,13475
59,2928
59,23296
59,20718
107,10332
107,22256
106,12984
106,6139
106,3446
108,17966
108,1123
108,12579
110,13036
110,6072
111,18041
111,18414
111,9597
111,4939
111,22167
113,8399
101,8861
101,1592
101,10556
101,12056
101,9004
115,13668
112,3065
114,8805
116,9387
116,7329
116,20749
116,6414
116,23757
55,18235
55,3586
55,3193
55,15291
117,1793
117,14692
117,16141
99,831
99,1219
99,24937
96,3034
96,15986
96,20143
96,23378
96,921
120,788
120,5821
121,4503
121,5774
121,3667
121,22892
124,22239
124,15011
124,4683
124,23664
123,13003
123,9881
123,20619
123,21310
122,3590
122,22745
128,19721
128,4887
133,9464
133,8361
133,19856
133,2366
133,14363
134,24955
134,9375
134,8411
134,24774
134,24475
137,21130
137,16279
136,21388
136,5653
136,18855
136,1382
138,16735
138,23568
138,5801
138,8071
142,9950
142,11608
142,2104
129,3572
129,24492
129,392
129,20610
129,9704
143,642
143,23326
143,17986
143,19348
143,11640
153,24283
153,1743
153,12368
153,23320
153,5318
150,17275
150,2124
150,10
150,5673
150,4491
144,16871
144,732
144,14468
144,2367
144,3138
158,21190
158,8701
158,10275
158,19487
158,9426
155,11064
155,5105
155,10954
161,12518
161,11133
161,1470
161,2017
161,7097
162,18403
163,16523
163,5160
163,11655
145,15952
145,21249
164,3080
164,20007
164,1409
164,4062
164,11470
154,21024
154,1643
154,434
154,8725
156,13361
156,14106
156,23809
167,15020
167,17091
167,17484
167,13496
167,14632
168,24205
168,6545
168,13848
168,9532
168,11670
157,23517
157,21576
157,12970
169,4691
169,4980
169,884
169,8766
169,9151
179,19360
180,8862
170,666
170,10316
170,7174
170,1196
183,20597
183,3976
184,21005
184,24184
184,14250
185,24258
185,2963
185,12664
187,485
187,5772
187,13026
187,13635
188,5459
188,17253
188,2501
188,23666
188,1429
192,13383
192,15527
192,1712
192,2053
193,21741
193,7976
189,4967
189,19605
189,12355
189,13209
152,9136
152,11986
152,18383
152,5521
152,15253
195,18776
195,18244
195,23976
195,8893
195,9574
147,5693
147,21441
147,10770
147,7859
196,3592
196,17313
196,17020
166,19312
166,1013
166,18851
174,15444
178,3447
178,9352
178,8177
178,14005
178,3055
198,24795
198,19987
198,6585
200,7644
203,18698
203,4893
205,19093
205,17288
206,15712
206,2885
207,18071
207,15435
210,17252
210,13839
210,13781
213,4560
213,13372
213,9009
213,10548
181,6837
181,10424
181,1910
181,9298
216,108
216,13969
216,16327
225,15358
226,16816
226,23007
224,8849
224,966
224,4463
224,11786
218,14390
220,3052
220,12924
220,653
220,341
220,7820
231,10356
232,12441
232,15083
232,22036
232,23460
234,19617
234,17081
234,23538
234,17790
234,17521
235,5024
235,24961
235,679
235,18053
215,21386
215,21462
215,7525
211,13410
211,3165
211,13826
238,18609
238,19541
238,18025
242,22629
242,10493
242,19959
242,3159
242,15126
240,12584
240,15407
240,16984
243,15244
243,20720
241,518
241,3487
241,20365
244,10994
244,19320
244,21426
244,19284
244,2271
245,3154
245,3390
249,18609
255,14015
246,10483
256,21987
256,21547
256,17701
260,15139
260,15096
260,10885
259,5129
270,6128
270,11209
270,23448
271,23653
271,14136
271,9415
271,1570
266,4067
266,5588
272,2028
272,24932
272,9816
272,20886
272,17843
274,7298
274,3385
274,23174
274,23329
276,4679
276,4542
275,24695
275,6984
275,16733
279,5019
279,20292
279,24423
279,17099
279,7943
280,18597
280,14743
280,13208
277,17729
277,22586
277,16676
277,24162
277,22384
281,19411
281,18216
281,7409
283,8110
283,18467
286,1135
286,7450
286,20781
267,7083
265,17396
265,5098
269,23406
269,15004
262,15160
262,18098
261,14317
261,10464
261,16699
261,21372
287,19638
287,19255
287,8356
287,792
287,18616
289,24014
292,17654
291,15075
291,658
291,4463
291,24955
295,10380
295,15178
297,4479
297,13030
300,3858
300,10413
300,14396
300,16821
300,2017
293,15674
293,7088
293,14434
293,22512
299,3110
299,14197
299,3096
301,483
301,2558
301,15098
306,5568
306,2057
290,21208
290,23436
290,16491
316,13715
316,8229
316,4925
316,23322
316,18494
320,7239
320,14110
320,1403
320,15045
320,23769
319,24433
319,6830
319,17776
315,17425
315,1212
315,1291
315,10879
307,17462
323,11969
323,11460
323,14736
310,9389
310,1038
310,12599
310,7728
310,2445
325,16352
326,9668
326,9955
326,11194
326,16054
324,22620
324,17450
324,19877
324,11947
324,6477
328,6835
328,2758
328,24666
328,21012
329,2098
329,16640
305,16060
305,9289
305,5327
312,11773
312,13122
312,3136
312,1407
304,7777
304,9463
304,5952
304,295
333,19719
333,1929
333,11404
333,16483
331,24946
331,21252
331,583
334,11777
334,3828
334,18064
334,14287
338,17004
338,4297
338,4660
338,13683
338,1353
342,24998
342,17741
342,11986
342,11825
342,18005
344,4549
344,1631
344,21551
344,19900
344,430
346,19334
346,7324
346,1220
346,4394
349,17058
349,7217
349,5020
350,7730
350,22105
350,19966
351,11987
345,22510
359,19074
356,18696
356,14965
356,19454
356,3109
353,4172
353,17828
362,19767
363,231
363,2495
363,17823
363,4744
374,21940
374,18576
374,12268
374,15496
364,15033
371,8133
371,19968
371,8526
371,9294
369,21828
369,22683
369,7248
369,11741
369,2888
375,18889
378,19176
378,1799
378,23909
378,11943
378,20799
367,3972
367,24478
367,5825
367,16326
373,7351
373,2701
373,14171
373,22511
373,3657
368,10685
368,2102
368,4623
386,17697
386,7131
386,13423
385,7567
382,11649
382,16422
382,8008
382,10904
388,1406
365,8408
390,18417
380,5973
380,14500
380,2012
380,863
336,5205
336,3413
336,3561
395,21652
395,11029
395,17236
395,1731
398,8342
398,19817
398,19254
398,2789
398,19353
400,16842
400,3591
400,3280
400,3321
399,19583
404,5509
404,4972
404,22563
404,1893
404,22073
384,21830
384,6562
384,15284
384,22184
393,21649
393,4267
393,19063
393,9855
379,20153
379,3906
379,3462
379,2171
379,476
401,371
337,18419
337,6095
405,1542
405,812
405,1399
405,12474
405,14856
407,15219
407,7583
407,20576
410,666
408,21375
408,13165
408,16745
408,15608
408,4397
414,18695
414,10388
414,13952
414,7244
417,5871
417,19082
417,12930
413,24656
413,2672
413,24785
418,18193
418,19120
418,20478
418,5040
418,7184
409,17996
421,18201
421,6711
421,13883
421,19659
420,19229
420,22769
420,14938
420,20825
420,23289
423,11428
423,20925
426,6541
426,18930
426,12515
427,17243
427,16466
427,18757
425,1204
425,8108
425,8379
425,81
428,5032
428,5672
428,22422
428,9083
428,19932
429,22574
429,12979
429,17397
429,15618
431,4969
431,7265
435,4618
435,5269
435,20669
445,2287
445,15741
445,5179
447,6852
442,18012
448,10965
448,21025
448,24016
439,24750
439,24221
439,2229
439,18131
450,17747
450,3661
451,22929
451,12878
452,17811
452,13832
452,10945
452,10013
452,23064
453,14285
453,353
453,23519
455,19509
455,17202
455,19930
449,15741
449,21650
449,22096
449,20601
449,13376
458,13387
460,24030
461,23647
461,10471
461,7284
461,5985
461,2330
436,1509
436,10150
436,3740
436,6506
436,2045
437,9451
437,9853
437,15413
440,4600
440,8142
440,6919
440,18375
440,23837
462,4037
462,15738
457,14747
457,24437
457,14484
457,21528
430,1669
430,1787
430,14366
430,11410
430,14925
432,3574
463,13661
463,9076
463,23776
463,2422
463,14818
474,16655
474,15260
474,695
474,8479
475,746
471,9072
478,10726
477,12058
477,18763
480,18976
480,15118
472,11037
481,9601
481,10077
481,10872
473,23839
473,4269
483,2118
483,18971
487,18104
487,6078
487,642
487,23858
487,15355
489,24690
489,19682
489,18069
489,9990
489,23097
486,19357
486,11118
486,23091
486,16357
486,14812
490,6989
490,3369
490,11453
490,3412
493,2778
493,10324
491,11275
491,11369
465,13355
465,14484
468,11678
468,18949
468,24082
468,14340
468,1458
496,2342
496,12111
495,5474
499,6291
499,10064
500,7506
500,8829
501,3674
501,12720
501,3819
497,3471
497,5141
497,2865
497,1307
497,2869
503,18464
504,12626
504,18558
504,16196
504,5697
502,2972
502,9988
502,14779
502,11013
502,3338
507,7916
507,11424
507,13568
507,22247
507,20087
509,15540
509,10282
509,18261
509,10720
509,8384
510,10365
510,24992
510,22955
510,3683
513,2875
513,14750
513,3369
512,850
512,22774
512,16056
512,7055
512,15778
511,17143
515,3767
515,13079
515,6905
517,8073
517,23581
518,1893
518,18852
518,11962
519,22413
519,23150
519,2820
521,8165
521,747
524,19660
524,819
524,7039
525,1273
525,5238
525,5610
525,8159
528,16627
528,530
528,19845
527,2439
527,2241
527,8985
527,9412
530,20243
530,12574
530,24568
531,6477
531,13589
535,13160
532,5118
532,16369
532,6505
532,13485
537,16222
537,10492
537,10343
537,16671
537,5711
534,9407
534,12446
534,18309
538,16492
538,6625
538,18516
538,1355
538,3036
541,327
541,19664
542,12121
542,17929
542,20387
542,13595
544,6929
544,7495
544,371
543,10631
543,23847
543,7007
543,15111
547,15692
547,13444
547,13831
546,4043
546,9742
546,6681
546,19826
546,3352
549,13357
549,12483
549,17569
548,12038
548,20167
548,21597
548,538
552,11755
552,14312
506,18581
506,21165
551,12583
551,19320
551,8327
551,6146
551,16751
553,1142
553,19217
553,20146
553,14548
553,22768
557,21270
557,20796
557,24260
557,24217
557,18363
556,7094
559,4888
562,9130
562,5750
562,1826
562,17650
562,11340
564,13417
564,16534
564,6198
564,15366
568,2368
568,23163
568,13
568,17666
563,4668
563,7513
563,22767
563,19173
567,10252
567,7807
567,18666
576,7011
576,22411
576,18200
576,5789
573,24406
573,14489
583,14438
583,20306
582,15823
582,2399
582,23053
586,13353
586,12636
586,3712
586,6312
587,14740
587,8119
587,6906
587,6043
589,9224
588,2685
588,10520
588,16981
588,3543
588,3769
590,13969
591,16077
591,12940
591,5667
591,22269
591,20893
595,19380
596,10661
596,10933
596,10087
596,12514
594,18901
594,21241
598,5495
598,3006
598,18879
598,24998
598,776
574,4356
574,14891
606,7868
606,18790
606,10870
607,17798
607,4984
605,4402
605,21368
605,9374
605,13365
601,17887
601,23042
601,21488
601,19382
609,20755
609,12193
609,1422
599,14858
599,19161
599,22171
608,16321
608,4004
608,20215
610,18812
610,13626
610,5283
610,20334
612,18857
612,62
612,17308
612,22911
612,4956
615,2408
615,11636
615,7779
617,22792
617,2856
617,13366
617,8473
572,15307
572,11996
572,1354
572,14163
572,18909
616,2037
616,11245
616,10520
616,21008
618,8715
581,21270
581,3582
581,19586
581,9986
550,4708
550,18233
550,22932
550,8854
550,21319
592,9341
592,24182
592,5945
592,9333
592,24237
600,19844
619,7759
619,18497
622,1578
622,12521
622,15457
622,19605
622,3522
624,19880
624,13125
624,20548
624,12085
624,22898
625,6560
625,6094
625,20712
628,19459
628,20867
630,6014
630,12266
627,21833
627,16548
627,22732
627,21396
631,1450
631,5850
631,12178
631,16682
631,17552
637,5377
644,1836
644,6856
644,9064
643,16097
643,11341
643,23694
643,1521
646,3909
646,10876
648,11835
648,21573
648,1822
647,4530
647,5214
647,17972
647,20045
647,21231
640,21585
650,3019
650,19973
652,19739
654,2401
641,2832
641,20819
641,22753
641,21412
653,14159
653,24000
653,11096
651,9178
651,12432
651,5582
651,11147
634,18467
634,20664
634,14527
634,14217
638,170
638,6700
638,11902
633,1038
633,10698
633,6706
633,15795
632,19383
632,16066
632,5263
632,15806
632,1443
639,2248
639,8824
639,356
639,2222
639,238
658,9873
658,12072
658,15312
658,12075
658,7837
657,5836
659,6257
659,5850
659,14763
659,11915
659,9649
668,12464
668,5864
668,826
668,5630
635,7050
663,12548
673,24619
673,13469
673,19926
673,16662
673,16305
660,11497
660,23998
660,6870
660,17569
662,22420
662,4575
662,5034
662,211
670,7727
670,12114
670,12745
674,2822
674,5543
674,5452
674,12426
674,4098
680,21504
680,8772
680,5615
676,20638
676,15244
676,7266
676,21513
676,13467
677,9344
677,8083
687,22848
687,18878
675,10309
688,7319
688,641
688,18244
688,5318
688,21890
691,18589
691,24859
691,8207
691,21178
693,15386
693,3847
693,12770
693,15361
694,14632
694,13499
694,1293
696,5223
696,21001
665,13708
665,10063
665,20057
665,17944
665,21931
698,21868
698,23004
698,24005
698,8094
699,9612
699,20093
700,13159
700,664
700,14861
701,8805
701,22489
701,10722
701,10801
683,3224
683,13800
683,9573
685,22579
685,14948
685,3374
685,17972
681,11551
681,23886
681,2672
681,5817
707,8109
707,4530
707,17472
707,17688
707,21692
706,6556
689,15531
689,20163
689,2229
709,6106
709,1352
708,13572
708,15799
708,4588
708,13883
708,14448
713,23066
713,21933
713,2794
713,8203
714,11538
714,9619
714,5946
714,2072
712,16756
712,21456
712,9761
712,16121
712,2895
716,5804
716,757
716,22468
717,14489
717,22663
717,19057
728,23199
728,18851
728,21136
730,11274
733,6489
733,22004
733,23301
731,1329
731,1541
732,6546
732,515
734,10777
737,16456
737,23470
737,2870
738,1559
742,3444
742,2138
742,2001
742,23712
722,18611
722,23372
722,9125
722,24631
722,11993
719,17470
719,13389
719,18894
746,10672
746,15221
746,19600
746,14016
747,6057
747,10211
743,9840
743,7091
743,19679
743,11551
750,2047
750,23844
750,21400
750,14233
748,5354
751,4101
751,412
751,14694
751,13404
751,20520
752,533
720,1218
684,1511
684,19372
684,10866
684,20933
684,17890
740,9417
740,8683
754,15294
754,23388
749,3868
749,7830
749,7698
749,24360
753,15185
766,11596
766,22504
766,5770
765,8000
765,1931
765,6921
767,3538
767,22094
771,2290
771,11298
771,5437
770,1206
770,21940
770,24506
770,19769
770,5950
773,19161
773,10621
772,1382
772,7467
772,4583
772,12115
762,5520
762,9734
762,14083
762,17205
756,20158
756,15253
756,14454
756,9410
764,10934
763,10316
763,10786
763,15939
763,342
763,22010
757,13525
757,6824
757,16450
757,22299
780,16482
780,24305
780,13146
782,18100
790,17268
790,24035
790,8585
790,307
793,2047
793,5691
793,23406
794,9692
794,10061
794,23321
785,12689
785,10082
785,12696
785,8095
800,18653
801,4951
801,2237
801,1407
798,20748
798,3809
798,13013
798,484
798,12695
784,20293
784,20219
784,17400
784,24658
784,19032
803,5861
803,18510
803,24686
803,255
803,13951
805,2741
805,2373
805,18082
807,7490
807,23461
806,14731
802,10073
802,16677
802,4146
812,8716
812,8420
812,21325
812,12424
814,1285
816,15700
816,5134
816,8794
819,8163
819,16549
819,7513
833,6608
833,12356
831,5638
831,13219
831,11987
831,4166
775,19731
775,20044
775,10923
775,3448
836,8232
836,3683
836,17639
836,10729
836,22576
837,23109
837,21835
838,10208
838,24701
838,19006
830,6135
841,15785
840,18699
840,9337
840,11410
842,18387
842,17618
842,10877
842,5487
842,18990
843,24859
843,22876
843,3889
823,18330
823,22241
823,17598
823,4245
823,20324
845,16952
845,8712
845,9713
845,5537
845,8461
844,9546
844,19626
844,22487
844,52
847,3979
847,6399
848,6776
848,15552
848,4023
848,6623
849,4660
849,9582
826,15859
826,10006
854,14684
854,12089
832,16434
832,20301
832,8561
832,3620
856,9556
857,10268
857,19176
857,13272
858,14165
858,19279
858,717
858,2620
863,15517
863,17155
868,845
868,21952
870,757
870,12936
870,18906
870,21209
859,22371
859,22934
859,13878
875,3886
875,2246
876,8764
876,5509
876,3745
876,5106
878,1077
877,20047
877,17777
877,12181
877,24921
879,4184
879,9294
864,24549
864,18701
864,9468
864,18496
864,18268
873,7979
883,21997
883,15853
883,7883
883,20692
862,15418
869,24495
888,18482
889,8638
889,1018
889,16689
889,6916
890,22852
887,11526
887,18729
887,16854
887,19198
895,21606
895,4945
895,18656
895,15121
895,18637
898,7984
898,3149
898,552
898,22373
900,9771
900,17626
900,18932
900,5980
900,12908
886,8912
886,16258
886,1995
904,1180
907,5163
907,16362
910,12134
910,5798
910,18482
910,860
910,7448
908,21920
908,8645
915,13061
915,13287
920,6814
920,16357
920,12701
912,17069
912,1395
912,11047
921,1513
914,24796
914,15700
914,4716
914,2848
916,8013
916,17856
916,10753
916,6817
934,7293
934,9096
933,14381
933,5667
933,17005
933,4536
935,20284
935,16251
935,11042
935,3951
935,10307
937,17565
938,16702
938,11566
939,18961
939,6326
939,20115
939,4823
939,11174
944,808
944,15177
944,4168
928,3490
928,3065
928,16286
928,24825
928,15541
946,17023
946,16549
946,12766
946,12713
929,19024
929,2549
929,15569
929,9820
929,11655
950,16864
950,11463
950,6892
950,14281
949,16080
949,16454
949,2245
949,12747
951,5526
951,21888
951,14360
951,2990
951,4700
952,11540
952,10283
952,13598
952,568
952,6375
954,3292
954,2087
954,14572
953,10937
953,7170
955,4044
955,23252
955,11229
948,18914
948,6201
925,14466
925,9760
925,11121
925,2464
932,17622
957,21841
957,24804
931,7488
931,1896
931,2853
931,18122
924,24708
958,5067
958,6687
927,12751
927,20708
927,3877
927,2771
960,24724
964,17779
964,23131
965,5831
965,23547
965,3395
965,16911
965,694
969,357
969,17181
969,20933
969,5369
970,13668
972,12815
972,12610
972,16291
971,11260
973,12648
967,14169
967,1834
967,11921
967,13304
967,3407
978,12326
978,18423
976,303
975,1181
975,2284
974,16076
974,19904
989,6644
989,5707
989,1193
989,10861
989,5798
988,14833
988,4669
990,7433
990,21391
990,9366
990,18082
990,16501
992,2439
993,19024
993,1506
993,17537
998,19053
997,5318
997,5963
997,2313
997,17183
1001,14316
1001,19413
1001,17217
1001,21096
999,2973
999,19203
979,11765
979,8266
979,10887
980,5480
980,9554
980,18432
980,23660
980,11852
991,12292
991,5287
1009,1212
1003,18064
1003,22871
1003,14157
1017,19006
1012,19235
1012,24109
1012,2067
1012,7788
1012,6844
1019,16252
1018,10012
1018,629
1018,7191
1018,1584
1020,3957
1021,22619
1021,17009
1021,3342
1021,12025
1021,2297
996,12503
996,19194
996,14424
996,22004
996,12772
1024,14364
1024,12489
983,8772
1023,6898
1023,12122
1023,2065
1023,15981
1023,8140
1027,4746
1027,2305
1002,3051
1002,16200
1002,1221
1002,2099
1002,12079
1014,3432
1014,13322
1014,18563
1014,12322
1028,19990
1028,2042
1028,21953
1029,12303
1029,14979
1029,20031
1029,197
1030,7700
1030,767
1030,11207
1032,6419
1032,3048
1032,14603
1032,10149
1032,3345
1035,19897
1035,1630
1037,19079
1037,19205
1037,5304
1037,17422
1038,8487
1038,4038
1038,19782
1038,2833
1038,17237
1039,10966
1039,6582
1039,18880
1043,23207
1043,17751
1043,12726
1043,1419
1045,9098
1045,7093
1055,16988
1055,8833
1055,2957
1056,18914
1057,23324
1058,18350
1058,630
1059,16604
1059,12132
1059,2132
1044,13772
1044,35
1044,9082
1044,24071
1044,10534
1054,5678
1054,4548
1054,8643
1054,10934
1063,19333
1063,16586
1063,2735
1063,15635
1064,1114
1064,24537
1064,17682
1064,17933
1064,8599
1066,21023
1066,9322
1047,8981
1047,18839
1067,7545
1067,20051
1067,12038
1067,895
1067,8296
1070,11332
1070,16008
1070,5297
1070,14400
1070,16562
1051,20435
1051,4646
1051,10680
1072,22232
1072,22824
1073,9435
1073,9115
1073,6190
1052,2667
1052,14685
1052,21075
1052,3226
1052,13477
1053,11133
1053,21479
1050,12630
1050,8627
1050,24090
1076,13289
1078,16501
1078,6153
1078,17294
1078,3374
1078,22249
1083,23845
1083,24566
1083,8873
1083,5300
1083,15261
1085,10861
1085,2001
1081,11110
1081,18562
1081,14472
1081,13160
1081,2074
1075,5033
1088,20141
1088,1814
1088,24745
1090,21341
1090,1589
1093,796
1093,7209
1093,3992
1086,3645
1086,4307
1086,6623
1089,2730
1089,6621
1089,16751
1089,18580
1089,21727
1097,594
1097,3476
1096,19360
1096,10867
1096,62
1099,10495
1099,8485
1102,1481
1102,14636
1102,11524
1105,17706
1105,17635
1106,3281
1107,4087
1107,21246
1107,17433
1107,12044
1107,286
1108,2620
1108,14180
1110,14606
1110,20051
1113,15748
1113,14408
1113,3714
1113,4578
1113,8877
1103,4197
1103,13348
1103,15008
1114,11068
1115,8511
1118,8447
1118,2849
1118,711
1116,1719
1122,2771
1121,9799
1121,3373
1120,17313
1120,1571
1120,5365
1120,3967
1124,6529
1124,16932
1124,4213
1124,17656
1124,2254
1127,23341
1127,12123
1127,17665
1125,22944
1125,22061
1139,23269
1136,15274
1136,4383
1136,18323
1136,1429
1136,2424
1138,24831
1138,13134
1138,5062
1138,1749
1137,7575
1137,476
1137,6035
1137,15861
1149,15899
1149,23452
1149,8741
1149,6739
1149,18534
1150,18107
1150,18393
1150,15636
1143,14518
1143,7500
1143,20512
1144,3293
1144,24423
1144,22516
1151,22705
1151,6237
1151,5320
1151,20744
1153,10843
1153,19305
1153,10134
1153,16667
1153,6104
1160,3728
1160,17116
1159,6550
1159,5594
1156,10902
1156,19758
1156,12216
1156,4139
1155,106
1155,17915
1163,8262
1163,584
1163,19350
1163,21888
1164,4413
1161,8633
1161,10373
1161,9212
1161,24155
1161,12695
1166,13712
1167,15324
1167,13677
1167,23965
1167,6681
1141,10640
1141,11643
1141,9018
1146,16582
1146,24894
1146,2834
1146,13504
1146,10029
1170,24492
1170,24333
1171,3382
1175,16035
1175,14507
1175,3189
1178,18666
1178,4118
1178,10451
1178,13781
1177,24445
1177,11137
1177,17400
1177,2301
1184,275
1184,11757
1184,11184
1183,22754
1183,7984
1183,21956
1183,13850
1188,11187
1189,22879
1191,18229
1191,19409
1191,13320
1191,2283
1191,17966
1202,23980
1202,4356
1202,14713
1202,12560
1201,11106
1201,10723
1201,18315
1203,8769
1203,24059
1203,22301
1206,2902
1206,7174
1207,12122
1207,11375
1207,1156
1205,13732
1205,12459
1205,14501
1205,6893
1205,3269
1209,5028
1209,15589
1211,20119
1211,21513
1211,10943
1211,2819
1212,13475
1212,14923
1212,21368
1212,8609
1214,8705
1215,4975
1215,24257
1215,23515
1213,20933
1213,18223
1213,6473
1213,16702
1217,14365
1217,21296
1218,10864
1218,16350
1219,834
1219,5138
1219,16761
1220,11679
1220,370
1220,17119
1221,2583
1221,24235
1221,14606
1221,8778
1221,10075
1222,9200
1222,14929
1222,12552
1223,8695
1223,21839
1194,7869
1228,15022
1228,9395
1230,20204
1232,16819
1232,14176
1232,3435
1232,17086
1233,9276
1237,15533
1237,24021
1237,15585
1237,13830
1237,15623
1239,14839
1239,19759
1241,24676
1241,18703
1224,21047
1224,22440
1224,4618
1234,2731
1234,16457
1245,9322
1235,18284
1235,17693
1235,23796
1235,11600
1252,21683
1250,10722
1250,12299
1253,16967
1253,3775
1253,12677
1256,13854
1256,10625
1256,4138
1259,16271
1259,13591
1257,11533
1257,16230
1257,10168
1257,2989
1257,8927
1265,520
1262,16995
1262,18380
1262,23229
1262,15924
1264,12626
1264,16569
1264,9477
1264,20364
1264,14295
1247,24234
1247,652
1247,14767
1247,12082
1244,6150
1244,23151
1244,1719
1244,15942
1270,19276
1270,21856
1270,12285
1270,19275
1270,19952
1271,23759
1249,6542
1249,18304
1249,6717
1268,12428
1268,2718
1268,24656
1268,9901
1197,16927
1197,14494
1197,6635
1199,18692
1199,977
1272,4461
1272,21275
1275,15839
1275,10004
1200,6147
1200,2234
1200,20667
1200,23985
1281,15505
1281,19495
1281,1932
1282,24542
1282,6083
1282,9106
1283,18838
1283,18154
1283,22185
1284,6986
1284,3129
1284,2256
1284,6409
1289,3471
1285,20433
1285,1009
1285,20553
1287,9175
1287,2220
1287,12722
1288,18315
1288,24364
1288,12409
1288,20418
1288,24600
1292,23867
1301,19432
1301,3466
1297,17198
1297,3933
1297,8842
1297,3254
1304,2377
1304,11856
1304,22071
1304,10512
1305,7377
1305,3029
1305,24895
1305,18125
1305,6843
1306,22882
1306,14724
1306,13274
1306,14246
1306,16366
1295,14830
1295,24642
1295,24724
1311,23948
1310,18030
1309,18101
1309,6722
1313,5284
1313,9001
1313,9306
1313,20243
1316,13736
1316,16443
1315,24849
1315,20464
1317,13428
1312,2433
1312,112
1312,900
1312,1500
1312,21983
1320,6980
1320,10014
1320,8810
1320,23565
1320,22729
1290,14058
1290,14619
1290,14632
1290,3999
1290,22208
1319,5004
1319,14965
1319,21046
1319,6848
1319,1715
1291,23744
1291,5197
1291,17611
1294,10261
1294,13522
1294,6613
1294,22997
1325,5420
1296,18372
1296,22977
1323,15353
1323,17384
1323,15946
1323,1864
1323,17867
1326,3822
1326,4036
1328,23403
1328,10339
1328,436
1328,10477
1329,12648
1329,14469
1329,13386
1329,15544
1330,6459
1330,12969
1322,8653
1322,7984
1322,13756
1334,16747
1334,6458
1334,1518
1334,3600
1340,19345
1339,12839
1339,19529
1344,17503
1342,23436
1342,12728
1342,19377
1342,3327
1342,18637
1343,16437
1343,10543
1343,12373
1343,1162
1345,9000
1345,9848
1345,12477
1345,23404
1345,1199
1346,15658
1348,23571
1348,18924
1348,9468
1348,16533
1350,16374
1350,15263
1354,17901
1349,10657
1349,3373
1349,1305
1349,14655
1349,20403
1353,12660
1353,14471
1353,22860
1353,10684
1353,24403
1352,24827
1352,24933
1352,20848
1352,14041
1352,22328
1356,16132
1357,4265
1357,10415
1357,5000
1357,10924
1357,6312
1363,10450
1363,6120
1363,4734
1363,22971
1367,21820
1367,15302
1370,20811
1368,2421
1368,1954
1371,21432
1371,2712
1371,4631
1372,2516
1374,17237
1374,14961
1374,9881
1374,12740
1380,22799
1380,10098
1380,14576
1380,10925
1384,3924
1384,10242
1384,13072
1384,2205
1384,14787
1378,19603
1378,15153
1378,21751
1383,15715
1386,14313
1386,13447
1386,15707
1386,19459
1382,14995
1382,5075
1382,24291
1388,16104
1389,12030
1389,21279
1389,16981
1389,549
1389,7419
1393,13504
1393,9605
1393,18201
1393,16895
1393,22433
1390,325
1390,8392
1390,4861
1390,12706
1390,6108
1394,22850
1395,21619
1395,15782
1395,24967
1395,15934
1401,7693
1401,296
1409,16775
1409,10916
1409,3260
1409,20175
1409,12932
1399,18478
1399,23096
1399,18189
1399,16525
1410,12948
1414,21663
1404,18154
1404,3844
1404,5863
1413,18723
1413,12619
1411,10346
1411,11747
1411,24204
1415,17091
1415,1077
1416,7698
1416,23454
1416,18028
1420,14435
1418,21241
1418,203
1418,19122
1418,21966
1418,2901
1421,7154
1421,14245
1421,2508
1424,24656
1424,17230
1424,6099
1425,18031
1405,3754
1405,336
1405,10318
1407,11658
1407,16767
1407,19446
1402,2875
1403,14063
1408,22500
1408,3967
1408,13787
1408,7303
1408,12869
1428,9210
1428,10270
1428,8656
1429,9641
1429,14627
1429,6338
1429,16238
1431,7399
1431,20887
1431,10534
1431,15625
1431,11317
1435,17906
1435,3569
1435,10612
1436,2528
1436,21687
1436,14724
1436,24817
1439,7196
1440,24493
1440,9205
1440,15581
1441,22055
1441,16732
1441,5651
1446,5318
1446,12793
1446,4863
1446,24809
1446,21413
1443,2612
1449,17917
1449,1322
1449,23990
1449,19126
1449,5454
1456,10926
1456,8184
1453,10448
1453,9476
1453,13704
1453,1383
1458,4772
1458,11939
1458,15188
1466,14520
1466,23078
1466,14198
1445,4041
1445,19400
1447,24500
1447,11745
1447,6078
1447,14222
1447,21060
1469,10810
1469,18202
1469,7703
1469,10576
1469,4101
1452,23680
1452,10308
1452,23668
1448,5242
1448,16758
1448,11636
1448,16339
1473,5371
1473,17045
1463,9887
1463,13192
1444,14481
1444,22741
1444,17371
1444,6430
1475,2559
1475,14714
1475,13315
1474,20865
1474,24224
1474,16802
1474,6603
1477,14299
1477,158
1476,17166
1476,637
1476,5459
1476,15461
1476,6946
1478,4624
1478,3760
1482,20196
1482,2043
1481,22456
1481,21565
1481,12884
1483,24705
1483,4375
1483,20673
1483,2823
1483,23693
1485,20705
1484,9557
1484,888
1484,13902
1484,19624
1487,14263
1487,8712
1487,21754
1490,471
1490,5124
1490,19726
1490,22297
1490,18792
1493,24530
1493,22230
1493,10252
1496,22079
1480,7305
1480,14973
1480,17923
1480,10289
1480,3702
1462,13765
1462,5847
1462,7098
1462,19241
1501,17578
1501,20940
1468,19258
1468,19347
1468,17499
1468,8513
1468,7596
1497,11061
1497,6326
1497,10980
1497,15106
1507,14826
1507,7905
1508,17921
1508,2975
1508,24004
1502,23317
1513,8409
1513,14845
1514,7077
1514,5966
1514,10170
1514,19050
1514,23292
1515,19051
1515,21560
1509,6819
1509,23250
1509,6673
1509,15766
1518,23647
1504,21267
1504,21373
1504,16921
1504,15764
1504,3988
1505,1009
1505,17974
1505,5067
1505,20625
1506,11773
1506,13546
1506,5384
1506,16985
1467,12106
1467,18930
1467,17257
1467,15963
1523,23751
1523,8558
1524,12699
1524,1915
1524,11386
1524,22064
1525,3842
1525,9590
1525,280
1525,3636
1525,21438
1532,20318
1532,23421
1532,10946
1534,1803
1534,23370
1528,3400
1528,20251
1528,6687
1529,24295
1529,7744
1529,8832
1533,4231
1533,11878
1511,24397
1511,438
1535,11336
1535,16375
1535,917
1535,13042
1536,21224
1536,12082
1536,12045
1536,19145
1536,13301
1540,23698
1537,16611
1531,19189
1531,3882
1531,21465
1531,14665
1541,19685
1541,19276
1543,24923
1543,19253
1543,3641
1543,11182
1543,9276
1548,14774
1548,18151
1547,18631
1547,22024
1547,1879
1549,21969
1549,22249
1549,13059
1551,13730
1551,14840
1552,4527
1552,10943
1554,7791
1554,13736
1554,4799
1554,13322
1559,21883
1556,11110
1556,15178
1556,7163
1556,13224
1558,9248
1560,5320
1560,22666
1560,1678
1561,16545
1561,23992
1561,23682
1561,2765
1561,9799
1564,269
1564,21327
1575,12481
1576,19718
1576,12199
1576,13740
1578,15648
1579,8428
1579,3688
1584,17433
1584,19508
1586,9826
1587,5657
1587,2044
1588,4501
1588,24896
1563,8492
1563,5811
1563,12228
1563,3201
1563,11616
1570,14106
1571,3394
1571,16176
1571,13493
1571,23817
1571,15852
1572,15789
1592,4360
1592,21773
1592,1180
1592,13108
1592,3281
1593,20930
1593,8856
1594,17149
1594,4917
1594,15378
1594,9632
1594,11882
1596,15719
1596,13354
1596,9657
1596,1953
1567,8901
1567,17352
1567,10122
1567,5815
1568,19421
1568,16801
1568,13393
1591,5695
1569,8971
1569,24378
1569,24367
1569,6197
1569,1144
1597,22988
1597,8035
1597,15244
1597,12753
1597,16241
1599,4727
1599,18517
1599,6992
1605,9313
1615,6655
1615,688
1611,20885
1611,3711
1611,8023
1611,7609
1608,8578
1607,10995
1607,13765
1607,8682
1618,8125
1618,23324
1618,8551
1618,2099
1620,7376
1620,11214
1619,3568
1619,5947
1619,261
1619,5682
1609,11793
1622,22672
1622,21287
1622,12712
1624,17039
1625,17386
1625,3520
1623,4203
1623,2707
1623,16015
1623,4689
1612,23922
1612,1498
1612,7505
1612,2676
1612,23012
1614,19299
1614,22640
1614,5033
1614,6852
1614,22732
1613,14753
1613,15509
1613,23673
1613,23603
1613,23242
1626,16815
1626,21372
1626,20971
1626,9041
1626,1405
1639,8987
1641,13299
1641,3262
1628,11734
1628,19167
1628,11665
1644,6244
1644,22503
1644,5226
1644,23305
1644,17145
1638,13326
1638,10625
1638,5418
1638,7641
1638,18383
1604,1037
1647,11763
1647,865
1651,4870
1653,4170
1653,14450
1654,22553
1654,14645
1654,14752
1654,6089
1633,7511
1630,16448
1629,12970
1636,21801
1658,14965
1635,9293
1635,17929
1635,5768
1657,11810
1657,11584
1657,225
1657,13560
1657,15176
1660,144
1660,11980
1661,8783
1661,24619
1661,23295
1661,14699
1661,15409
1659,23498
1659,14515
1659,20529
1659,19028
1665,17246
1665,7684
1665,12106
1665,22826
1665,2365
1668,315
1668,14046
1668,8516
1666,22251
1669,10629
1669,6799
1669,13124
1670,954
1670,22322
1670,16428
1670,13626
1670,8721
1673,13722
1677,16160
1685,16022
1685,4166
1685,11972
1680,16027
1680,12581
1680,12337
1680,2787
1675,9060
1675,22222
1675,16233
1675,4705
1688,740
1688,20278
1688,7969
1688,16847
1682,2685
1682,18636
1689,11067
1689,20178
1689,1170
1676,7828
1676,5861
1694,17484
1695,4933
1695,17643
1695,2232
1695,5318
1692,5688
1692,17297
1696,1056
1693,6067
1693,16344
1693,19992
1697,19093
1697,15183
1697,423
1701,20845
1701,23062
1701,5658
1701,15569
1703,23417
1703,5621
1703,24404
1703,12049
1706,24839
1706,4086
1706,18598
1706,12914
1708,21779
1708,14687
1708,22073
1708,9578
1679,24326
1679,819
1679,4334
1679,13557
1679,24482
1707,21356
1707,2982
1707,23013
1707,255
1707,12413
1683,18288
1683,20650
1683,5326
1683,11615
1683,24483
1712,869
1712,24653
1714,1801
1714,5036
1717,9868
1717,3773
1713,5297
1713,4528
1713,23600
1713,19171
1721,17721
1721,10051
1721,6195
1721,8687
1721,9961
1652,6034
1652,9309
1652,5883
1652,24866
1652,11961
1715,6500
1715,8844
1715,5473
1715,18284
1718,14556
1718,21651
1718,15743
1718,10980
1718,8412
1724,10210
1724,14439
1724,24352
1725,9822
1725,16556
1729,1547
1729,12742
1729,13396
1729,4424
1728,4046
1732,15424
1732,13415
1732,20022
1732,19376
1730,2468
1730,22702
1730,7926
1730,21685
1727,24864
1727,10553
1727,15321
1727,4195
1734,17107
1734,24137
1734,20045
1734,21456
1734,5884
1736,13158
1736,3429
1736,1646
1737,1208
1737,2930
1737,11143
1737,14254
1738,16981
1733,18301
1733,18374
1733,20983
1739,2851
1731,10523
1731,14606
1726,5849
1747,24429
1747,24195
1747,5560
1747,17850
1744,11367
1744,20890
1744,18995
1744,10195
1742,18883
1742,18759
1742,10116
1742,3870
1742,17886
1748,5205
1748,20308
1748,24957
1749,19631
1746,5098
1754,7569
1754,22427
1754,2061
1755,13257
1758,21393
1758,15139
1758,4134
1758,10381
1759,7322
1759,472
1759,8719
1760,5235
1760,21480
1760,12337
1760,3314
1762,7424
1762,15738
1762,1128
1762,22514
1763,17070
1763,2603
1763,22026
1764,10229
1764,10005
1766,5257
1766,1844
1765,23507
1765,15270
1765,17541
1767,19394
1767,10899
1768,5753
1768,7865
1768,24137
1768,6644
1768,17081
1769,16423
1769,23220
1769,24839
1769,666
1775,5624
1774,17637
1772,10866
1770,17773
1770,7714
1770,17585
1770,20387
1771,21895
1771,14372
1771,18069
1771,6447
1771,24231
1776,14134
1776,23418
1776,23194
1776,2958
1785,8203
1785,19868
1785,5220
1783,3906
1783,18589
1789,1995
1789,22270
1789,16809
1790,22541
1790,10473
1790,23801
1787,23320
1787,17339
1787,13043
1787,14830
1787,19913
1797,1517
1797,4663
1797,4653
1795,13037
1795,20218
1795,20154
1796,13534
1798,19540
1798,9158
1801,23150
1801,14309
1801,8231
1801,6221
1801,7914
1807,24817
1806,9112
1806,1753
1806,19877
1806,9825
1806,1162
1804,15794
1804,3951
1804,5017
1804,13010
1811,17076
1811,9271
1808,21182
1808,22635
1808,5798
1808,10677
1808,15705
1810,12063
1810,9851
1812,14650
1812,23238
1812,22710
1812,10888
1815,11988
1815,11375
1815,6893
1815,20776
1817,18909
1817,6811
1816,1672
1816,8125
1816,14672
1824,19764
1820,3775
1820,2207
1820,2024
1820,24397
1825,13886
1825,3228
1826,16435
1778,11333
1778,22073
1829,18443
1829,23984
1829,15141
1829,4929
1829,6570
1803,746
1803,1986
1803,18357
1803,11906
1803,1691
1827,3830
1779,19559
1779,1719
1779,8939
1779,18503
1779,3358
1836,9349
1836,22796
1836,12717
1836,22451
1839,23039
1839,15465
1839,15437
1839,21572
1839,10881
1838,1198
1716,20830
1716,24453
1716,3906
1843,19475
1843,9948
1848,14187
1848,15320
1844,4512
1845,24933
1845,5033
1845,967
1845,18934
1846,16109
1846,20636
1846,21519
1840,10687
1847,20324
1850,1074
1850,8603
1850,4617
1850,23922
1852,4926
1852,4653
1852,23526
1849,7140
1849,14860
1853,418
1855,10
1854,18238
1854,14119
1854,6167
1854,9998
1854,5296
1858,23258
1859,16918
1861,18704
1861,6785
1860,18383
1860,16984
1860,5616
1865,19846
1874,5725
1868,10239
1868,22894
1868,9486
1876,8993
1876,24756
1871,7318
1871,7804
1871,20235
1871,22824
1875,13671
1875,15416
1875,1216
1873,5479
1873,4501
1873,14057
1873,8591
1873,5921
1878,1874
1878,20806
1878,8631
1878,14065
1878,19981
1805,16038
1805,12535
1805,2821
1805,4268
1805,23485
1880,3620
1881,12356
1881,15178
1886,5318
1886,3617
1886,5770
1886,23132
1886,3273
1887,18692
1887,8000
1887,9014
1888,18289
1888,10313
1888,3355
1892,11103
1892,3090
1892,17961
1892,8331
1894,21792
1894,777
1894,707
1894,24924
1894,20864
1895,15493
1895,8156
1896,8033
1896,17332
1896,15385
1896,20061
1883,12632
1883,10061
1883,12431
1883,14833
1883,3945
1902,16826
1902,6783
1902,13753
1884,9386
1901,537
1901,1139
1901,14972
1901,21663
1901,2648
1890,18796
1890,988
1890,10006
1889,24915
1904,7902
1904,24252
1905,5665
1905,13836
1905,22443
1905,10043
1899,21814
1899,8443
1899,24941
1899,14573
1899,2011
1898,23898
1898,19005
1898,15130
1898,22010
1898,5342
1903,23568
1903,11943
1903,24806
1903,23695
1903,16795
1909,17087
1909,7575
1909,7563
1910,2504
1910,18013
1910,15142
1910,18701
1911,2970
1908,13600
1908,15213
1913,21724
1918,22311
1918,5404
1918,15481
1918,2985
1919,22989
1920,18743
1920,18599
1916,24298
1916,1955
1924,1711
1923,11015
1923,24935
1923,21847
1923,7767
1928,1801
1928,10056
1931,17142
1931,7969
1932,10415
1932,19345
1932,5947
1932,636
1934,8852
1934,24031
1929,4376
1936,19233
1936,9831
1936,20688
1936,24960
1937,12243
1937,4904
1939,10114
1933,7497
1933,20271
1933,12673
1933,13933
1933,23824
1943,1511
1943,8474
1945,21270
1946,1605
1946,10781
1950,7261
1935,2979
1954,19711
1954,19814
1955,5043
1955,24209
1955,19128
1955,21110
1941,22172
1941,6058
1941,9897
1942,13826
1942,15465
1942,24644
1942,13659
1952,7666
1952,5580
1952,22469
1953,2326
1953,9085
1953,8841
1953,20468
1953,1506
1960,19357
1960,5750
1960,20692
1960,14696
1965,19741
1965,4792
1965,23591
1965,19490
1957,2591
1957,11452
1957,7051
1957,373
1958,6488
1958,7297
1959,19787
1959,14602
1959,12780
1968,22507
1968,24983
1968,17901
1968,19358
1968,702
1974,18285
1974,23952
1974,16333
1974,23948
1976,16722
1978,15942
1961,9544
1961,24118
1961,15895
1961,5614
1975,24302
1975,14820
1975,1984
1975,2498
1971,20821
1971,6173
1971,10514
1971,18736
1971,10413
1962,21612
1962,14292
1962,24104
1982,15070
1982,19222
1985,2679
1985,17332
1985,24979
1985,8838
1985,13912
1984,24416
1984,19295
1984,20878
1970,6460
1970,800
1970,10684
1991,4623
1991,20971
1991,20840
1991,5784
1981,6369
1993,23615
1993,15483
1993,24313
1993,5030
1979,20632
1979,24492
1979,7097
1979,22060
1992,20843
1992,17108
1992,6035
1994,17769
1994,1521
1994,6192
1994,891
1997,23696
1997,3487
1997,3762
1997,12966
1997,3261
1996,24806
1996,12608
1996,9836
1995,3646
1995,21910
1995,9013
1995,12189
1987,4057
1987,22489
2001,4103
2001,6025
2001,24694
2004,14574
2004,6910
2003,18810
2003,15215
2003,19142
2005,4888
2005,16055
2005,10551
1973,12349
1973,17745
1973,1430
1973,13909
1973,13438
2007,12168
2007,837
2007,18585
2007,1088
2007,2786
1989,21873
1989,14518
1989,20294
2008,15955
2008,16934
2008,14289
2008,19444
2016,7296
2016,6771
2016,17512
2016,23086
2016,4044
2017,10237
2017,12444
2009,9084
2009,10718
2009,20977
2009,20737
2013,3248
2013,3065
2013,22140
2013,6096
2014,5426
2014,10940
2014,5495
2014,15799
2014,15519
2023,19125
2023,9015
2023,19509
2025,17123
2025,481
2028,21887
2028,421
2028,5786
2028,10844
1998,22181
1998,1551
2022,17435
2022,10830
2022,10204
2027,1540
2027,24379
2027,16639
1926,7883
1951,23929
1951,3316
1951,23707
1951,23262
1951,7377
2021,24162
2021,554
2021,19526
2021,14349
2021,14990
2029,12689
2029,6187
2029,7307
2029,4061
2030,24869
2030,14338
2030,5388
2030,12794
2030,23880
2034,22755
2034,13188
2033,12498
2033,6834
2039,14378
2039,13156
2039,7136
2039,20115
2041,3278
2041,15052
2041,5962
2038,17495
2038,895
2038,7651
2038,10943
2038,24946
2043,9933
2043,18355
2042,19760
2042,10275
2042,5603
2042,20402
2042,6108
2044,10475
2044,20519
2044,5634
2044,5998
2040,9595
2040,16856
2040,9560
2040,19425
2040,3543
2046,22399
2046,18361
2046,19609
2045,3505
2045,17801
2049,23012
2048,6678
2048,11661
2048,6455
2048,10283
2052,13948
2052,17459
2053,22006
2055,15057
2055,17382
2055,21561
2057,12769
2057,19534
2057,683
2057,22388
2054,10555
2054,23923
2054,19988
2054,17531
2059,23508
2059,4247
2059,19038
2058,3165
2058,13883
2058,3864
2058,21197
2058,5932
2064,7583
2064,12860
2061,6376
2061,5258
2061,20771
2061,10981
2060,14178
2060,8929
2065,2676
2065,9645
2069,6899
2069,13204
2037,17162
2037,21262
2037,1419
2037,11426
2066,16662
2066,11151
2066,1345
2071,11526
2071,10608
2071,17270
2071,4349
2075,16073
2075,20078
2073,19933
2073,10568
2073,9110
2073,21043
2073,982
2072,12562
2072,2220
2076,9428
2076,23812
2076,6878
2062,11997
2062,21249
2062,22723
2062,19015
2062,1562
2077,18890
2077,16734
2077,6284
2077,24540
2036,21088
2036,21813
2036,12853
2080,349
2080,24812
2080,24389
2080,8675
2080,24646
2067,15894
2067,8508
2067,13140
2083,20351
2083,11222
2083,3906
2083,22524
2083,10592
2086,19973
2086,2485
2086,12789
2087,9528
2090,18023
2090,8545
2091,24163
2091,4280
2091,12331
2091,22225
2091,20058
2094,19892
2094,20512
2095,11094
2099,19264
2099,7018
2099,12692
2097,22539
2097,12565
2097,14095
2097,23182
2100,3677
2100,23660
2096,9364
2096,18358
2096,24721
2096,7400
2096,9134
2101,3614
2101,8956
2101,21667
2101,1399
2098,24661
2107,13579
2107,14958
2107,24034
2107,24090
2103,4031
2103,21724
2103,3229
2103,24029
2103,10001
2106,15140
2106,18362
2108,23033
2108,14855
2122,24746
2122,16246
2123,723
2123,7178
2123,16447
2126,9776
2124,18294
2124,3623
2124,9371
2124,24612
2124,22602
2129,7776
2129,5614
2130,20399
2130,17781
2130,24292
2132,13222
2132,23644
2132,7280
2132,16885
2115,18413
2115,9822
2115,2902
2120,14365
2120,7099
2121,8432
2133,4729
2133,1394
2133,256
2110,4763
2110,22637
2110,14186
2110,7702
2136,6745
2136,19714
2136,2804
2112,4932
2113,19985
2139,1559
2139,21815
2137,17584
2138,14673
2111,18604
2155,15609
2155,14044
2155,8501
2155,19138
2155,23725
2154,2057
2154,1069
2154,10980
2158,7061
2158,17178
2158,13403
2158,21266
2160,1859
2160,13793
2160,16727
2160,24631
2160,12942
2163,9076
2163,12469
2163,24615
2165,21050
2165,19926
2165,19345
2166,7465
2167,8429
2151,1845
2151,23814
2151,13101
2151,2920
2152,12056
2152,14430
2152,857
2152,24934
2145,22197
2145,16205
2145,18289
2145,20921
2172,24074
2172,21322
2170,10535
2170,12383
2170,14249
2170,23208
2170,24571
2169,3800
2169,5421
2169,15759
2149,23960
2149,9308
2149,11545
2149,6612
2149,7848
2181,18757
2181,6609
2180,7809
2180,13360
2180,20662
2180,15442
2185,4559
2185,4682
2185,6491
2185,12710
2187,19495
2187,14224
2187,4132
2187,24966
2188,766
2188,7147
2183,3147
2190,1231
2190,24710
2190,23987
2190,14804
2190,15267
2192,8757
2192,19791
2192,4043
2192,16034
2191,24341
2191,4489
2191,15874
2191,8438
2191,19308
2193,12250
2193,3101
2193,11632
2193,9062
2173,4856
2171,2498
2174,10474
2174,21345
2196,7284
2196,12507
2196,24030
2196,3081
2148,15861
2148,24608
2148,11933
2203,4204
2203,8155
2202,5544
2202,2560
2202,10763
2207,5364
2204,23586
2204,20304
2204,21173
2204,16619
2204,18509
2206,5448
2206,10985
2206,20632
2212,1238
2211,11104
2211,16140
2213,8275
2213,13344
2213,10577
2213,6871
2219,17572
2220,3067
2217,22358
2217,17829
2217,3641
2217,24933
2224,18735
2224,8987
2224,6262
2216,3465
2216,2388
2216,15210
2216,13074
2228,9038
2226,23922
2226,10725
2226,18041
2226,1370
2227,15968
2227,2017
2227,14119
2227,23408
2227,9642
2230,10323
2230,10406
2230,19090
2230,23945
2225,8862
2225,22097
2225,18082
2229,21393
2229,14003
2229,23237
2232,21209
2233,868
2233,23438
2233,8504
2237,17990
2237,2137
2237,4364
2237,10437
2237,10611
2234,9666
2234,15565
2238,8339
2238,7192
2238,9809
2235,4614
2235,2720
2235,15011
2235,8483
2235,20414
2239,10250
2239,10892
2239,19383
2239,9742
2239,14694
2240,3459
2242,23217
2242,13748
2247,5931
2247,4103
2247,5807
2247,16979
2247,19100
2249,8433
2251,8258
2252,350
2252,8984
2252,5276
2252,3916
2252,2266
2254,19815
2250,14818
2250,3763
2250,7065
2250,18170
2255,22796
2255,22394
2255,10206
2255,24084
2261,20326
2261,6408
2261,11790
2261,13107
2261,5212
2262,16136
2262,6174
2262,9732
2262,24339
2270,1670
2270,9615
2270,8569
2270,13021
2265,659
2265,857
2265,12003
2263,22726
2263,1027
2258,1632
2258,1763
2258,18072
2260,14282
2260,13583
2260,8737
2271,8672
2271,19930
2271,16118
2271,24407
2271,2886
2267,13465
2267,18383
2267,8069
2267,5353
2267,23893
2283,3777
2272,24451
2272,12216
2272,3637
2272,14441
2272,4482
2273,23837
2284,12843
2284,19833
2284,17558
2284,3485
2284,2825
2285,16712
2285,10763
2285,17902
2285,24250
2285,24483
2287,14595
2287,15914
2288,7353
2290,15902
2290,15721
2290,3086
2290,14154
2294,16370
2294,21590
2294,10
2294,4431
2295,11217
2295,14472
2295,8437
2295,22793
2296,3297
2291,12970
2291,1841
2291,17681
2291,9037
2291,20794
2299,1933
2275,20779
2275,5335
2275,24766
2275,14903
2275,10906
2279,19088
2279,24590
2279,5093
2279,7364
2303,15083
2281,12899
2277,6416
2304,3427
2304,2495
2304,22387
2304,20045
2309,8119
2309,16221
2309,24662
2309,8791
2308,6434
2308,1790
2308,22005
2310,14265
2310,21662
2310,4519
2310,9784
2310,15153
2311,10273
2311,1305
2313,23376
2313,23944
2312,21375
2312,5355
2312,9602
2315,1589
2315,1169
2315,2188
2316,24587
2316,23572
2307,10606
2307,20002
2318,4770
2318,11556
2318,18676
2318,3079
2318,15090
2319,18989
2319,20432
2322,4364
2322,24921
2322,3495
2324,8704
2324,15012
2324,419
2325,8654
2325,3224
2329,3558
2329,12776
2329,4356
2329,22080
2329,22243
2328,7808
2328,19627
2328,7713
2328,21890
2330,5835
2333,17378
2333,10442
2333,14420
2333,2614
2333,14201
2332,4460
2332,514
2332,20312
2332,7607
2332,24487
2334,5672
2336,15705
2336,20763
2336,16516
2336,10018
2336,9831
2335,12303
2335,2498
2335,23155
2335,2332
2335,5141
2317,2808
2317,11851
2317,9199
2317,19357
2317,21151
2314,2128
2314,12935
2314,20336
2314,21546
2314,21427
2338,10424
2339,15218
2339,22477
2340,24463
2280,21692
2280,13583
2280,16728
2280,7465
2342,332
2342,24935
2342,22997
2346,22232
2346,20487
2346,2902
2346,1483
2345,17270
2348,12518
2348,15719
2348,15565
2348,6852
2348,2098
2349,6735
2349,10093
2349,13595
2349,17403
2349,6059
2347,21846
2347,22618
2347,3618
2347,16394
2337,11976
2337,5857
2337,12070
2337,24182
2337,13299
2351,4257
2351,13324
2351,1532
2351,8681
2352,3979
2352,8090
2352,698
2352,7550
2364,11743
2364,23880
2364,6530
2364,20764
2365,2115
2368,7817
2368,13117
2368,13926
2368,2770
2368,9701
2369,23346
2369,18891
2369,1391
2369,7345
2369,9020
2372,38
2372,1182
2373,10521
2373,6712
2373,24880
2373,12004
2375,14849
2375,22904
2375,13783
2375,24166
2375,13583
2377,15596
2378,24990
2380,7396
2380,17190
2380,19009
2360,7750
2360,5199
2360,24179
2360,15541
2360,18523
2358,9881
2358,7128
2358,17834
2359,6041
2359,1927
2359,22383
2359,9677
2359,6971
2353,2299
2353,22203
2381,7937
2355,9797
2355,1076
2355,4877
2384,14212
2384,4403
2384,6456
2387,5651
2387,18942
2387,17701
2387,15120
2385,1037
2385,14940
2385,2012
2389,11997
2389,8595
2389,21245
2389,9667
2389,6629
2363,6253
2363,13190
2363,2735
2363,3843
2363,16851
2390,4951
2388,1446
2388,12845
2388,21357
2388,7551
2388,4972
2391,24438
2391,4029
2391,10861
2391,21029
2361,8221
2361,22356
2394,654
2327,10322
2327,16171
2327,3456
2327,3756
2327,1231
2398,20984
2398,15310
2398,21194
2399,23010
2399,10409
2401,23956
2401,13367
2402,22670
2411,17746
2411,4517
2410,16791
2410,2468
2410,23117
2410,21024
2410,20526
2405,21103
2405,14899
2405,7905
2413,19657
2413,19143
2409,8537
2409,13107
2409,12791
2417,12809
2417,8815
2415,17244
2422,17418
2422,19047
2421,13119
2420,6796
2420,24202
2420,17433
2426,21887
2393,15617
2393,20687
2393,23065
2393,2848
2393,16836
2407,8722
2407,1436
2407,19315
2407,17175
2429,22495
2430,21242
2430,5648
2430,9965
2430,4712
2430,10363
2397,11493
2397,5716
2397,11819
2431,2290
2431,927
2431,16733
2431,18660
2427,20564
2427,16491
2427,7239
2427,8246
2427,16793
2425,9150
2425,13085
2425,12170
2425,5412
2423,16501
2423,16913
2423,7241
2423,2183
2423,3655
2434,16511
2434,15048
2435,14598
2435,12681
2435,16042
2435,12658
2435,18221
2438,12393
2438,17231
2436,6937
2436,6308
2436,159
2436,24611
2436,14718
2437,6913
2437,9304
2437,2057
2437,18299
2437,11629
2441,15673
2441,6309
2441,16340
2441,15020
2441,184
2439,1283
2439,14754
2439,5155
2439,2799
2444,15549
2444,1334
2444,7925
2444,3648
2444,9331
2443,14515
2443,11533
2443,15583
2442,4916
2442,9710
2442,22700
2442,15977
2445,16873
2445,10829
2445,21925
2445,11587
2440,7043
2440,11238
2440,24398
2440,1616
2440,2821
2446,8567
2446,7117
2446,21572
2447,6360
2447,1550
2447,1753
2447,4793
2449,6624
2450,19913
2450,6706
2450,24321
2453,13501
2453,23686
2453,20834
2453,20379
2453,12967
2455,24670
2455,257
2455,18908
2455,7327
2457,20721
2457,18686
2457,17148
2458,22733
2458,23053
2459,2727
2459,13698
2459,7887
2460,14887
2460,2036
2460,16500
2461,6459
2463,83
2463,19088
2465,20798
2465,1969
2465,22768
2465,6481
2471,7019
2471,15312
2469,1779
2469,20103
2469,14546
2469,20793
2474,15457
2472,8231
2479,6738
2479,23277
2479,14123
2479,20205
2476,14454
2476,17702
2476,18981
2486,20479
2486,6441
2486,19663
2489,15444
2489,4625
2489,842
2489,9005
2489,23920
2488,12726
2488,24216
2490,20300
2490,6066
2490,18010
2490,3296
2490,9397
2492,19307
2493,20864
2494,9351
2494,1897
2494,9936
2494,8255
2494,8496
2495,5400
2495,6420
2497,3882
2497,23801
2497,8109
2498,8020
2498,20909
2498,20466
2480,4233
2480,21898
2480,7736
2480,21237
2480,6760
2481,12933
2481,13108
2481,1526
2504,24219
2504,19950
2503,9917
2503,16993
2503,20284
2503,24767
2503,2484
2506,9959
2507,14185
2507,5200
2510,14725
2510,3349
2513,11689
2513,12728
2513,20193
2513,23779
2513,19552
2514,13506
2514,12533
2514,24119
2514,19198
2514,419
2516,12008
2516,7301
2516,9529
2516,8300
2516,17341
2501,21119
2477,6139
2477,22169
2477,3422
2477,11504
2502,17617
2502,20817
2502,20033
2502,10442
2478,413
2478,8626
2485,10228
2484,1526
2484,22291
2484,8994
2484,11296
2484,19690
2482,2215
2482,7467
2482,12980
2482,24171
2482,6030
2520,19445
2518,7188
2518,5147
2518,6060
2518,1747
2530,14557
2530,23639
2531,24066
2531,19141
2533,9472
2533,23389
2533,14753
2533,20597
2529,2081
2529,16599
2529,20888
2529,24524
2529,12043
2534,22773
2534,24429
2534,22397
2534,6742
2534,7183
2535,20774
2535,23610
2535,24034
2535,4979
2535,10093
2536,23382
2536,9839
2536,4805
2538,3729
2538,24847
2537,863
2537,5114
2537,15355
2537,2310
2537,13475
2540,20727
2540,5454
2540,15675
2542,4387
2541,22825
2541,18452
2541,10432
2539,24256
2539,23622
2539,8583
2539,9761
2539,13925
2545,14
2546,507
2546,20809
2546,7168
2546,23552
2546,15584
2526,4625
2526,23757
2526,16630
2548,13809
2548,21521
2548,5185
2548,18259
2548,2829
2551,16898
2551,11632
2551,314
2559,5527
2559,1658
2559,22178
2558,22471
2560,18464
2560,12770
2560,23663
2560,17206
2560,8450
2547,747
2547,11082
2547,17557
2547,24902
2562,8439
2564,1038
2564,559
2564,4951
2564,6219
2565,19905
2565,15936
2565,14892
2565,5941
2554,23322
2554,16856
2554,6008
2554,12707
2554,20708
2568,4525
2568,8205
2568,17451
2568,22722
2568,24147
2566,6179
2566,11824
2566,15926
2566,11399
2571,19968
2571,11473
2571,56
2573,9948
2573,14902
2552,648
2575,2468
2575,24017
2575,14676
2553,3221
2550,8685
2550,1008
2550,1966
2578,17257
2549,23328
2549,1097
2549,23947
2549,10752
2576,19471
2576,22879
2576,21119
2576,20545
2587,1007
2587,1219
2587,22993
2587,4320
2587,15691
2588,7285
2588,8561
2588,4332
2592,22416
2592,3611
2592,14843
2594,1337
2594,6780
2594,22101
2596,7174
2596,12067
2596,23603
2597,22703
2597,18636
2581,9422
2581,7093
2581,535
2581,9419
2581,2283
2582,6651
2582,8384
2582,11796
2582,851
2582,21474
2584,7985
2584,20097
2585,10622
2585,22279
2585,14732
2591,493
2591,10415
2591,7413
2591,2327
2591,23020
2606,3808
2606,1866
2606,2021
2606,16712
2608,18210
2608,6088
2610,12600
2610,10318
2610,3861
2611,12972
2611,867
2611,8785
2611,24106
2611,1574
2590,16026
2590,16525
2590,104
2590,15643
2579,16696
2605,13535
2612,5028
2609,1795
2609,8905
2609,15671
2609,18757
2609,11907
2601,4890
2601,14989
2614,1429
2614,5678
2614,24798
2626,3757
2626,12062
2626,20031
2626,12551
2624,11350
2624,15386
2624,24724
2624,6542
2624,16722
2627,10430
2631,3861
2631,11394
2620,24107
2634,24331
2638,16849
2636,13776
2636,19823
2636,1129
2636,8980
2636,12280
2637,20883
2637,9320
2637,3131
2637,9072
2637,16561
2621,1803
2621,12732
2621,475
2613,23033
2615,6666
2615,7576
2615,15641
2615,221
2615,9393
2616,22865
2616,12307
2616,19642
2616,17512
2616,16683
2629,21206
2617,21786
2617,7451
2617,13090
2617,2340
2617,14944
2643,4559
2641,6451
2644,17758
2644,12056
2642,13877
2645,5132
2646,22656
2646,14258
2647,3278
2647,7990
2647,19652
2649,9570
2649,10409
2649,22257
2649,4947
2652,14619
2652,18082
2650,15608
2650,3045
2650,7369
2650,2384
2663,19467
2663,14961
2618,24747
2618,7528
2618,20089
2618,8035
2664,10313
2664,17198
2664,14481
2664,5057
2664,371
2666,13039
2666,18776
2666,20254
2670,10073
2670,17138
2667,22323
2667,4096
2667,9568
2667,12765
2654,1976
2654,12272
2654,22820
2654,3718
2654,83
2668,158
2668,494
2668,12742
2668,15031
2668,19690
2669,5957
2669,10933
2669,3092
2669,4571
2673,18707
2673,22087
2673,24695
2673,7053
2673,9926
2675,1689
2660,14826
2660,20198
2660,5808
2660,14994
2660,20705
2659,19922
2656,13817
2656,18584
2656,5183
2656,24695
2656,11520
2658,9477
2658,4355
2658,18978
2658,12937
2683,20064
2683,16894
2684,13078
2684,22520
2686,23246
2686,8796
2686,7973
2677,17548
2677,8537
2687,13720
2687,7573
2687,2699
2689,21275
2688,112
2692,23178
2692,1449
2691,22878
2691,11854
2690,8297
2690,1274
2690,8964
2690,10878
2690,12448
2694,10453
2695,20066
2695,22304
2695,6442
2695,15106
2702,22832
2702,6906
2702,20584
2702,22388
2702,7193
2704,6794
2676,1879
2676,21114
2676,9569
2676,24230
2661,17406
2661,3798
2661,9966
2661,11696
2706,21475
2706,4592
2706,5126
2706,15780
2706,6342
2710,2429
2710,6153
2712,20778
2712,13709
2712,20806
2712,18901
2712,21615
2713,946
2678,23855
2678,17521
2678,22514
2678,8594
2714,12610
2714,6770
2714,18062
2714,18199
2714,24167
2715,24867
2715,2217
2715,19939
2715,7569
2701,12473
2701,13242
2701,21306
2701,7025
2679,1230
2680,563
2680,3142
2700,21991
2700,22287
2700,21217
2700,6209
2653,21903
2653,14047
2653,13329
2653,18041
2705,16743
2705,1378
2705,132
2705,19995
2705,22941
2681,15805
2718,22448
2718,3303
2718,20038
2718,23267
2718,13437
2716,22265
2716,1097
2716,23357
2719,17375
2719,21474
2719,5273
2720,4777
2720,22268
2720,17651
2723,12816
2723,24818
2721,24427
2721,20338
2721,10791
2721,24223
2721,11584
2722,9471
2722,16834
2722,14949
2722,12346
2722,5819
2726,18958
2726,16668
2726,16719
2726,52
2727,15861
2727,12518
2727,15217
2727,4061
2729,13456
2729,16887
2728,21332
2730,22932
2730,22625
2730,16815
2730,12889
2730,6711
2732,2178
2731,1792
2731,24312
2731,9793
2731,2293
2734,17792
2734,103
2743,21092
2743,23927
2743,2948
2743,23367
2743,23249
2737,23514
2737,9039
2737,20580
2737,19890
2737,6293
2735,9656
2735,7536
2735,21120
2735,23737
2735,22830
2717,13766
2717,7653
2746,1502
2748,1745
2748,5689
2748,22631
2748,22112
2750,9062
2750,17339
2750,16380
2750,19378
2750,22494
2751,6722
2751,17392
2752,17015
2752,23624
2752,21504
2752,13113
2755,15286
2755,14482
2755,5950
2747,21055
2747,11806
2757,9191
2754,9977
2754,10974
2754,18285
2754,4176
2754,16109
2759,7651
2736,16518
2740,11114
2740,14885
2740,10111
2741,3171
2739,21956
2739,22752
2739,18017
2739,1763
2739,13383
2762,2431
2763,9829
2763,16678
2763,16076
2763,18656
2763,8888
2767,7966
2767,16189
2767,12206
2767,21872
2767,260
2769,7826
2769,5967
2769,2242
2770,4861
2772,12492
2772,2803
2773,14787
2774,9027
2774,15476
2774,14070
2774,9713
2774,20393
2778,6082
2778,232
2778,13116
2778,3915
2778,17032
2779,15633
2779,1985
2779,2795
2779,19754
2781,19224
2781,17118
2781,22239
2781,2249
2780,11816
2780,4537
2780,724
2780,17160
2780,9866
2784,6851
2784,14479
2784,19056
2784,434
2787,2254
2787,5384
2787,3799
2787,5843
2787,14724
2785,20020
2785,11457
2786,4772
2786,15722
2786,15681
2783,24901
2791,13849
2795,3737
2795,689
2795,9471
2795,17893
2795,14238
2796,18017
2796,12477
2796,10577
2799,11367
2799,19299
2799,4421
2800,16245
2812,11405
2812,19258
2807,4201
2807,21637
2807,14630
2813,19195
2813,9354
2813,4017
2813,16792
2815,9979
2817,5598
2817,3567
2819,19843
2819,21559
2818,480
2823,622
2823,15603
2823,24244
2823,10240
2823,10188
2824,21036
2803,23481
2803,19706
2803,1143
2825,10580
2825,6197
2825,11452
2825,14754
2825,7316
2826,17365
2826,4196
2826,22540
2826,4584
2826,16751
2827,20139
2827,6874
2827,13041
2827,12304
2829,20478
2829,23541
2738,22754
2816,24294
2816,6473
2816,17887
2816,665
2816,900
2765,24958
2765,14742
2810,10941
2810,836
2810,20057
2833,12988
2833,16319
2835,19575
2835,2435
2835,22124
2836,19505
2836,6005
2838,17291
2839,11832
2839,14507
2839,13912
2839,636
2853,5801
2853,12918
2853,18518
2853,4392
2853,7174
2851,10461
2851,20056
2851,6021
2851,5701
2851,23922
2854,23919
2854,14390
2855,20161
2855,17700
2855,217
2855,134
2855,21445
2856,20476
2856,8676
2842,21799
2857,22715
2857,487
2857,24312
2857,1817
2862,9668
2865,7274
2845,11181
2845,3050
2845,11632
2845,17481
2864,4982
2864,5564
2846,7284
2846,10876
2846,15150
2846,17091
2846,1526
2848,24364
2848,10113
2848,19262
2848,14524
2848,23388
2868,3726
2868,7633
2868,7280
2868,22821
2874,19899
2873,13174
2873,24709
2873,5433
2873,1216
2873,6641
2881,12938
2872,10470
2870,127
2883,17900
2883,20899
2883,13459
2887,8628
2887,16270
2887,2190
2890,9460
2888,11475
2888,17015
2888,8084
2888,10390
2889,3084
2889,9136
2889,23569
2889,1558
2889,1236
2895,5622
2895,12384
2895,18872
2894,15479
2894,24737
2894,6679
2894,6001
2903,23406
2903,14879
2905,800
2905,11633
2900,13414
2900,8527
2900,6222
2900,21475
2908,23661
2907,14600
2907,4402
2907,6358
2907,6759
2907,20786
2899,18212
2899,17530
2899,12882
2899,1390
2906,23025
2906,17359
2912,10574
2916,7082
2914,6530
2914,19358
2914,7629
2914,23338
2914,1360
2918,9431
2897,22060
2897,21454
2897,10124
2897,10856
2920,15183
2920,998
2927,24929
2928,17294
2928,17600
2910,6157
2910,12409
2910,19317
2910,236
2843,12593
2843,13303
2843,23391
2843,2023
2843,14195
2930,6372
2930,8701
2930,14899
2930,12926
2930,5400
2911,22835
2923,13396
2923,9174
2923,15357
2924,9163
2924,22271
2924,10598
2924,12154
2924,24800
2922,23266
2922,7953
2922,4030
2926,8490
2926,2924
2932,19930
2932,3542
2935,4867
2935,9005
2935,7136
2935,12654
2942,9690
2942,6493
2943,2260
2943,16672
2943,12213
2943,20126
2943,19014
2944,18755
2944,20113
2944,19473
2944,5257
2944,527
2938,12106
2938,24854
2938,2856
2941,17864
2941,7990
2849,15254
2946,22356
2946,14311
2946,20395
2946,14226
2946,2539
2949,23374
2949,19719
2949,4284
2950,23735
2950,20780
2953,138
2952,1358
2951,18983
2951,8981
2951,15503
2951,24457
2951,4830
2955,18785
2955,2996
2954,10618
2954,5156
2957,20355
2957,7577
2957,8497
2957,5321
2958,23238
2961,23374
2961,8933
2961,3640
2961,23515
2945,22652
2945,22269
2945,12629
2971,8952
2971,18622
2971,23022
2971,6607
2971,24663
2968,7537
2968,11809
2968,3876
2973,20488
2973,16551
2972,2736
2972,10540
2972,22941
2972,73
2972,11398
2969,23811
2969,3640
2969,1408
2969,21772
2969,19609
2962,13962
2962,1378
2962,2491
2962,13370
2962,6072
2975,21707
2975,10291
2975,3427
2970,14312
2970,11691
2970,19125
2970,22497
2974,20238
2978,4653
2978,24180
2978,21573
2983,11737
2983,24030
2983,3257
2963,19701
2963,7054
2984,52
2984,21747
2984,15872
2967,16132
2967,16393
2967,1842
2967,23451
2965,12835
2965,650
2965,14390
2965,20487
2965,15298
2988,9222
2988,1025
2988,20735
2988,5176
2959,5055
2959,15699
2959,14820
2959,14321
2989,14852
2979,9326
2979,95
2987,5114
2987,12947
2987,1668
2987,22890
2987,18452
2990,7295
2990,10662
2990,21128
2990,22343
2990,7719
2996,2421
2992,18845
2992,19477
2992,23505
2992,17329
2995,23866
2995,14502
2995,18931
2995,12590
2994,19047
2997,8574
2986,9341
2986,18932
2986,17072
2999,1686
3000,12561
3005,5613
3006,21692
3008,14271
3013,1061
3013,1808
3011,16825
3020,24446
3020,5876
3020,5402
3020,736
3020,13726
3003,14581
3003,16108
3003,15290
3003,5155
3016,8431
3016,19023
3016,13494
3016,17025
3016,12512
3019,14450
3019,22270
3028,5389
3010,17881
3007,20747
3012,12414
3012,15277
3024,3337
3024,16829
3024,6641
3024,18064
3023,21133
3023,4746
3021,23284
3021,5126
3021,13177
3029,10445
3029,7766
3029,8557
3029,16852
3036,12476
3036,14427
3036,996
3039,1868
3039,12687
3039,18300
3034,2354
3034,15236
3034,8489
3033,1576
3033,613
3033,6247
3033,21538
3040,8204
3040,10309
3040,13471
3040,6369
3042,15346
3042,1557
3042,19150
3042,24944
3042,8435
3047,24355
3047,15446
3043,24355
3044,10197
3055,2785
3055,11588
3055,1623
3055,5836
3056,15602
3059,22851
3059,2498
3054,1253
3054,23640
3061,12376
3061,1053
3061,20121
3061,3042
3061,21387
3057,20382
3057,11914
3057,16307
3063,14012
3063,1342
3063,17378
3063,2840
3062,20739
3062,24912
3062,22600
3062,9671
3062,18806
3064,22699
3064,7536
3064,20362
3064,22025
3065,5189
3065,24981
3068,11631
3068,6837
3067,21783
3067,13161
3067,5873
3067,6135
3069,13759
3069,1002
3069,14063
3066,11631
3066,3729
3066,23844
3066,3602
3066,20328
3046,17074
3046,2903
3046,20658
3051,7273
3051,2140
3051,11443
3052,18986
3052,9071
3074,6711
3074,10695
3074,22361
3072,11215
3072,11647
3073,20420
3075,424
3076,22400
3077,14542
3077,20337
3077,24524
3077,15600
3077,18140
3078,17447
3078,3612
3078,10091
3079,23605
3079,10378
3079,16501
3080,22955
3080,4870
3080,11976
3080,565
3081,5426
3081,10434
3081,7288
3082,15987
3082,22069
3082,15162
3082,4460
3085,13103
3085,12658
3084,17529
3084,21385
3084,6488
3084,16156
3086,21061
3091,2766
3091,13592
3091,16821
3091,2357
3091,19116
3092,9537
3092,1206
3092,9417
3092,16076
3093,15457
3093,23478
3093,4724
3093,16103
3093,19593
3095,18727
3095,10217
3094,5613
3099,14941
3099,5388
3099,2224
3099,8251
3103,10525
3103,11483
3103,9992
3103,18851
3096,11427
3096,2358
3102,10113
3102,4033
3108,1070
3108,1230
3108,719
3108,13160
3112,7873
3112,18917
3112,19247
3113,10983
3113,330
3113,17982
3114,1557
3114,5472
3114,14640
3105,12359
3105,7528
3105,15961
3105,4521
3105,2223
3115,9679
3115,14897
3115,23860
3115,20365
3120,18320
3120,22540
3120,24123
3120,21889
3119,22014
3119,9656
3119,3391
3119,11465
3119,12596
3117,15737
3117,1953
3117,10399
3117,24530
3117,24017
3104,19475
3104,4059
3100,8852
3100,2081
3100,22659
3126,15237
3126,982
3126,1456
3126,15774
3125,19345
3125,23824
3125,14495
3125,16390
3125,4687
3128,12596
3128,21867
3106,4033
3106,15296
3106,12033
3130,7335
3130,1421
3131,11003
3131,7398
3131,22959
3136,3877
3136,14254
3136,2168
3136,4744
3136,3606
3138,33
3138,15891
3140,24598
3140,6158
3140,18845
3139,2935
3139,14993
3139,3830
3143,20650
3143,23592
3143,4722
3143,3988
3142,23155
3142,13527
3142,8127
3142,12430
3142,20319
3141,5019
3141,18018
3141,6884
3141,17616
3141,15939
3148,12817
3148,24649
3148,15542
3150,2725
3150,10284
3151,24802
3151,9195
3151,16968
3151,6341
3151,9898
3158,11468
3158,18552
3157,18585
3157,18568
3157,17495
3159,1666
3159,15519
3161,11568
3161,4133
3161,21140
3161,23445
3162,5947
3162,14904
3164,9948
3164,4399
3169,21621
3169,23514
3174,15294
3174,21169
3174,23477
3174,14550
3174,11843
3176,9081
3176,195
3176,21293
3177,18186
3177,8990
3179,6485
3181,8896
3182,14136
3187,2750
3186,707
3186,7352
3186,16415
3185,5554
3188,23371
3156,20111
3156,4734
3156,8
3156,21739
3156,13022
3197,18459
3197,23545
3197,18930
3197,23257
3199,2193
3199,10070
3200,1076
3200,17446
3200,17602
3168,4530
3168,7040
3168,15946
3168,3655
3193,12278
3193,6038
3204,8299
3204,15338
3203,23722
3203,13427
3191,17063
3191,11104
3191,24752
3191,2138
3208,8649
3208,13601
3207,4933
3207,21662
3207,4017
3211,13242
3213,9440
3212,6209
3212,14985
3212,6115
3212,21843
3210,705
3210,14602
3210,6981
3210,22786
3218,12224
3218,19550
3205,456
3205,3238
3205,24225
3226,22663
3222,24817
3222,387
3222,5803
3224,16130
3227,23664
3227,16034
3227,11034
3225,22280
3225,12939
3225,22796
3225,3895
3217,19116
3217,24937
3217,918
3217,16683
3217,21640
3230,9200
3230,13959
3235,2165
3235,3582
3237,6808
3237,22752
3236,8277
3236,16981
3236,20702
3229,8004
3241,21101
3241,2770
3228,13623
3228,13361
3228,6732
3228,10824
3228,7621
3242,18897
3242,4663
3242,7772
3246,112
3246,24996
3246,23837
3246,21178
3243,16639
3243,14558
3247,16109
3247,620
3248,20015
3248,15307
3248,11759
3248,11403
3249,24875
3249,7780
3249,4683
3250,24776
3250,2437
3253,24639
3256,21207
3256,11661
3256,9014
3258,18735
3189,20392
3189,7246
3189,14266
3189,11780
3192,14846
3192,20425
3192,17923
3192,13585
3192,21944
3221,560
3221,8703
3233,8511
3240,472
3240,11449
3240,4522
3240,23297
3260,17996
3260,905
3260,13443
3262,8161
3262,17405
3263,2233
3267,13928
3268,19301
3268,7076
3268,15513
3268,14256
3268,20086
3270,22994
3270,16597
3270,21887
3271,1091
3271,15410
3271,24961
3271,21296
3271,6602
3277,21189
3277,9020
3277,16855
3277,13326
3277,4112
3285,5860
3285,20674
3286,17307
3280,16040
3280,10962
3287,17691
3287,18553
3287,21739
3287,22071
3288,15261
3288,6559
3288,16973
3284,23074
3284,4085
3273,2770
3289,2685
3289,5123
3289,15333
3289,18845
3289,12537
3292,16968
3295,15206
3294,22990
3294,20118
3294,20846
3291,23010
3291,15174
3291,18220
3298,5025
3296,11563
3296,6085
3296,21930
3296,12295
3296,986
3299,16460
3299,15467
3299,14124
3299,8061
3299,8448
3300,16726
3275,21885
3275,8057
3275,9527
3275,7531
3275,12524
3278,23665
3278,21961
3278,12962
3281,14342
3283,17483
3302,1998
3302,5801
3302,15705
3302,20479
3282,14980
3282,15435
3282,12398
3282,18800
3282,7628
3306,19542
3306,6519
3305,5672
3305,12577
3305,7980
3301,16490
3301,22977
3308,6137
3308,21767
3308,24746
3308,20719
3308,8220
3307,10164
3307,17023
3307,4973
3307,10080
3307,4831
3311,3920
3311,5098
3311,10800
3311,2084
3311,10187
3309,11697
3309,7041
3309,21497
3313,11636
3313,3868
3313,8033
3313,21845
3314,15218
3319,8755
3322,20313
3322,19394
3322,23690
3322,10542
3321,15358
3321,12448
3321,15255
3321,24992
3321,11271
3325,10072
3327,6671
3327,18101
3324,23328
3324,13329
3324,9391
3324,17543
3328,20488
3328,3796
3330,5863
3330,11380
3330,263
3330,19234
3330,13745
3332,901
3332,24917
3332,15446
3339,5958
3339,2356
3339,13627
3329,19040
3334,3060
3334,24391
3336,2352
3336,6509
3336,11560
3340,17211
3344,8186
3344,1937
3348,8435
3348,11453
3348,19648
3349,14646
3349,15020
3349,14680
3349,18154
3349,20043
3350,15785
3352,2079
3352,10012
3352,14548
3352,5814
3353,13920
3353,15576
3354,13942
3355,11054
3355,15306
3355,18595
3355,17909
3355,8945
3358,24124
3358,2336
3358,18264
3371,22181
3371,21786
3371,10291
3371,18896
3373,8392
3373,4323
3376,15518
3376,13687
3357,2372
3360,2653
3360,10230
3360,6920
3360,13692
3362,15038
3362,745
3362,2760
3362,23659
3366,9242
3366,12507
3366,916
3366,3281
3366,4624
3378,2905
3378,11755
3380,17453
3381,1820
3381,24310
3381,11295
3381,5762
3381,20794
3382,1646
3386,2337
3387,11615
3390,4295
3390,3040
3392,513
3392,10166
3392,24274
3392,18660
3392,2379
3395,11052
3395,22198
3395,7718
3399,7231
3399,6171
3399,9396
3396,3599
3396,14210
3396,24134
3396,3428
3396,13701
3398,22964
3398,13681
3398,7613
3398,20318
3398,5595
3400,7865
3401,10620
3401,16583
3401,19950
3401,10881
3402,22740
3402,18914
3402,17182
3402,12379
3404,24484
3405,21456
3406,7641
3416,6075
3410,19613
3410,13868
3410,15777
3410,557
3410,12090
3417,22136
3417,24360
3417,9429
3415,21694
3415,2960
3419,18819
3419,4823
3425,23237
3427,16489
3427,14333
3427,309
3427,20765
3427,18974
3430,16101
3430,21467
3430,13659
3430,2774
3432,1258
3432,520
3432,4131
3432,4942
3431,4579
3431,779
3431,19205
3431,18606
3429,12042
3429,5844
3429,13523
3414,9899
3414,17292
3414,18661
3414,11848
3414,14079
3437,23094
3437,11027
3437,3106
3407,10778
3436,19973
3436,24407
3436,4122
3436,12463
3436,1555
3439,23122
3439,22543
3441,12491
3441,6057
3441,3343
3441,6165
3443,7071
3443,25
3443,5062
3444,451
3444,2663
3421,3030
3421,8319
3433,24649
3433,11453
3433,14889
3433,1867
3411,5187
3411,23909
3411,8948
3434,21108
3434,6570
3434,17164
3450,19792
3450,9705
3450,13882
3448,2239
3448,23992
3448,24431
3448,17101
3448,7685
3408,2466
3452,4588
3452,23494
3452,11896
3452,2210
3453,16960
3453,2531
3453,8107
3458,4532
3458,44
3458,1586
3458,1549
3458,9475
3465,15761
3466,16033
3466,21482
3466,14285
3464,18005
3464,16741
3464,2604
3464,24991
3464,3861
3468,24904
3468,18044
3468,14612
3468,13521
3468,13263
3470,5794
3470,5141
3470,6891
3470,6394
3470,19637
3454,7425
3454,8806
3474,23267
3472,16410
3472,10533
3472,19832
3445,1030
3445,14617
3445,6005
3445,5638
3445,20416
3476,3147
3476,18479
3476,21297
3475,23811
3475,10437
3483,3611
3483,23719
3483,23183
3483,13760
3483,15756
3481,22321
3481,22120
3482,7548
3482,12365
3482,18476
3482,21488
3456,10470
3456,21286
3485,1531
3485,9110
3485,22092
3485,6780
3486,7783
3486,15880
3486,18165
3486,5923
3490,5156
3413,9711
3413,8959
3413,21150
3495,6075
3489,87
3457,18000
3457,18148
3457,23148
3457,22863
3442,12783
3442,22110
3442,21937
3442,3568
3442,7429
3494,21262
3494,377
3494,15851
3447,12651
3447,13642
3447,1775
3500,16394
3500,15205
3500,15400
3491,20814
3491,14
3491,24382
3504,15195
3504,23359
3504,24295
3504,16128
3504,6441
3501,11663
3506,15659
3506,20745
3508,14197
3508,3683
3508,20128
3512,15597
3512,7500
3507,7492
3507,16735
3507,23138
3507,19458
3492,15149
3492,7196
3492,821
3517,4679
3517,11159
3517,14234
3514,24883
3514,4153
3514,18495
3514,21439
3514,24031
3515,16815
3515,16791
3515,14877
3515,5340
3515,19031
3513,1401
3513,7984
3513,5516
3513,3381
3513,24977
3505,6536
3505,20132
3505,19443
3505,22611
3505,23635
3487,14335
3487,3431
3487,4221
3522,23609
3522,6988
3522,11679
3519,15359
3519,7127
3519,20247
3519,12171
3523,3176
3523,16969
3523,372
3523,13841
3484,18090
3484,9000
3518,13980
3518,38
3527,9471
3527,7445
3527,18148
3527,9309
3528,15741
3528,23290
3528,22476
3528,932
3529,16911
3529,4548
3534,2375
3534,15824
3534,24406
3534,16516
3526,19540
3526,17470
3526,7855
3526,20312
3535,6254
3535,1388
3535,18391
3536,1882
3536,12202
3537,15983
3537,1460
3537,281
3537,3687
3537,3211
3538,14840
3538,3595
3538,15980
3538,22276
3538,6301
3540,8087
3540,14039
3540,10974
3532,22892
3532,12764
3541,19279
3541,18221
3541,15577
3541,6348
3546,8356
3546,7175
3546,8627
3546,10048
3546,9266
3545,9833
3545,16566
3545,17343
3545,13169
3545,13718
3550,8833
3547,8677
3547,9484
3547,10288
3547,5713
3547,20025
3548,3480
3556,3644
3556,3470
3556,22901
3557,22769
3557,12179
3557,6198
3557,13240
3553,685
3553,21045
3553,155
3558,8003
3558,10778
3558,8412
3551,1171
3551,6342
3564,11938
3573,12633
3573,10540
3574,8987
3574,23454
3574,15290
3574,20570
3562,5682
3571,802
3561,11829
3561,24770
3561,2695
3561,2108
3561,23008
3578,21894
3576,22612
3576,13465
3576,4421
3575,188
3575,8124
3575,12938
3575,14040
3575,11789
3580,23423
3580,15838
3580,209
3580,7823
3580,24847
3583,23898
3583,23091
3587,11350
3586,958
3586,17046
3586,8478
3581,24545
3581,22835
3581,7598
3581,7782
3581,23469
3591,15945
3585,6439
3585,18668
3585,12591
3569,12047
3569,152
3569,19024
3589,2048
3589,18052
3595,12629
3595,19745
3588,20232
3588,6131
3588,6790
3588,24924
3593,20617
3593,4748
3597,20031
3597,11463
3597,17436
3599,12013
3599,3274
3599,22051
3599,4956
3592,12731
3592,20712
3592,8853
3565,1182
3565,19728
3565,1316
3565,3632
3565,15500
3600,21202
3600,24996
3600,1016
3607,19060
3607,20951
3598,15516
3598,19183
3598,12307
3598,14664
3598,3993
3612,2173
3605,7344
3605,11231
3605,8032
3605,21941
3610,13962
3610,12757
3610,8987
3610,36
3610,23369
3566,18451
3566,14951
3566,5837
3566,16843
3566,21888
3606,18982
3606,2870
3609,21305
3609,24904
3609,14281
3615,6506
3615,18529
3615,10927
3613,10112
3613,11970
3613,5120
3613,24039
3613,16358
3621,21724
3621,3358
3621,1953
3621,13310
3628,16050
3628,19700
3628,9348
3634,18121
3631,6738
3631,21971
3631,6539
3631,14762
3620,22762
3620,17520
3632,12773
3632,22973
3632,2735
3632,15808
3632,13937
3629,20378
3619,3376
3619,18598
3619,19744
3619,6813
3619,15586
3639,24001
3639,9982
3633,7825
3633,7479
3633,22713
3633,20811
3636,18685
3622,16969
3622,9118
3622,12255
3622,20172
3646,23657
3641,20249
3642,9736
3642,23446
3642,12307
3644,4723
3644,2384
3645,2453
3645,9478
3645,2998
3623,4608
3623,12933
3649,1606
3649,20045
3649,11464
3654,16584
3654,4162
3654,12728
3654,4709
3654,8503
3656,18334
3656,11049
3656,6328
3656,23202
3660,22363
3660,20297
3660,4427
3660,21903
3660,1242
3661,20875
3661,7973
3661,11948
3661,14265
3652,8299
3652,16018
3665,9906
3665,18810
3665,5616
3659,5079
3659,5300
3659,4149
3659,13840
3657,13503
3657,18833
3657,952
3657,23312
3657,4243
3679,4782
3648,3868
3648,20971
3648,16443
3684,9126
3685,2615
3685,12918
3685,21727
3685,4037
3687,9570
3690,21642
3690,12769
3690,2815
3690,15656
3688,24896
3688,22778
3688,5657
3688,606
3691,24095
3691,118
3691,14372
3691,8697
3691,14980
3694,24376
3694,12294
3694,5953
3694,1725
3693,11886
3693,13296
3693,18883
3693,23367
3693,24149
3696,3679
3696,8966
3696,7954
3696,6644
3696,11874
3695,13451
3695,3204
3695,6360
3695,1469
3697,11852
3697,18057
3697,5085
3698,4888
3698,19846
3698,1124
3698,20739
3700,8204
3700,1419
3700,737
3700,9057
3702,11001
3702,21677
3702,10383
3666,8503
3666,2335
3692,501
3692,7611
3704,395
3663,16219
3663,9011
3663,1084
3663,21691
3663,12247
3664,2102
3664,5340
3664,6308
3664,13629
3664,22086
3680,23227
3680,24528
3682,17421
3708,24989
3717,17620
3719,10697
3719,16621
3719,2053
3722,10664
3721,8244
3721,21162
3721,12872
3721,22804
3714,18777
3714,20188
3714,2893
3714,12384
3725,11688
3725,16822
3725,2898
3725,7066
3727,19758
3727,11842
3715,11932
3732,10243
3732,10008
3731,20243
3731,7699
3731,23331
3734,4059
3734,292
3734,7293
3733,4658
3733,2765
3733,16396
3733,5637
3733,3594
3705,7226
3705,13017
3712,13394
3712,6276
3712,9977
3712,23155
3711,1565
3711,8493
3711,24369
3711,24925
3735,2853
3735,12498
3735,390
3739,3804
3739,6227
3736,10032
3736,8838
3736,15403
3736,18819
3742,6041
3742,6762
3742,22370
3742,12146
3742,23636
3745,18567
3745,3833
3745,14700
3745,10794
3750,18727
3750,17021
3750,13699
3750,11102
3749,4437
3753,9009
3740,1820
3740,20382
3740,20619
3740,3266
3740,10984
3755,12257
3755,3195
3755,9667
3757,11405
3757,11196
3757,12285
3757,18711
3741,6958
3741,4551
3741,2138
3741,1239
3741,11511
3754,3316
3754,11989
3754,6082
3754,8310
3754,7647
3756,3829
3761,2482
3761,7010
3761,21887
3744,15576
3744,24335
3744,5406
3744,17976
3746,16745
3746,20531
3746,2313
3769,1661
3769,17562
3763,13389
3763,13707
3763,21280
3768,9483
3768,8039
3768,20696
3768,17384
3768,11643
3770,4382
3770,19264
3770,19510
3770,23239
3770,18565
3771,17458
3771,13110
3771,22327
3771,12831
3772,3678
3772,24805
3772,18729
3779,11027
3777,2519
3777,10351
3780,24109
3780,3473
3782,19510
3782,523
3766,19060
3766,7991
3788,17130
3788,12248
3788,9714
3793,16272
3793,24171
3793,6146
3793,13040
3800,24486
3800,2442
3800,16104
3798,203
3798,4980
3798,4885
3798,3695
3799,24814
3799,21438
3799,2195
3783,21429
3783,18932
3783,8211
3783,21267
3792,15895
3795,3258
3795,15407
3795,6818
3791,4783
3791,19054
3791,21572
3791,16729
3791,10531
3796,2231
3796,12185
3796,22501
3796,10084
3796,14811
3789,3803
3789,17672
3789,21577
3789,3532
3789,5516
3797,23366
3797,12573
3797,17605
3797,886
3797,18008
3811,977
3811,1864
3811,16597
3815,14961
3815,17018
3815,19896
3787,8015
3817,13215
3817,18510
3817,20838
3814,4
3814,24217
3814,316
3814,5313
3820,28
3820,21848
3820,18611
3820,24663
3820,21724
3818,11390
3818,22576
3818,9050
3818,3827
3819,14205
3824,1962
3824,9869
3824,13879
3824,20503
3825,18725
3826,6664
3830,7894
3829,10474
3812,2528
3812,16156
3812,11656
3812,13981
3812,5118
3831,22912
3831,14507
3831,18575
3828,20348
3827,7645
3827,4824
3827,13702
3832,11454
3832,15091
3832,7913
3832,15613
3809,18255
3833,6314
3833,23026
3813,10313
3813,178
3813,5602
3813,14153
3813,12556
3834,15289
3834,4472
3834,4997
3834,21049
3835,22268
3838,14259
3838,16003
3838,4224
3838,9528
3837,17403
3837,9659
3837,9314
3840,7366
3840,3109
3841,20133
3841,7160
3841,21066
3841,3725
3842,4078
3843,8392
3843,17175
3843,10561
3845,21565
3849,7844
3849,18892
3849,10934
3855,14832
3856,505
3856,16228
3856,5641
3856,2468
3856,7298
3858,1141
3859,12419
3860,3984
3860,19764
3860,12936
3860,18575
3846,13036
3846,19252
3846,1333
3846,12304
3861,17405
3861,13746
3861,24852
3862,14574
3862,16161
3863,197
3863,4137
3863,15860
3866,17863
3866,15802
3866,12354
3866,8344
3866,17288
3852,24076
3852,23968
3847,11739
3864,273
3864,18359
3864,1870
3864,13458
3864,13568
3851,1016
3851,24310
3851,13659
3850,6197
3850,15112
3850,8469
3850,24950
3850,329
3848,14852
3848,8855
3848,21933
3848,3465
3868,4794
3868,19822
3867,20099
3867,16549
3867,1342
3867,5766
3869,12320
3869,8149
3869,20842
3869,16326
3869,13373
3871,19001
3870,9842
3876,20494
3876,11047
3873,16902
3873,13009
3878,19534
3878,17533
3878,11629
3883,10392
3884,8620
3888,96
3888,15373
3888,15996
3888,1396
3888,17603
3889,9486
3889,2241
3889,21456
3889,5099
3889,11093
3885,8055
3885,3073
3885,1704
3885,24116
3885,14204
3874,2926
3890,9143
3890,22132
3890,10971
3890,10377
3890,9136
3892,8642
3894,17074
3882,22611
3882,112
3882,15120
3882,21319
3882,4476
3880,2861
3880,6678
3880,7595
3880,7884
3880,13621
3895,3461
3895,8031
3895,19574
3896,20340
3896,7273
3896,12440
3896,6574
3896,8031
3903,22293
3903,18747
3903,10861
3903,22361
3903,11782
3879,18533
3877,6927
3877,8849
3898,18504
3898,21823
3898,21042
3898,11322
3872,15967
3872,24415
3872,4382
3872,7154
3872,17236
3904,8797
3904,8720
3904,14197
3904,132
3904,7127
3905,8841
3905,9188
3907,4709
3907,5708
3911,16227
3911,19488
3911,2171
3912,16203
3912,15899
3913,14345
3913,8769
3908,12403
3908,3871
3915,4215
3915,8168
3915,4063
3915,4781
3915,19177
3918,18093
3918,12130
3918,2280
3916,7202
3916,10350
3916,6891
3916,18747
3919,18017
3919,22357
3919,2512
3919,6430
3923,3985
3923,21763
3920,20823
3920,15937
3920,16459
3920,8047
3922,15534
3922,14165
3922,11680
3922,21341
3922,2519
3921,17858
3921,5939
3921,7771
3924,4112
3924,21316
3924,203
3926,17005
3926,14404
3926,20928
3926,5007
3926,10754
3927,22368
3927,1631
3927,1529
3927,23294
3887,3832
3887,13674
3887,16016
3887,10637
3929,11340
3929,23086
3929,12862
3929,21800
3929,18172
3906,19506
3930,17416
3930,23344
3930,183
3928,16350
3928,17361
3928,14791
3934,7761
3934,24412
3936,13691
3936,16794
3936,6809
3936,1353
3936,8328
3935,23668
3935,6664
3938,15093
3938,5159
3938,6599
3938,18064
3938,8661
3937,5888
3937,8912
3939,9074
3939,23158
3939,17411
3939,21633
3939,5882
3940,15376
3940,17860
3940,11599
3940,2775
3942,9311
3942,9946
3942,8944
3947,10947
3948,7782
3948,688
3948,21654
3950,24081
3950,13309
3950,1333
3950,12669
3950,24951
3949,15823
3946,5837
3946,20851
3955,15813
3955,11874
3954,24670
3953,7658
3953,2614
3953,1620
3953,13220
3951,18754
3957,13770
3957,1963
3957,2932
3958,19276
3958,22269
3958,13505
3958,3120
3961,19520
3961,3925
3967,3925
3968,17041
3965,15997
3965,14607
3965,3153
3965,15282
3965,19105
3969,12150
3963,11200
3963,24785
3963,9992
3963,17147
3963,20534
3962,23791
3973,1317
3973,22019
3973,10946
3973,13094
3975,4345
3975,24058
3975,12050
3975,2232
3979,18403
3979,23220
3979,10563
3979,24637
3979,24717
3989,18933
3989,6739
3989,5297
3989,5896
3985,19613
3992,3560
3988,15946
3988,18526
3996,3807
3996,14036
3986,86
3986,22469
3986,20418
3986,3642
4000,4277
3994,4333
3994,12708
3994,23783
3994,14077
3994,14465
3999,21742
3999,12222
3999,22084
3999,10569
3999,3440
3981,8994
3981,15391
4002,24705
4002,17983
4003,20521
3982,6118
3982,6785
3982,16796
3982,24641
4005,23058
4005,13427
4009,15749
4012,12484
4012,22920
4013,17827
4013,19914
4016,9654
4016,5314
4023,19256
4015,11747
4027,5100
4027,9812
4027,19874
4027,18375
4027,20310
4021,2688
4021,1576
4022,1492
4022,6839
4022,17506
4022,1886
4019,9591
4019,17541
4019,18400
4019,17340
4028,20977
4028,5556
4032,11566
4032,12760
4032,3596
4032,15492
4032,5679
4037,10993
4037,19926
4038,19297
4038,4029
4038,3767
4033,14152
4039,24805
4039,24945
4042,9841
4042,11217
4042,3843
4042,12694
4042,22357
4044,18816
4044,17970
4048,16951
4048,22673
4056,11973
4058,12284
4058,3741
4058,19344
4054,6232
4060,19294
4060,6109
4060,15006
4060,14577
4065,6628
4065,914
4065,18483
4065,21584
4065,16906
4061,6742
4061,21062
4061,9154
4061,10583
4061,23908
4068,24447
4068,907
4068,5357
4068,18824
4049,362
4049,289
4049,4092
4043,18828
4073,20911
4073,13058
4072,3773
4072,5496
4072,47
4072,5282
4074,2136
4045,21305
4069,6879
4069,21048
4069,13681
4047,8203
4047,6501
4077,1830
4077,13414
4077,3064
4077,14631
4075,21269
4075,7772
4075,7868
4075,4700
4084,18730
4076,15995
4076,8773
4076,15419
4076,18305
4086,24936
4088,520
4088,7798
4046,20271
4046,3634
4046,20679
4083,21506
4083,24920
4083,14202
4083,6103
4083,22426
4091,2373
4091,11257
4080,22501
4080,4331
4080,23793
4090,9405
4090,24276
4090,22384
4089,18706
4104,16979
4104,14131
4093,6277
4109,21299
4109,5313
4109,3472
4109,19748
4109,12253
4096,5975
4096,24584
4096,10733
4111,8893
4111,21768
4111,23490
4111,12641
4111,20965
4112,12818
4112,10287
4112,24357
4112,5180
4112,7103
4095,19237
4095,17951
4095,23948
4120,17079
4121,13853
4121,14497
4121,17566
4117,1424
4117,16577
4118,11243
4118,7268
4118,10259
4118,16922
4118,19080
4119,19495
4119,4006
4122,9295
4122,2511
4122,4625
4122,14653
4094,6260
4094,24148
4094,6559
4094,13021
4125,19107
4125,6983
4124,13612
4124,21343
4124,10964
4128,9118
4128,2168
4128,21739
4131,21606
4133,22946
4133,5812
4133,22775
4133,2507
4133,1107
4135,11074
4135,21662
4135,1549
4136,15469
4136,1405
4136,1214
4130,21899
4143,9922
4143,11505
4143,2688
4143,10884
4143,18349
4151,5645
4151,19034
4151,13055
4155,224
4156,8161
4156,15205
4156,2374
4144,4947
4144,5454
4144,10340
4144,15620
4144,19436
4157,18261
4157,7019
4157,17112
4157,15472
4157,15156
4141,1581
4141,12902
4159,8817
4159,1156
4159,24457
4158,17618
4158,6302
4158,7730
4158,4459
4158,8024
4161,6290
4161,19914
4161,23604
4161,8635
4154,22655
4160,20593
4160,12824
4160,16331
4160,3953
4160,22418
4162,20389
4162,20493
4162,21279
4162,16679
4162,16996
4165,6850
4165,12626
4165,6638
4165,16006
4165,13452
4167,23488
4167,3282
4167,20687
4171,9422
4148,15446
4148,24211
4148,24282
4148,2273
4148,24140
4146,17814
4146,16050
4146,6971
4146,21164
4175,16497
4176,11943
4176,16252
4176,21760
4176,17775
4150,3352
4150,3241
4150,6245
4178,22478
4178,16014
4178,4625
4178,13949
4178,18113
4174,21977
4182,9048
4182,17475
4182,3847
4182,21112
4184,8534
4184,23600
4184,17893
4184,12036
4184,3487
4189,20117
4189,10691
4189,729
4189,16728
4183,9766
4183,3291
4186,8494
4186,18588
4186,11161
4186,22776
4186,5097
4190,13597
4190,7544
4190,20011
4190,7575
4180,7716
4180,20219
4180,19073
4180,12690
4185,21694
4185,1892
4185,11074
4185,15723
4185,22676
4181,6935
4181,24066
4181,11268
4181,7082
4181,20384
4168,4923
4168,14949
4168,1842
4168,3325
4191,13140
4191,14377
4191,17064
4191,24183
4192,15978
4192,6745
4192,20352
4192,7583
4192,20090
4164,53
4164,20447
4164,8816
4164,21540
4164,4749
4173,4525
4173,10435
4173,6912
4173,5672
4172,1581
4172,18381
4172,14257
4172,279
4195,18751
4195,5826
4195,15012
4195,11014
4197,18257
4197,16115
4197,24626
4197,8094
4196,11187
4200,24135
4200,95
4200,8920
4198,16580
4198,24153
4152,10947
4152,23109
4201,3351
4201,10664
4203,2664
4203,13843
4203,9140
4205,18100
4205,15543
4207,17005
4207,535
4208,12139
4206,9468
4206,13745
4206,11905
4206,21286
4211,17663
4211,19547
4211,22006
4210,24325
4210,15247
4214,4895
4214,20708
4214,13010
4216,24917
4213,5057
4213,10101
4213,17488
4213,17321
4213,20708
4209,7505
4209,5947
4209,17076
4209,7575
4209,16068
4217,6710
4217,2383
4217,23341
4217,15816
4217,9234
4223,23738
4223,18930
4223,4243
4223,19400
4220,12247
4220,11236
4220,1867
4220,17418
4218,17526
4218,22241
4218,12016
4218,11877
4218,15974
4202,14147
4225,19211
4226,23922
4226,24617
4226,14927
4226,24237
4226,10434
4227,2315
4227,10095
4227,2799
4227,24038
4228,10711
4228,2620
4229,17989
4229,9074
4230,2451
4231,10813
4231,21884
4231,8823
4231,4394
4238,4369
4238,1503
4239,12372
4239,12256
4239,12516
4239,24765
4242,8193
4242,8034
4242,508
4242,21123
4244,20289
4244,21400
4244,17796
4248,13530
4246,24377
4246,19623
4246,19992
4246,14149
4246,20745
4249,11961
4249,14040
4249,664
4251,11737
4250,4113
4250,17997
4250,18942
4250,10610
4252,21687
4252,20893
4252,5043
4252,11701
4252,14152
4254,11070
4254,22735
4254,17096
4257,13871
4257,20886
4257,8569
4257,22030
4257,360
4259,16969
4261,304
4261,2724
4261,7612
4261,11520
4265,13902
4265,18404
4265,10212
4269,11933
4266,15858
4266,1124
4266,14112
4266,1854
4266,114
4272,9892
4272,14977
4271,24324
4271,1857
4271,11275
4271,5678
4271,313
4275,22871
4275,14587
4276,11410
4276,10451
4276,5057
4276,21574
4276,11711
4279,5894
4279,11617
4279,10362
4279,21715
4278,23234
4278,12257
4278,9696
4278,13234
4278,3412
4270,14468
4270,13525
4270,6570
4270,1008
4270,11244
4283,4746
4283,16545
4284,2714
4284,18444
4284,343
4284,16593
4284,10887
4286,688
4286,3447
4286,20716
4286,3281
4295,11034
4295,2547
4295,4114
4295,8201
4295,6704
4285,9700
4285,1567
4285,12482
4291,14082
4297,3705
4297,879
4297,569
4297,21615
4299,14223
4298,4570
4298,16476
4300,22071
4300,11501
4300,14748
4300,12654
4289,12812
4290,7288
4290,13043
4287,11290
4287,10879
4304,9150
4304,19148
4304,7041
4303,17332
4293,17920
4293,7774
4293,7807
4293,23438
4309,8901
4309,17507
4309,3470
4309,9031
4310,21244
4301,21832
4301,1511
4301,21837
4301,13234
4301,12570
4306,3250
4306,5942
4306,15060
4302,24903
4302,1009
4302,15392
4302,21923
4305,18442
4311,6232
4311,20238
4311,14045
4311,885
4307,9431
4307,11048
4307,10062
4307,468
4307,21221
4315,10327
4315,22124
4316,17785
4316,4590
4316,11046
4316,666
4318,3147
4318,11418
4318,23355
4296,18844
4296,9581
4325,21898
4325,1954
4325,10383
4325,22798
4325,21007
4326,1528
4326,11044
4326,11589
4326,9592
4323,5395
4323,7456
4328,19700
4328,7526
4328,19916
4328,14863
4320,20407
4320,10559
4320,16201
4320,10343
4320,9874
4332,12616
4332,20798
4334,18832
4334,11403
4335,14234
4335,24118
4335,15805
4336,20633
4336,108
4336,16662
4341,22
4341,13150
4342,17843
4321,3864
4321,4624
4321,2468
4321,23390
4343,23743
4344,21913
4344,7413
4344,24046
4344,18728
4345,6569
4340,11127
4340,22221
4340,3087
4340,259
4340,4623
4319,4122
4319,1699
4319,3077
4339,8915
4339,933
4308,11701
4308,24286
4308,16959
4337,15385
4337,12304
4337,22100
4337,3565
4356,18747
4356,19616
4351,15501
4351,20665
4351,4811
4347,3517
4347,17606
4347,14760
4347,11531
4355,12500
4357,292
4357,23108
4357,20260
4357,1387
4357,16477
4360,8931
4360,1810
4364,13255
4362,19765
4362,7553
4362,23983
4365,19533
4366,19276
4366,14895
4366,8164
4366,23740
4366,3426
4367,8119
4367,5820
4367,15045
4367,20660
4348,10364
4348,21188
4368,1812
4368,22118
4369,8477
4369,3900
4372,15928
4353,8571
4353,8794
4353,5512
4374,4127
4376,1998
4376,24890
4376,11613
4375,8220
4375,9447
4375,422
4373,13763
4373,13325
4373,12607
4377,38
4377,15691
4377,19024
4377,20132
4378,11135
4378,17305
4378,2222
4350,23685
4350,7099
4349,22841
4349,16384
4349,3967
4359,18992
4359,4997
4359,12886
4359,1779
4383,22344
4383,9113
4383,23159
4383,23549
4385,15845
4385,9606
4385,12710
4391,20593
4391,8924
4392,20059
4392,22885
4392,6690
4386,11061
4386,24249
4386,23103
4387,9470
4387,7049
4387,10669
4387,18932
4387,14362
4396,17761
4389,10641
4389,19130
4389,920
4397,13074
4397,21323
4397,22180
4397,13390
4397,22543
4402,7973
4402,19142
4401,10630
4401,14638
4401,11941
4361,21751
4361,5915
4361,15798
4361,21925
4361,5683
4405,11800
4406,16265
4406,22978
4406,16846
4390,12628
4390,2776
4390,4425
4408,22217
4408,21906
4407,325
4407,13413
4409,1846
4409,16184
4409,4106
4411,10166
4411,18542
4411,10711
4411,22249
4411,23806
4415,4671
4415,11424
4415,5898
4416,9180
4416,1566
4416,10
4363,1432
4312,6578
4312,7812
4400,6761
4313,17996
4313,5786
4313,5947
4313,23117
4404,17877
4404,14214
4419,20575
4419,19856
4418,6229
4422,1456
4428,21733
4428,19382
4428,17912
4428,3301
4426,12076
4431,2444
4431,13014
4431,257
4431,18204
4431,8681
4433,2804
4439,15128
4439,17752
4437,18977
4437,23506
4437,11076
4437,12022
4437,8399
4443,23650
4444,16241
4444,3928
4444,24147
4444,9465
4444,21339
4445,3848
4445,8734
4445,17776
4445,23080
4445,6963
4446,20570
4446,24719
4446,547
4451,15809
4451,13110
4451,10569
4451,23735
4449,22265
4449,13829
4449,12953
4449,16727
4449,2023
4448,13361
4448,6931
4450,19872
4450,8173
4450,3652
4450,5472
4450,8413
4457,11034
4457,8136
4457,23996
4457,21005
4455,1972
4455,9296
4465,23734
4453,4784
4460,24581
4456,22527
4456,19303
4456,18486
4472,1321
4473,10426
4476,9922
4476,2372
4474,23371
4474,2797
4477,13600
4477,12525
4477,23841
4477,20937
4477,12346
4479,11848
4479,3730
4479,15400
4479,16539
4479,16406
4478,17404
4478,15606
4480,23000
4481,6302
4481,20920
4471,4600
4483,1751
4482,21015
4482,12502
4482,2639
4484,12360
4484,8189
4486,24741
4486,23858
4486,10078
4486,9397
4486,19347
4461,3688
4461,24582
4461,6388
4461,23888
4461,5451
4458,17777
4458,10806
4458,8846
4458,7055
4458,9330
4462,9277
4462,19424
4462,22376
4490,12429
4490,21728
4490,3920
4490,17004
4491,12518
4491,13486
4491,12550
4491,14791
4491,421
4493,13729
4493,5678
4493,1631
4493,11905
4497,18872
4497,23883
4497,3960
4503,8029
4503,14196
4503,14527
4509,296
4501,1654
4501,6367
4501,3913
4501,989
4513,10564
4512,15899
4512,10732
4512,3751
4512,18559
4512,11041
4514,21537
4514,9984
4515,20003
4515,21942
4518,3390
4518,11934
4522,17657
4522,6431
4522,14519
4522,2988
4468,17429
4468,13939
4468,11753
4468,8406
4468,12403
4526,1969
4526,492
4526,6171
4526,16073
4526,15844
4527,1899
4531,5466
4531,11485
4531,11598
4531,10488
4531,5766
4521,4597
4521,3418
4532,15460
4532,22824
4532,13014
4533,13817
4533,4882
4533,9466
4533,14893
4533,105
4537,7050
4537,3277
4537,1508
4535,3387
4535,24236
4535,23050
4535,14419
4535,14928
4540,13802
4540,23997
4540,2924
4540,4653
4540,14815
4507,13783
4544,1854
4544,7994
4544,23997
4544,7157
4544,14996
4541,144
4541,2890
4541,21348
4541,17422
4542,11879
4542,11733
4542,24966
4542,5361
4542,20168
4547,1358
4545,3378
4545,1563
4496,436
4496,9334
4496,18021
4551,20840
4551,10318
4552,172
4552,1362
4552,21408
4552,22363
4554,16143
4554,17199
4554,4222
4554,17604
4554,13192
4557,6591
4557,8483
4557,5387
4559,3123
4559,12504
4559,13684
4559,17841
4561,14163
4561,22871
4561,22006
4561,22232
4562,11434
4562,8980
4562,19104
4564,15644
4565,24025
4565,4431
4560,13758
4546,19357
4546,17706
4546,6840
4569,9592
4569,17230
4558,22595
4558,11753
4558,12314
4558,17749
4558,13584
4570,4605
4570,14407
4570,18166
4570,23896
4510,7520
4510,8964
4510,12648
4574,22560
4574,23058
4574,22240
4571,16127
4571,4124
4571,24468
4571,14152
4571,14985
4575,21553
4575,7785
4575,17600
4575,7712
4577,1065
4577,17982
4577,657
4573,14294
4573,2182
4573,11023
4582,17254
4582,613
4582,23952
4583,6939
4583,21856
4578,17036
4585,6785
4585,916
4585,13623
4585,16323
4580,6761
4580,14364
4580,14479
4580,15237
4553,6085
4553,3707
4553,2376
4553,9611
4566,13312
4566,12661
4566,23730
4563,5762
4563,5089
4563,22612
4586,3931
4586,3718
4586,10735
4586,66
4591,15479
4591,2701
4591,12870
4591,24023
4592,9058
4592,8719
4592,9551
4594,16905
4594,12020
4594,701
4594,4395
4567,15492
4567,17761
4567,8151
4567,20954
4567,11298
4596,7777
4596,3296
4596,6088
4598,773
4600,13923
4600,6950
4600,15233
4599,12406
4599,22630
4599,22497
4599,14811
4597,20721
4597,20118
4602,9121
4602,11085
4602,9196
4538,19535
4538,7159
4538,8163
4538,16535
4538,606
4588,6253
4588,11810
4588,9991
4588,24294
4588,16265
4590,18207
4590,15504
4576,10972
4601,19853
4601,225
4601,11294
4601,12925
4601,10510
4548,7488
4548,7727
4548,19717
4548,14313
4548,24931
4555,8055
4605,14621
4605,20685
4605,12514
4605,2089
4605,23848
4607,12673
4607,19531
4607,22789
4615,13085
4615,21028
4615,20696
4615,22304
4616,4918
4616,22895
4616,24097
4616,24746
4617,10506
4617,5509
4617,5323
4617,13450
4617,1353
4620,8480
4620,16952
4622,21043
4622,24033
4622,11010
4619,3129
4619,10265
4619,24906
4619,5078
4621,19666
4621,18934
4621,19266
4621,10415
4604,4548
4624,5671
4624,19463
4624,15581
4623,17588
4623,24792
4623,16743
4623,288
4623,20777
4628,557
4628,17206
4628,24739
4627,2557
4627,18029
4627,16773
4627,16143
4629,18528
4629,17046
4631,16889
4631,2070
4631,20228
4613,10390
4614,2983
4614,24526
4614,692
4614,24072
4614,19661
4630,1912
4630,19198
4630,13001
4630,15473
4634,18609
4634,8174
4636,927
4636,5609
4636,18723
4636,9414
4642,9598
4642,10600
4642,9624
4642,24391
4644,4135
4644,12642
4644,21440
4647,843
4647,12224
4647,2261
4612,13885
4612,24770
4612,170
4612,14906
4612,2330
4651,14304
4654,20811
4654,15780
4649,23284
4649,6462
4649,21512
4649,16913
4649,23443
4655,22398
4655,16940
4656,13031
4657,5826
4657,3248
4657,11462
4657,16666
4657,8067
4658,15246
4658,14949
4659,23454
4666,11786
4666,12101
4666,16571
4666,3995
4666,12885
4668,573
4663,6632
4663,4396
4663,5975
4663,13895
4663,19853
4638,12870
4638,4014
4638,7797
4638,7277
4638,19820
4635,5685
4635,12088
4635,6959
4664,24761
4664,2367
4664,20744
4664,19789
4662,4333
4662,14766
4671,4092
4671,12232
4671,11006
4674,20610
4674,13302
4674,9667
4674,1050
4675,6276
4675,13303
4673,1593
4673,24122
4673,17800
4673,9043
4670,12910
4670,14187
4670,21783
4670,10140
4670,18399
4677,18564
4677,24017
4681,22655
4681,3488
4682,21546
4683,86
4683,22325
4683,20593
4683,16981
4686,7438
4687,12467
4687,23003
4687,17083
4687,1359
4688,6839
4688,15387
4688,15762
4690,2434
4690,19990
4690,3651
4690,21773
4692,22707
4692,5099
4692,20951
4693,23312
4693,23072
4693,18290
4691,16735
4691,23354
4691,4259
4691,14684
4696,20847
4695,226
4695,5792
4695,12505
4695,20233
4697,9257
4700,20051
4700,2611
4700,20533
4700,23721
4702,15195
4702,3136
4702,24731
4702,6102
4701,1140
4698,16808
4698,11471
4698,24203
4698,19774
4715,6751
4716,869
4710,2395
4710,15369
4710,24546
4710,3447
4710,5438
4718,8050
4718,17195
4718,12615
4718,5322
4718,21562
4720,3139
4722,7537
4721,7662
4721,984
4721,15486
4721,23758
4721,5435
4724,14657
4724,20147
4724,20236
4724,8458
4724,21769
4726,9099
4726,18367
4723,1503
4723,21055
4717,11099
4717,8836
4717,11623
4717,9489
4717,19479
4714,22224
4714,2166
4714,24628
4714,17903
4711,13645
4711,16838
4706,4681
4706,18200
4706,921
4712,20916
4730,18465
4730,17025
4730,10777
4730,5786
4730,432
4737,12123
4738,17535
4738,9494
4738,23638
4736,20209
4736,11694
4736,7784
4736,24741
4736,5471
4740,12947
4740,9715
4739,22878
4739,4283
4739,3403
4739,16927
4732,19381
4729,18122
4729,15751
4729,3355
4743,16771
4743,875
4743,23154
4742,15950
4742,16954
4742,22247
4742,7363
4742,1640
4748,10270
4748,1620
4748,12195
4748,14759
4748,22994
4750,12250
4750,22907
4750,18445
4750,22309
4751,5299
4751,14582
4751,23092
4749,13466
4749,6049
4749,752
4749,13522
4749,24626
4707,9542
4707,14421
4707,3904
4707,281
4752,13827
4752,6867
4752,9191
4752,6700
4752,6920
4755,16537
4755,14625
4763,2364
4763,5834
4765,15883
4765,17818
4768,10808
4768,16352
4768,19938
4768,14394
4769,23770
4769,6555
4769,16351
4769,10134
4770,2487
4756,5053
4758,361
4757,22119
4772,9174
4772,20085
4772,7954
4733,24315
4733,145
4733,12201
4733,24913
4753,5083
4753,22036
4753,6043
4753,4376
4773,1044
4773,15287
4773,12456
4776,4953
4776,2745
4776,8793
4776,15829
4775,20146
4774,11605
4774,12150
4754,11531
4754,15133
4754,19117
4754,22748
4779,18646
4779,10999
4779,6790
4766,17938
4766,11237
4766,11637
4766,19297
4766,8115
4781,1247
4781,15328
4782,1383
4782,1834
4784,12878
4784,8989
4786,19606
4786,14488
4786,1029
4791,4902
4791,22642
4791,10259
4792,3844
4792,23968
4792,5798
4792,19450
4792,15416
4796,884
4796,5097
4796,8641
4788,2053
4788,16178
4788,17500
4788,21524
4799,19767
4799,14090
4799,3939
4799,14559
4799,21297
4800,3830
4800,19313
4800,23948
4800,23801
4789,9406
4789,2880
4789,21617
4805,9544
4805,12668
4803,19710
4803,3497
4803,7220
4803,16427
4806,5394
4795,15364
4795,22642
4795,19563
4795,20307
4795,14532
4811,15014
4811,23245
4811,13515
4810,1200
4810,9066
4810,19806
4810,7249
4810,16150
4812,24453
4812,5827
4812,23948
4812,7335
4812,17740
4813,4609
4813,8466
4813,9687
4813,19887
4817,1558
4817,21328
4817,3718
4815,21810
4815,14287
4815,12969
4798,1842
4814,4086
4814,1142
4814,6525
4814,14440
4814,19764
4825,1947
4825,10079
4825,6002
4824,7288
4824,3476
4821,3294
4827,15297
4829,14489
4829,424
4829,5548
4831,17389
4831,11128
4831,21168
4833,14299
4833,3145
4833,318
4833,927
4833,19634
4835,17929
4837,4468
4837,16241
4832,22206
4832,12423
4848,7615
4848,6720
4848,15636
4848,16670
4849,1997
4849,14644
4849,18787
4849,13096
4850,14966
4850,15543
4850,20200
4850,745
4851,12450
4843,2966
4843,10326
4854,17076
4854,16733
4854,918
4854,20303
4854,7253
4859,6974
4859,7069
4858,8195
4858,10845
4858,3551
4858,5083
4856,11391
4856,1475
4841,8599
4841,19756
4841,7408
4842,22062
4842,9934
4842,1455
4842,8436
4842,14227
4844,6019
4844,7513
4844,6156
4844,7523
4844,13532
4847,12648
4823,6686
4823,13094
4823,17943
4846,18112
4846,24922
4863,3860
4863,9789
4865,2890
4865,4052
4865,15675
4865,8662
4865,19979
4867,6048
4869,23778
4868,23406
4868,12115
4868,24236
4868,6936
4870,19056
4870,10233
4870,14304
4875,11947
4875,4603
4875,24094
4876,7168
4878,2940
4878,14765
4877,1587
4877,24768
4877,23698
4877,12379
4877,23452
4873,15201
4873,16079
4873,7275
4866,198
4879,20620
4879,6900
4879,1761
4880,15516
4880,5854
4880,23332
4881,5167
4881,19259
4881,13063
4881,8190
4883,9345
4883,17315
4883,19621
4883,9748
4883,6550
4887,24868
4887,7493
4887,12972
4887,8693
4885,2180
4885,21791
4885,17327
4885,1251
4895,24948
4895,3632
4895,14576
4895,17255
4895,23321
4888,13405
4888,19253
4896,15834
4896,12984
4896,9035
4897,20751
4897,14604
4897,15988
4897,15537
4898,10023
4898,22254
4898,1729
4901,1701
4902,16450
4902,18374
4899,24473
4899,24127
4903,24705
4904,20464
4900,16927
4900,12070
4900,14644
4900,21217
4900,24977
4906,14110
4910,22299
4910,24983
4909,2000
4909,20776
4909,19582
4909,12312
4909,4653
4912,18310
4913,11110
4913,2344
4913,24739
4913,15677
4913,19430
4893,21250
4893,557
4894,4847
4894,1627
4915,9194
4918,13268
4919,9331
4919,21604
4919,23621
4919,802
4920,20654
4922,5700
4922,7845
4922,19466
4922,4679
4923,16087
4923,14445
4923,404
4923,8197
4925,16996
4935,2336
4924,10999
4924,5703
4924,20064
4926,8716
4926,18361
4926,8715
4926,16326
4926,15686
4938,20145
4938,3497
4938,19195
4938,5209
4937,3914
4937,1286
4937,22220
4937,14869
4942,11435
4945,21582
4945,3276
4946,14410
4946,22279
4946,14570
4940,7497
4940,6211
4940,19986
4940,12856
4948,21115
4948,3452
4948,7124
4948,3388
4949,11741
4949,3660
4951,10571
4951,3789
4951,14765
4951,8764
4950,3144
4950,18273
4950,8958
4950,5333
4943,8675
4943,4958
4943,6207
4943,1963
4943,16588
4930,22148
4930,16229
4933,3945
4933,7042
4933,2604
4932,16493
4932,21675
4931,11740
4955,19064
4955,16523
4955,2754
4955,8099
4956,1017
4956,13408
4956,4163
4952,24666
4952,23866
4958,1624
4958,8574
4957,17180
4957,14912
4957,15433
4957,1704
4957,24683
4963,16442
4963,18930
4965,20682
4965,8391
4965,11661
4965,4627
4965,9977
4971,10640
4966,22612
4966,4360
4966,7210
4973,8464
4977,16417
4977,27
4974,9421
4979,9543
4979,24054
4979,3239
4980,10356
4980,7327
4980,22493
4980,186
4983,18903
4983,20810
4983,7519
4981,17094
4984,14292
4984,1634
4984,18608
4982,17351
4982,9791
4982,10527
4982,19744
4982,14587
4986,392
4987,1884
4987,2273
4987,17150
4990,8126
4990,7643
4990,16881
4990,22660
4998,10095
4998,1866
4998,22819
4998,380
4998,23067
4996,4049
4996,9305
4992,937
4992,21739
4992,21660
4992,23491
4992,1048
4997,98
4997,13720
4997,12624
4975,16981
4975,16998
4975,24135
4975,3718
4993,3067
4993,8104
4993,7241
4968,3173
4968,17997
4999,19247
4999,21885
4999,4170
5000,11242
5011,4061
5011,24728
5010,4643
5010,15326
5012,20190
5012,6182
5012,8250
5012,7344
5013,8451
5013,1083
5013,1449
5013,22373
5013,15003
5015,21839
5015,888
5015,19636
5015,21704
5015,4105
5017,19456
5017,16082
5018,20122
5016,21223
5016,9554
5016,21074
5016,13829
5019,12710
5019,14355
5019,13401
5009,9906
5009,428
5006,1528
5006,20020
5006,7110
5006,3068
5006,15150
5025,19072
5025,7550
5025,16339
5003,19344
5003,10872
5007,6847
5028,17682
5028,21601
5028,7165
5028,20178
5028,21482
5027,17190
5027,16094
5027,19017
5027,17430
5027,432
5032,2327
5030,13326
5030,8350
5030,14129
5036,21683
5033,19569
5033,10806
5035,19464
5035,19849
5035,22310
5035,7016
5037,7470
5037,24827
5037,1186
5042,1173
5042,6222
5045,1272
5045,3259
5045,20287
5044,3618
5044,11673
5044,10725
5044,18321
5044,5827
5048,20001
5048,22122
5055,15437
5055,22791
5055,10439
5055,15914
5038,7893
5038,4704
5038,19177
5038,5161
5058,6494
5058,13413
5059,22548
5059,18838
5059,23737
5059,982
5060,8633
5060,4308
5061,9982
5061,16099
5061,2375
5061,19242
5046,11157
5046,21028
5046,5607
5046,24500
5063,9904
5063,12653
5063,21244
5062,16404
5062,9787
5062,4127
5062,8232
5062,20643
5065,3401
5065,5123
5065,6789
5065,10565
5064,19698
5064,19338
5064,6394
5067,22330
5067,12567
5067,11683
5067,23532
5051,14254
5047,13299
5047,11824
5047,24400
5054,5947
5054,6465
5054,17147
5054,4023
5049,11980
5049,18093
5049,3542
5049,8551
5049,9199
5072,1756
5072,2759
5072,1400
5072,24890
5072,11183
5053,24401
5053,6300
5053,16574
5073,4118
5073,14164
5073,8803
5073,9175
5073,13826
5074,2721
5074,17104
5074,14360
5075,14540
5075,18450
5075,18451
5075,22441
5078,24927
5078,15045
5078,7850
5079,24921
5079,4379
5079,13410
5079,23065
5081,24150
5081,5855
5081,23259
5083,7691
5083,20751
5083,4942
5087,1270
5087,4559
5087,24466
5090,23262
5090,1019
5090,24638
5090,2620
5090,23205
5089,18033
5089,2814
5089,16503
5096,1334
5104,10274
5104,14738
5104,9072
5104,7241
5101,12140
5101,37
5101,1029
5101,24851
5107,9927
5107,10118
5107,20912
5107,7444
5108,12293
5108,1670
5108,4506
5108,17125
5102,17365
5110,11976
5110,8964
5110,20633
5110,22158
5111,4091
5111,3644
5111,16514
5111,22510
5113,8446
5113,15663
5112,8024
5112,18971
5112,8192
5114,13564
5114,2588
5114,14794
5116,4363
5116,21260
5116,3438
5116,15280
5097,12136
5097,18836
5097,10292
5092,644
5094,12248
5098,11731
5098,20304
5098,21382
5098,10532
5098,21998
5118,17132
5093,1446
5093,21483
5093,13226
5120,14423
5120,15522
5120,9891
5122,2920
5122,552
5122,4349
5122,20371
5124,7935
5123,16883
5123,9413
5123,6039
5125,24810
5125,2168
5125,13511
5125,15779
5126,5093
5126,19887
5128,15377
5128,13114
5128,2837
5128,8545
5134,9283
5138,6542
5138,22250
5138,11473
5133,21086
5133,22897
5133,1297
5140,12348
5143,12186
5143,31
5143,1595
5143,3055
5144,19915
5144,18342
5144,22414
5144,5098
5144,12942
5145,8179
5145,13819
5145,2569
5145,2129
5151,1655
5151,16369
5151,11241
5151,4405
5142,6386
5142,12191
5152,18868
5152,24303
5152,8323
5152,23001
5150,16348
5150,16048
5150,22874
5137,8010
5156,5204
5156,546
5157,17959
5157,6398
5131,9984
5131,10731
5131,17460
5131,5572
5131,6660
5159,1597
5159,17108
5163,4104
5163,6285
5132,11579
5132,5402
5132,3077
5132,17422
5132,5422
5165,2380
5165,6570
5148,13372
5148,10029
5148,21471
5148,7326
5148,19890
5162,9420
5153,2782
5153,7857
5153,1790
5168,14296
5168,14607
5139,23215
5139,12394
5139,19383
5167,2461
5167,1010
5167,9755
5160,12486
5160,14622
5160,22442
5160,19348
5135,24310
5135,14419
5170,24405
5170,14384
5182,3751
5182,22229
5180,234
5180,17834
5180,23568
5180,8820
5180,14203
5185,11534
5185,24296
5185,6191
5185,20869
5187,13677
5174,18499
5176,9408
5176,16193
5176,5449
5183,13464
5183,20171
5183,1272
5183,18683
5183,17266
5193,14639
5193,24544
5193,17796
5193,16150
5194,547
5194,9683
5194,12613
5196,16867
5186,12141
5186,9030
5186,12789
5191,24407
5191,19171
5191,15895
5191,3832
5191,4656
5197,16500
5197,24782
5199,7355
5199,21829
5199,6979
5201,4314
5202,13674
5202,449
5200,15672
5200,17881
5200,2038
5200,22047
5200,16163
5207,15280
5207,1551
5207,1756
5207,5476
5207,5681
5209,4034
5208,12835
5208,10213
5208,13230
5210,8558
5211,12937
5214,3173
5214,18610
5212,24987
5212,11840
5212,14248
5212,14426
5213,13824
5213,15108
5213,22864
5226,12856
5226,11712
5224,11680
5224,23060
5229,21276
5229,773
5229,5378
5229,8129
5216,21202
5216,5496
5234,18063
5234,5718
5234,21373
5234,20000
5240,911
5240,22588
5240,12923
5236,6672
5236,19861
5236,13420
5236,4587
5236,17745
5220,1989
5220,2176
5215,17000
5215,12908
5215,23431
5243,9425
5243,8235
5242,22364
5244,21006
5244,3728
5244,10625
5244,11313
5246,15145
5246,1927
5246,2665
5246,21895
5246,10221
5247,10408
5247,15809
5247,22132
5247,4224
5247,13277
5248,21608
5248,16830
5248,18336
5248,109
5248,1557
5249,18464
5249,15380
5254,12819
5253,21034
5253,23140
5253,15915
5253,15937
5245,4608
5245,18659
5245,3101
5245,21660
5245,1686
5257,24129
5257,10239
5257,1226
5257,3861
5257,9421
5259,14137
5268,12716
5268,23326
5268,862
5270,929
5270,4629
5270,17846
5270,2539
5269,13571
5272,20031
5272,19275
5272,8719
5273,24796
5273,21839
5273,14593
5273,4022
5275,19197
5279,12897
5279,173
5279,16469
5277,18541
5277,7585
5280,293
5280,3409
5282,23206
5282,5581
5282,13747
5282,6889
5283,2431
5283,12798
5283,10863
5260,3838
5260,18756
5260,13199
5260,16352
5266,24750
5266,12826
5266,1322
5258,22263
5258,6253
5258,14175
5258,20355
5258,4651
5263,18500
5265,22273
5265,20495
5286,9113
5286,5623
5290,23846
5292,6463
5292,14635
5292,23850
5289,9989
5289,16688
5289,10400
5289,8949
5289,16798
5287,3766
5287,13738
5287,1665
5287,12516
5287,15770
5288,20367
5288,17180
5288,15844
5288,9723
5295,4500
5295,19019
5298,12643
5306,15363
5306,22213
5306,18453
5306,4548
5306,10521
5291,12492
5291,21230
5291,22770
5291,20707
5304,19489
5304,23420
5304,7136
5304,5913
5304,10326
5303,7583
5299,7286
5299,177
5316,23
5316,1522
5316,4957
5316,11325
5318,16294
5314,15711
5314,16089
5317,1371
5317,17013
5317,973
5317,15488
5317,1775
5313,19444
5313,18432
5313,12011
5313,8384
5313,13472
5315,10373
5315,18578
5315,16564
5315,17831
5312,23080
5322,18382
5302,7570
5302,7018
5302,1647
5302,22297
5324,868
5324,10786
5324,21391
5324,6701
5327,22437
5327,12977
5327,2533
5327,11278
5297,3333
5297,1557
5297,1352
5325,17820
5325,20079
5325,17705
5325,12273
5325,967
5329,15075
5333,14274
5333,12173
5331,6371
5331,13881
5331,7181
5336,16516
5348,22095
5347,12033
5347,11143
5347,20159
5347,17909
5347,18639
5334,2234
5334,4187
5334,12585
5334,14993
5334,4466
5351,22920
5350,15827
5350,16622
5350,8810
5354,10284
5352,7074
5352,5666
5352,12841
5353,13008
5353,5268
5349,21915
5349,8561
5349,159
5349,19808
5349,3733
5341,21187
5341,21238
5341,3566
5345,7131
5345,12554
5345,13096
5343,5830
5343,12318
5343,18394
5343,16251
5355,16574
5355,19442
5355,12403
5358,2539
5358,1074
5358,1066
5360,2730
5360,21099
5361,18919
5361,3247
5357,24137
5366,12166
5363,1506
5363,12889
5363,10102
5363,23300
5363,17249
5364,1305
5364,21347
5367,1055
5367,6916
5367,8605
5365,7068
5365,18000
5365,1604
5365,7585
5368,955
5374,10300
5373,15027
5373,24482
5382,10855
5371,18566
5371,10416
5378,17318
5378,11045
5385,14526
5384,24204
5383,6027
5383,6358
5383,23854
5386,3189
5386,21202
5386,10309
5386,4058
5387,8760
5387,94
5372,16898
5372,16733
5392,18659
5393,19927
5393,5720
5393,3707
5395,21116
5395,20054
5395,23050
5395,20925
5395,9666
5394,5690
5394,982
5394,3960
5394,1147
5394,5075
5398,18812
5399,1812
5370,10104
5381,22773
5381,10688
5381,4137
5381,4547
5376,12356
5376,12212
5376,1392
5376,23886
5401,12588
5402,11594
5402,8989
5402,4930
5380,1094
5380,17053
5380,21515
5380,3255
5406,13263
5406,4224
5406,18901
5409,8627
5409,11980
5410,8906
5410,6418
5413,16186
5413,23552
5413,2054
5411,9917
5411,23856
5411,21661
5411,6576
5411,10306
5414,8754
5414,15831
5414,14032
5414,14226
5412,4356
5412,12843
5412,11755
5412,13044
5420,20103
5420,23751
5417,8269
5417,21217
5417,9953
5426,5274
5426,5746
5426,19118
5426,8327
5426,12237
5427,11674
5431,22845
5431,1528
5431,10344
5431,9672
5434,24427
5435,18150
5435,4965
5435,19128
5435,2516
5435,12621
5428,15806
5433,23459
5433,18781
5433,23587
5433,5638
5433,18811
5432,4700
5432,18528
5432,19081
5432,10864
5432,15288
5415,2645
5415,10102
5415,21492
5415,18403
5418,2019
5418,18011
5418,7661
5418,6470
5418,5665
5416,23302
5416,6014
5416,11279
5416,21849
5416,19710
5425,15176
5425,1239
5423,495
5423,1992
5423,18905
5424,16644
5424,2488
5424,5233
5437,19984
5437,5708
5437,3864
5436,2663
5436,22050
5440,12392
5440,18528
5440,16157
5440,6727
5439,2774
5439,12118
5439,6566
5451,14735
5451,1525
5453,11594
5441,18960
5441,1965
5441,21765
5441,10114
5454,5651
5444,22501
5444,22689
5444,13959
5455,12259
5455,7376
5459,237
5459,7603
5459,14292
5458,11124
5458,20314
5458,10266
5458,13944
5462,11637
5462,20476
5463,22994
5463,5459
5463,5154
5460,7857
5447,21726
5447,23182
5447,13561
5466,22997
5466,790
5466,20948
5466,3077
5464,6864
5464,19224
5464,12262
5464,987
5464,8627
5469,15697
5469,9654
5449,1444
5449,23780
5449,7421
5449,5950
5449,22540
5446,16968
5446,7646
5470,9839
5470,22676
5472,11371
5448,23844
5448,21400
5448,24838
5448,8676
5475,9862
5475,24742
5474,15084
5474,6936
5474,19337
5474,2593
5484,22445
5484,6275
5484,13647
5484,1149
5476,3539
5476,958
5476,15785
5476,2391
5476,16867
5483,13341
5483,13366
5483,13103
5483,18998
5483,205
5487,11473
5487,777
5487,6809
5487,23829
5489,4641
5489,5495
5488,12419
5488,7607
5488,23012
5488,13456
5491,24405
5491,23339
5492,4929
5492,20857
5492,18679
5492,11687
5490,1446
5490,11518
5490,11526
5494,16492
5494,6542
5494,5951
5494,14940
5497,16165
5497,21938
5497,23191
5497,13536
5497,23389
5499,13087
5499,14040
5499,2478
5499,14287
5498,22264
5498,15287
5498,2205
5500,10640
5500,24160
5502,20659
5502,9173
5502,3796
5503,23043
5503,18733
5507,13459
5507,21026
5507,4175
5508,4329
5508,19080
5508,23462
5518,15946
5518,2506
5518,10427
5521,22763
5520,773
5520,24991
5520,15134
5520,16423
5520,14220
5524,11769
5524,12721
5526,11915
5526,6613
5527,4217
5527,4559
5527,24186
5527,1959
5514,202
5514,12548
5514,13802
5514,16941
5528,12293
5528,17512
5528,3392
5528,4657
5510,21952
5510,14198
5510,1781
5510,18989
5529,16860
5529,24247
5529,17346
5529,3733
5529,15057
5531,11781
5532,13140
5532,687
5532,5801
5532,975
5533,9913
5533,3747
5533,16255
5533,7034
5533,19159
5534,17622
5534,20053
5534,15781
5534,13192
5534,12487
5536,6011
5536,19317
5536,1044
5536,21273
5536,4185
5540,14764
5540,20301
5540,17545
5540,8154
5540,17671
5545,6786
5543,480
5543,23434
5543,18252
5543,1568
5543,22681
5547,8399
5548,21739
5561,15880
5561,7674
5561,10604
5562,23568
5562,1989
5562,3640
5562,11074
5560,15308
5560,13996
5560,19612
5563,20302
5563,17715
5563,3759
5563,14743
5565,12586
5565,20261
5565,21080
5565,3410
5565,24646
5567,16484
5567,1384
5567,11421
5569,15201
5568,12183
5568,13263
5568,14713
5568,2466
5571,24505
5571,6611
5571,24488
5571,19685
5571,15176
5570,11460
5570,24256
5570,15668
5570,17448
5551,10451
5551,18636
5551,560
5573,12242
5573,23224
5573,23289
5575,12096
5575,3631
5575,14254
5575,22080
5557,23700
5557,10903
5557,981
5557,17717
5556,7100
5556,4587
5556,6965
5576,24317
5576,6607
5578,21332
5588,2409
5588,1356
5583,16274
5583,24085
5583,24941
5582,7647
5582,4045
5582,4114
5558,23903
5558,24568
5558,8311
5558,15775
5558,15842
5589,10738
5589,7417
5589,3065
5589,10872
5592,22744
5592,2593
5590,21247
5590,16811
5590,66
5593,17997
5593,4809
5593,1383
5594,10668
5596,19498
5596,2353
5596,2059
5598,13328
5598,24486
5585,1891
5585,19162
5585,16027
5585,17051
5585,361
5599,20414
5599,19047
5599,4519
5601,2341
5601,9936
5605,24423
5605,10971
5605,16059
5605,9615
5609,5817
5613,15099
5613,8905
5613,11818
5602,5736
5602,3418
5602,938
5602,23330
5602,1504
5614,6004
5614,9203
5614,24752
5614,3978
5614,12274
5616,14354
5616,8673
5616,11099
5618,19717
5618,7238
5608,8191
5608,10251
5608,4317
5608,16159
5608,12352
5607,24697
5607,2557
5607,11019
5620,19745
5620,15870
5620,16094
5620,11260
5619,21986
5619,7333
5623,5931
5623,11875
5623,12521
5623,5962
5623,5194
5622,14331
5622,14837
5622,1537
5622,11015
5604,12740
5604,5952
5604,4612
5604,13977
5604,2215
5624,6730
5624,4978
5626,4022
5629,10856
5629,7557
5629,2503
5629,17339
5628,14646
5628,16791
5636,13173
5636,6832
5636,21878
5636,21892
5636,5432
5621,13367
5621,2969
5621,12758
5621,6658
5625,6688
5625,9992
5635,21418
5632,3655
5632,22422
5632,15880
5632,16262
5632,14041
5637,17343
5637,7103
5637,16019
5637,17472
5637,11764
5630,1483
5630,7121
5630,4357
5630,15732
5630,22426
5639,4192
5639,19851
5640,7485
5640,23537
5640,14391
5643,21185
5643,24965
5643,16658
5643,22904
5642,11103
5642,10132
5642,7068
5642,18230
5642,11548
5631,17316
5631,518
5652,9303
5652,11406
5641,4544
5641,20658
5654,3939
5654,23012
5654,7253
5654,16514
5654,298
5657,9992
5657,22549
5657,22753
5657,12506
5657,24000
5663,24637
5663,1689
5659,3380
5659,18849
5659,3795
5659,15754
5659,16102
5666,6784
5666,1037
5666,22465
5666,5404
5664,12447
5664,14892
5664,5935
5664,21782
5664,18147
5667,3940
5667,4254
5645,16359
5645,2621
5647,6139
5646,8457
5646,19911
5646,10414
5648,13940
5648,9520
5648,1921
5671,8889
5671,2982
5671,193
5653,19006
5653,10861
5653,6394
5653,18930
5653,10187
5674,23486
5670,12859
5673,9073
5673,4245
5673,24219
5668,12757
5668,14089
5668,2742
5675,2300
5675,13498
5675,24450
5676,19171
5676,18987
5678,959
5678,4447
5679,3688
5669,22120
5669,9660
5669,11208
5669,136
5677,220
5677,17523
5677,5697
5677,18454
5677,23902
5681,21771
5681,22666
5683,10173
5683,6711
5683,20941
5683,7534
5687,5618
5687,16396
5687,23379
5687,4174
5687,16723
5682,16375
5682,22763
5682,3457
5682,6220
5682,17109
5694,15592
5694,20522
5685,13207
5685,4251
5685,23288
5685,8502
5685,13541
5686,23393
5686,13260
5686,23386
5695,2871
5695,24775
5700,22420
5700,10003
5700,24802
5699,11600
5699,13119
5699,5200
5701,23858
5701,3271
5701,845
5701,12875
5701,24152
5702,1299
5702,3191
5702,11663
5702,21771
5702,24608
5704,17815
5704,4552
5704,15607
5704,24339
5705,4542
5705,7275
5705,23423
5705,22700
5706,23734
5706,23878
5706,10659
5708,23824
5708,16390
5707,6650
5707,10184
5709,16121
5684,15907
5684,439
5684,2311
5684,3563
5710,3872
5710,5073
5710,987
5696,24431
5696,12884
5696,2066
5696,20630
5714,22197
5714,2955
5718,16942
5719,4764
5720,10143
5720,11827
5720,19093
5720,460
5721,12043
5725,19729
5725,22093
5725,9290
5691,22835
5691,15946
5691,8039
5691,21976
5711,7940
5727,6494
5727,10373
5727,10704
5727,20243
5727,996
5728,12111
5728,9427
5728,13019
5712,7383
5712,13614
5712,11009
5733,12940
5733,18896
5733,15938
5690,18330
5690,23899
5690,515
5690,6913
5730,16311
5730,1632
5734,24055
5734,7704
5734,13037
5735,6495
5735,4322
5736,2750
5739,233
5739,4268
5739,15157
5729,14790
5742,18814
5742,9488
5742,23650
5742,9652
5754,552
5754,20495
5751,8583
5755,7335
5755,7236
5755,2332
5755,11659
5755,8369
5758,4886
5758,18420
5758,17548
5758,5509
5758,17147
5761,4943
5761,21909
5761,19452
5763,1382
5763,8995
5764,2314
5766,11787
5766,1803
5740,13147
5740,10418
5740,16524
5740,23034
5740,24726
5747,12229
5747,1900
5747,18717
5747,24586
5770,3756
5770,23091
5770,19568
5770,10176
5746,22608
5746,13229
5746,13876
5772,3269
5772,24501
5774,15141
5774,22103
5774,13111
5774,9893
5774,3266
5769,10817
5769,9393
5775,20495
5775,17949
5775,13704
5777,9103
5778,23642
5778,5733
5781,22544
5781,16327
5781,5139
5781,8015
5784,9253
5784,3655
5784,2880
5784,9144
5782,1424
5782,11505
5782,8706
5782,12542
5782,5939
5786,7633
5783,15738
5783,705
5783,16666
5783,14612
5783,11886
5744,22659
5744,6199
5744,17933
5745,2001
5745,21947
5748,1598
5748,1123
5748,10512
5748,16436
5748,4008
5750,6455
5750,14742
5750,15062
5749,8350
5749,1844
5749,22300
5792,22624
5792,23003
5791,15589
5788,5971
5788,15941
5788,7761
5788,894
5788,6882
5805,15102
5805,10493
5805,10953
5807,19711
5809,13989
5809,18097
5810,466
5812,19557
5812,14135
5812,5224
5813,16280
5813,3613
5813,15383
5813,13077
5814,20347
5794,9568
5798,1260
5798,18484
5798,13666
5817,5777
5817,11007
5817,19787
5817,10890
5811,2538
5793,14899
5793,13049
5793,10400
5800,23105
5800,17303
5800,15528
5822,719
5821,6576
5823,20083
5823,18225
5823,19121
5823,6882
5823,2897
5825,2444
5825,10576
5825,17943
5825,20896
5825,6567
5829,9828
5829,14830
5829,23515
5829,4558
5829,5189
5826,3639
5826,20952
5826,8536
5826,16366
5830,15610
5830,7468
5834,9950
5834,10525
5834,1549
5834,13006
5832,18822
5832,4823
5832,9992
5832,2063
5833,9311
5833,23214
5833,10946
5839,19708
5839,23570
5839,18527
5839,6050
5839,7086
5841,2253
5841,14134
5841,16534
5841,24668
5840,9650
5840,5676
5840,12927
5844,15943
5843,10973
5843,7808
5843,14671
5846,24748
5846,2123
5846,16866
5846,7330
5846,5826
5854,5942
5854,23959
5854,1998
5842,14632
5842,3670
5842,8741
5842,14923
5856,16151
5845,1079
5845,13768
5861,17781
5861,18262
5861,19721
5855,16421
5855,3290
5855,14349
5835,20223
5835,5395
5835,18684
5835,14548
5835,4122
5858,8291
5858,3660
5858,1989
5858,19230
5858,20816
5864,6948
5864,1851
5864,12613
5863,2511
5863,6428
5863,3830
5865,5786
5865,23218
5865,12550
5865,20551
5862,5944
5862,9963
5862,2204
5862,19285
5847,1849
5847,1692
5847,342
5847,3081
5877,17966
5877,10890
5877,16390
5876,7541
5876,21637
5876,24078
5876,2892
5872,1495
5872,18227
5872,14696
5872,1645
5872,18485
5868,12793
5868,689
5868,9264
5868,19172
5875,9134
5875,9885
5875,6927
5873,8312
5873,4134
5873,13107
5851,9126
5851,11276
5851,18678
5887,15723
5887,16857
5887,7457
5883,14258
5891,18828
5891,11059
5891,18497
5890,2840
5890,2631
5893,16133
5893,19752
5893,17499
5893,8947
5889,320
5889,24500
5889,21933
5889,10544
5889,24977
5895,6536
5895,14952
5895,4854
5895,20469
5895,14146
5894,3507
5894,24645
5897,202
5897,5174
5897,20076
5897,7403
5897,8818
5902,13585
5902,21532
5902,16542
5904,11601
5900,19826
5900,16960
5900,4283
5900,19913
5900,23777
5905,11196
5905,12652
5905,23730
5909,12739
5909,14575
5909,8880
5909,18608
5899,12310
5917,22373
5917,20868
5920,16447
5920,9976
5906,5563
5906,12954
5906,21447
5925,6659
5925,9367
5925,21909
5925,4449
5926,2782
5927,7405
5927,3492
5927,16831
5916,12782
5916,24034
5916,3282
5916,15680
5907,17424
5907,1159
5907,20447
5907,13064
5907,17388
5932,20746
5932,15814
5933,12685
5933,355
5933,21835
5938,7324
5938,5114
5938,18310
5938,5536
5937,5623
5934,20735
5934,15998
5910,1282
5910,11827
5910,5306
5931,14368
5931,583
5914,7497
5914,18084
5901,10444
5901,8525
5901,11357
5901,19844
5901,6402
5936,4101
5939,11639
5939,18365
5939,7436
5939,21676
5939,3553
5940,6669
5940,1081
5950,2135
5950,9853
5950,21521
5950,21359
5950,15222
5952,14473
5952,1098
5949,9986
5954,3903
5955,15476
5955,18742
5955,18388
5955,12692
5955,2173
5956,17875
5956,5345
5958,13213
5958,12726
5958,4720
5957,12823
5957,21235
5957,6049
5957,21761
5957,4313
5960,16060
5960,12926
5960,9704
5960,24518
5962,7281
5962,21976
5962,3222
5962,206
5961,4733
5961,13763
5961,16777
5943,13007
5943,3335
5943,19138
5944,10170
5972,8441
5972,21893
5972,9043
5942,15360
5942,11477
5942,8551
5942,19441
5967,23828
5967,13344
5967,24158
5967,11672
5967,9345
5966,18128
5966,3070
5966,11680
5966,11876
5966,17258
5977,24884
5977,8309
5977,8307
5979,5862
5979,9188
5981,7818
5980,12750
5980,4034
5980,5470
5980,13501
5980,1836
5982,5585
5982,22644
5982,15336
5982,331
5984,12978
5984,13046
5984,21385
5975,16741
5975,75
5992,8435
5992,5350
5992,16616
5994,23186
5995,24358
6000,10590
6000,1407
6000,1074
5970,10379
5970,16470
5970,740
5970,10109
5968,6953
5968,22835
5974,9269
5993,16411
5993,5051
5993,5504
5993,5805
5993,357
5986,23772
5986,23467
5998,3440
5998,870
5999,11353
5999,7413
5999,3156
6001,20927
6001,2262
6007,13589
6007,13660
6013,12256
6013,6540
5973,15946
6014,3549
6014,18260
6014,13486
6006,6057
6006,21120
6006,21585
6006,7635
6006,9596
6019,7688
6019,804
6019,5264
6019,24220
6019,14958
6022,8873
6022,9395
6021,24078
6021,23697
6021,2352
6021,3247
6021,12864
6010,19228
6010,7832
6020,16417
6020,2906
6020,11046
6020,21378
6026,4540
6026,1883
6026,13754
6027,7018
6027,10250
6027,14503
6027,8596
6027,14489
6028,22239
6029,5245
6029,4914
6030,22185
6030,21271
6030,10969
6032,12807
6032,15313
6032,1201
6032,18030
6032,16321
6033,24819
6034,12247
6034,15958
6035,13690
6035,10948
6035,3754
6035,20431
6035,22747
6036,23259
6036,16979
6036,5552
6036,6626
6039,16740
6039,23931
6041,24080
6041,17952
6038,24721
6038,19520
6038,20034
6056,11724
6051,4682
6057,3098
6057,9969
6057,20603
6057,23202
6057,22118
6058,13193
6055,7842
6055,9488
6055,14271
6055,20191
6059,2509
6059,18499
6061,10471
6061,18840
6061,1192
6062,17568
6062,20455
6062,7982
6048,1876
6048,7672
6064,8545
6064,24748
6064,21445
6064,16854
6067,9473
6067,6840
6067,114
6067,3164
6067,9576
6068,11036
6065,1737
6065,8474
6066,8711
6066,17338
6069,8751
6069,24932
6069,9118
6069,17962
6069,20084
6052,2407
6044,4041
6044,11537
6078,2166
6078,20033
6078,14660
6078,5466
6081,4461
6081,21586
6083,10725
6083,21245
6084,20658
6084,20165
6084,21313
6084,12812
6084,16551
6082,20184
6082,23462
6082,12945
6047,24692
6047,8647
6087,20552
6087,600
6087,582
6087,10813
6090,24412
6088,7366
6088,7859
6088,12750
6088,23411
6092,6690
6092,17414
6092,20634
6094,3775
6074,6428
6074,9719
6074,24116
6074,12209
6085,14502
6085,21558
6085,13242
6085,13771
6095,10934
6095,10798
6050,8910
6054,21744
6054,23845
6054,11863
6054,22461
6054,7758
6096,23670
6096,12035
6096,2852
6096,10785
6096,307
6098,6671
6098,10817
6071,19050
6071,12404
6071,8659
6071,23351
6101,19142
6101,10042
6101,24704
6101,19660
6103,17701
6103,18783
6103,18553
6103,8803
6103,203
6107,10484
6106,22361
6109,10553
6109,22359
6109,21815
6110,8142
6110,16990
6110,18171
6110,3863
6110,9082
6111,13537
6111,4581
6111,1785
6111,20147
6108,23956
6108,14815
6114,7927
6114,12286
6112,22087
6112,2059
6117,17800
6117,16699
6117,632
6117,8504
6117,24553
6115,9742
6115,21319
6115,18622
6115,4980
6115,15020
6113,15353
6121,11727
6121,5183
6121,2747
6121,8103
6120,21719
6120,24742
6120,15053
6126,4819
6125,13042
6125,506
6125,1185
6129,2796
6129,236
6122,5246
6122,24949
6122,10868
6122,13220
6122,1595
6132,3294
6132,8291
6132,16722
6132,2298
6132,17876
6133,8464
6131,4881
6135,12750
6135,22646
6135,12982
6135,21053
6135,19367
6134,10089
6134,1885
6134,12713
6134,17056
6134,21194
6139,687
6139,912
6139,1571
6139,23172
6139,16093
6140,1493
6140,7933
6140,13158
6140,5200
6138,11768
6141,22134
6141,20447
6145,17631
6146,1678
6146,4886
6146,666
6142,11526
6142,14632
6142,3493
6142,7833
6142,583
6147,8766
6147,24274
6147,1495
6147,7954
6147,12178
6148,20874
6149,20249
6154,22202
6154,9697
6154,17911
6154,14462
6143,1764
6159,24324
6163,5782
6163,21023
6163,21348
6171,16489
6171,7846
6171,14495
6161,6960
6176,2890
6176,19031
6175,9991
6175,7097
6175,3542
6175,23647
6175,20757
6173,18244
6173,12619
6160,6857
6178,21743
6177,13980
6177,8827
6177,24952
6177,2103
6179,7892
6179,4865
6181,1963
6182,4888
6182,13824
6182,12430
6182,12608
6184,16208
6183,13267
6183,17874
6183,15376
6183,18769
6165,16183
6164,14513
6187,1402
6187,17353
6189,13096
6189,18660
6190,24560
6190,23371
6190,22304
6190,19760
6188,18618
6188,24521
6188,6828
6188,10783
6193,21343
6198,19705
6198,4416
6195,20309
6195,13317
6195,3915
6195,5482
6206,10008
6209,14922
6202,20285
6202,13782
6211,1397
6211,21997
6211,17148
6211,17360
6210,24730
6212,4398
6212,7577
6213,3362
6213,17213
6213,17132
6213,9571
6213,9898
6215,2959
6218,21048
6218,21005
6218,9504
6218,19523
6218,9483
6216,9428
6216,162
6217,3843
6217,11991
6220,3415
6220,3432
6220,18722
6205,43
6205,16722
6201,912
6201,16514
6201,2118
6201,8229
6201,4307
6197,9644
6197,17118
6197,5633
6225,15228
6200,15619
6200,8653
6200,6319
6228,3127
6228,7611
6228,8925
6228,16384
6226,12720
6226,22055
6227,9113
6227,2853
6227,15274
6227,11573
6227,7193
6229,8993
6229,12057
6229,1891
6229,21603
6229,11809
6230,23919
6230,2688
6231,16790
6231,4630
6231,8956
6231,18129
6233,2474
6235,13062
6234,11022
6234,16643
6232,22230
6232,7560
6232,21378
6236,23252
6239,24854
6237,10553
6237,3137
6237,24127
6241,24932
6241,24724
6241,23940
6243,24990
6243,19276
6243,3076
6250,7291
6250,7105
6250,4427
6250,8253
6250,10415
6244,22383
6244,5149
6244,8878
6244,21075
6244,2306
6252,13699
6252,7401
6252,9672
6255,3663
6255,15950
6257,3605
6257,20550
6257,2395
6261,14801
6263,7983
6263,14129
6263,315
6259,2859
6221,5875
6221,15484
6221,17982
6221,19560
6221,10831
6260,1901
6260,15285
6260,24208
6260,20761
6260,9910
6266,1000
6267,14438
6267,8737
6267,6915
6267,18583
6267,499
6270,3084
6270,18889
6270,18308
6270,7054
6273,13782
6273,20159
6274,4854
6274,14693
6274,22996
6274,4249
6274,6757
6253,24875
6253,4614
6253,8233
6276,13598
6276,7554
6222,4774
6222,2314
6285,24203
6275,18116
6275,20402
6275,4408
6275,10660
6275,14979
6284,12825
6284,18007
6284,7363
6284,13806
6284,18964
6288,14644
6288,19892
6288,17428
6288,22129
6288,4187
6278,16398
6282,12440
6277,20191
6277,8344
6277,3233
6277,7888
6277,13702
6289,14798
6289,5532
6223,23149
6223,22352
6223,3638
6223,17414
6283,14889
6292,9216
6292,12533
6292,12057
6293,9253
6254,18412
6254,1725
6254,23111
6296,18127
6291,24633
6291,15886
6291,6124
6291,6384
6294,2326
6294,10864
6294,20103
6297,12038
6297,7094
6297,19098
6297,4594
6298,23401
6299,6136
6299,4358
6299,23576
6286,6952
6286,1939
6286,1444
6286,15652
6286,7621
6300,17681
6300,1758
6300,5948
6300,9680
6302,19264
6302,20031
6302,10872
6301,8187
6301,21771
6301,5671
6301,12740
6305,12540
6305,9454
6303,19060
6303,5365
6306,18695
6304,12865
6311,12284
6311,4865
6311,14594
6311,2294
6308,6225
6308,447
6308,4463
6308,22509
6309,13060
6309,7252
6309,11497
6317,8531
6317,129
6314,24700
6314,18693
6314,12460
6314,23969
6313,3900
6318,2014
6318,17809
6318,5354
6318,7489
6318,11902
6316,7385
6316,22393
6316,5029
6329,9157
6329,18135
6319,22754
6319,19721
6319,7003
6319,7130
6319,13434
6332,1755
6332,2332
6334,770
6334,3939
6322,23278
6322,4303
6335,7618
6335,18388
6335,1783
6335,478
6335,10141
6337,22178
6337,14372
6337,20361
6337,7681
6337,9169
6320,22534
6320,20291
6320,22086
6320,2341
6324,9634
6342,301
6342,20608
6342,1429
6325,24496
6325,17992
6325,14007
6325,15267
6345,17561
6345,23655
6345,4878
6345,14518
6328,5518
6327,3113
6327,4874
6327,6688
6327,23443
6353,8991
6352,2172
6352,10753
6352,11047
6350,13467
6350,14715
6350,18418
6350,14265
6356,14390
6356,651
6356,20585
6365,4918
6363,5549
6363,16403
6363,16612
6363,18243
6363,23289
6372,22894
6372,9150
6364,16596
6364,9399
6364,10749
6364,9417
6364,16577
6371,3278
6371,15147
6371,14638
6371,9126
6370,12118
6370,10976
6370,23388
6370,1205
6366,12459
6366,21929
6366,461
6366,4899
6366,10025
6376,10378
6384,2818
6383,10085
6383,24921
6383,20778
6383,5567
6383,20927
6387,19264
6387,13705
6387,13040
6387,5556
6387,20520
6373,16513
6389,12346
6389,95
6390,19899
6391,13482
6391,14853
6392,13816
6392,14807
6392,11344
6392,12762
6397,14497
6396,1407
6396,4204
6396,22489
6396,5653
6374,6985
6374,14761
6374,15212
6374,8076
6374,15846
6362,6155
6362,19987
6398,13513
6398,12255
6400,18092
6403,19324
6403,8414
6403,66
6403,3521
6403,10247
6401,19310
6401,986
6406,10839
6406,17213
6406,13562
6406,18394
6407,20350
6407,17333
6407,8064
6408,13793
6409,15110
6411,6184
6420,10206
6417,21928
6417,22774
6417,1148
6417,17076
6417,11554
6426,18323
6426,19311
6426,5693
6426,11478
6428,10166
6428,24986
6436,5556
6436,14342
6436,7053
6436,22249
6436,8463
6435,6730
6435,6977
6435,8448
6435,3366
6412,20384
6412,16160
6415,5299
6415,8348
6415,22702
6415,23285
6437,13298
6413,4696
6419,9504
6419,17472
6419,144
6416,22527
6416,11171
6416,3248
6416,9273
6416,10561
6441,8628
6441,19683
6444,5737
6444,4481
6444,2848
6444,7886
6444,2586
6442,2765
6442,15338
6442,6948
6442,12262
6442,11102
6446,2494
6446,16969
6446,14599
6446,2354
6443,6546
6449,22270
6449,8880
6449,22048
6449,19275
6453,24946
6453,23578
6453,12133
6453,8763
6456,15407
6456,2315
6447,6600
6447,17563
6447,24948
6447,24505
6447,5095
6461,4972
6460,1464
6460,1666
6460,2047
6460,9306
6462,7013
6462,2639
6457,22977
6457,1931
6471,6892
6471,19360
6471,1187
6468,16323
6468,21265
6468,17508
6468,5204
6478,17000
6478,19913
6487,22676
6487,13973
6487,18539
6487,824
6487,15629
6485,8415
6485,8273
6485,19004
6485,6863
6485,15141
6491,16658
6491,10133
6488,19393
6488,3063
6488,21298
6488,1677
6488,11818
6490,22713
6490,6198
6490,16225
6480,24985
6480,8880
6480,4548
6480,15663
6480,3238
6483,12759
6483,1147
6483,4762
6483,1539
6483,12172
6495,12430
6495,23693
6495,20304
6495,4873
6496,7040
6496,19515
6496,14027
6496,17151
6477,24561
6477,6758
6477,14830
6477,11446
6474,2924
6474,22037
6474,4672
6474,21576
6474,24916
6502,22942
6502,22375
6502,24490
6502,10770
6503,9942
6503,17966
6503,24497
6503,10484
6503,2649
6481,19975
6481,11477
6481,8902
6506,8643
6509,23120
6509,24839
6509,21009
6509,19730
6510,19529
6510,2832
6513,4562
6513,12803
6513,1433
6513,11763
6514,10753
6514,2172
6514,16205
6515,1793
6515,17702
6515,24985
6517,9728
6517,9299
6517,17592
6517,24632
6517,17438
6522,16920
6522,16608
6521,21181
6521,6477
6521,20950
6521,18289
6511,4502
6511,4067
6511,18349
6511,12385
6511,5515
6526,19099
6526,5863
6530,21738
6529,23358
6529,1824
6529,13345
6529,3960
6531,21956
6531,8764
6531,5329
6531,14514
6532,5993
6527,4744
6527,11107
6524,18403
6524,11902
6524,7503
6463,12006
6463,19565
6463,10359
6463,18369
6463,15978
6534,2940
6534,6718
6534,10250
6534,1270
6536,16959
6536,10679
6536,13736
6536,21259
6536,17740
6535,4215
6537,23438
6537,16782
6539,18465
6539,23282
6541,4908
6541,21568
6541,7816
6543,7951
6543,17625
6543,18172
6543,7807
6544,19334
6544,16898
6544,6312
6544,22985
6544,12614
6549,6071
6549,351
6549,3704
6549,2556
6545,20398
6545,6535
6545,19605
6545,3692
6551,13940
6551,24076
6551,1045
6551,9127
6551,22354
6555,20256
6555,22087
6555,23525
6555,5517
6552,197
6567,16019
6561,14920
6561,18334
6561,749
6570,18531
6570,5338
6570,24726
6571,20907
6571,12124
6571,23462
6571,18396
6571,12524
6560,6121
6560,3405
6560,17087
6560,22789
6556,4912
6556,6984
6558,1615
6558,20040
6563,11118
6563,7772
6563,23699
6563,24935
6573,16647
6573,22039
6572,8177
6572,21371
6572,773
6584,20250
6584,20451
6584,7145
6584,17060
6584,16048
6588,21959
6588,11749
6588,18121
6589,15156
6589,22401
6593,21002
6593,19850
6593,8177
6593,14299
6593,3959
6591,9775
6591,3409
6591,3656
6591,8125
6596,7776
6596,9384
6578,18413
6578,5613
6578,18163
6578,15827
6578,20585
6597,3399
6597,15416
6597,5926
6576,8088
6576,10119
6576,16891
6581,3421
6581,24199
6581,11970
6581,24643
6574,10011
6601,18692
6601,20885
6599,13771
6599,9367
6599,17970
6602,8928
6605,15931
6605,15845
6605,19724
6606,16345
6606,21249
6606,19714
6607,17164
6607,10668
6610,11696
6610,9249
6610,16583
6610,2544
6611,9191
6611,1558
6611,9866
6611,16792
6609,5926
6609,12835
6614,22850
6614,15063
6614,23171
6614,8025
6614,24767
6615,10939
6615,5632
6616,10953
6616,2342
6616,1568
6619,5527
6619,3425
6619,24788
6619,9704
6623,18066
6623,22411
6623,20150
6625,9948
6625,18856
6625,10099
6625,20427
6625,18874
6631,5197
6626,24215
6628,22417
6628,11212
6628,10112
6628,5235
6633,23199
6634,12679
6634,7817
6634,7042
6634,13244
6634,19656
6637,2829
6637,18278
6638,22853
6638,12480
6638,1118
6638,2890
6640,8647
6640,752
6635,24996
6635,15150
6635,20888
6635,20049
6635,16450
6627,6721
6627,23684
6627,8930
6627,17851
6642,23240
6641,14927
6641,22752
6644,21632
6644,6920
6644,15289
6644,4431
6644,5412
6630,14998
6630,8412
6622,17088
6622,8362
6622,1355
6622,23664
6622,13711
6648,8501
6648,6329
6648,2388
6648,8857
6648,14774
6603,129
6603,11003
6603,19361
6646,2140
6646,24323
6646,8899
6646,13850
6646,6673
6652,19609
6652,3885
6653,17528
6653,10773
6653,11167
6653,16958
6653,5957
6647,10307
6639,6328
6654,16634
6654,7650
6654,1280
6654,11883
6618,11155
6656,17995
6656,309
6660,24478
6660,9248
6660,7155
6660,374
6657,12516
6657,10975
6657,7303
6657,8063
6657,9243
6661,20440
6661,20094
6661,16629
6659,22303
6671,22728
6671,23970
6671,22870
6670,2965
6670,4627
6670,14502
6670,8719
6670,2332
6663,4204
6677,14818
6677,15006
6677,2384
6677,11706
6678,10562
6678,23430
6679,7976
6679,19109
6679,13688
6679,13994
6679,20937
6665,20210
6680,22280
6680,12642
6680,20601
6680,6658
6667,15859
6686,21750
6662,3680
6662,20084
6662,6422
6662,14521
6684,21967
6684,20045
6673,16977
6673,18953
6673,3345
6683,19471
6683,12094
6683,14715
6683,19360
6683,3153
6689,15017
6689,6575
6689,12943
6689,23173
6682,16004
6688,24446
6693,21090
6693,3578
6693,5230
6693,20402
6698,14853
6698,21632
6698,22278
6697,15065
6697,12181
6697,1896
6699,19570
6699,20549
6703,10940
6703,10755
6703,12816
6703,24202
6676,5193
6676,18948
6676,11754
6676,835
6706,6136
6706,3269
6706,24318
6706,4726
6691,12629
6691,16036
6691,4156
6691,5941
6691,18029
6710,8987
6710,24761
6710,16405
6709,18795
6709,3311
6709,1103
6708,1648
6708,11677
6708,2115
6713,6140
6714,20331
6714,20680
6711,4612
6711,11414
6711,24751
6711,3394
6718,8893
6718,24166
6718,17627
6718,2432
6718,24315
6716,3338
6716,8701
6716,21394
6721,770
6721,3538
6721,11098
6736,8932
6731,21579
6735,5602
6735,17179
6735,10498
6735,12385
6735,15726
6738,19787
6738,9887
6727,9922
6727,4519
6727,22861
6737,9722
6737,21564
6740,11475
6744,9664
6744,12947
6744,23432
6744,441
6742,2145
6739,10193
6739,9944
6739,14581
6739,11315
6739,7084
6734,10871
6732,5096
6745,12873
6745,12499
6745,22144
6745,16015
6745,598
6746,5284
6749,11816
6751,23312
6751,19052
6751,2951
6751,7123
6729,24480
6750,9937
6750,13790
6687,3246
6687,7286
6687,24968
6758,8588
6758,2040
6757,4492
6755,11242
6755,6634
6755,7864
6755,5741
6761,12085
6761,22070
6766,12966
6766,15226
6764,2734
6764,3763
6764,16967
6764,18643
6764,21221
6767,7409
6767,19550
6767,12959
6767,23760
6767,4562
6753,2949
6753,496
6753,7220
6753,12425
6753,18597
6769,16117
6769,6761
6769,1632
6769,13453
6771,3080
6771,4017
6771,15918
6772,2873
6772,24262
6780,11260
6780,4874
6780,9555
6780,8399
6780,7004
6754,16749
6754,9529
6754,14180
6754,21991
6754,21894
6785,7935
6785,9510
6785,6520
6785,16011
6786,19807
6786,10579
6786,23392
6787,10447
6787,4675
6787,10512
6787,6169
6787,21442
6781,4074
6775,17069
6775,9679
6775,23568
6790,15282
6790,13273
6790,8903
6790,24334
6790,15569
6793,15398
6793,671
6793,18996
6796,14349
6796,12052
6796,767
6794,24492
6794,2390
6794,17215
6794,21623
6794,5536
6799,4121
6800,4405
6800,16862
6800,2489
6800,3890
6800,1109
6801,20538
6797,7120
6776,13698
6776,8764
6776,317
6784,7898
6784,14242
6784,2028
6788,14644
6788,16138
6788,2715
6788,20314
6788,19552
6778,6855
6778,21685
6778,3375
6778,16031
6782,22613
6782,20827
6782,8622
6782,9552
6782,11240
6803,21394
6803,1737
6802,5501
6802,9750
6802,14722
6808,7299
6808,5160
6808,9476
6808,13650
6811,19954
6804,2922
6804,14379
6804,20916
6809,9150
6809,2352
6809,9813
6809,8248
6814,7080
6814,13123
6814,6646
6812,13594
6812,12724
6813,24145
6813,6645
6807,451
6818,22859
6818,16668
6818,9555
6819,17426
6819,13139
6816,16231
6816,10586
6816,1780
6816,24116
6816,12899
6815,24649
6815,15657
6815,19188
6822,9766
6822,20641
6822,8195
6822,21468
6822,5678
6823,20809
6823,14580
6823,6686
6824,17043
6825,10857
6827,15683
6828,3876
6828,15563
6828,20146
6828,15386
6829,1380
6829,553
6829,16366
6829,2328
6829,1122
6830,13304
6830,23530
6826,16113
6826,8034
6826,19244
6826,20746
6832,476
6832,473
6831,13292
6831,3784
6831,12671
6831,24091
6831,15308
6834,8941
6834,14120
6834,7351
6838,12458
6837,1792
6837,22989
6837,4740
6837,1148
6837,22180
6836,23388
6836,10781
6836,21884
6836,1575
6839,1693
6839,15622
6839,1934
6835,8004
6835,8120
6835,12183
6835,14126
6835,22883
6844,20892
6844,11580
6844,15238
6844,16244
6845,12946
6845,8192
6845,17824
6845,7389
6848,21956
6848,18216
6849,9454
6849,13654
6857,21919
6857,4844
6854,17463
6851,17464
6851,9486
6851,5457
6856,9806
6856,801
6856,12823
6856,19726
6862,4843
6862,11776
6864,5407
6864,10955
6867,13958
6867,17910
6867,2660
6867,4814
6869,24238
6869,22357
6869,13735
6869,13696
6852,5357
6852,12974
6852,24551
6865,6583
6870,7710
6870,20073
6873,5101
6873,15221
6875,14605
6875,2957
6875,22532
6875,15837
6858,17558
6858,22682
6872,18936
6872,24444
6872,18858
6872,5361
6872,3524
6853,15489
6853,3977
6866,12495
6866,13741
6866,695
6866,13674
6866,18126
6846,19570
6846,20483
6846,2381
6846,15720
6860,7553
6860,21094
6860,603
6860,24723
6860,1015
6874,15121
6874,8559
6874,24991
6850,23027
6850,7210
6850,19092
6850,19272
6886,17654
6886,21383
6886,15383
6886,23012
6886,3868
6885,2686
6885,18601
6885,21244
6885,4550
6887,11241
6887,7884
6888,3925
6888,13184
6888,7442
6888,15195
6888,23675
6889,22424
6889,4678
6889,994
6889,18854
6889,21620
6891,16436
6891,21381
6891,16950
6881,37
6881,22383
6881,20791
6881,18489
6895,17649
6896,7488
6896,2685
6896,18437
6896,21695
6893,16560
6893,9647
6893,10176
6893,6338
6893,16008
6898,15144
6898,12001
6898,7937
6900,20222
6900,14644
6899,10139
6899,21926
6899,17590
6899,13281
6902,4424
6902,3363
6902,17537
6877,10890
6877,8792
6879,16935
6879,18659
6879,2818
6879,8379
6879,18924
6897,23405
6897,7462
6897,16811
6883,23262
6883,22487
6883,20534
6883,14021
6909,21523
6909,24529
6909,6358
6910,11529
6913,23995
6912,16808
6912,19757
6912,13569
6912,15946
6914,11287
6914,1287
6914,1084
6914,4044
6914,22305
6916,19211
6917,18126
6917,11367
6917,7040
6917,6902
6918,24584
6918,2590
6918,11952
6918,15547
6918,5680
6904,10640
6904,22328
6904,1446
6904,15074
6924,10748
6924,24512
6924,20916
6922,1156
6922,15719
6922,11643
6922,13968
6922,12579
6923,5470
6923,4094
6923,23565
6926,22271
6926,22798
6926,940
6926,18385
6926,9806
6927,2409
6927,12800
6927,3091
6934,22378
6938,11338
6936,7594
6936,13623
6936,4041
6936,9864
6936,8524
6937,7520
6935,23671
6935,7910
6935,9115
6935,9597
6935,23488
6939,7136
6939,2679
6939,15423
6939,5067
6942,10758
6940,24903
6940,6976
6943,18882
6944,3692
6944,2016
6944,3657
6947,1461
6947,18832
6947,7716
6947,3161
6946,13566
6946,8335
6946,11157
6946,24583
6953,24527
6953,7346
6953,12810
6954,5798
6954,10566
6945,6072
6945,13965
6951,16450
6951,22148
6951,2893
6961,24075
6958,19832
6958,11174
6967,22162
6967,19467
6967,3995
6967,29
6964,10733
6964,22462
6964,8558
6964,10471
6965,2436
6965,9951
6965,19347
6965,23979
6965,4555
6966,17119
6966,20313
6966,13449
6966,10924
6968,501
6968,7747
6970,24090
6973,11271
6973,7661
6972,15237
6972,4799
6972,8676
6975,19404
6975,9305
6975,8702
6975,10490
6975,24220
6978,10798
6977,6032
6977,16374
6977,19957
6977,15505
6977,14998
6979,2604
6979,170
6979,13817
6979,23212
6979,21921
6987,16004
6987,4333
6988,16875
6982,22388
6982,6842
6982,4090
6986,23246
6986,5955
6986,15497
6986,18616
6984,3180
6984,682
6984,3937
6984,17210
6984,16976
6991,13252
6991,24246
6991,2154
6991,3849
6993,14606
6993,9169
6992,8989
6992,4508
6992,8662
6992,14732
6996,20797
6996,19026
6995,7642
6995,15837
6998,11861
6998,21703
6998,814
6998,8686
7001,974
7002,16594
7002,14227
6999,10351
6999,5144
6999,21519
6999,13820
7004,5059
7004,22152
7006,13186
7006,19367
7007,22810
7010,14786
7005,20933
7005,14730
7005,3315
7005,2173
7005,21584
7012,20611
7012,20223
7012,4029
7012,20712
7018,7157
7018,11285
7018,8793
7018,569
7024,19495
7024,5239
7024,24474
7027,6620
7026,5125
7026,22150
7026,448
7026,14461
7021,13989
7021,3631
7025,2691
7025,14405
7025,3330
7030,12518
7030,5534
7030,11298
7030,15329
7030,18959
7032,5575
7032,4797
7032,23428
7032,15028
7032,15051
7036,21740
7036,17092
7036,20850
7036,6045
7036,1539
7039,5849
7039,23666
7039,13111
7033,24960
7038,15946
7038,4360
7042,9023
7048,5874
7048,16612
7048,5678
7054,2672
7054,8198
7054,11943
7050,4453
7050,14625
7050,4839
7049,18798
7049,15312
7049,23960
7049,24570
7049,21726
7059,10107
7059,11684
7057,21452
7057,313
7057,22418
7057,4560
7057,10210
7046,4810
7046,21531
7062,22138
7047,18955
7047,18974
7047,9682
7066,898
7064,4593
7064,5213
7064,4999
7064,14985
7064,14815
7067,23085
7067,14613
7067,11463
7045,23033
7045,3814
7069,10824
7069,18646
7068,18126
7068,21309
7051,16262
7051,4818
7051,2898
7051,16004
7051,11076
7072,8055
7072,19386
7072,13696
7072,13584
7072,24820
7070,8671
7071,4678
7071,17372
7071,1140
7075,12821
7075,14676
7076,23139
7084,5358
7084,14648
7084,16988
7077,4528
7077,24011
7077,1720
7088,13733
7079,20230
7079,1085
7079,4263
7083,13918
7081,624
7081,9206
7081,20162
7081,8504
7081,23634
7089,13815
7089,728
7089,6665
7089,20448
7089,7208
7091,15711
7091,896
7091,13030
7091,833
7094,12587
7090,15622
7090,3770
7090,5873
7090,24392
7090,3074
7093,10925
7095,12485
7095,24384
7095,23391
7095,10367
7095,19148
7098,524
7098,14188
7098,1678
7098,21355
7096,10507
7096,11229
7096,18231
7096,12910
7096,22509
7099,7615
7099,21259
7099,12454
7099,24291
7099,11388
7102,16678
7101,20047
7101,1842
7101,20689
7101,17361
7101,4038
7103,10071
7103,14513
7103,22017
7103,14387
7103,3736
7104,20879
7104,23957
7104,20696
7104,8516
7105,15110
7105,15352
7105,21986
7105,12546
7105,2459
7114,11015
7097,18030
7097,13814
7097,20695
7097,18689
7113,8252
7113,16141
7113,10486
7113,14399
7113,22164
7110,22214
7110,12518
7110,1770
7112,1600
7112,18071
7112,22402
7112,15193
7118,20126
7118,3948
7118,12379
7118,10872
7118,12156
7119,8459
7119,4698
7115,11879
7115,11489
7115,5798
7122,22516
7122,2137
7124,7496
7124,7491
7124,1555
7124,13976
7124,277
7117,21911
7117,8766
7117,4598
7129,1218
7129,817
7129,9809
7137,2006
7137,10274
7137,20061
7135,1475
7135,3934
7131,17717
7131,8442
7142,829
7142,13994
7139,9654
7139,13876
7139,18692
7139,13536
7139,18636
7145,7196
7145,18540
7145,13071
7145,22413
7125,6128
7125,4091
7125,3222
7146,2268
7146,1997
7146,23235
7146,2541
7146,15820
7152,11019
7152,24697
7152,18326
7152,1299
7155,13498
7155,20067
7156,20050
7156,20632
7156,4519
7154,8190
7133,954
7133,6401
7133,10355
7153,12656
7153,24106
7157,4104
7157,21610
7160,228
7160,15720
7160,3889
7160,11095
7128,22723
7128,1057
7128,12164
7128,5840
7128,8757
7162,11519
7162,10425
7162,19252
7162,13272
7162,19344
7164,2913
7164,8300
7159,3771
7166,996
7166,17865
7168,4355
7169,22366
7169,6618
7171,20017
7171,6024
7167,3460
7167,14117
7167,9784
7167,11965
7172,11715
7172,9378
7172,1894
7172,3999
7173,18712
7173,6710
7173,8855
7173,10668
7174,16917
7174,20585
7178,443
7179,11155
7179,17455
7179,8769
7187,4801
7187,15534
7187,5377
7187,13351
7192,1924
7193,7920
7181,12825
7181,15141
7181,17294
7181,23745
7185,14799
7185,6072
7185,5516
7197,13805
7183,23668
7183,2119
7183,4822
7200,16454
7201,16752
7201,8703
7201,20530
7201,12049
7184,10299
7184,16257
7195,6477
7195,10813
7195,7891
7195,23687
7177,22528
7177,2400
7177,24970
7209,13010
7209,24282
7209,20375
7209,16741
7208,18210
7208,18154
7208,16136
7208,21373
7208,5034
7206,11133
7206,14935
7207,426
7207,7105
7207,18460
7207,16516
7207,10961
7190,3795
7190,1786
7190,15326
7190,20807
7186,16283
7186,15351
7186,17399
7186,7131
7186,24576
7210,19066
7210,6114
7210,330
7210,21743
7210,12687
7213,18123
7213,13983
7215,23504
7216,4129
7216,2373
7216,10004
7216,13513
7214,17430
7214,11845
7214,1483
7221,9247
7221,5885
7218,10271
7218,1035
7218,21467
7225,4013
7220,3019
7220,2996
7220,7179
7220,471
7233,12476
7233,1273
7233,20190
7224,21472
7224,7820
7224,2443
7224,10361
7238,896
7223,3680
7223,22714
7223,21066
7237,12531
7237,13307
7237,10960
7239,810
7243,14457
7244,19127
7244,15611
7244,8088
7235,22365
7235,8540
7235,7100
7235,22227
7235,19525
7245,10436
7245,16232
7245,22964
7246,6299
7246,4921
7246,13566
7246,7277
7247,10875
7247,7198
7247,20364
7247,14180
7247,9266
7251,21525
7249,18553
7249,11506
7249,22946
7249,3633
7248,23357
7248,4677
7248,4297
7248,23169
7248,13151
7254,15433
7254,1539
7254,11505
7257,20943
7256,4570
7256,3421
7252,23949
7252,2503
7252,5461
7252,21364
7255,6041
7255,16016
7255,3075
7255,18839
7253,22282
7253,13277
7253,5567
7259,7108
7259,9778
7259,15256
7260,24238
7260,8699
7260,17212
7261,20671
7261,22297
7261,4536
7261,20789
7263,22102
7263,7151
7263,21408
7263,13738
7264,10755
7264,9191
7265,8862
7265,21754
7265,10688
7262,4434
7262,22540
7267,5382
7267,23709
7267,20984
7269,19969
7270,22443
7270,19906
7266,24473
7266,21020
7266,10401
7271,24894
7271,4096
7271,14556
7274,12313
7274,14260
7274,376
7274,13592
7276,19659
7276,21962
7276,12565
7276,984
7278,12176
7278,11845
7278,17198
7277,22790
7277,17651
7277,22160
7277,10114
7275,14429
7275,24300
7275,22503
7275,21364
7282,14423
7282,18198
7281,7839
7281,7947
7289,1158
7289,9441
7287,5582
7287,3620
7287,3667
7287,1868
7287,1803
7293,19642
7295,4192
7295,3012
7295,18390
7295,13659
7295,2186
7296,10691
7296,650
7296,14192
7296,711
7300,8952
7300,18437
7300,16499
7300,16950
7300,7196
7306,13340
7306,3900
7304,2741
7302,20433
7314,10608
7316,16976
7316,24815
7290,3279
7290,14536
7290,13789
7290,19737
7290,17291
7310,2271
7310,632
7310,17202
7310,16821
7319,1997
7322,636
7318,20120
7318,385
7318,23053
7318,848
7318,24724
7305,12009
7324,8182
7321,22155
7321,8559
7321,14494
7321,11747
7321,19718
7308,7337
7308,1440
7308,15984
7308,14313
7315,24353
7311,3692
7329,13390
7329,14519
7331,3332
7331,12381
7331,5193
7331,9703
7331,3285
7334,21682
7334,21116
7334,6458
7334,12371
7330,10871
7330,12185
7330,16582
7330,10957
7330,13068
7335,2678
7335,7916
7335,11367
7335,6288
7335,3936
7337,10704
7337,17271
7337,247
7337,19838
7337,7342
7338,13697
7340,13786
7340,11086
7340,21281
7340,5113
7344,10594
7344,3239
7344,6346
7344,20251
7345,7293
7345,9366
7345,4674
7347,9679
7346,9991
7346,2982
7352,6369
7353,18305
7353,450
7353,18604
7359,14612
7360,4559
7360,8580
7360,3333
7360,4489
7360,10077
7361,2957
7361,3740
7361,5162
7361,3771
7361,22690
7362,13027
7362,19769
7362,12426
7362,9919
7364,6212
7364,21770
7364,16619
7364,24737
7368,10399
7368,23596
7368,8084
7368,2398
7367,3250
7367,21585
7367,2534
7367,15840
7367,14970
7372,9990
7372,22431
7374,7718
7374,5699
7374,14860
7373,18855
7373,695
7373,16519
7373,24468
7373,22006
7375,21906
7375,5604
7377,2612
7377,7281
7377,20301
7377,11418
7377,800
7380,10545
7380,12986
7378,21261
7378,1892
7378,17646
7378,13899
7378,15999
7383,19593
7383,24038
7383,4468
7383,1237
7385,21569
7385,23905
7385,5189
7385,9247
7394,21618
7394,1585
7389,14107
7392,14296
7392,13343
7392,9374
7392,5540
7392,15020
7395,13542
7391,23953
7391,19885
7391,4341
7391,21313
7391,19571
7387,14889
7387,22436
7398,23284
7398,13644
7398,9423
7398,17057
7396,4800
7396,757
7396,22507
7402,21742
7402,4936
7402,16364
7402,2146
7402,6065
7405,16258
7405,15274
7405,126
7407,5170
7406,6723
7406,18264
7406,17492
7408,5643
7408,15148
7408,1692
7409,21724
7409,15785
7409,6875
7409,19205
7409,3686
7411,13809
7411,11655
7414,17433
7414,3931
7417,16541
7417,5489
7417,17530
7416,18349
7416,18432
7416,917
7415,4800
7422,2195
7422,8153
7422,4061
7424,20002
7419,7813
7419,21514
7423,10722
7423,3861
7423,8136
7423,8419
7423,13180
7420,14948
7425,5190
7437,20671
7437,8250
7440,11912
7440,6535
7440,23063
7439,18283
7439,22711
7439,12167
7430,17426
7430,20757
7428,15251
7428,6436
7428,8566
7428,16611
7443,5153
7443,21307
7444,16028
7444,12667
7445,4622
7445,23943
7445,9066
7445,20585
7448,6342
7448,14781
7448,21594
7448,15156
7448,21351
7446,22815
7446,22937
7446,23302
7446,11858
7446,23367
7431,1242
7427,23927
7427,359
7434,13705
7451,21124
7451,2804
7451,8869
7451,4342
7451,12833
7435,19386
7436,13605
7454,16560
7454,17924
7454,4188
7454,5560
7458,7083
7458,2397
7458,1820
7458,19889
7460,14769
7457,7488
7457,4631
7457,5992
7463,11197
7467,5428
7467,19430
7467,2058
7465,15797
7465,8945
7465,740
7465,8126
7455,1059
7469,3977
7469,8806
7472,18735
7461,22629
7480,7217
7480,23410
7480,5785
7480,22635
7474,23088
7474,1147
7474,12279
7474,23823
7484,23367
7484,332
7484,18575
7487,21421
7486,24430
7486,3116
7489,9022
7489,10146
7491,7840
7491,3170
7494,9835
7494,18323
7494,14609
7494,4823
7494,19260
7495,14805
7495,5093
7495,22462
7470,22214
7470,9565
7470,11838
7470,4911
7470,1047
7478,6971
7478,12656
7478,11907
7478,3488
7481,24293
7481,17409
7481,24605
7481,24228
7497,11881
7497,6587
7490,9230
7490,13498
7471,13291
7471,6561
7471,1743
7505,4536
7505,5082
7505,1005
7503,21389
7500,10635
7500,13001
7500,10972
7500,13024
7500,22250
7506,15856
7506,19905
7506,24545
7501,4537
7501,19325
7507,14426
7507,5066
7507,3768
7507,23780
7507,3422
7508,6288
7508,17392
7508,15733
7499,6610
7499,10739
7499,23400
7512,24630
7509,5017
7509,596
7509,23627
7509,632
7509,22041
7514,20143
7513,23620
7517,12010
7517,7142
7520,21438
7520,9977
7521,20255
7515,4598
7515,9589
7515,982
7515,2680
7515,21164
7524,16082
7523,13141
7522,5602
7522,11369
7522,15381
7522,14374
7525,15647
7525,15235
7526,17465
7526,12948
7526,4512
7527,11320
7527,2924
7527,5703
7529,8199
7529,10614
7529,10181
7530,21350
7530,7363
7532,19992
7532,7569
7532,8201
7532,8741
7539,24911
7536,280
7536,3278
7540,427
7540,3362
7540,14762
7540,15521
7546,15925
7546,24654
7546,13409
7551,2265
7542,22123
7560,4035
7560,14489
7561,2404
7561,3333
7561,10727
7561,1862
7562,18443
7562,17877
7562,23469
7565,19134
7543,24549
7559,19833
7559,12201
7559,13433
7559,22569
7567,16890
7567,14095
7567,15376
7571,17981
7571,4554
7573,11487
7573,3088
7573,16091
7568,10779
7568,17723
7568,20771
7568,10563
7568,19538
7519,20256
7519,3525
7519,12975
7519,19914
7516,13914
7516,22879
7516,15451
7516,24608
7516,22343
7553,11855
7553,4100
7553,5632
7553,15430
7554,16395
7545,20556
7574,23384
7574,329
7574,8361
7574,21701
7575,24909
7577,9054
7577,10045
7577,18144
7577,11885
7590,19380
7590,11870
7590,19632
7590,24353
7590,23294
7584,10644
7584,8650
7593,19659
7593,17744
7593,16671
7593,24407
7593,23002
7592,7207
7592,72
7592,5245
7592,14140
7592,1244
7596,6247
7596,24961
7596,3233
7597,3202
7597,3203
7597,5760
7597,2131
7597,14202
7587,17897
7587,19373
7587,13397
7587,16733
7587,17770
7599,822
7578,642
7578,5974
7578,14392
7586,787
7583,14768
7583,22505
7583,14878
7609,18268
7609,7523
7609,16627
7609,898
7608,12729
7608,23090
7603,14483
7611,22964
7615,5679
7615,17373
7612,24084
7616,18366
7616,14983
7616,24898
7616,24674
7616,23172
7617,21983
7617,24350
7620,11260
7618,2716
7618,24028
7618,13255
7618,20328
7622,16295
7622,19072
7622,24675
7622,1754
7622,23303
7601,7721
7601,16495
7601,20759
7601,21288
7601,15810
7623,2361
7623,2852
7623,2695
7623,3191
7626,18721
7626,3729
7629,20165
7629,8172
7629,21824
7629,7664
7634,6773
7634,12048
7634,21840
7634,5740
7634,21594
7636,8938
7636,7841
7636,1475
7636,20337
7632,16356
7632,5826
7632,10520
7632,9693
7633,12842
7633,2182
7633,18028
7633,10947
7635,4149
7635,20594
7635,10919
7635,18308
7637,3236
7639,840
7640,11463
7641,4051
7641,20094
7641,21842
7638,17853
7638,2515
7638,21559
7638,19096
7644,7409
7644,18179
7644,6157
7644,7965
7644,14147
7579,4401
7579,13105
7579,21456
7648,22752
7648,20003
7648,4749
7649,8839
7649,5855
7657,3343
7655,22644
7655,3601
7661,4972
7659,24193
7659,17402
7659,1949
7659,19573
7662,15776
7662,10064
7662,14718
7662,18858
7662,2774
7664,4951
7664,24978
7665,13771
7666,4954
7674,5006
7674,4160
7656,13013
7656,19026
7656,1124
7656,22386
7656,7089
7677,15228
7677,10444
7677,8701
7677,2463
7677,13024
7653,15322
7653,15184
7653,19412
7668,11095
7647,15041
7647,8426
7647,11394
7647,21855
7647,6488
7676,1933
7676,8878
7676,10811
7646,2512
7646,15266
7646,8069
7646,5738
7688,5024
7688,16622
7687,13539
7687,22389
7687,8174
7691,21539
7691,2005
7691,7416
7691,8002
7694,7892
7693,15237
7693,22782
7693,2061
7692,14437
7692,6255
7692,20431
7692,21729
7699,14482
7697,17024
7698,13075
7698,19561
7698,21771
7701,9788
7703,1721
7703,4405
7706,23865
7706,23660
7684,22501
7684,8819
7684,19823
7684,15173
7684,10206
7709,8802
7709,24245
7686,18838
7686,7515
7686,6970
7686,17349
7711,9966
7711,7169
7711,8974
7711,11274
7711,3131
7714,3305
7707,17881
7707,2679
7707,6575
7715,20817
7716,5662
7716,7792
7716,18840
7716,11336
7716,15664
7721,19642
7721,16058
7729,23370
7731,5397
7731,2074
7731,6396
7730,14686
7730,21555
7730,2269
7730,20330
7730,1066
7732,23257
7732,2906
7732,14234
7732,24168
7732,20568
7724,143
7724,23870
7724,16695
7724,19108
7724,24885
7725,1440
7725,7467
7734,14713
7734,9582
7734,8858
7734,2485
7735,24795
7735,9199
7735,2166
7735,4436
7737,11230
7737,11034
7737,6074
7737,3895
7737,6475
7736,20696
7736,588
7736,4213
7736,12565
7739,12541
7739,17488
7739,4645
7739,23512
7739,5718
7740,19198
7740,18367
7726,7682
7726,17739
7726,23146
7726,1823
7722,2587
7718,19072
7718,13237
7718,17418
7718,9618
7719,5243
7742,10218
7742,14343
7743,7659
7743,1617
7743,2502
7743,15751
7743,7351
7744,3558
7744,20729
7744,11112
7744,12773
7723,19718
7723,23886
7723,24440
7723,18167
7723,20389
7745,12034
7745,18047
7745,562
7746,3629
7746,7563
7746,4050
7746,12380
7747,7276
7747,13658
7747,24862
7747,18508
7748,17760
7748,17209
7749,20926
7749,4195
7749,23371
7756,20887
7756,23598
7757,9814
7757,20579
7757,15083
7757,3348
7757,10557
7755,16104
7755,24626
7755,14646
7755,14092
7761,10635
7761,6722
7761,22251
7761,2831
7760,441
7760,19479
7771,5308
7772,20451
7772,10402
7776,8929
7776,13692
7776,14609
7776,7286
7770,11041
7778,968
7778,3194
7778,24360
7778,1519
7780,21714
7780,10972
7781,11095
7781,10906
7781,17053
7758,1144
7758,11267
7758,4717
7773,4194
7773,5220
7773,14809
7773,3576
7773,5472
7784,13481
7784,8023
7784,18108
7784,8336
7784,11279
7785,19333
7785,2941
7762,11138
7762,14172
7762,1396
7762,10325
7787,23669
7787,24852
7787,17732
7790,12943
7790,19
7790,3410
7791,11611
7791,12191
7791,3820
7789,4114
7789,4823
7792,24924
7792,6548
7792,21440
7794,9133
7794,20239
7794,9498
7794,20408
7794,20867
7799,24140
7799,12563
7799,13074
7806,22343
7806,10350
7807,5495
7807,16974
7807,18197
7807,13404
7807,23831
7801,374
7812,2715
7812,14488
7812,9204
7812,5742
7812,10004
7800,16004
7800,10378
7800,20255
7800,9881
7800,10857
7815,12605
7815,2404
7815,1389
7815,21899
7813,1211
7813,3858
7818,9052
7818,20660
7818,16401
7803,9313
7825,18605
7825,459
7825,24246
7825,22631
7823,6198
7821,23417
7821,16180
7821,12158
7821,19556
7821,15784
7824,18549
7824,2459
7824,10604
7824,13218
7824,775
7796,7220
7796,805
7796,20840
7796,20704
7796,24839
7826,10059
7826,18201
7826,20895
7826,3974
7826,14217
7828,22493
7828,5075
7828,22291
7828,12142
7828,11933
7798,12384
7798,24576
7798,2171
7798,1812
7798,2591
7829,21193
7829,8324
7829,12191
7830,10886
7830,9935
7830,2408
7830,19857
7830,4294
7831,10214
7831,1874
7832,8235
7832,9045
7834,14230
7834,4998
7835,4972
7835,17405
7839,2470
7840,17817
7840,8302
7840,15430
7842,3388
7845,13384
7845,8717
7845,14297
7848,7937
7848,24159
7848,1526
7848,23524
7848,24328
7847,5421
7847,6425
7844,15777
7844,9338
7844,8845
7843,14505
7843,20054
7843,3899
7838,300
7838,16011
7838,1861
7838,17765
7837,2494
7852,18125
7841,4821
7841,365
7841,17355
7841,9922
7858,10059
7858,15391
7858,22223
7858,2548
7864,15362
7864,4716
7866,23467
7866,22178
7866,9510
7866,20449
7866,12817
7869,17035
7870,22780
7870,22916
7870,5663
7871,23581
7871,6306
7871,2881
7874,20818
7874,4861
7874,5774
7861,7159
7861,16208
7873,5297
7873,3409
7875,5024
7875,23102
7875,17863
7875,620
7876,16383
7876,595
7876,6531
7859,4337
7859,12052
7859,8186
7859,24167
7859,19963
7863,16175
7881,24406
7857,23134
7857,23387
7879,4465
7879,18442
7860,10074
7860,17875
7860,22862
7860,2826
7860,16343
7854,13215
7882,16530
7855,10417
7855,17580
7855,5537
7855,8967
7855,9602
7884,15760
7884,4034
7885,3614
7885,14169
7885,16860
7885,1200
7885,4661
7887,19729
7887,21452
7888,20990
7888,14205
7888,13933
7888,2639
7892,23429
7892,3288
7893,15217
7893,10394
7893,3081
7893,11068
7898,6873
7898,18502
7896,24833
7896,17603
7896,16069
7896,22520
7896,12637
7897,1738
7901,7139
7901,17719
7901,3607
7901,11703
7901,10952
7912,14487
7912,17806
7899,4627
7899,19400
7899,14173
7899,19374
7913,8449
7913,13822
7915,21555
7915,9812
7915,4424
7915,12201
7914,13314
7914,19942
7914,19022
7914,727
7914,6942
7900,3092
7900,7335
7900,5963
7917,3033
7921,19886
7923,23389
7923,15028
7923,24436
7923,6297
7923,19636
7926,23373
7926,20924
7926,24505
7926,7412
7925,17264
7925,12309
7925,18572
7925,14007
7906,4524
7906,16195
7906,16887
7906,24213
7927,22550
7927,18270
7927,23772
7927,11131
7908,17823
7908,24591
7908,12558
7908,4502
7910,11236
7910,6957
7910,19808
7910,21381
7931,11
7931,3048
7931,8908
7931,14600
7911,24269
7911,1091
7911,20600
7911,19064
7911,6209
7933,9614
7933,23964
7932,9167
7932,18501
7932,23455
7932,16306
7932,8968
7936,16147
7936,4241
7941,11494
7954,19527
7954,24227
7954,23103
7943,9185
7943,22929
7943,1263
7943,7824
7943,3285
7958,13306
7957,1721
7957,1072
7957,20443
7957,11759
7956,20440
7956,9061
7956,3375
7956,13362
7961,14926
7961,12210
7961,12911
7961,6242
7963,20538
7963,14720
7963,4928
7963,7163
7963,9625
7948,16617
7948,5098
7948,24899
7948,14614
7948,8227
7944,8380
7944,15795
7944,14801
7944,2171
7951,4790
7951,3614
7951,19122
7942,16132
7942,14584
7947,1897
7947,415
7947,19866
7947,2999
7947,1105
7967,11052
7967,19956
7967,13895
7967,4417
7969,16036
7969,15920
7945,9700
7945,24482
7945,23244
7945,4770
7970,20728
7970,5047
7970,15878
7970,15799
7970,18711
7975,8719
7975,15433
7972,5394
7972,726
7972,18081
7972,1488
7976,11631
7976,6929
7976,18890
7978,19090
7982,10611
7981,23900
7981,23060
7981,5252
7981,21188
7983,18402
7983,12362
7986,15355
7986,1291
7984,23393
7984,13973
7984,16479
7984,5944
7987,16150
7990,8560
7992,19680
7991,2745
7991,22859
7991,9970
7991,10500
7991,19049
7994,8979
7994,8898
7995,17688
7995,5604
7995,19665
7995,14690
7995,20434
7996,7852
7996,4814
7996,498
7996,9271
8000,18330
8003,17886
7999,19841
7997,10288
7997,17919
8005,11237
8005,23769
8007,13430
8007,5596
8007,1672
8002,20534
8002,7799
8002,13253
8011,23798
8015,11703
8012,6815
8012,8820
8012,20943
8022,12291
8020,22115
8020,6471
8020,8691
8020,2298
8021,19115
8021,20514
8021,17563
8017,10914
8017,14126
8017,11995
8024,11622
8024,4771
8024,13796
8023,22618
8023,939
8023,7277
8023,13557
8025,23695
8025,24349
8025,20132
8025,21851
8027,14385
8026,1002
8026,12395
8026,11981
8026,11174
7993,3116
7993,10160
7993,6499
7993,5926
7993,4929
8028,1608
7962,4595
8031,10387
8031,11476
8031,2564
8031,2414
8035,19480
8035,17552
8035,23517
8039,13104
8041,21824
8040,16646
8038,15474
8038,14377
8037,581
8037,20173
8037,17070
8037,980
8037,24432
8043,12397
8043,4869
8043,8143
8042,13789
8042,14801
8042,4611
8042,6997
8050,14226
8050,16647
8050,22225
8050,21376
8046,8754
8046,6550
8055,19539
8055,16690
8055,20166
8055,8237
8056,18581
8059,6442
8048,1052
8048,10305
8048,9676
8048,16768
8048,19922
8061,24064
8061,10347
8060,19833
8060,20990
8060,14124
8064,10288
8064,152
8065,24833
8065,21455
8065,2609
8065,24611
8068,23750
8066,20604
8066,664
8066,11120
8073,20495
8069,22794
8069,13420
8069,20328
8069,19383
8049,23446
8049,21186
8049,15209
8049,21014
8054,17119
8054,11196
8071,12923
8071,24758
8071,4877
8067,8107
8067,9224
8067,4535
8045,13607
8045,7712
8045,9336
8075,19345
8075,14090
8075,4698
8075,24004
8075,14092
8053,18256
8053,12755
8053,7574
8053,11666
8053,4526
8076,7868
8076,16682
8076,17484
8076,12661
8077,827
8077,2858
8077,22731
8077,12275
8077,3742
8051,5783
8051,13419
8051,17061
8051,23588
8079,13861
8079,14806
8079,6744
8079,3950
8081,21834
8082,22580
8082,8723
8082,1117
8082,6158
8082,9870
8084,20242
8084,14960
8084,12881
8084,22582
8084,5348
8089,10901
8089,15673
8089,3205
8092,3585
8092,14713
8093,23722
8096,1428
8096,21863
8096,21555
8097,12338
8097,23557
8097,14644
8097,4057
8097,14559
8098,7616
8098,20093
8098,12992
8098,10229
8083,1100
8104,12766
8105,9291
8105,25000
8105,20920
8091,16351
8091,15922
8091,7497
8091,9855
8091,5282
8107,20133
8103,11200
8103,24066
8103,18923
8102,6025
8102,17126
8108,13500
8108,2256
8108,13604
8108,8453
8110,16893
8110,15942
8111,19082
8111,13240
8113,2986
8113,6958
8113,18264
8114,5122
8114,22282
8114,15834
8114,20066
8114,2810
8116,22384
8116,8075
8116,3147
8118,13481
8118,12163
8119,11627
8119,1636
8117,12135
8117,1755
8117,10
8117,17087
8117,5155
8122,23172
8121,15903
8121,24407
8121,17576
8121,9499
8121,16322
8125,19000
8125,293
8125,17631
8124,22701
8124,1574
8124,3620
8128,21704
8128,17274
8128,20205
8128,8789
8129,1305
8129,4923
8133,19530
8133,16440
8132,11691
8132,2204
8132,13478
8132,18824
8132,16787
8144,21293
8138,11041
8138,19287
8138,16405
8138,9045
8141,5950
8141,13521
8143,20644
8143,1108
8143,14998
8146,6660
8146,16612
8146,12263
8146,16453
8147,790
8145,19452
8145,18367
8145,19777
8145,21180
8145,12704
8140,2015
8140,9034
8140,23838
8140,23122
8150,17532
8150,18995
8148,4317
8148,24955
8148,2347
8148,18829
8148,19792
8151,20731
8151,4396
8151,18309
8151,12560
8151,22903
8152,586
8152,2023
8152,21629
8152,6299
8152,6911
8156,18870
8156,11375
8156,9755
8157,15325
8153,23147
8153,21526
8153,3534
8153,3883
8153,6539
8139,1
8139,6392
8139,24080
8136,23952
8136,23680
8136,2807
8136,18072
8136,8229
8137,21326
8137,23272
8137,4990
8137,8899
8134,17930
8134,7581
8134,23592
8134,10230
8159,24615
8159,7671
8159,20052
8159,14796
8165,18453
8165,18142
8164,19746
8164,23504
8174,18503
8174,7398
8174,15605
8174,12385
8173,6604
8171,5832
8171,2966
8171,3463
8175,17967
8175,10235
8180,22158
8183,3163
8185,22353
8185,23422
8185,24304
8185,4421
8185,2384
8176,13349
8176,11466
8176,6583
8176,9835
8188,18499
8188,16712
8188,9552
8188,12416
8188,16885
8189,20972
8189,8039
8189,6267
8189,2577
8189,17381
8190,13975
8190,6338
8162,19399
8162,18969
8186,24760
8186,20630
8186,11459
8168,19292
8168,22067
8169,16510
8169,2697
8191,5725
8191,18967
8192,7254
8192,24491
8192,14430
8192,1382
8192,18627
8193,10995
8203,11830
8203,369
8202,23992
8202,593
8202,9642
8202,290
8182,232
8182,8766
8182,23315
8182,8694
8182,14401
8201,24223
8207,3411
8199,2615
8199,20689
8199,3552
8199,12608
8199,5154
8212,15120
8212,8742
8212,1124
8212,14500
8217,13236
8217,9916
8217,18130
8216,12450
8216,17972
8216,16616
8216,9471
8216,23719
8200,8290
8200,14985
8200,8446
8200,14774
8195,22752
8219,12196
8219,2201
8219,15410
8219,3807
8219,17813
8220,16960
8223,20946
8223,6027
8223,18850
8227,11250
8227,13125
8225,2588
8194,11187
8194,2128
8194,1291
8194,19612
8194,2399
8229,6519
8228,1678
8228,13410
8228,16635
8228,21815
8228,22110
8080,9526
8080,5541
8080,12781
8080,2267
8230,20336
8230,22291
8230,20958
8230,3634
8230,15448
8231,6535
8211,15383
8234,2602
8234,779
8234,13156
8234,22267
8244,7259
8244,8033
8244,13735
8244,17246
8244,13856
8241,23920
8241,12629
8241,12556
8241,19968
8248,13305
8247,23811
8247,20977
8247,12884
8232,13860
8232,6799
8232,11704
8252,23717
8252,10579
8252,2785
8252,20697
8252,13168
8253,2989
8253,19241
8245,2807
8245,2924
8245,24692
8245,11643
8245,12918
8237,6237
8237,19542
8237,15830
8237,11680
8237,21166
8255,23679
8255,12643
8255,11715
8250,440
8233,6984
8233,4171
8233,11893
8235,15720
8235,12435
8235,9497
8235,21491
8263,9848
8263,15451
8263,18081
8263,16501
8263,17574
8261,12140
8261,301
8261,14780
8261,23939
8261,8649
8267,23415
8267,9702
8267,20461
8267,22344
8267,13027
8266,987
8266,17019
8266,7483
8266,10756
8266,9923
8271,7882
8271,4498
8240,11298
8240,19313
8239,10370
8274,17525
8274,18352
8273,3158
8273,16791
8277,16276
8277,18080
8277,11106
8277,11403
8278,9862
8278,14489
8278,8511
8278,23694
8278,23592
8283,16803
8283,16449
8283,16205
8283,10587
8281,5530
8281,5130
8279,7347
8279,23493
8279,3657
8284,1635
8284,12225
8294,2050
8294,16955
8294,23398
8294,20128
8294,9094
8296,3127
8296,24187
8296,9531
8296,637
8296,20112
8282,12456
8282,1622
8282,14445
8282,21121
8282,14024
8293,14925
8293,21874
8293,11707
8290,1495
8290,12496
8299,17030
8299,22682
8299,3044
8299,7634
8299,15973
8302,4800
8302,22640
8301,18224
8301,8964
8301,22387
8301,21249
8289,13955
8303,20267
8303,15510
8303,19258
8303,7812
8303,954
8276,23045
8276,24213
8276,19536
8276,1815
8276,18819
8304,3901
8305,2087
8305,18630
8292,23520
8292,16364
8292,18372
8285,1617
8285,16887
8285,11298
8285,9831
8309,20652
8309,21094
8309,10567
8309,20507
8309,6240
8310,3015
8310,20785
8307,13509
8312,1952
8312,15290
8312,11582
8312,12098
8308,14669
8308,346
8308,20547
8288,17645
8316,1159
8322,23638
8322,7400
8322,11435
8324,1778
8324,9587
8324,6559
8325,17339
8331,6254
8331,9543
8331,8972
8331,9556
8331,6009
8335,13011
8335,11792
8335,17611
8335,23712
8336,20611
8336,21720
8336,14416
8337,5819
8337,13299
8337,15854
8337,24054
8337,21697
8339,5180
8339,10735
8339,8772
8339,5480
8340,23102
8340,10917
8340,8109
8340,2748
8341,12674
8341,17557
8341,22942
8341,12990
8341,1683
8342,23422
8342,2828
8328,8109
8328,6664
8345,7551
8326,10253
8326,21536
8326,14180
8327,3626
8327,8764
8353,2230
8353,6156
8353,3622
8355,1433
8355,8770
8355,19400
8355,7830
8355,11215
8354,15656
8354,16327
8354,4674
8354,6695
8354,7668
8358,20551
8358,14494
8358,21046
8358,11662
8348,9028
8348,2867
8348,17440
8348,16104
8360,10239
8360,7733
8362,19685
8347,22665
8346,14327
8346,12377
8346,22758
8365,13962
8365,2252
8365,3785
8365,17309
8366,23668
8366,11980
8366,14491
8363,15013
8363,12594
8363,17499
8330,18379
8330,5310
8330,20239
8371,16813
8367,23091
8367,21696
8367,586
8367,4537
8367,23647
8364,277
8376,20114
8376,4174
8375,6356
8375,16663
8375,23183
8375,15017
8375,8538
8373,18934
8373,22787
8373,6958
8373,21048
8373,8174
8350,4384
8350,15866
8350,5124
8372,24102
8372,15775
8372,24724
8372,24812
8374,13654
8374,3468
8374,14693
8380,15737
8380,5991
8380,4555
8380,21378
8380,16292
8349,15130
8385,14238
8385,5388
8387,4646
8387,17019
8387,6139
8387,3383
8388,8071
8388,40
8388,21412
8388,18681
8388,144
8391,11114
8390,1720
8390,22625
8392,18664
8392,1791
8356,12466
8396,5263
8396,12889
8398,20707
8400,8089
8400,15614
8399,1406
8399,7997
8399,15782
8404,13633
8404,20678
8404,6828
8405,10900
8405,21882
8405,11563
8405,7407
8406,23022
8406,17132
8406,13594
8406,11815
8406,22991
8403,24609
8403,16149
8403,20675
8411,22337
8411,15570
8413,10143
8413,18054
8410,16104
8410,14372
8410,14835
8410,22080
8410,9303
8415,16813
8415,14562
8415,20354
8421,15897
8414,9630
8414,674
8414,22713
8422,14108
8429,14715
8429,10072
8429,23912
8420,13328
8420,5250
8420,17218
8420,15959
8426,10459
8426,16077
8426,2406
8426,80
8430,18658
8430,4042
8430,4530
8430,15093
8428,2206
8428,7238
8428,23383
8434,20276
8434,24245
8434,24042
8431,3977
8431,17038
8431,5383
8431,3041
8435,18920
8435,15504
8435,17708
8435,11948
8438,14536
8441,21364
8441,16354
8441,10997
8441,18752
8437,11870
8437,159
8437,18719
8437,6202
8436,15324
8436,19033
8436,10
8439,6891
8439,20391
8443,1322
8442,1066
8442,22143
8446,19792
8446,3735
8446,12632
8446,6166
8444,7351
8444,1412
8444,12542
8448,8591
8448,205
8448,16158
8448,2167
8448,20038
8449,9504
8449,16726
8449,11801
8449,10789
8452,24676
8452,14066
8452,24959
8457,3371
8457,23617
8450,4571
8450,1660
8450,11933
8450,16013
8458,1117
8458,5958
8451,17099
8456,3477
8456,11715
8456,22
8456,17294
8456,3490
8459,15883
8459,17183
8459,18531
8459,4007
8460,20642
8460,16161
8460,13997
8464,7547
8464,5901
8464,11327
8461,23076
8461,2568
8461,12410
8461,17837
8462,17945
8462,16131
8462,4388
8462,17461
8472,9518
8472,8407
8472,8791
8472,10355
8471,13466
8471,16523
8471,23384
8471,5614
8468,10729
8468,6879
8468,10119
8468,11943
8468,11623
8479,1188
8479,373
8477,23367
8477,24817
8477,1910
8477,18420
8477,10451
8487,3072
8487,19143
8490,19549
8490,15803
8485,3762
8485,10845
8485,2165
8485,20824
8488,9748
8488,5804
8488,23316
8486,21234
8486,8387
8486,23176
8486,20138
8478,7482
8478,20742
8478,10899
8482,24146
8482,4223
8482,19183
8482,5553
8480,22533
8480,1134
8494,7496
8499,5641
8499,21973
8499,6187
8499,2963
8493,13507
8493,15466
8493,22416
8493,17159
8493,22527
8483,648
8483,13084
8483,9337
8483,24146
8483,6212
8503,1507
8507,24884
8509,24651
8502,2134
8502,7173
8502,20411
8502,5406
8502,22900
8510,20694
8510,2378
8512,19714
8512,3882
8506,15393
8506,4815
8506,10824
8511,8507
8511,22030
8511,11683
8511,24604
8492,20895
8492,13322
8492,5470
8492,9892
8491,7200
8491,3383
8491,21055
8500,20063
8500,7274
8495,19592
8495,16838
8515,23862
8515,599
8516,17744
8516,11176
8516,3624
8516,3549
8519,24999
8517,19765
8517,6764
8517,23638
8517,19466
8518,12613
8518,8089
8518,19124
8520,9973
8520,21462
8523,5859
8523,17071
8523,23985
8523,22173
8523,23894
8527,24752
8528,12789
8529,6806
8530,20791
8530,418
8530,22706
8530,14900
8532,21253
8532,3481
8532,14703
8532,12627
8534,16345
8534,12401
8537,12003
8537,17833
8540,17792
8540,5022
8540,14685
8541,19853
8541,4585
8541,17113
8543,7831
8543,7624
8543,21982
8543,3768
8545,229
8545,17993
8545,11471
8545,7457
8546,6172
8546,24956
8546,6995
8546,2090
8548,1018
8548,10289
8548,1431
8548,18901
8550,15580
8550,7768
8550,582
8550,17589
8550,23023
8551,8096
8551,12942
8552,7935
8552,15853
8554,18291
8554,8759
8554,4039
8557,16771
8557,1384
8557,22764
8557,20837
8557,15040
8558,14194
8558,23741
8558,21337
8560,21545
8560,23426
8560,601
8560,14264
8560,8593
8563,3439
8563,21834
8563,1244
8569,3384
8570,20805
8570,7430
8570,17484
8570,15385
8570,15254
8571,2160
8571,1766
8567,15339
8567,16733
8567,11742
8567,23369
8567,2791
8575,6969
8576,8792
8576,928
8576,17210
8576,1356
8576,2345
8577,357
8577,8380
8577,18855
8577,5067
8577,11783
8580,5758
8584,18212
8578,3469
8578,9242
8578,8055
8578,15737
8578,11492
8565,15483
8565,17144
8565,9863
8565,7802
8564,18336
8564,1048
8585,2353
8585,6332
8587,8766
8587,10864
8586,19152
8590,18982
8595,14222
8595,4932
8602,24224
8602,22882
8602,11729
8602,7966
8603,17906
8603,17910
8601,21098
8601,24617
8601,14340
8605,8749
8605,17830
8605,21273
8605,9017
8607,24764
8607,13713
8607,19069
8593,16013
8593,16577
8593,16898
8593,12944
8608,10551
8608,10484
8589,2867
8589,23526
8589,6415
8589,8996
8609,18273
8609,18765
8611,9032
8611,5950
8611,23979
8611,11880
8611,17454
8613,7474
8613,12802
8617,7596
8617,13067
8617,2711
8617,12865
8617,19731
8618,16622
8618,15514
8618,7488
8612,1019
8612,10733
8612,22585
8591,18811
8591,7096
8591,10363
8615,24092
8615,3080
8599,2134
8599,2174
8599,1166
8599,9174
8594,21466
8594,19267
8594,12808
8594,16515
8592,10055
8592,758
8592,12332
8592,20197
8592,220
8597,5531
8597,19657
8597,1083
8597,16519
8597,7700
8620,8817
8620,1565
8620,14772
8620,12182
8620,4076
8614,12013
8614,362
8614,13849
8621,3402
8621,24337
8621,12928
8629,4568
8629,16117
8629,12202
8629,20482
8629,747
8598,1355
8623,24195
8623,36
8623,2902
8623,16283
8624,11466
8619,17193
8619,3686
8630,23784
8630,7755
8630,4222
8630,12294
8627,7164
8643,3382
8643,22071
8643,270
8639,13203
8639,2656
8639,24688
8639,12979
8640,24685
8640,16042
8640,8530
8640,14176
8634,4512
8634,20567
8632,14299
8632,3416
8632,5984
8632,18028
8642,21225
8644,4762
8644,4481
8644,18434
8644,21596
8645,12897
8645,12095
8647,1871
8648,2549
8648,11300
8648,18424
8646,16641
8646,11503
8653,15801
8653,14324
8653,4559
8651,13882
8651,11344
8651,2706
8651,5801
8656,21845
8656,11902
8656,2972
8654,2294
8654,13866
8654,2456
8663,8795
8663,14484
8663,14495
8666,3996
8664,4434
8664,14041
8664,18531
8664,16143
8667,8895
8667,17332
8667,15131
8670,12695
8670,20715
8670,19099
8670,19764
8668,14695
8668,1400
8668,12928
8671,499
8671,861
8671,638
8671,15837
8673,7940
8673,8877
8673,16138
8674,15295
8675,21792
8677,16611
8677,8826
8677,21038
8677,13763
8677,18974
8679,19222
8679,1132
8678,4284
8678,2473
8652,24187
8652,9753
8652,8034
8655,24728
8655,6538
8660,20952
8660,12941
8660,4398
8660,21646
8660,8652
8657,16351
8657,16774
8657,13616
8657,19579
8659,9708
8658,23384
8688,10148
8688,13800
8688,18073
8688,15792
8686,10374
8686,2442
8686,17218
8686,4709
8686,10633
8685,11064
8685,7760
8685,16819
8685,23183
8685,5048
8687,18967
8687,1044
8687,20254
8687,16394
8687,11974
8691,19421
8691,12170
8690,18403
8692,1417
8692,4907
8692,9328
8692,15346
8694,2166
8697,1770
8701,4208
8700,23437
8699,11857
8699,19970
8699,9761
8699,19180
8699,6511
8698,19942
8698,7316
8698,21350
8702,1604
8706,22093
8706,19948
8704,20997
8704,8183
8704,7985
8703,20402
8703,18386
8703,18901
8703,15973
8714,8955
8720,5051
8720,15235
8721,7510
8721,1444
8725,22205
8725,16921
8725,17199
8724,8884
8724,10670
8727,19182
8728,22355
8729,21668
8729,8005
8729,7294
8729,14572
8729,16036
8708,8628
8708,21124
8731,18058
8731,20404
8731,2882
8731,24618
8731,1983
8733,23983
8717,480
8712,4744
8712,16279
8712,7085
8734,10265
8734,16772
8737,3920
8737,5900
8737,14217
8709,13934
8732,24949
8732,18307
8732,20599
8732,18372
8732,19006
8722,1352
8722,6574
8722,4544
8747,16178
8749,18813
8749,4234
8749,17383
8745,15854
8745,1578
8745,11818
8745,3191
8750,12856
8750,13855
8750,22470
8752,10546
8752,2917
8752,19905
8736,5608
8736,5177
8736,15416
8753,12527
8753,9864
8753,4154
8753,16011
8755,11501
8755,412
8754,17214
8754,24461
8754,8006
8754,6449
8754,3820
8756,15471
8756,22437
8756,21170
8756,19007
8756,21186
8758,7472
8759,7423
8759,2441
8759,13807
8760,8669
8760,8242
8760,3363
8738,2056
8738,6558
8738,8332
8738,1278
8738,7958
8761,4748
8761,12059
8761,19238
8761,4498
8741,10764
8741,11986
8741,24761
8741,24838
8741,24182
8764,16597
8764,20950
8764,3960
8766,4013
8766,8205
8766,3017
8766,22512
8768,17434
8768,4530
8770,12432
8767,7710
8767,857
8767,20745
8767,22845
8767,11537
8769,3932
8772,21640
8777,18028
8777,7227
8777,10482
8777,32
8780,2348
8782,19575
8782,10836
8782,13446
8782,7533
8782,2399
8781,22071
8781,21696
8781,16792
8781,23522
8778,21186
8778,17287
8784,1610
8784,7166
8784,1396
8784,3208
8784,197
8786,9250
8786,9189
8790,12779
8790,3864
8735,2283
8735,126
8794,4361
8789,14040
8789,4729
8789,8137
8789,4486
8740,21309
8740,18545
8740,2871
8740,5181
8740,11086
8799,20786
8799,16722
8799,8296
8799,5351
8791,21963
8791,22007
8791,14386
8791,13308
8803,4730
8800,12091
8800,18417
8802,8313
8802,21269
8802,16062
8808,13206
8808,6580
8808,4764
8808,345
8808,2280
8806,12085
8806,21261
8806,8388
8806,16676
8796,1012
8796,15257
8796,23030
8793,29
8793,8783
8811,752
8779,10902
8779,21300
8779,5099
8814,19582
8814,3383
8817,10082
8817,22439
8817,16255
8817,789
8816,23618
8816,13749
8816,5122
8816,13101
8816,6378
8823,10166
8822,19434
8826,2915
8826,3337
8826,5613
8827,24866
8827,1451
8827,2681
8827,16884
8818,12846
8818,2264
8818,13297
8818,8088
8818,21696
8828,14512
8828,5592
8828,271
8828,19671
8828,20062
8834,10999
8834,7537
8834,8681
8834,9370
8833,18122
8833,14306
8833,21012
8833,7554
8833,21474
8835,24387
8835,17232
8835,12680
8835,14118
8839,287
8838,14163
8838,678
8838,4494
8837,23760
8842,19493
8840,23470
8840,2705
8840,10561
8840,11301
8830,1642
8830,14964
8830,24142
8847,2433
8824,22945
8824,4067
8824,7113
8824,14660
8824,18599
8845,22664
8845,20864
8845,9250
8845,13080
8848,19105
8848,8339
8848,8607
8851,7649
8851,12593
8851,21432
8851,2901
8851,378
8829,13593
8829,19881
8829,13705
8829,23786
8829,3937
8860,22472
8859,23663
8859,11876
8859,12733
8859,3756
8859,13029
8861,18421
8861,8247
8861,11999
8866,21793
8866,9298
8866,8205
8867,5492
8867,4684
8867,4764
8867,1891
8867,12188
8865,4706
8865,8248
8865,4962
8862,6001
8862,5441
8862,3645
8862,3284
8864,15946
8864,1136
8864,4687
8864,20260
8869,15876
8872,7703
8870,13597
8870,21463
8870,20402
8870,7922
8870,13673
8871,24335
8871,10128
8874,23497
8874,7754
8875,1512
8875,18696
8875,15180
8875,15468
8877,5890
8877,2827
8877,8904
8877,12099
8853,18519
8853,22010
8853,11573
8856,9886
8856,3458
8856,23474
8856,2724
8857,3599
8879,9688
8879,15371
8858,4631
8858,114
8858,12817
8858,22012
8858,22058
8881,23437
8881,2643
8881,15125
8881,15028
8881,16936
8878,3243
8878,14665
8878,868
8878,2842
8880,13417
8880,6988
8880,10872
8880,15192
8880,16676
8882,24876
8882,8325
8882,21720
8883,5254
8886,20271
8886,8962
8886,2021
8886,3274
8889,24394
8889,408
8889,7892
8889,18538
8885,16244
8885,21576
8891,7855
8888,16480
8888,20870
8888,6195
8888,3375
8888,13435
8890,16332
8890,14759
8890,5081
8894,18073
8894,2645
8894,5213
8894,18863
8894,19461
8896,1637
8896,4943
8896,22576
8896,13173
8899,1938
8899,13336
8899,1214
8899,15994
8909,23225
8897,9558
8897,10394
8897,16079
8911,7795
8911,10734
8911,9637
8911,17480
8914,3303
8914,19771
8915,4790
8915,24712
8915,17186
8908,20586
8912,8295
8912,5503
8912,6998
8912,21488
8906,18852
8906,9612
8901,11538
8901,10525
8901,1430
8907,10775
8907,10128
8907,4250
8907,14005
8920,174
8926,9486
8919,10093
8919,341
8919,11133
8919,5483
8905,11006
8905,17412
8905,19875
8905,6790
8905,745
8924,11330
8924,20382
8924,18019
8924,10008
8927,22443
8928,13914
8928,22906
8928,7255
8928,16885
8932,21378
8932,10411
8932,21864
8933,4599
8933,1226
8933,654
8933,24567
8929,14203
8929,14926
8929,182
8929,15303
8935,23148
8935,6297
8943,23905
8942,22479
8942,21016
8930,14960
8945,16740
8945,13315
8945,17434
8948,781
8948,15456
8946,3931
8946,16808
8946,10539
8946,5985
8936,22504
8936,5783
8936,5307
8939,12694
8939,20117
8947,13426
8947,6669
8947,17302
8947,17413
8947,13341
8941,20527
8941,14480
8941,15620
8955,19744
8955,5735
8937,14851
8937,10338
8956,5870
8956,7684
8956,1002
8956,10923
8956,95
8961,11229
8961,1022
8960,8007
8960,9294
8960,5832
8959,11570
8959,15265
8959,22236
8959,1396
8962,15009
8962,20531
8962,9702
8962,14066
8962,3376
8965,9630
8965,13335
8964,12725
8964,4987
8964,16279
8964,16039
8964,8676
8966,16381
8966,17380
8966,23228
8966,16198
8966,593
8967,14590
8967,20862
8969,19368
8969,2656
8968,13040
8963,23611
8963,24274
8963,4226
8963,1860
8972,8931
8972,4204
8940,11073
8940,16993
8940,3805
8940,2912
8940,9965
8954,8216
8954,4905
8954,13473
8973,1880
8977,12033
8977,13609
8977,8475
8977,12946
8977,24457
8975,9886
8975,19084
8975,13015
8975,14156
8975,3671
8987,22864
8987,6237
8987,2804
8987,1198
8978,23376
8978,16958
8978,118
8978,1736
8989,6515
8989,4203
8989,13365
8989,13835
8990,21163
8990,14124
8990,17282
8992,6008
8992,4308
8995,18225
8995,14639
8995,14680
8995,17741
8997,8
8997,7563
8996,4111
9002,22591
8982,19443
8982,20746
8982,8282
8982,22832
8979,8606
8979,17120
8979,3347
8985,2232
8985,8741
8985,18326
9003,18261
9003,17533
9003,12642
9011,19136
9011,14739
9011,20226
9000,19833
9000,13535
9000,3719
9000,3146
9010,14117
9006,15861
9006,9545
9014,19056
9014,20349
9014,1657
9014,104
9014,15733
9023,2566
9023,671
9023,161
9024,10768
9025,8096
9025,24752
9007,19269
9007,14157
9007,10007
9007,13686
9013,20838
9013,6955
9013,22010
9013,5073
9013,6643
9016,597
9004,796
9017,5376
9017,2995
9017,23435
9017,12516
9019,7519
9019,8857
9019,9363
9019,8463
9022,24921
9022,16662
9022,20705
9022,9204
9022,20120
9021,3231
9021,18768
9021,24788
9021,7281
9029,22285
9029,24780
9030,2800
9030,20709
9030,6190
9030,6752
9032,19042
9032,5650
9032,18834
9033,5324
9033,10400
9033,24202
9035,7477
9038,7431
9036,20585
9036,5509
9036,3573
9036,456
9039,8121
9039,16426
9039,11342
9039,8277
9039,23273
9041,22595
9041,16658
9055,22492
9055,12764
9054,4018
9054,21729
9054,21273
9054,18542
9056,16878
9056,23862
9056,6926
9056,6849
9056,23240
9057,2806
9057,19434
9057,18420
9057,8862
9046,14995
9046,358
9046,12385
9061,9114
9061,20243
9061,10233
9061,5923
9063,6159
9063,10309
9063,8943
9063,6335
9063,8434
9058,17663
9058,2166
9058,10448
9058,17288
9058,23782
9064,3526
9064,6576
9064,21573
9066,22389
9066,5272
9066,21302
9066,10915
9066,20197
9071,23011
9071,17526
9071,18887
9071,4969
9067,7010
9067,15423
9067,18097
9073,19990
9073,11477
9073,10018
9072,20670
9072,7814
9072,10843
9072,2971
9072,20223
9043,11365
9043,4598
9043,16478
9043,10565
9050,327
9050,1997
9050,8258
9050,23581
9050,10876
9075,17546
9075,17970
9075,11558
9075,9668
9075,23077
9076,3260
9076,23406
9076,4162
9076,1211
9076,9614
9051,24904
9051,14200
9051,2004
9049,16390
9049,1745
9049,16782
9079,7706
9079,5537
9079,16444
9079,6812
9079,11555
9078,21655
9081,14165
9081,15294
9081,24445
9082,11662
9082,22648
9082,14495
9082,9178
9083,16599
9083,21902
9083,4845
9085,3993
9085,23181
9085,9018
9085,1645
9087,24050
9087,14083
9087,16548
9087,5497
9087,12252
9094,3404
9080,10633
9080,22951
9092,24468
9092,12338
9092,21439
9092,20022
9092,7053
9096,7633
9096,5570
9096,21329
9096,20195
9099,4373
9101,3170
9101,24239
9101,9174
9102,16115
9102,21497
9102,15744
9100,14692
9100,10517
9093,2099
9093,10918
9107,10479
9107,18439
9108,14828
9108,12332
9108,144
9108,22518
9108,12434
9109,10158
9109,8826
9109,19274
9115,19189
9115,2368
9115,13422
9121,6296
9121,14500
9121,5017
9121,14904
9121,19706
9122,13040
9122,4687
9122,1453
9122,15616
9122,14737
9112,17511
9112,15360
9125,3680
9125,6375
9125,13517
9126,3156
9126,5938
9126,18577
9127,5671
9129,19258
9129,9395
9129,14735
9129,20324
9129,13944
9131,15666
9131,3572
9131,17859
9132,5297
9132,20163
9132,5015
9133,15985
9133,2562
9133,10276
9133,24372
9134,10341
9134,8995
9134,22991
9134,24154
9116,21077
9116,23570
9118,20825
9119,8747
9119,24919
9119,23757
9138,10312
9138,22067
9139,24109
9139,16165
9139,12937
9140,1467
9140,17467
9140,9986
9141,22500
9141,1474
9141,18406
9141,15100
9141,23658
9142,9992
9142,4114
9143,14662
9143,15061
9143,16989
9144,18206
9144,10976
9147,17411
9147,21821
9145,10179
9145,13669
9145,23516
9145,15239
9145,21535
9146,23940
9148,5494
9148,10815
9148,1616
9148,387
9135,9659
9159,12360
9159,1214
9159,6216
9159,8171
9159,6611
9161,23005
9161,4113
9161,13460
9161,4776
9161,18407
9160,15404
9160,17555
9160,22927
9160,1253
9160,14012
9163,12507
9163,18684
9163,15341
9162,22308
9162,22426
9162,24239
9162,6221
9165,2193
9166,10864
9166,13061
9164,23524
9164,19270
9164,11966
9164,5014
9164,9390
9167,12367
9167,22942
9167,3791
9167,24487
9167,12223
9171,16163
9171,12230
9171,11057
9171,21481
9171,4698
9174,5810
9174,7908
9174,20105
9174,22537
9152,1719
9152,18918
9177,2488
9177,10935
9177,20224
9177,11570
9177,22526
9176,23267
9178,8455
9178,3718
9178,18416
9178,12610
9179,2205
9179,17865
9179,16229
9179,9543
9155,8274
9155,1173
9155,22894
9137,8117
9181,21188
9181,899
9183,5820
9183,22221
9182,6816
9182,21428
9182,21016
9182,12088
9187,23488
9185,2946
9189,20647
9189,2079
9189,1165
9189,9460
9188,2130
9188,16548
9188,1431
9188,19225
9188,1903
9190,10241
9190,6906
9190,9243
9190,12970
9136,6973
9136,22860
9113,4868
9113,23725
9113,15428
9154,18851
9197,16154
9198,19053
9198,4390
9198,6134
9198,9008
9198,5401
9200,17663
9200,20379
9203,21075
9203,12243
9203,9718
9202,13200
9202,18527
9202,6880
9202,6511
9202,17430
9153,886
9153,151
9153,677
9153,9779
9153,10741
9206,7561
9206,9813
9205,1743
9205,11705
9205,2785
9205,3674
9205,3578
9211,24684
9211,19788
9211,6145
9211,12206
9211,20724
9191,22976
9191,9748
9191,568
9191,18586
9191,4534
9214,7600
9214,329
9214,320
9214,4750
9215,4250
9215,22185
9215,12069
9215,19546
9213,15804
9210,3978
9210,6482
9210,12480
9210,900
9222,36
9222,14134
9216,4398
9194,1799
9194,24588
9194,8725
9209,5882
9209,10048
9209,13568
9227,21165
9227,12897
9227,18397
9227,23043
9218,20952
9218,21972
9218,5071
9224,7483
9224,728
9224,21300
9224,21887
9229,16698
9229,10734
9231,2215
9231,16450
9231,14632
9230,9129
9230,11174
9230,24313
9230,23059
9230,18114
9235,5471
9235,14633
9235,5209
9235,13404
9236,1764
9236,12037
9236,10684
9242,9391
9242,22721
9242,18367
9242,24088
9240,14787
9240,1616
9240,217
9240,15892
9239,18715
9239,18091
9239,11665
9239,13005
9241,977
9241,24449
9241,17413
9241,11479
9219,6787
9219,11396
9219,14151
9248,13354
9245,18298
9245,12250
9245,379
9246,14865
9246,24117
9246,3268
9246,9875
9246,18929
9244,9570
9244,23912
9244,24177
9249,23760
9249,5395
9249,6479
9249,44
9251,20370
9251,6490
9251,5835
9253,1555
9253,6912
9254,22808
9254,3959
9257,10175
9257,7051
9257,13493
9257,8521
9257,259
9255,13416
9255,3626
9255,3586
9255,16794
9255,8428
9259,2696
9259,3755
9259,8096
9261,17689
9261,16640
9261,1045
9261,425
9261,19913
9262,7895
9262,8351
9266,19193
9266,13246
9266,2606
9264,2807
9264,24803
9264,7177
9264,15775
9268,24215
9268,19817
9268,23415
9268,9423
9269,2342
9271,14002
9271,24082
9274,13178
9274,12695
9274,22020
9267,15254
9267,21434
9267,23966
9267,5759
9275,22831
9270,1165
9270,22908
9276,18900
9276,9838
9276,16255
9276,10066
9276,2398
9280,7460
9280,11841
9280,23628
9280,4470
9277,11536
9277,919
9277,22797
9277,23133
9277,3452
9284,2448
9283,15072
9283,18512
9283,7767
9289,21347
9289,12937
9289,17886
9289,884
9294,10116
9294,17725
9287,10227
9287,3098
9287,3656
9287,10303
9292,15873
9292,16674
9292,7064
9286,15767
9286,9964
9286,23109
9286,374
9288,186
9288,8681
9288,12873
9288,15195
9285,12721
9285,10019
9285,15383
9295,24441
9295,13120
9295,3636
9295,17677
9300,22228
9300,8179
9300,5510
9304,4710
9304,21595
9302,12593
9298,10424
9298,18232
9298,23864
9298,22398
9307,15915
9307,19874
9307,14205
9290,15732
9313,1639
9313,11613
9313,7518
9313,10405
9278,24986
9278,18081
9278,6901
9278,4103
9315,19929
9316,7826
9319,383
9319,9585
9317,13337
9317,23466
9317,16278
9317,16416
9317,4808
9320,2623
9320,11377
9320,13252
9320,19401
9326,19053
9322,11282
9322,20712
9322,4052
9323,12602
9325,14043
9325,9556
9325,3685
9279,22555
9279,728
9279,2182
9279,18796
9305,15357
9305,4541
9305,15354
9305,8598
9329,14109
9329,11046
9329,15376
9329,24539
9334,8887
9334,24819
9334,6525
9334,5857
9338,4788
9330,24037
9330,582
9330,6663
9330,11042
9328,7049
9328,13223
9328,2839
9328,24250
9328,2369
9343,17302
9343,7861
9343,21607
9342,13622
9342,18474
9342,22111
9342,24766
9342,6968
9344,11170
9344,9311
9344,23447
9348,3335
9348,9750
9348,5323
9351,23162
9353,13187
9353,17583
9353,15432
9353,24161
9353,10176
9356,20694
9356,18866
9356,12184
9356,89
9356,14087
9346,6329
9346,11715
9346,7312
9346,5415
9346,19734
9337,3812
9337,6828
9337,5843
9337,5671
9357,10654
9357,23730
9357,11499
9357,3845
9357,4977
9335,2372
9332,18049
9332,13051
9332,10686
9333,2556
9333,14489
9333,342
9333,18593
9358,1476
9340,12686
9340,14554
9340,24435
9340,9788
9359,15429
9359,8180
9362,3266
9362,13793
9362,11112
9362,593
9363,22275
9363,20534
9365,9647
9366,4514
9367,812
9367,2064
9367,11926
9367,11991
9370,2220
9370,22329
9372,15248
9372,17846
9372,5230
9371,818
9371,14657
9371,3425
9371,9747
9371,24263
9376,9008
9374,544
9374,22899
9374,6744
9374,14535
9375,15466
9375,11216
9375,13298
9375,15842
9378,23612
9378,15832
9378,21128
9377,7973
9377,2865
9377,16215
9380,20374
9380,18105
9380,13072
9381,20882
9391,316
9391,10052
9397,15563
9397,14350
9399,19359
9398,11474
9398,4535
9398,16710
9398,9690
9398,16978
9402,12721
9401,22304
9401,13491
9401,24833
9393,21464
9393,16746
9393,10510
9393,6779
9393,6776
9407,1792
9407,6909
9407,8039
9407,16254
9407,9967
9405,7743
9405,3135
9405,16231
9405,14861
9390,11189
9390,19257
9390,14700
9390,24929
9390,24104
9404,6373
9404,7986
9404,23815
9383,2439
9383,15778
9383,9357
9384,24246
9413,18841
9413,2678
9413,1958
9413,9851
9410,3136
9410,4560
9410,6910
9410,14664
9415,1020
9408,18167
9408,13361
9414,4597
9412,6228
9412,6337
9412,9711
9411,546
9416,22494
9418,23895
9418,21140
9418,19816
9418,4949
9418,12325
9419,13906
9419,20103
9429,14851
9429,17091
9429,16846
9432,5728
9432,6658
9432,22790
9432,22572
9433,10810
9433,24197
9433,99
9433,19622
9433,19392
9423,8601
9423,14330
9426,7791
9426,2421
9426,219
9440,23595
9440,6719
9441,14083
9441,14734
9442,12534
9442,6625
9442,2660
9442,4246
9442,5755
9436,13517
9436,14279
9436,14819
9436,20810
9437,3979
9422,19378
9422,2310
9422,21692
9422,18246
9422,6491
9427,16838
9427,12974
9427,7186
9427,17276
9438,23829
9438,9366
9420,424
9420,17150
9420,8643
9420,18997
9420,24025
9451,12070
9451,23580
9451,12739
9451,1355
9451,21049
9447,24130
9443,14771
9443,23668
9443,13839
9443,1644
9443,22753
9455,16550
9455,16813
9455,15075
9455,13024
9455,24491
9457,19992
9457,22128
9457,3182
9448,12416
9448,6006
9448,14769
9448,24157
9448,12133
9459,74
9459,20455
9462,11357
9461,9581
9461,11624
9461,13888
9461,4318
9456,21839
9456,6502
9456,15192
9463,21574
9463,10102
9463,2366
9446,22350
9446,20673
9452,12382
9452,5419
9452,19827
9468,5644
9468,21905
9468,14303
9470,24513
9470,3261
9470,2406
9470,6754
9470,8411
9475,796
9475,23501
9475,22250
9475,16514
9476,22635
9476,24076
9476,8110
9476,17091
9476,15416
9479,5040
9479,19480
9479,233
9479,20259
9479,22163
9486,8051
9486,24285
9486,3446
9469,5155
9469,8936
9469,17146
9469,1916
9490,21772
9492,7033
9492,18034
9493,19105
9493,7775
9493,9002
9493,20727
9493,14724
9485,24574
9485,562
9485,7449
9485,16015
9485,1841
9481,11118
9481,16157
9481,2895
9481,24827
9482,12291
9482,11901
9482,23670
9482,8117
9482,20039
9484,1800
9478,24966
9478,996
9478,7759
9478,21564
9494,1550
9494,17858
9495,2545
9495,15213
9495,12189
9496,11268
9496,6472
9496,16665
9496,6490
9508,403
9508,6517
9497,21860
9499,9714
9499,16126
9498,12510
9498,2810
9511,8879
9511,415
9511,4788
9511,1128
9519,4359
9519,19446
9519,5531
9519,14521
9514,2998
9514,3457
9514,21703
9514,8600
9520,9672
9517,8766
9517,4153
9517,1998
9521,16477
9521,24529
9521,20013
9521,15169
9523,21781
9523,8931
9523,21412
9524,10883
9524,668
9524,338
9524,4854
9524,6635
9525,16758
9525,5628
9525,6197
9525,14793
9528,21112
9528,3708
9527,18746
9527,2280
9527,1856
9527,9481
9527,133
9530,18959
9530,20738
9530,24207
9529,16794
9529,4417
9529,23172
9529,15649
9531,11412
9531,18615
9531,2183
9531,6190
9531,8908
9516,20040
9516,5008
9516,18780
9516,6261
9516,2530
9513,6902
9513,8174
9513,21106
9513,24524
9513,10119
9506,14522
9506,15075
9506,12985
9506,24814
9507,10723
9507,8384
9507,20547
9507,13805
9507,5758
9505,14835
9536,10629
9536,18700
9536,1801
9536,21611
9536,11580
9538,20168
9538,7836
9537,16766
9539,4133
9539,9986
9539,13868
9540,24238
9540,171
9543,11777
9541,6848
9541,5268
9541,6006
9541,19631
9545,11714
9545,24523
9545,23626
9545,21688
9545,6504
9547,8253
9547,21798
9547,16292
9548,3315
9548,7525
9548,17900
9548,10994
9552,17646
9557,1223
9556,3450
9555,24415
9555,18294
9563,20008
9563,11848
9563,12931
9563,24507
9569,12729
9569,2313
9569,11390
9569,14927
9566,12349
9566,19836
9566,12096
9568,19462
9568,8119
9568,20712
9568,21698
9568,7141
9571,11456
9571,21992
9571,20866
9571,4130
9570,757
9570,21793
9570,15657
9570,8895
9573,24118
9573,8041
9573,4480
9572,896
9572,8187
9572,5582
9572,14505
9572,14281
9575,5882
9575,1010
9575,3352
9575,16830
9575,16671
9577,13447
9579,24492
9578,11404
9578,1851
9578,21639
9576,9355
9576,21909
9581,19757
9581,21350
9581,18944
9587,6764
9587,11300
9587,19112
9587,15828
9589,13835
9589,23744
9589,20126
9589,19701
9593,5703
9593,15217
9593,14234
9593,11041
9593,11934
9592,20146
9592,6815
9592,10468
9592,9663
9591,19310
9591,9482
9591,23907
9591,17038
9594,16646
9595,3402
9595,1377
9595,5517
9597,9666
9597,16827
9597,8182
9597,3756
9597,17733
9599,23402
9599,24329
9599,16187
9599,21
9603,15688
9603,1482
9603,20762
9603,159
9603,4560
9598,17759
9604,6256
9604,15990
9604,3069
9604,10708
9604,1731
9606,7171
9606,17698
9606,19296
9606,7059
9605,3802
9605,1189
9605,3965
9610,3504
9610,18079
9609,15523
9609,21556
9609,512
9609,17812
9611,9847
9611,16184
9611,11616
9614,11796
9614,24163
9614,8152
9624,4616
9624,16957
9618,1221
9618,14712
9618,4632
9616,9325
9616,20174
9616,11674
9621,18707
9621,1750
9623,10914
9623,18838
9623,22048
9623,3733
9625,17978
9625,19711
9625,24505
9626,12908
9626,8012
9626,11627
9626,23522
9626,11005
9636,19888
9636,10394
9635,11988
9635,6867
9635,9704
9627,23643
9627,10192
9627,2444
9637,7326
9639,16615
9639,12628
9639,22036
9639,7261
9641,18004
9641,9605
9640,22258
9640,4199
9640,11461
9640,7358
9631,8238
9643,3830
9643,24236
9647,19831
9647,20979
9647,14474
9629,16172
9629,5954
9629,23388
9629,8917
9629,11192
9649,24729
9649,7400
9649,10156
9651,8181
9651,154
9651,6235
9652,17393
9652,6764
9652,19732
9652,941
9655,15483
9655,13760
9655,10486
9655,780
9655,9703
9656,1587
9656,22674
9656,17291
9656,20411
9656,9685
9659,14266
9659,11605
9659,18330
9659,1474
9659,2181
9660,9828
9660,12873
9660,21735
9662,23249
9662,12416
9663,6279
9663,23412
9663,22742
9663,4175
9663,3815
9665,1365
9666,15086
9666,7416
9666,13937
9667,16284
9669,18742
9669,18232
9668,8938
9675,22545
9676,22588
9676,15656
9676,9443
9680,13023
9680,17811
9680,571
9678,19747
9678,12249
9678,21897
9678,19278
9683,17237
9681,14260
9686,17228
9686,10095
9686,21346
9688,5489
9688,17165
9688,8995
9688,23043
9685,10059
9685,7767
9685,17572
9685,5081
9682,3686
9682,10221
9695,17850
9695,20393
9695,2465
9695,3907
9695,21426
9697,14092
9697,22585
9700,849
9700,13805
9700,6608
9700,22052
9704,19298
9704,4291
9704,8136
9703,20031
9703,23931
9703,9313
9703,8699
9705,20748
9705,11673
9705,21178
9707,2468
9709,24408
9709,23788
9709,14368
9709,20759
9708,7258
9708,6792
9708,15429
9708,15726
9708,16955
9714,21878
9714,23167
9714,4857
9582,8233
9582,21956
9582,18477
9582,6933
9582,12074
9718,20886
9718,4501
9716,2605
9716,20742
9716,13332
9716,21218
9719,325
9719,5795
9719,11340
9721,13255
9721,23053
9724,12477
9724,16839
9725,15106
9725,7190
9725,2530
9725,22516
9622,21425
9664,20124
9664,7747
9664,1454
9664,12390
9672,12638
9672,5239
9672,19589
9672,1655
9702,12425
9702,14771
9712,15528
9712,7759
9712,2587
9712,7922
9729,19611
9730,23294
9730,6598
9730,21305
9730,16094
9730,15476
9732,6251
9732,3559
9732,9955
9733,376
9733,21942
9733,24723
9733,13850
9733,12901
9734,10979
9734,22062
9735,15025
9735,19707
9735,4800
9735,13252
9739,6505
9752,6229
9752,13022
9752,2256
9752,15501
9752,22849
9753,19187
9753,16575
9753,3843
9753,20597
9753,22524
9751,22771
9751,20468
9754,20692
9754,20807
9755,6766
9755,20572
9755,24304
9755,17086
9756,19296
9756,6264
9756,24595
9756,8141
9757,11137
9757,18238
9757,14255
9759,21361
9759,17549
9759,6646
9759,1019
9759,18412
9762,16225
9762,10208
9762,20103
9762,6003
9762,23844
9764,6832
9764,23091
9764,11619
9764,19501
9765,2906
9765,9991
9765,23524
9765,14582
9766,15822
9766,14738
9766,16362
9766,16515
9766,14587
9746,16167
9746,20798
9746,7443
9746,4663
9747,18259
9747,20017
9749,22585
9749,4389
9743,4697
9744,13059
9740,10226
9740,2074
9741,10550
9773,3909
9773,16549
9771,14723
9775,20219
9775,6565
9775,289
9774,12378
9778,24013
9778,182
9778,638
9778,10025
9778,5373
9780,2501
9780,20205
9780,1925
9781,3468
9781,20021
9781,17485
9781,332
9777,10577
9787,2433
9787,16233
9784,8624
9784,17721
9784,6431
9784,21017
9786,6645
9786,24449
9767,9680
9767,2788
9767,16543
9767,15091
9767,21082
9792,22056
9792,23160
9792,23108
9792,7239
9792,18305
9794,13918
9794,8308
9794,14562
9799,2217
9799,10111
9799,17297
9796,22443
9796,12938
9796,19306
9802,7237
9804,5505
9804,2456
9804,24027
9805,21909
9805,13696
9805,13413
9805,1624
9803,9800
9803,11630
9803,10269
9803,20560
9812,18045
9812,15659
9812,586
9821,7894
9821,1792
9814,23256
9818,21231
9818,18098
9818,23599
9818,23963
9818,21738
9827,16826
9827,16796
9809,24934
9809,20189
9809,23019
9809,4179
9829,18843
9830,3390
9830,24909
9830,17437
9830,15775
9830,18696
9832,18516
9832,23334
9831,17532
9831,9242
9831,16554
9831,8895
9831,3920
9816,16229
9816,1121
9816,11225
9822,16775
9822,10411
9822,5411
9824,9788
9823,4763
9834,23551
9834,18184
9834,6541
9834,9336
9834,3906
9840,19616
9840,12135
9842,18894
9839,11086
9839,3868
9839,24901
9839,12156
9839,679
9846,8233
9846,22906
9846,8420
9838,21710
9838,18089
9838,23699
9838,18188
9838,12335
9819,13176
9819,14494
9847,8938
9849,23367
9848,8223
9848,23427
9848,9401
9850,19627
9850,2140
9850,6288
9850,16417
9850,1866
9852,15075
9853,20155
9853,21166
9853,5179
9853,22466
9856,13333
9857,10001
9857,11087
9857,3826
9857,10050
9858,5978
9858,6044
9858,24293
9859,14282
9859,18596
9859,11034
9860,15517
9860,9566
9860,8693
9860,17754
9861,21375
9861,8012
9861,21781
9843,21528
9843,2441
9843,4086
9843,22763
9843,19770
9836,19356
9836,17522
9836,4537
9836,12274
9836,9276
9841,22110
9841,13521
9841,15038
9841,18540
9841,15859
9866,16134
9835,24754
9835,17510
9867,6422
9867,12988
9869,17808
9868,17607
9868,1533
9868,12875
9871,20680
9871,12961
9871,3740
9871,7822
9871,24499
9872,6408
9872,22566
9872,23903
9873,12969
9876,16643
9876,21685
9877,23957
9877,14487
9879,1726
9879,11552
9879,21342
9878,15208
9878,19046
9881,2352
9881,18527
9881,7451
9881,21152
9881,3237
9894,8705
9894,10356
9894,7859
9894,7604
9894,8161
9895,5556
9895,2354
9897,1810
9896,20402
9896,20782
9896,15899
9896,3225
9898,9165
9898,1028
9898,4555
9898,13305
9898,1930
9899,20805
9899,13656
9899,3662
9899,22067
9899,20782
9884,13477
9884,703
9885,18534
9885,17371
9885,871
9885,14324
9889,24498
9889,23587
9889,3816
9889,12484
9889,10209
9888,7166
9888,15430
9888,15527
9888,3558
9888,10301
9886,13568
9886,18483
9886,21082
9886,21215
9904,5842
9904,20377
9904,21362
9905,24412
9905,12282
9905,4257
9905,15958
9905,872
9910,19667
9908,21574
9908,17806
9908,18768
9911,3760
9911,354
9911,7233
9911,16265
9911,6230
9925,451
9925,305
9926,23199
9927,708
9927,5841
9915,18947
9915,18951
9915,19936
9915,24881
9915,24102
9930,5619
9930,16215
9930,653
9935,24192
9935,10625
9933,20515
9933,480
9914,6688
9914,11275
9914,342
9914,6803
9937,22489
9937,17405
9937,10843
9937,14944
9938,6646
9938,24800
9934,19866
9918,22923
9918,19075
9918,9641
9918,9239
9917,1614
9917,17801
9922,18410
9922,11825
9922,12908
9922,7108
9922,12966
9932,13014
9932,14406
9932,10926
9932,13952
9932,19518
9912,13793
9912,24332
9919,753
9919,17180
9919,20659
9940,18136
9940,23050
9940,22239
9941,18166
9943,19060
9943,4215
9943,19541
9942,13087
9946,9657
9946,22889
9946,586
9944,3188
9944,18437
9944,809
9944,24132
9944,22328
9950,2840
9952,1485
9951,8681
9951,8591
9951,17957
9951,10540
9951,2001
9956,11589
9958,2275
9958,7757
9957,23957
9957,4698
9959,3862
9959,16094
9960,6641
9960,17733
9961,22272
9961,11663
9961,22052
9964,6109
9964,18361
9968,2153
9968,11433
9971,14208
9971,6776
9971,9712
9971,11777
9974,11066
9966,16852
9966,10137
9966,22164
9970,23177
9973,6165
9980,19373
9980,13957
9980,16242
9980,21185
9978,14646
9978,17803
9979,4091
9979,14419
9979,12908
9979,11375
9979,24247
9977,22079
9977,7486
9977,1246
9977,3428
9977,16652
9982,10107
9982,11452
9982,339
9982,10903
9982,19755
9983,16076
9983,5060
9984,5775
9984,21463
9984,7522
9969,10370
9969,7891
9969,10084
9986,11794
9986,2207
9994,4251
9994,11701
9994,24360
9994,21636
9996,24150
9996,7886
9995,4332
9998,4863
9990,22589
9990,12610
9991,17407
9991,19824
9991,7999
10004,11647
10004,20386
10004,17387
9992,21317
9992,23097
9992,20191
9992,22413
10007,19134
10003,23438
10003,7752
10003,3546
10006,17994
10008,10742
10008,10925
9987,24507
9987,11705
9987,23268
9987,18298
10009,15380
10009,12515
10009,5028
9999,12403
10005,1241
10005,13004
10010,3276
10010,2887
10010,16740
10010,10191
10000,13146
10000,10985
10000,9693
10000,6024
10000,10239
10001,13974
10001,14992
10001,23874
10001,2358
10001,9491
10013,10113
10014,14163
10014,21795
10014,6910
10014,4845
10014,8970
10016,8962
10016,8679
10022,20099
10022,13294
10022,3160
10023,6998
10023,20748
10023,4841
10023,24364
10023,22938
10024,18047
10024,57
10025,15623
10025,24480
10025,6025
10027,4266
10027,16382
10017,22092
10017,6121
10017,20237
10029,8175
10029,14084
10029,11247
10031,12198
10031,23419
10031,11807
10031,951
10033,18198
10033,8959
10035,23731
10039,12511
10039,15781
10039,10095
10040,13893
10040,1124
10040,9937
10040,1301
10041,14638
10041,9991
10042,7569
10042,1522
10042,14970
10042,19371
10045,14819
10043,7736
10053,16098
10053,5670
10053,12611
10055,7052
10055,16334
10055,24951
10056,17466
10056,897
10058,12200
10061,19552
10060,17959
10060,23721
10060,4923
10067,3659
10070,24714
10070,22829
10070,21486
10070,24768
10049,16160
10049,22115
10049,20758
10049,22655
10073,7318
10073,20066
10073,22698
10073,16724
10073,10184
10072,10193
10072,21805
10072,20546
10072,17468
10072,5451
10068,8751
10068,12568
10068,24058
10074,2510
10074,10332
10074,20892
10077,24090
10077,8376
10077,22284
10077,11950
10077,3113
10075,11673
10075,12728
10054,1229
10054,2106
10054,21245
10054,1830
10054,6426
10064,14938
10064,13082
10064,18540
10079,15241
10079,23898
10079,13759
10063,19868
10063,6240
10063,10325
10063,21451
10082,13064
10082,12164
10082,16202
10085,123
10085,5224
10085,22876
10085,14560
10085,7677
10086,2997
10083,23950
10083,7122
10089,4477
10089,22384
10089,4901
10089,23424
10089,8754
10090,6541
10090,24550
10090,8916
10091,6013
10091,17092
10091,22048
10091,4032
10091,760
10092,13001
10092,13641
10092,19490
10094,23507
10094,14928
10095,19620
10095,24773
10095,18466
10095,15981
10095,1265
10100,3147
10100,17527
10100,4188
10100,22871
10108,16499
10098,11210
10098,3477
10098,14773
10098,12897
10109,6042
10099,24371
10103,18781
10103,9881
10103,24714
10103,3309
10103,19049
10102,16453
10102,9657
10102,18598
10102,11544
10102,1395
10084,684
10084,1281
10084,11576
10084,22367
10084,16446
10115,976
10118,19899
10118,24931
10118,4867
10118,4437
10118,16332
10117,6834
10126,5399
10126,21931
10126,19223
10126,23260
10127,5239
10127,15989
10127,12193
10121,3604
10121,6834
10121,869
10121,152
10116,12817
10116,15142
10116,14644
10116,2196
10116,3516
10135,16941
10135,9954
10135,4733
10135,7925
10135,23844
10139,5535
10139,22017
10139,6080
10119,21187
10119,18523
10119,12632
10133,15776
10133,5925
10133,17693
10133,17587
10131,1851
10131,14989
10131,10392
10131,6317
10130,20708
10130,307
10130,17396
10130,12171
10143,24034
10143,4632
10144,11399
10144,17036
10140,4017
10140,21939
10140,21773
10140,996
10141,7314
10150,14088
10150,16132
10150,23885
10123,10237
10123,22494
10142,1810
10151,15783
10151,19493
10151,19617
10151,9386
10151,10442
10153,9191
10153,15287
10153,18599
10153,2263
10153,16834
10122,10622
10122,7254
10122,7284
10122,9691
10122,19579
10157,9209
10158,11840
10158,18631
10155,8072
10155,622
10155,4127
10152,21521
10152,7983
10162,21518
10162,11349
10162,22747
10168,7474
10168,13692
10168,11894
10168,551
10168,23141
10166,16152
10166,15728
10166,18206
10166,15417
10172,21029
10172,812
10172,23876
10172,14607
10172,18402
10124,21656
10124,22067
10124,8812
10171,5207
10171,2652
10176,23120
10176,2106
10176,19546
10176,11271
10177,23489
10177,23034
10175,12640
10175,979
10175,5840
10175,20375
10175,22748
10180,4335
10180,18684
10180,9704
10178,8554
10178,4158
10178,17296
10178,17151
10178,11722
10181,10999
10181,15052
10186,1620
10186,9715
10182,8534
10182,2448
10182,6981
10182,8551
10187,18078
10190,23132
10190,16560
10193,19852
10193,14224
10193,22118
10200,12497
10201,22535
10201,15764
10199,6845
10199,14785
10199,4167
10199,8013
10199,2461
10191,12936
10191,4746
10191,23997
10196,24615
10196,23422
10196,12933
10188,16029
10188,10670
10188,13112
10206,16662
10205,12450
10205,7017
10204,20603
10204,10365
10209,23118
10209,21092
10209,24248
10209,2791
10211,16654
10213,24352
10213,7735
10195,9403
10195,13051
10195,13539
10195,9890
10194,538
10194,12145
10194,11162
10194,9584
10215,21752
10215,16388
10215,21674
10215,6939
10215,24413
10218,22558
10218,933
10218,9727
10218,19021
10219,15433
10219,14889
10219,18599
10220,17831
10220,14946
10220,10551
10220,343
10227,22149
10223,16490
10223,21280
10223,14756
10223,5893
10225,2767
10228,644
10228,3875
10228,20107
10231,20206
10231,22076
10231,23511
10230,5540
10230,6552
10229,14390
10229,13793
10229,11078
10229,23389
10234,18370
10234,22783
10234,13024
10234,9732
10234,8418
10232,15385
10232,17334
10232,10003
10249,3026
10248,4611
10248,2485
10248,14275
10248,23738
10248,24819
10250,12529
10250,2546
10250,223
10250,24079
10250,15688
10252,3072
10252,24164
10252,3173
10257,24714
10257,4034
10255,24313
10255,8060
10255,15842
10243,8603
10243,22318
10243,3372
10243,11882
10243,23519
10259,2866
10259,11279
10259,8735
10259,22688
10259,16919
10262,20150
10262,2338
10262,23510
10267,717
10267,10318
10267,15462
10268,15002
10268,12022
10268,14813
10271,20566
10271,19922
10271,18935
10269,14597
10269,24676
10269,6719
10269,3075
10269,5900
10274,8095
10274,988
10239,10250
10239,24326
10239,14376
10239,4041
10270,7905
10270,3861
10270,3294
10281,14374
10281,2176
10281,16564
10281,10758
10282,7714
10282,16543
10254,21822
10254,12972
10285,1508
10285,8233
10285,13162
10285,10670
10286,19692
10289,8841
10289,18143
10277,14208
10291,23437
10292,16251
10292,16920
10292,15705
10292,248
10293,8071
10293,1142
10246,12145
10246,19634
10246,24429
10246,3236
10245,4589
10278,978
10278,14830
10278,19822
10278,4847
10244,4822
10244,18889
10244,21470
10244,869
10294,13843
10294,22037
10294,14285
10284,1667
10299,8502
10295,18143
10295,7072
10295,13623
10295,20842
10295,6893
10308,4005
10310,16550
10310,18758
10312,13866
10312,620
10313,3798
10313,2981
10313,11528
10313,15079
10311,3160
10311,552
10311,3967
10311,24577
10311,12969
10309,5728
10309,12532
10309,9813
10317,734
10318,20781
10318,9300
10319,5461
10319,11176
10319,12001
10322,23498
10322,9547
10323,5420
10323,5974
10320,16356
10320,4685
10305,22630
10303,9357
10303,17454
10324,22300
10324,1400
10324,5067
10301,11438
10301,4037
10298,21515
10298,14057
10298,22576
10298,11520
10298,5069
10304,1556
10304,15611
10304,14901
10304,19787
10304,19437
10328,3754
10328,16669
10330,8999
10330,15195
10329,8323
10329,7898
10333,20568
10331,6089
10331,23266
10331,12149
10331,22015
10334,3488
10334,10275
10334,23132
10336,7645
10336,8545
10336,9661
10336,3462
10335,21196
10335,22276
10335,24596
10335,12387
10335,21525
10332,11565
10337,19111
10343,12360
10343,23166
10342,6094
10342,7121
10342,937
10345,13976
10345,3306
10348,10923
10348,20426
10348,7253
10348,24333
10348,6242
10357,21284
10357,3287
10350,3589
10350,2617
10350,6542
10350,4887
10350,17801
10351,13430
10351,4099
10351,19643
10351,11902
10351,9996
10366,23083
10367,4726
10367,18530
10367,9779
10367,19981
10367,11380
10359,12331
10359,8740
10359,47
10369,3274
10369,6875
10369,6385
10369,6845
10369,659
10371,23435
10371,17543
10371,8472
10374,621
10374,3930
10374,9659
10374,18009
10374,22295
10375,18937
10375,21536
10375,23925
10375,9527
10375,21845
10347,1341
10347,3794
10347,5287
10347,11425
10347,10015
10353,17681
10353,16114
10353,24497
10355,6385
10355,20856
10355,20519
10363,3196
10363,2756
10364,4926
10364,3268
10364,4043
10365,8353
10365,11726
10365,10023
10307,12483
10307,3290
10307,7996
10307,13755
10307,17638
10377,10340
10377,5384
10377,19928
10378,16337
10378,16212
10378,11751
10378,17885
10380,59
10380,7782
10380,16812
10389,22422
10389,8962
10389,18799
10382,5437
10382,20702
10382,20696
10392,14327
10392,17684
10392,13404
10392,11310
10394,18687
10397,11845
10397,6745
10397,22489
10397,6399
10397,24901
10398,22404
10398,20331
10398,5533
10398,3221
10383,17266
10401,8806
10401,22110
10401,3379
10401,17962
10399,19767
10399,8337
10399,8466
10399,17258
10399,23517
10386,6658
10386,15523
10386,15810
10386,9165
10386,3709
10384,23249
10384,19304
10384,2864
10384,6562
10384,6626
10391,12535
10391,5389
10391,14863
10391,15298
10404,7550
10404,19518
10404,9419
10405,17544
10405,6001
10409,21290
10409,20572
10417,3343
10417,3086
10417,10884
10417,4729
10417,13693
10410,8250
10410,18242
10408,8675
10408,3298
10408,11961
10408,20552
10408,12432
10403,20360
10403,6641
10403,5889
10403,23737
10411,1280
10411,9280
10411,14164
10411,9099
10381,8007
10381,958
10381,17483
10381,12723
10381,15028
10385,21677
10385,17424
10385,690
10385,15126
10385,20095
10419,3416
10419,749
10419,3073
10419,20837
10420,15939
10420,22796
10420,15206
10420,15022
10422,16104
10422,8764
10422,19706
10422,22270
10424,13139
10424,7715
10424,2647
10425,17909
10425,8588
10425,14797
10427,24875
10432,19301
10432,391
10432,16594
10434,16044
10434,273
10434,4835
10434,7863
10447,9827
10447,17014
10438,16316
10450,17451
10436,5899
10436,3795
10436,2033
10436,1222
10436,5632
10449,16939
10449,24160
10451,8641
10452,8760
10452,5455
10452,6252
10454,3454
10454,14758
10454,20938
10455,17159
10455,577
10453,20280
10453,8121
10453,1693
10453,16729
10453,13753
10456,14495
10456,8624
10456,3363
10456,18738
10456,212
10459,24439
10459,10570
10459,15806
10461,8313
10463,5634
10460,19812
10444,3899
10444,21216
10444,24751
10444,11925
10444,9626
10440,3279
10440,3554
10440,20917
10443,21005
10443,9824
10443,23212
10466,1184
10465,14057
10465,13505
10465,15856
10465,6306
10465,8841
10437,10028
10437,8439
10437,4113
10437,24048
10468,11660
10468,5867
10481,23939
10469,6623
10469,15596
10478,24970
10478,12921
10478,21308
10478,9909
10478,6055
10477,8079
10477,10177
10477,24780
10482,15609
10482,22405
10482,13021
10482,17329
10482,7822
10484,8754
10484,18586
10484,5717
10486,11266
10486,16355
10486,20943
10487,21464
10487,1346
10487,18603
10489,11862
10489,20071
10488,5002
10488,18321
10488,153
10493,5217
10493,1129
10494,16334
10494,15029
10494,17792
10494,7589
10494,8867
10475,1614
10475,2783
10475,22415
10475,16856
10475,15698
10476,18352
10476,9531
10476,16641
10476,5943
10495,23047
10495,15154
10495,110
10495,13955
10500,3467
10500,13351
10499,21983
10499,23972
10499,5627
10499,6398
10496,4604
10496,24871
10496,23965
10496,434
10496,1688
10505,5367
10505,334
10505,12556
10503,9843
10503,7401
10503,8675
10498,13918
10498,5923
10504,8272
10497,9338
10497,14240
10497,681
10497,8027
10497,12076
10506,11949
10506,22358
10506,14949
10472,23762
10508,15351
10508,20574
10508,13521
10508,14916
10511,688
10511,7710
10511,18288
10511,7947
10512,23670
10512,2158
10512,8922
10515,4214
10515,11272
10515,7777
10516,16766
10516,7586
10516,1113
10517,781
10519,4154
10519,557
10519,16205
10519,17530
10518,16343
10518,7390
10518,11948
10518,12638
10518,15417
10522,13222
10522,951
10521,7355
10521,21057
10521,50
10528,23299
10528,16194
10528,19656
10528,18040
10528,1965
10527,16370
10527,22282
10527,35
10527,13664
10527,2071
10529,16561
10531,6075
10531,23894
10537,22787
10537,9378
10537,1812
10537,11591
10533,3479
10533,12578
10533,19222
10534,23469
10534,4241
10538,22401
10538,1818
10538,11829
10536,35
10536,19529
10536,18591
10536,3021
10539,10939
10539,21500
10539,24935
10539,21179
10539,4064
10543,19831
10546,19501
10546,5865
10546,18069
10550,2448
10550,16570
10551,3375
10551,11414
10541,6685
10552,5364
10555,24753
10553,24267
10553,16121
10561,6801
10561,23905
10561,13882
10561,7457
10561,4776
10566,19301
10568,22431
10568,13669
10570,22750
10570,4086
10570,18622
10571,16379
10574,21494
10574,9179
10574,4594
10576,991
10576,20062
10576,9658
10576,2125
10580,23379
10580,6837
10563,20872
10563,15204
10545,20387
10545,12470
10545,21883
10581,12010
10581,8341
10585,12384
10583,7840
10583,23278
10583,4222
10586,15618
10586,10166
10586,1588
10587,3275
10587,13815
10587,8578
10592,22443
10592,18271
10592,17708
10589,10578
10589,21632
10589,5137
10589,13720
10589,7946
10590,13717
10593,13952
10593,23416
10593,2263
10594,14953
10594,2825
10596,15974
10598,20755
10598,11474
10598,22546
10598,13812
10599,21674
10599,9388
10599,18566
10600,7935
10604,3965
10607,654
10607,21739
10607,22426
10607,12800
10607,505
10602,13283
10605,16016
10605,14118
10605,2517
10609,10980
10609,6620
10554,3886
10554,14723
10554,4462
10554,20113
10554,9037
10610,22425
10610,2678
10610,10122
10610,4272
10603,5839
10603,23170
10603,21308
10619,19253
10619,21294
10619,20727
10619,23312
10621,16027
10621,24871
10621,13248
10621,22797
10625,21148
10623,8846
10623,23771
10622,5704
10622,22886
10620,18439
10620,6869
10629,4021
10629,18850
10632,22708
10626,482
10626,15129
10616,1084
10616,2961
10616,21552
10616,9056
10616,21652
10617,12377
10613,20006
10612,17823
10612,20895
10627,8284
10627,20332
10633,22202
10633,3573
10634,5556
10634,3663
10636,10736
10636,16370
10637,18449
10635,15434
10635,3832
10635,7248
10635,22446
10635,3919
10640,6627
10645,8894
10645,4098
10645,3489
10645,21188
10645,7720
10638,13907
10638,6371
10638,14496
10646,22763
10646,11333
10646,24401
10651,9513
10651,15412
10651,19062
10647,633
10647,9737
10649,21396
10648,14294
10648,3020
10654,15001
10654,23141
10654,16629
10653,15318
10653,343
10653,13070
10653,22821
10653,12788
10656,12416
10657,15869
10657,1008
10657,11951
10657,18331
10657,4799
10655,15926
10662,24961
10662,17436
10662,2788
10628,19115
10628,15138
10628,20630
10663,1162
10663,10506
10663,5480
10665,14139
10665,17181
10665,4548
10665,6428
10665,1947
10669,21175
10669,11188
10667,3877
10666,937
10666,22640
10666,21630
10666,14438
10666,21576
10644,3686
10644,8294
10644,23349
10644,6917
10670,6068
10670,5062
10670,6918
10671,15134
10671,16004
10671,18670
10668,4794
10668,24525
10668,8436
10664,17087
10664,4036
10664,11531
10664,7537
10664,19268
10672,17826
10672,14598
10672,19938
10672,15966
10672,12800
10673,12066
10673,21837
10673,19721
10673,14028
10673,11788
10676,16635
10676,20355
10681,24909
10681,12809
10681,12764
10681,13710
10681,19464
10682,11966
10682,20992
10678,20660
10678,17983
10678,16478
10678,9527
10678,17283
10557,6551
10557,14534
10557,6837
10557,8236
10683,23364
10686,13324
10684,23997
10684,7626
10688,19340
10690,11092
10690,6717
10690,12657
10687,11551
10694,5150
10694,4800
10693,6495
10693,5759
10693,8022
10693,21816
10693,13682
10679,1957
10704,17737
10704,16175
10704,4341
10704,17980
10707,671
10707,15190
10707,16919
10707,4819
10700,20120
10700,20782
10700,11631
10700,12133
10703,15819
10703,9804
10703,3261
10703,6207
10695,8840
10695,20741
10695,14999
10695,19829
10705,23267
10705,15751
10705,8895
10705,11504
10705,9441
10699,13794
10699,13429
10699,11340
10699,7820
10706,23436
10706,20331
10706,16732
10706,8933
10709,9751
10709,75
10719,11421
10719,7041
10719,1719
10718,7137
10718,2632
10723,16697
10723,6107
10723,3997
10724,2592
10724,8636
10724,7752
10724,1675
10727,22845
10727,14808
10727,12129
10727,6133
10727,10014
10728,6308
10728,389
10730,22559
10730,3416
10730,4602
10730,23987
10730,13429
10713,3688
10731,12980
10731,8304
10731,20003
10731,23870
10714,17712
10714,12443
10714,2902
10714,16724
10735,7295
10708,23311
10708,5242
10708,6528
10712,4881
10712,22769
10732,22109
10732,3390
10732,12228
10732,23702
10732,20864
10701,7460
10734,1803
10711,6207
10711,2532
10711,17416
10711,10942
10710,1185
10710,22767
10710,14806
10710,23952
10710,12426
10736,3194
10737,23575
10737,16330
10739,15962
10739,20009
10741,14614
10744,15351
10740,20233
10740,17611
10740,6262
10746,17466
10746,24688
10746,10490
10747,20955
10747,20117
10747,23404
10750,7033
10750,20109
10748,4224
10748,20658
10748,12801
10743,13645
10743,12925
10743,6343
10743,9204
10749,14908
10749,1428
10752,5298
10752,13299
10754,22005
10754,16059
10754,18363
10754,19129
10754,16704
10770,6846
10770,5580
10770,5333
10770,1547
10763,10102
10763,4537
10771,24335
10771,4926
10772,19647
10772,11589
10772,10764
10772,4698
10766,24573
10766,15155
10766,12159
10766,15846
10766,9788
10773,9902
10774,12464
10774,14973
10774,4865
10774,6752
10774,14989
10764,12303
10764,10639
10764,2674
10775,23741
10775,24763
10775,4674
10777,8336
10777,23201
10781,9938
10781,10764
10780,16904
10780,19434
10783,22295
10783,15562
10783,21468
10784,24395
10784,18902
10784,23744
10785,10241
10785,11350
10762,16075
10762,1020
10762,16419
10762,11298
10760,11102
10768,11086
10768,1190
10768,11914
10768,4535
10765,14057
10765,354
10765,9656
10759,6150
10788,9577
10788,16135
10788,5186
10788,22560
10792,18414
10792,7336
10792,23033
10786,14361
10786,21033
10786,1628
10786,2834
10786,19162
10794,9110
10794,8038
10794,689
10794,9730
10791,374
10791,10715
10791,6438
10791,1441
10791,8542
10800,23949
10799,24420
10799,22587
10796,3965
10796,12686
10796,388
10798,15896
10798,1190
10798,254
10798,2792
10798,11592
10805,3211
10805,20414
10808,17458
10808,7260
10808,22552
10808,15527
10801,12139
10801,19816
10801,15879
10801,11330
10807,11350
10807,13310
10802,13069
10802,8390
10802,2569
10802,4460
10811,1397
10811,19929
10811,5539
10820,13792
10822,13166
10823,1448
10823,7023
10823,23840
10825,9543
10825,24522
10814,458
10814,22096
10814,7433
10814,4317
10818,3077
10818,18781
10818,11497
10818,1382
10827,11920
10827,2304
10827,14028
10824,970
10824,16746
10824,13737
10824,6550
10824,17434
10829,19210
10829,19356
10829,14212
10829,856
10810,11986
10810,14246
10810,4558
10815,15779
10815,20518
10815,17495
10815,5778
10815,19439
10819,11004
10819,13104
10819,24349
10819,4185
10819,2147
10806,16427
10806,2278
10831,22102
10831,10109
10831,509
10831,17901
10831,13735
10830,1390
10830,3190
10830,11572
10817,11747
10817,10890
10817,19056
10817,24468
10835,17385
10835,16417
10835,5135
10835,290
10836,17001
10836,5849
10836,8694
10826,9417
10838,6950
10838,23595
10837,15317
10837,7841
10837,15282
10837,22739
10837,18851
10840,1271
10840,6761
10840,18878
10840,2379
10840,7925
10843,9780
10843,279
10843,7741
10843,4320
10843,7892
10842,18330
10846,11673
10846,19798
10846,23004
10846,16756
10848,13266
10847,21697
10850,13823
10850,14985
10850,20438
10854,993
10854,14043
10854,21510
10854,24231
10854,18406
10864,23359
10864,1222
10864,6794
10864,14542
10864,11215
10867,7653
10867,12133
10867,24183
10866,10332
10866,24070
10868,14199
10868,1640
10868,23895
10868,8460
10868,20394
10869,22654
10869,17657
10857,2717
10857,20871
10857,306
10857,13817
10857,19177
10870,22130
10870,8972
10875,12629
10875,3135
10875,18610
10874,18575
10874,9486
10874,11034
10874,9864
10877,21015
10877,3111
10877,22986
10877,5771
10877,4130
10876,1906
10876,7153
10876,12724
10858,11231
10858,17220
10858,23898
10858,510
10858,4488
10882,19978
10882,16965
10855,12289
10883,13252
10883,15772
10883,5096
10883,19980
10883,23690
10884,16054
10884,15195
10884,3700
10884,8478
10884,23335
10885,9366
10885,20356
10887,21350
10887,11591
10887,16378
10887,4944
10886,1341
10886,19341
10888,5798
10889,13391
10889,18646
10895,21958
10895,13196
10895,20198
10898,12307
10898,17246
10897,2559
10897,22372
10897,17992
10900,23081
10899,12060
10904,7527
10904,23889
10904,4549
10903,17733
10902,16697
10902,16043
10907,3224
10907,15748
10913,153
10913,22896
10913,9877
10913,22579
10913,19692
10912,13134
10912,18055
10912,17693
10912,13078
10912,129
10914,10924
10914,2634
10919,22394
10919,11526
10917,10505
10917,22157
10917,10784
10917,6784
10917,14569
10896,17976
10896,5010
10896,21989
10896,16107
10896,9665
10926,20329
10929,6323
10929,10873
10929,649
10930,20727
10931,4353
10931,8582
10931,12775
10931,20529
10931,5144
10932,18977
10932,7132
10932,16745
10933,22659
10933,22763
10933,20516
10933,400
10933,22238
10934,17350
10934,6786
10934,13557
10934,9138
10937,5527
10937,3369
10937,7488
10937,10301
10936,8041
10936,20131
10936,10361
10940,20668
10939,8299
10939,85
10939,9234
10939,10675
10941,21504
10943,18241
10943,15990
10943,4987
10943,24760
10945,5475
10945,22070
10942,6453
10944,12053
10944,23920
10944,22342
10944,3873
10944,22104
10947,1160
10946,6950
10946,9906
10946,12056
10946,14941
10949,7825
10949,18121
10950,10786
10950,3842
10950,14642
10948,24371
10952,19454
10954,1337
10954,24937
10954,5004
10954,6500
10959,21686
10959,5202
10959,18183
10959,20613
10959,105
10957,15646
10957,2688
10965,3818
10965,24955
10965,7500
10955,14740
10955,9651
10955,5230
10955,14911
10958,15328
10958,910
10958,12212
10967,10378
10964,1315
10964,12393
10964,6747
10964,14375
10966,9028
10966,21703
10966,15042
10966,11504
10969,14999
10969,15630
10971,7990
10971,12601
10971,10185
10973,166
10973,18152
10970,3194
10970,20034
10970,3692
10970,9752
10970,23181
10974,20815
10974,10221
10974,11409
10974,6952
10978,23978
10977,22957
10977,13212
10982,2461
10982,12363
10982,2798
10982,11134
10982,19086
10980,21247
10980,19835
10980,7545
10980,9595
10980,7889
10985,7413
10995,5770
10995,8023
10996,10734
10996,24658
10996,12903
10991,7716
10997,10278
10997,3654
10997,23338
10997,20650
10997,18697
10992,1610
10992,8823
10992,15176
10992,13120
10983,22801
11000,705
11000,9091
11000,23984
11000,4357
11000,12076
11003,14908
11003,4186
11004,13674
11006,14712
11005,6939
11007,9226
11007,16266
11007,3744
11009,15707
11009,14634
10979,9415
10979,7384
10987,9482
10981,1301
10981,15207
10981,6650
10981,11400
11011,4944
11011,23199
11011,7118
11011,23694
11011,8420
11012,4545
11012,361
11012,13263
11012,17877
11014,4476
11014,4759
11014,12106
11014,11526
11013,1174
11013,21673
11013,1754
11023,5979
11023,9151
11019,8413
11019,15723
11019,17186
11020,20687
11018,14226
11018,17470
11022,7447
11022,16443
11022,12731
11027,18976
11027,3906
11028,14927
11028,4172
11016,5193
11016,19400
11016,17618
11016,19872
11016,24659
10988,16846
10988,6719
10988,1723
10988,7557
10988,1073
11031,21958
11031,478
11031,7493
11030,10977
11036,13956
11036,16076
11033,11680
11033,4079
11033,21783
11033,4149
11033,21036
11038,20546
11038,17612
11038,11118
11038,2008
11041,6137
11041,14988
11041,1865
11041,359
11040,20163
11040,11354
11040,9543
11052,18818
11052,9835
11054,3624
11054,6886
11043,7703
11043,16222
11043,15989
11043,22744
11055,24645
11055,6191
11055,2322
11055,8098
11057,1713
11057,13038
11058,1765
11058,21614
11058,9745
11046,11569
11046,8057
11046,12122
11046,21301
11049,11159
11049,15846
11051,16815
11051,14668
11051,6855
11051,4958
11051,4965
11045,16803
11045,9263
11045,6465
11045,6725
11045,10110
11056,7779
11056,5993
11056,21306
11056,12515
11056,6229
11061,5150
11061,14335
11061,20161
11061,8991
11061,17414
11063,3445
11063,3933
11063,6197
11063,15403
11063,12226
11064,8639
11064,12677
11064,7043
11064,6054
11072,7034
11072,10160
11072,18034
11072,7518
11070,16554
11070,23740
11070,10989
11070,2606
11070,12374
11074,11412
11074,13140
11062,17018
11062,17247
11062,15837
11062,7476
11071,18961
11071,13888
11071,6519
11076,8360
11076,24048
11077,19426
11077,15281
11077,5296
11078,1984
11078,4865
11078,6428
11078,9647
11080,8555
11080,24515
11080,7874
11080,15885
11080,3266
11069,2803
11069,24810
11069,18637
11047,11024
11047,881
11047,22041
11047,12754
11047,19251
11082,4034
11082,24772
11082,15996
11082,21234
11082,6676
11089,6892
11083,20894
11083,292
11083,3639
11083,20137
11083,4382
11091,22071
11091,22493
11087,17520
11087,21978
11087,3810
11084,10631
11084,12586
11084,18317
11092,14328
11092,24082
11092,9153
11092,1903
11085,18538
11085,4214
11085,6922
11108,17249
11108,18874
11094,22123
11094,22459
11102,17806
11102,15138
11102,16492
11102,3346
11107,24124
11107,11923
11107,1165
11107,7457
11107,3732
11105,2065
11105,22794
11105,4961
11105,10061
11105,17234
11113,17701
11114,4066
11114,5077
11114,15787
11116,23387
11116,22080
11116,16349
11088,1
11088,14639
11088,2591
11119,11826
11119,384
11097,3776
11097,23300
11097,15091
11098,10524
11098,4661
11098,24510
11122,200
11122,8779
11127,2792
11127,7906
11127,22287
11128,10963
11128,16389
11128,24389
11128,20146
11128,16860
11138,1327
11138,6023
11138,18984
11138,15465
11138,4902
11140,6581
11140,23359
11140,10513
11140,15776
11140,15790
11126,21239
11139,8652
11143,18897
11143,7557
11143,12050
11133,17740
11133,20574
11133,11591
11148,9626
11148,15364
11148,20022
11148,13106
11148,24776
11150,23053
11146,4366
11146,16993
11151,13760
11151,7562
11151,6476
11134,3542
11134,9676
11134,4486
11134,8111
11134,4087
11130,16758
11132,11917
11132,12432
11137,3305
11137,7849
11137,19787
11152,20730
11152,4540
11153,3549
11153,22956
11153,14644
11153,2106
11153,3101
11164,4146
11164,14244
11164,12430
11164,1558
11164,20864
11129,6833
11129,8581
11129,14019
11129,5220
11154,19592
11154,5536
11166,5385
11166,19875
11166,22466
11166,21092
11155,24920
11155,20679
11155,18168
11155,9613
11168,7458
11168,4634
11168,24503
11168,1540
11165,23109
11165,11153
11165,23132
11165,11703
11165,10102
11167,11269
11167,8862
11167,14131
11167,7416
11160,717
11169,23663
11169,13773
11169,20014
11171,8757
11171,18857
11171,22345
11171,21136
11161,19366
11161,23761
11161,1701
11161,23842
11179,427
11173,22183
11173,20744
11173,23091
11173,24302
11173,10378
11180,16554
11180,3960
11181,505
11181,23212
11181,19605
11181,13139
11162,17981
11162,2201
11156,23596
11156,10252
11156,19080
11156,8627
11159,20451
11159,5195
11159,17437
11159,112
11159,23336
11182,6809
11182,4826
11182,5660
11182,21017
11184,3193
11184,186
11184,13339
11184,7253
11184,13102
11185,18818
11185,4431
11186,11144
11186,5078
11186,11171
11187,18626
11187,15416
11187,3485
11187,11457
11191,21199
11191,14607
11191,12546
11188,5639
11188,4940
11193,15656
11194,55
11194,8915
11194,5913
11192,14675
11192,13867
11192,9901
11207,23495
11207,7467
11207,4587
11207,18105
11210,15397
11210,20447
11213,18948
11213,22436
11214,8765
11214,5558
11214,20688
11214,21170
11216,24892
11216,15311
11216,2886
11198,10279
11198,4956
11198,1095
11198,20976
11198,7526
11217,15988
11217,23058
11217,23838
11217,22448
11217,4602
11215,17625
11215,18519
11215,11397
11215,24970
11215,16602
11218,20255
11218,18136
11218,3101
11218,24445
11218,14835
11220,20344
11220,3498
11220,15683
11220,16617
11219,5004
11219,1666
11219,3172
11219,10534
11199,10016
11199,23424
11199,23449
11199,10596
11199,11267
11202,19586
11202,15359
11202,10818
11202,12570
11204,7315
11221,9544
11221,4980
11201,7779
11201,1610
11201,40
11201,14759
11203,16399
11203,2946
11223,24617
11223,4099
11223,12496
11225,1764
11225,16349
11229,11909
11229,19851
11227,13717
11227,3834
11227,21800
11226,19278
11226,19188
11226,12837
11226,3557
11226,15783
11232,15410
11233,8490
11233,15387
11233,2329
11233,7433
11235,5782
11235,5556
11236,5703
11237,1942
11237,14860
11237,22890
11230,20673
11230,13524
11230,13738
11230,22209
11230,5340
11249,7767
11249,5993
11249,23462
11249,12333
11249,3172
11242,22131
11242,10887
11242,16983
11242,12680
11242,22341
11251,17411
11251,7767
11251,19475
11251,44
11251,16935
11250,24360
11250,23856
11250,3204
11250,15998
11243,17141
11243,7207
11243,14679
11243,18918
11254,11661
11253,18578
11253,21422
11253,14124
11248,7540
11248,20358
11248,3479
11248,7675
11255,2663
11255,17876
11255,10933
11255,20300
11255,15946
11258,1620
11259,20832
11259,14448
11259,15619
11257,14184
11257,9060
11257,158
11257,3162
11257,24181
11260,464
11262,3518
11262,18934
11240,20536
11240,9523
11261,24261
11261,6702
11238,7120
11238,15045
11238,5527
11238,19093
11238,22049
11239,4200
11239,8862
11231,1482
11231,1793
11231,2837
11266,1284
11269,1099
11269,16213
11271,19122
11271,20842
11271,2231
11271,19124
11268,2072
11268,6503
11268,23425
11268,17630
11268,13033
11272,4326
11273,10528
11273,22571
11273,10867
11273,11901
11275,13083
11275,17111
11275,24623
11275,3671
11277,16803
11277,1498
11277,5287
11277,13408
11277,21254
11282,10765
11282,16980
11282,24356
11282,9644
11279,14636
11284,21515
11286,19889
11290,9949
11289,3759
11289,983
11289,141
11289,23258
11289,18904
11291,1359
11291,11103
11291,19115
11288,17186
11288,18306
11288,19279
11288,20794
11294,5901
11295,9248
11295,22185
11292,10684
11298,2495
11302,1661
11302,21948
11302,14978
11302,23249
11296,15433
11301,20097
11301,17956
11303,995
11303,6915
11303,23558
11303,449
11306,2923
11306,5431
11306,13179
11306,18715
11306,24265
11305,14761
11305,12267
11308,23135
11308,3002
11313,24084
11322,11028
11323,2234
11325,21059
11325,12560
11326,15022
11326,11879
11326,24200
11326,9226
11328,2018
11328,7299
11328,2232
11328,1891
11329,4005
11329,1141
11329,7258
11329,17231
11329,19381
11331,4502
11331,5433
11331,2970
11332,16096
11332,24166
11330,13100
11330,10270
11333,4438
11333,14225
11333,21477
11333,3016
11316,13359
11316,13188
11314,21402
11314,21666
11314,4371
11314,5739
11309,13921
11309,12164
11309,16617
11309,12369
11318,5842
11318,21896
11318,13430
11318,6087
11310,10635
11310,11133
11310,24822
11310,1118
11311,3977
11337,12467
11337,22868
11312,1867
11312,12428
11312,1517
11312,3655
11336,24809
11336,1265
11336,17524
11346,8683
11346,7134
11348,14031
11347,20577
11347,10595
11347,7602
11351,17124
11351,15947
11349,20523
11349,8867
11349,18547
11349,6716
11349,3538
11354,11840
11353,18766
11353,6956
11353,9569
11353,24845
11355,20353
11355,2667
11355,5680
11355,1231
11356,7878
11356,7166
11352,13108
11358,16933
11358,18192
11358,17596
11358,3290
11360,12099
11360,17601
11360,1840
11360,10105
11363,7604
11363,13839
11363,381
11362,12070
11362,12154
11362,659
11362,14646
11362,24012
11338,24373
11338,16884
11338,7365
11338,15110
11338,9469
11342,21945
11342,5756
11342,4296
11342,18393
11342,1318
11366,5504
11366,21278
11366,13056
11367,3989
11367,9297
11367,18308
11367,18652
11368,3041
11369,19984
11369,11314
11372,10229
11372,5901
11372,15587
11372,19707
11374,17978
11374,20267
11374,16507
11374,18477
11374,7641
11373,14274
11373,19436
11373,24482
11373,5247
11373,23892
11370,16501
11370,22155
11378,3287
11378,13578
11378,8850
11378,16499
11378,18352
11383,4826
11383,17587
11383,21465
11389,18523
11390,2298
11390,1339
11390,1617
11390,18415
11391,17588
11391,14073
11393,9683
11393,22138
11393,18136
11393,8501
11394,23627
11394,20748
11394,22879
11395,12285
11395,4186
11395,2887
11395,9625
11397,12636
11397,2728
11397,9671
11397,7794
11398,11034
11398,18930
11398,12566
11398,14090
11398,14801
11401,17924
11401,22714
11400,4560
11400,6049
11400,7017
11377,21052
11377,24790
11377,11597
11388,20618
11388,18753
11388,3046
11388,17319
11384,20396
11387,11239
11387,4099
11387,1305
11387,17864
11387,1699
11402,21430
11402,6215
11402,6844
11404,22811
11404,1983
11404,11358
11404,19580
11404,15432
11382,16276
11382,7314
11382,13478
11382,4475
11382,23707
11409,16645
11411,7804
11411,16728
11411,12121
11411,17484
11413,11945
11413,16724
11413,5947
11406,16396
11406,887
11406,23615
11405,9352
11405,6135
11405,15761
11405,14734
11414,1479
11414,2265
11408,8604
11412,14696
11412,21610
11412,13344
11418,14554
11418,22242
11418,20873
11419,22609
11419,5727
11419,6895
11419,6436
11419,16152
11422,19704
11424,21055
11424,8619
11424,4110
11424,15115
11425,19415
11425,1798
11427,22865
11428,9724
11428,303
11428,9588
11432,2764
11432,15773
11432,200
11432,21155
11431,4293
11431,754
11430,2820
11430,6551
11430,17220
11430,2275
11430,19821
11435,4764
11435,13053
11436,279
11436,2562
11437,7554
11437,16670
11437,1854
11440,24004
11440,8524
11440,11265
11440,22069
11441,14404
11441,9876
11441,17247
11441,6576
11441,15460
11438,16155
11438,22278
11438,20976
11438,6537
11442,1502
11444,16033
11444,8153
11444,23698
11444,8428
11444,9477
11434,21175
11434,20452
11434,533
11434,1662
11454,9845
11454,24947
11454,3752
11454,17301
11454,24093
11457,6241
11457,7039
11459,22262
11459,18813
11459,17993
11460,16173
11458,16779
11458,13284
11462,21347
11455,7367
11453,13528
11453,7081
11465,5158
11465,20545
11465,6366
11465,21086
11465,15771
11466,8919
11466,14368
11466,1510
11466,22953
11467,24167
11467,18055
11467,13364
11470,6060
11451,8109
11451,971
11468,12262
11468,17783
11468,12406
11449,18575
11449,21909
11449,15311
11447,16715
11472,1059
11472,839
11472,11257
11472,16131
11474,11155
11474,10224
11474,1321
11476,22143
11476,470
11476,24179
11476,13475
11476,18535
11477,7710
11477,16215
11477,2654
11477,21319
11475,1771
11475,13880
11475,9745
11475,14629
11475,8510
11478,12002
11479,7428
11479,7530
11479,23073
11479,738
11479,4369
11481,15138
11481,4933
11481,17612
11481,7791
11481,5028
11484,14562
11484,7542
11484,9742
11488,636
11488,4597
11488,23899
11485,824
11485,10266
11489,11471
11489,14131
11489,10504
11489,21555
11489,16983
11487,24435
11487,20374
11490,13511
11490,13355
11490,21191
11490,12952
11490,18186
11480,7253
11480,24695
11500,6100
11502,12372
11502,2156
11502,886
11502,18552
11501,4672
11501,2585
11501,13202
11501,9412
11501,20373
11505,8071
11505,594
11505,14556
11505,20372
11505,3939
11503,5038
11503,4347
11503,15100
11503,3326
11503,24375
11498,23562
11498,17635
11498,22550
11498,6807
11506,21050
11506,1080
11506,20869
11506,1758
11506,4865
11513,10866
11510,21020
11510,13820
11510,14723
11510,1080
11495,11003
11495,9848
11511,14911
11511,14256
11511,14786
11518,3312
11518,9087
11518,19763
11520,15154
11517,17821
11517,13462
11517,1173
11492,10967
11492,11500
11492,20725
11494,19669
11494,14946
11494,20659
11512,16466
11512,4684
11512,1333
11512,15031
11514,24000
11514,5569
11514,7189
11514,24022
11514,21766
11523,9449
11523,15407
11523,14180
11526,7984
11522,8494
11522,1675
11538,23971
11532,15968
11532,20642
11532,3065
11527,18269
11527,437
11534,4224
11534,7502
11534,2437
11534,19054
11534,17295
11541,21775
11542,20532
11540,4320
11540,17549
11540,14185
11543,21425
11543,24040
11543,16939
11525,11061
11525,12372
11525,10200
11546,14977
11546,10904
11546,919
11545,11333
11545,18100
11545,10985
11545,9023
11545,22107
11528,12724
11551,24095
11551,1670
11551,22047
11553,20666
11555,6272
11555,2973
11555,24845
11555,18599
11555,19646
11554,20553
11554,990
11554,11810
11537,18986
11537,22270
11537,214
11537,8217
11537,21836
11533,24972
11533,20565
11533,3372
11547,14430
11547,12552
11547,23751
11547,19511
11535,10230
11535,5374
11535,5062
11535,1998
11556,1564
11536,1552
11536,15190
11536,5120
11536,19800
11557,20938
11557,8986
11557,2644
11557,2879
11561,19404
11561,18478
11561,15328
11561,7164
11561,15018
11564,18001
11559,3293
11559,9612
11565,1746
11565,16043
11569,3624
11569,22612
11571,7332
11571,20567
11573,6439
11573,19677
11573,12808
11573,4676
11573,16708
11574,21394
11574,3030
11574,1838
11574,15702
11574,8733
11577,16247
11576,132
11576,8542
11576,8901
11570,16054
11570,324
11570,21317
11589,24103
11589,3303
11581,14276
11581,12001
11581,8716
11581,20335
11590,2008
11590,11117
11590,18458
11590,17313
11592,16054
11592,16958
11592,11151
11579,6775
11579,8394
11579,412
11584,10924
11584,19428
11584,4673
11584,19910
11584,20855
11580,11371
11580,15707
11580,17832
11582,13313
11583,8994
11583,4204
11583,19285
11585,9147
11585,6968
11585,13990
11566,955
11566,18660
11596,20457
11596,4724
11596,24799
11596,3536
11595,258
11595,2683
11595,15308
11598,77
11598,7546
11598,3302
11598,15639
11597,9682
11597,6387
11599,9304
11601,4259
11600,15436
11605,7677
11605,22072
11605,6230
11606,13895
11606,14022
11606,22659
11608,11692
11603,372
11603,2910
11603,14536
11603,4638
11603,18626
11612,18087
11612,19069
11612,22556
11609,18314
11609,16995
11609,19382
11609,23143
11609,17308
11623,13128
11623,316
11623,14920
11623,21748
11610,308
11610,2886
11610,9964
11622,820
11622,3074
11622,20254
11622,4708
11622,2702
11626,8857
11626,24776
11626,2786
11626,8339
11627,1483
11628,17468
11628,11615
11628,4775
11619,20106
11619,19628
11619,16136
11625,2272
11625,23910
11625,11068
11625,13401
11632,8010
11632,14084
11632,12398
11629,14888
11629,12720
11629,15368
11635,19808
11636,22369
11637,23368
11637,12033
11637,21493
11633,24152
11633,12548
11617,2929
11617,12060
11638,6958
11638,14405
11640,11771
11640,5984
11640,19805
11640,21400
11641,11294
11641,14867
11641,5358
11639,23975
11639,19975
11639,14921
11639,14934
11639,14833
11654,24168
11654,15667
11654,23592
11654,6104
11647,16522
11647,4132
11647,5250
11647,7541
11613,18770
11613,21908
11630,23890
11651,23404
11651,6273
11651,7280
11664,3406
11646,449
11646,20065
11646,3499
11646,11375
11666,22334
11666,4542
11666,19520
11666,10472
11666,17321
11672,6759
11672,7759
11669,10873
11669,9299
11669,11662
11669,5881
11669,22053
11673,3116
11673,5937
11673,2862
11673,20130
11675,23767
11675,5059
11675,7950
11675,19263
11675,24177
11676,18565
11676,19414
11676,10898
11678,11472
11679,3068
11679,21249
11677,24676
11677,7703
11677,23679
11677,15398
11677,15010
11671,6236
11671,16637
11671,23609
11671,16955
11671,4910
11682,4147
11682,14064
11683,1764
11683,13575
11683,21167
11683,20451
11658,24229
11658,16349
11690,22924
11687,8782
11687,540
11687,23391
11691,23396
11691,21702
11691,18917
11693,23988
11693,17233
11693,6535
11693,13679
11694,6526
11694,15514
11695,2280
11695,3639
11689,243
11689,14476
11696,4898
11696,21471
11696,12270
11696,18116
11697,8139
11657,20731
11657,8690
11657,828
11702,15542
11702,15892
11702,12047
11702,7470
11702,4139
11703,16883
11660,5769
11660,7714
11660,13775
11704,13805
11661,21852
11661,6932
11661,18254
11661,14515
11661,8420
11706,1204
11706,24524
11706,18437
11662,24494
11709,22452
11709,6309
11709,6073
11709,1524
11709,3946
11711,17702
11711,19944
11711,10440
11712,22969
11712,1700
11712,22289
11712,2673
11713,3487
11713,60
11713,23801
11713,4746
11715,13938
11715,11495
11715,8056
11718,3260
11719,24115
11719,6554
11719,19960
11722,9377
11722,10735
11722,5282
11724,19405
11724,4555
11726,8875
11723,21174
11723,24253
11723,13607
11723,10996
11723,15855
11725,7370
11725,1715
11725,23760
11725,15052
11725,7166
11728,22183
11728,21255
11728,849
11728,4957
11728,5645
11730,23872
11730,17967
11730,19170
11731,14376
11733,24151
11737,3109
11737,24030
11737,14972
11738,24097
11740,14017
11740,16096
11740,1104
11740,12672
11745,11932
11745,4427
11745,21887
11745,4933
11745,8479
11744,1712
11744,292
11744,847
11744,5672
11744,18978
11748,21191
11748,19740
11749,9226
11749,14802
11749,10205
11749,15493
11749,21742
11750,20447
11752,23326
11752,18398
11752,5497
11754,13236
11755,12876
11755,24855
11755,9687
11755,21385
11755,13599
11756,21636
11756,8719
11756,4258
11758,18918
11768,12883
11768,24137
11768,3507
11767,14700
11767,5652
11767,5766
11767,11338
11767,21292
11757,18610
11757,22239
11757,535
11764,9421
11747,4278
11747,20389
11766,2676
11766,19623
11766,14412
11766,6445
11766,9874
11760,16188
11760,10852
11760,292
11763,216
11763,5751
11763,1717
11763,24575
11763,2359
11762,24406
11762,13521
11759,9354
11759,3996
11759,20830
11770,18819
11770,21403
11770,9044
11772,4698
11773,2107
11773,24581
11776,4260
11776,17974
11776,16123
11774,7465
11774,8287
11774,15596
11779,164
11779,20313
11779,10091
11779,3383
11779,23137
11782,502
11781,11868
11781,12119
11781,15146
11795,18336
11795,1937
11783,3182
11783,272
11783,22039
11783,10792
11785,4476
11784,11725
11784,17924
11784,1355
11797,15910
11797,19830
11797,20057
11797,637
11800,15093
11800,15652
11801,23012
11801,779
11801,15298
11801,20502
11801,17267
11803,5827
11803,11948
11803,11023
11790,17484
11790,1231
11790,16697
11806,13679
11806,11920
11806,9326
11806,7224
11805,16807
11805,13963
11805,10306
11805,7260
11807,18672
11807,17940
11807,10414
11807,18565
11810,18637
11810,17576
11809,13140
11809,21997
11809,19080
11809,3383
11809,4823
11811,21786
11811,22668
11812,24363
11812,7047
11812,18097
11808,1665
11808,6948
11808,19410
11808,11422
11787,20451
11787,11941
11787,2394
11789,4335
11789,19826
11789,23388
11789,13156
11789,18503
11816,23406
11793,24893
11793,19790
11793,12696
11793,10029
11793,24736
11813,24286
11814,22358
11817,7723
11817,8965
11817,13700
11817,11750
11817,21524
11818,7237
11818,2267
11818,20186
11818,20286
11794,4117
11794,13407
11794,15138
11794,6435
11794,1402
11815,1474
11815,18336
11815,20902
11815,21217
11821,24310
11821,9091
11821,6433
11821,19533
11821,1842
11823,24775
11823,12133
11823,19573
11823,16283
11824,13633
11834,15091
11834,12845
11830,15156
11830,15649
11830,13133
11831,4034
11831,13251
11832,19150
11832,23879
11832,20787
11832,17490
11832,1099
11838,21438
11835,21651
11835,5852
11835,13008
11835,11284
11837,2054
11837,4710
11837,18360
11837,13339
11837,8878
11843,24857
11843,17460
11843,2220
11842,3157
11842,13140
11840,19461
11840,5950
11840,22906
11847,8369
11847,21460
11846,17547
11846,8808
11846,670
11841,6235
11841,2234
11841,12868
11841,21876
11841,23472
11850,10523
11849,14277
11849,6366
11849,7695
11849,9752
11845,2106
11839,22626
11839,21017
11839,21319
11839,23940
11839,7027
11857,22731
11857,16142
11857,6746
11857,13166
11856,20805
11856,2745
11866,3313
11871,20178
11871,1762
11871,21388
11869,1829
11869,135
11869,22889
11869,1674
11869,14780
11873,1939
11873,14694
11873,14730
11873,1607
11874,7699
11875,2478
11876,4152
11876,12046
11876,22360
11862,11811
11862,13154
11862,14196
11862,1921
11854,14080
11855,16919
11855,5291
11855,21158
11870,23905
11870,24996
11870,8902
11858,5476
11858,18162
11858,13731
11858,3585
11858,14248
11890,15595
11890,15991
11890,487
11890,12279
11890,3966
11891,18199
11891,15977
11891,6401
11891,12399
11884,3083
11894,9563
11894,7295
11879,20077
11879,6671
11879,23716
11879,16849
11896,24611
11896,1263
11896,23133
11896,17855
11896,11324
11877,1347
11877,20127
11877,15567
11877,24192
11877,12632
11900,5236
11900,14175
11900,20987
11900,11035
11901,20682
11901,13081
11901,5961
11901,10757
11901,5701
11902,6048
11902,20080
11902,4048
11902,16840
11880,4304
11880,18655
11880,19697
11880,19856
11903,13282
11903,10445
11885,17770
11885,17237
11885,23384
11883,21919
11904,10146
11904,1773
11904,16386
11904,17880
11904,203
11907,23588
11907,22529
11907,15860
11905,15915
11905,1569
11905,1085
11905,14820
11905,9866
11908,20919
11908,2293
11908,9972
11908,7992
11888,14218
11910,10462
11910,4691
11910,14948
11910,16943
11910,13933
11912,11670
11912,11436
11912,14904
11912,10658
11912,154
11914,8652
11914,11874
11914,9522
11917,18097
11920,19497
11920,22449
11920,4993
11920,14502
11920,4963
11918,23021
11918,1947
11918,11848
11918,10396
11918,6674
11915,2153
11915,22454
11915,8608
11915,3370
11915,7409
11929,8973
11929,10290
11929,9495
11926,14005
11926,12515
11926,22278
11926,17552
11926,18798
11934,24620
11930,19057
11930,5088
11930,10424
11930,897
11930,17285
11935,4263
11935,13559
11935,22018
11935,24278
11936,18081
11936,4933
11936,11314
11923,8266
11923,17220
11923,14774
11923,11933
11923,1633
11925,14405
11925,8609
11924,507
11924,17540
11924,17072
11922,11492
11922,7332
11922,5809
11932,16191
11932,10744
11932,19525
11932,2792
11937,20383
11937,22797
11937,18282
11937,6671
11940,23348
11940,17583
11940,23311
11940,17667
11941,8950
11941,16917
11947,15368
11948,10475
11948,19458
11948,23557
11948,15178
11948,8706
11951,4817
11951,1274
11951,6202
11951,15475
11952,7430
11952,7304
11952,1795
11952,22769
11955,8926
11954,6329
11954,7041
11957,20132
11957,14052
11959,4571
11959,1098
11959,22666
11959,16976
11959,9784
11958,24386
11963,14599
11971,22332
11971,4705
11971,7562
11971,17371
11974,5380
11974,16210
11974,6883
11976,3188
11976,24454
11976,20895
11976,22529
11976,5963
11981,10539
11981,14737
11981,1102
11981,1464
11981,13513
11982,20240
11979,5703
11979,8826
11979,2956
11979,2546
11979,22281
11973,12132
11984,18593
11984,5074
11984,2346
11984,21780
11984,23815
11983,22866
11983,6631
11983,762
11983,21855
11990,20451
11990,22206
11990,19597
11990,23322
11994,2414
11994,24470
11987,3068
11987,24866
11987,2512
11987,17993
12003,24916
12003,13237
12004,7651
12004,23670
12004,14962
11977,10928
11977,20608
11977,24084
11977,4269
12007,674
12007,982
12007,23699
12007,19044
12007,21966
12008,21947
12008,4145
12008,19098
12008,16014
12008,9671
11978,908
11978,20717
12013,12164
12013,4781
12013,12197
12009,18416
12009,3042
12009,7736
12010,23860
12010,17527
12014,21790
12012,5927
12012,5503
12017,1478
12017,1215
12017,17660
12017,11192
12020,4041
12020,11350
12020,14500
12020,9964
12019,20414
12019,5800
12019,15801
12015,19344
12015,18633
12015,14573
12015,17430
12021,18648
12021,7099
12021,4919
12025,4290
12025,5000
12025,10298
12025,21636
12022,8659
11998,20431
11998,14787
12024,22627
12024,4195
12024,13923
12024,4631
12028,1758
12028,688
12029,22106
12029,8410
12029,12924
12030,1536
12032,4441
12031,762
12031,8376
12031,4492
12031,738
12034,15677
12034,10434
12034,11881
12034,10594
12036,8494
12036,281
12036,13064
12036,24633
12036,1432
12039,5746
12039,15655
12040,19498
12038,7395
12042,18962
12042,19803
12042,9787
12054,21440
12054,15511
12054,21309
12056,1026
12045,6089
12045,17431
12045,4108
12050,10370
12057,9794
12057,16171
12057,21742
12057,13442
12057,126
12059,7451
12059,14503
12061,17744
12061,4646
12061,11485
12047,6870
12047,9058
12047,17988
12063,4370
12063,14200
12063,12731
12062,6955
12060,15071
12060,6106
12060,311
12060,23149
12060,2298
12065,5774
12065,7481
12065,17595
12065,24083
12064,13508
12066,11093
12066,21201
12066,8307
12066,15169
12066,8914
12055,22984
12055,11865
12055,9640
12071,11299
12071,9828
12068,18002
12068,19582
12072,8078
12072,3660
12044,17258
12046,17237
12046,1463
12046,7069
12046,21869
12046,10227
12051,18759
12051,13123
12051,3862
12048,16551
12048,3779
12053,21254
12053,4330
12053,9562
12053,11348
12053,3941
12049,12657
12074,6086
12074,24050
12073,24183
12073,23584
12073,8627
12073,20799
12073,4456
12077,14510
12077,10451
12077,5236
12077,16231
12081,122
12081,18557
12081,7148
12081,18636
12085,14261
12085,6825
12085,19595
12085,8614
12087,20545
12093,5854
12093,18039
12093,10206
12093,12384
12093,4512
12094,13108
12094,6006
12094,6137
12094,15786
12094,3417
12095,9493
12095,8205
12095,20992
12095,384
12097,21768
12097,21832
12097,2353
12092,20309
12082,16022
12082,5365
12082,22697
12088,7757
12083,3163
12083,394
12083,309
12083,15512
12083,3373
12101,6319
12101,8886
12101,1003
12101,12406
12101,15016
12109,3624
12109,10182
12109,4115
12111,15137
12113,14492
12113,8053
12112,19677
12112,8958
12112,12507
12112,11778
12115,677
12108,13141
12108,4154
12108,15067
12108,18402
12108,18771
12090,21433
12090,11367
12090,19400
12090,16805
12090,14875
12120,21981
12120,18044
12120,10298
12120,20692
12104,7051
12104,5128
12121,9825
12121,3653
12121,2318
12121,1402
12121,13812
12122,2262
12122,10271
12122,12277
12124,11951
12124,13490
12124,22316
12124,11364
12124,15472
12125,451
12125,4679
12125,13961
12105,3680
12107,1247
12107,14435
12114,19143
12114,1889
12114,7465
12114,3203
12114,17386
12116,15872
12116,15296
12116,11093
12116,7071
12116,3742
12127,11173
12127,101
12131,3210
12131,15774
12131,15045
12134,2639
12134,497
12134,22474
12134,9219
12137,5614
12137,6985
12138,4189
12138,18006
12138,22172
12138,10947
12139,4275
12139,7908
12139,9541
12140,13652
12140,15670
12140,4781
12140,12612
12142,15397
12142,1861
12143,8583
12144,19915
12144,3702
12144,24709
12148,10003
12161,18031
12160,20291
12160,23421
12155,639
12155,10796
12155,15172
12149,3126
12149,13319
12149,6845
12162,4784
12162,10152
12162,19016
12162,3287
12163,18217
12163,7860
12165,23919
12165,2853
12154,20999
12154,19779
12154,18492
12168,8880
12168,16128
12169,22896
12169,18090
12170,2225
12171,13648
12171,6359
12171,19389
12174,7380
12174,18448
12173,11051
12173,21455
12172,4972
12178,4694
12178,14793
12178,17502
12178,489
12178,17649
12152,6925
12152,8173
12152,6124
12176,9774
12176,14784
12176,19305
12176,14286
12176,7195
12147,13133
12147,23209
12147,474
12153,22466
12153,10218
12182,6892
12182,11257
12146,24709
12146,12775
12146,9920
12146,4752
12146,23735
12184,9677
12184,9327
12184,16259
12184,21178
12184,6969
12185,8012
12185,5170
12185,9423
12185,856
12185,12791
12190,15466
12190,15333
12190,22251
12190,14169
12190,18674
12197,10751
12197,10323
12193,13866
12193,23579
12193,10806
12194,3170
12194,20812
12194,22022
12194,23740
12199,10999
12199,559
12189,22759
12189,21439
12189,19198
12189,20293
12192,4083
12192,7253
12192,3409
12192,965
12198,11935
12198,5950
12198,16894
12198,6221
12208,18763
12208,8597
12208,232
12207,9225
12207,20366
12207,6182
12207,3084
12200,24273
12200,9040
12200,8629
12200,135
12200,11374
12212,1752
12212,8786
12212,2319
12212,5569
12214,8433
12214,11115
12214,11941
12214,11636
12203,195
12203,2266
12203,3165
12213,12969
12213,20520
12213,5614
12218,4825
12218,13813
12218,22474
12220,9578
12220,14405
12220,7761
12219,19958
12219,2459
12219,16760
12206,15560
12206,22834
12206,942
12206,22996
12206,8698
12217,12489
12217,18490
12217,14419
12217,23462
12223,13413
12223,24759
12223,17959
12227,20300
12227,12480
12227,4320
12227,5064
12228,13731
12228,13294
12228,19615
12228,12944
12231,24011
12226,22191
12226,23361
12226,8121
12226,16451
12226,14082
12232,18850
12232,6486
12230,19858
12230,19147
12230,15477
12230,21391
12230,9564
12233,15910
12233,10979
12233,5120
12201,16825
12205,9246
12205,22209
12205,10302
12210,17709
12210,8349
12210,14147
12235,16824
12235,9131
12235,17678
12235,21368
12216,23934
12237,17791
12242,21051
12242,14524
12242,16518
12239,22814
12239,13048
12239,13934
12239,7508
12239,5339
12240,21845
12240,16478
12240,19397
12241,390
12241,22415
12241,18255
12241,11896
12241,4317
12245,15159
12245,20213
12247,10449
12250,12307
12250,14406
12250,24001
12250,14535
12246,18782
12246,3099
12246,24287
12246,23994
12246,1381
12251,7639
12251,8117
12251,10299
12251,18752
12254,1807
12254,10424
12254,16273
12255,14355
12255,438
12255,4883
12255,16978
12255,15801
12252,24947
12259,24373
12259,12076
12264,12303
12264,23968
12264,7846
12264,11311
12264,23403
12263,16573
12265,4188
12265,4251
12269,239
12267,19236
12267,13648
12266,23078
12266,2298
12268,680
12271,15816
12271,2267
12271,19350
12271,17148
12273,9216
12262,108
12262,12645
12262,6653
12262,9121
12262,20139
12278,3782
12278,19126
12278,21947
12278,10635
12280,2263
12281,17636
12281,15778
12281,24014
12281,21391
12281,24977
12276,16678
12276,19766
12276,18086
12276,14540
12276,1550
12285,24713
12285,9746
12285,3853
12285,5585
12285,22532
12287,8827
12284,15702
12284,5603
12284,19771
12286,17243
12286,24277
12286,3213
12286,1337
12291,14923
12291,11986
12291,4766
12291,19894
12291,2525
12290,7911
12290,18528
12289,23202
12289,4725
12298,7077
12298,17297
12288,6635
12288,22773
12288,11653
12288,6873
12301,355
12301,14300
12300,7798
12300,16033
12307,19309
12307,3573
12307,7313
12299,22667
12292,3623
12292,3111
12292,13162
12302,21396
12302,23279
12302,3124
12302,8824
12302,7460
12308,4538
12308,10483
12310,8907
12310,24522
12295,18677
12304,24485
12304,9696
12305,22038
12305,9855
12305,10786
12312,332
12312,2866
12312,20431
12312,18792
12314,849
12314,14780
12314,17565
12314,18319
12323,24841
12315,2079
12315,14819
12315,10146
12319,21358
12319,13102
12319,21517
12328,11464
12331,11685
12331,16189
12329,17862
12329,17080
12329,14897
12329,1064
12332,7193
12332,13918
12332,8316
12313,21685
12313,23883
12313,1617
12313,9706
12335,12151
12335,11398
12335,19641
12335,16218
12336,24129
12336,16192
12337,16279
12337,13157
12337,18125
12343,23039
12346,5227
12346,22495
12346,20832
12346,2808
12344,15342
12344,21650
12344,21044
12344,8177
12344,17440
12349,10188
12349,10123
12349,2396
12349,23163
12348,22123
12348,14798
12348,15995
12348,2530
12348,1521
12321,8818
12321,14178
12351,23931
12351,15108
12351,4265
12351,3088
12317,24128
12317,5447
12317,8043
12317,16964
12317,18928
12361,7148
12361,4192
12361,22376
12365,9921
12365,20667
12365,20135
12365,19467
12366,14721
12366,924
12366,5459
12366,19601
12366,584
12367,2453
12367,18256
12367,12263
12370,6403
12371,14679
12371,12088
12371,18371
12374,11319
12375,7347
12375,20004
12373,22574
12373,18447
12373,16218
12373,13851
12373,6949
12356,11155
12356,4022
12356,386
12356,4332
12379,8594
12379,7182
12379,10183
12377,2107
12377,5367
12377,10080
12376,6671
12376,6378
12376,4673
12376,6486
12376,12371
12381,3395
12381,8332
12381,10099
12381,24814
12381,18210
12380,18330
12380,18596
12380,14927
12380,6728
12363,20181
12372,12590
12372,9543
12382,14239
12382,8190
12382,17043
12382,21013
12364,16368
12364,9654
12364,18215
12353,20271
12353,16299
12353,9302
12384,24817
12384,23263
12384,9858
12383,15946
12383,23464
12383,3458
12383,14814
12385,20525
12385,21002
12385,11691
12385,13021
12385,22885
12386,23404
12386,11324
12386,10027
12386,13514
12386,24367
12389,4175
12389,23177
12389,9318
12391,22295
12392,19132
12392,13229
12392,9031
12392,20626
12396,22097
12396,20066
12396,6224
12393,7495
12393,21557
12394,1588
12394,11867
12394,954
12394,2770
12394,3191
12400,1745
12400,5132
12398,10510
12398,12668
12401,5345
12401,3533
12401,17456
12401,11121
12401,8901
12404,1397
12409,13240
12409,9871
12409,5559
12409,22065
12409,234
12407,5155
12407,4762
12407,17686
12407,16854
12407,15351
12406,6141
12406,1118
12406,16913
12406,23632
12406,6821
12408,16996
12408,11479
12408,14062
12408,18332
12417,9256
12416,14835
12416,24109
12416,23760
12420,1713
12420,16952
12420,8980
12420,7348
12420,22081
12403,2723
12403,7890
12403,18285
12421,23320
12421,23839
12421,17092
12421,6776
12426,18786
12426,11611
12426,16765
12426,18037
12426,971
12425,8438
12425,6587
12425,1416
12425,11515
12425,15978
12413,12788
12428,19562
12428,5897
12428,23135
12430,10038
12430,2989
12430,10199
12430,15165
12430,15079
12431,21720
12427,4196
12433,16839
12433,9403
12435,14293
12435,2737
12435,2679
12435,22639
12436,60
12436,22580
12436,19330
12436,2544
12434,23442
12434,6107
12434,12169
12434,10774
12434,10673
12440,21230
12440,13279
12440,1775
12440,15673
12440,19916
12443,16772
12443,7857
12444,12915
12444,11248
12444,6018
12444,16300
12447,24520
12448,10984
12448,23041
12448,4797
12451,4291
12450,19321
12450,13592
12450,18740
12450,22662
12450,17958
12454,2569
12457,20706
12465,1136
12465,14124
12465,15221
12469,17396
12469,20062
12469,1211
12466,24727
12466,18149
12466,20421
12466,20323
12471,10852
12471,11789
12471,16423
12475,7434
12475,6966
12473,12063
12473,13502
12473,7657
12473,855
12473,2052
12476,21260
12476,2212
12476,777
12476,8609
12477,15378
12478,12316
12478,6879
12478,13105
12478,21390
12470,20812
12470,926
12470,2421
12470,8698
12479,3365
12483,7710
12460,14901
12460,8360
12482,12886
12461,3119
12461,18264
12461,12810
12464,21368
12464,2424
12464,9002
12464,20763
12489,11078
12489,15356
12495,5754
12495,22828
12493,20017
12493,1996
12493,11754
12493,21442
12493,14250
12494,12691
12494,19749
12496,11667
12496,17897
12496,15872
12496,3710
12496,509
12497,12338
12497,7136
12498,5875
12498,12249
12498,6528
12498,8715
12498,9512
12501,16644
12501,522
12501,24827
12501,5502
12501,10672
12500,24172
12500,2308
12500,16458
12500,22122
12486,10855
12486,3712
12486,7911
12486,24823
12486,10676
12456,10873
12456,8127
12456,19408
12456,10916
12456,1861
12502,19794
12510,15779
12510,8206
12510,20675
12472,5276
12472,9950
12472,11509
12472,13343
12472,12296
12505,15278
12505,14198
12505,5556
12505,13619
12513,10086
12513,9195
12513,4219
12513,20381
12509,2667
12509,13397
12509,9637
12515,8460
12515,4832
12515,17955
12515,4788
12518,421
12518,20895
12518,24492
12518,8691
12518,15751
12517,7351
12517,18278
12517,19992
12517,1555
12517,9839
12480,22039
12519,24500
12519,15702
12519,407
12523,17679
12523,7736
12523,21628
12504,17124
12504,10017
12490,10534
12490,7984
12490,4091
12490,9679
12490,11367
12506,12811
12506,13628
12506,1389
12506,997
12506,14999
12507,16635
12508,21724
12508,15405
12508,17003
12508,5114
12508,16055
12526,12392
12526,21427
12526,8292
12526,7630
12526,2367
12527,16575
12527,18110
12527,13489
12527,7284
12527,15303
12530,3544
12530,13837
12530,20773
12529,507
12529,13354
12529,21966
12534,19356
12533,765
12533,13601
12533,854
12532,10796
12532,8695
12532,5962
12532,2972
12499,13218
12539,24820
12538,15076
12538,14361
12538,21244
12541,2463
12541,2848
12541,14199
12540,12922
12540,17002
12540,12311
12540,11795
12540,23570
12549,11572
12549,10187
12549,17755
12550,17160
12550,16722
12550,17295
12550,22335
12546,3027
12546,21005
12552,18813
12552,16827
12556,9089
12556,10323
12557,20303
12557,9042
12557,18621
12557,2607
12557,11976
12548,17527
12547,22634
12558,20010
12558,320
12558,10416
12558,8795
12551,23668
12551,8551
12551,20163
12561,7196
12561,4828
12562,15542
12562,20615
12553,16398
12553,3953
12553,18914
12553,18033
12563,6643
12564,23149
12564,15552
12565,21475
12542,15946
12566,22218
12566,8278
12566,7876
12545,6722
12545,18878
12568,14239
12568,23267
12569,4634
12571,8342
12571,7356
12571,4103
12511,17600
12511,18518
12511,10495
12511,24842
12511,13116
12577,12171
12576,20864
12576,5833
12576,7881
12576,4476
12576,4942
12574,16682
12581,17443
12581,2171
12583,9354
12591,3886
12591,12974
12591,18951
12578,635
12578,4658
12578,7192
12578,20873
12593,13939
12593,18123
12593,23082
12597,18053
12596,13438
12599,13641
12587,3929
12587,16806
12587,9778
12587,18281
12587,6298
12594,5840
12594,13683
12602,18433
12602,3658
12603,10688
12603,18251
12608,5395
12608,342
12588,12650
12588,11738
12588,1470
12586,9198
12586,15650
12605,14944
12605,973
12605,13836
12605,4546
12605,3888
12607,17704
12607,4014
12607,16956
12585,12010
12585,15892
12585,19362
12585,9590
12585,15488
12589,14597
12589,11015
12589,14632
12589,20985
12589,16935
12614,2366
12614,12968
12613,1953
12610,1714
12610,16233
12618,22406
12618,6522
12618,23486
12618,7193
12619,11043
12620,19925
12620,20193
12616,24904
12623,20739
12623,13762
12623,23360
12623,1230
12625,23220
12625,110
12625,13969
12625,1563
12625,1211
12629,13890
12628,13619
12628,3847
12628,10161
12627,11953
12627,1545
12624,4530
12624,5633
12624,3456
12624,11086
12632,18138
12632,10166
12632,15351
12633,20468
12617,5952
12617,5374
12617,20870
12617,6275
12617,5230
12638,6304
12636,5852
12637,8601
12637,8796
12637,12350
12634,23754
12634,19580
12634,13139
12634,3561
12640,839
12640,16268
12640,19189
12641,13602
12641,21867
12646,14548
12646,9954
12646,1557
12643,9306
12643,5784
12643,2945
12643,23668
12642,2482
12642,5239
12642,9097
12645,4095
12645,4553
12647,3673
12649,5766
12651,8018
12651,6814
12651,5180
12652,12039
12652,2852
12653,10876
12653,8640
12653,19929
12654,2466
12654,15211
12654,8763
12654,4452
12650,20116
12650,11201
12650,23928
12650,4460
12656,13699
12656,6681
12656,11093
12656,11492
12656,4723
12658,1480
12657,4199
12657,8999
12657,5948
12664,21890
12664,17972
12664,6358
12664,6825
12661,18615
12661,2654
12663,4278
12663,2926
12663,8814
12663,337
12663,8620
12671,15677
12671,12750
12671,23487
12671,18796
12671,13952
12667,20716
12667,8703
12667,5852
12665,11071
12665,4921
12665,2262
12679,17134
12680,21517
12681,12716
12681,7402
12681,18863
12674,1797
12674,14838
12673,23845
12682,4929
12682,20471
12682,14285
12682,17192
12682,5240
12684,22255
12684,9931
12684,13631
12662,23803
12678,3262
12678,24202
12668,1805
12668,17299
12670,23469
12670,10372
12670,5602
12687,2604
12687,17971
12692,7357
12692,21968
12692,14603
12692,4082
12692,4438
12669,6727
12669,15618
12669,13854
12669,16405
12669,7274
12675,11836
12675,16407
12675,7000
12675,20876
12677,21083
12693,7714
12693,1211
12694,7609
12694,17395
12694,16180
12694,22955
12694,14210
12701,10478
12700,8862
12700,14265
12700,15489
12700,13829
12703,2441
12702,16944
12705,8973
12705,23702
12704,3955
12707,1909
12707,5064
12706,23117
12706,5695
12706,6401
12706,1037
12708,19234
12708,22889
12708,9693
12708,8730
12710,11547
12709,459
12709,17748
12709,8378
12709,23857
12709,23679
12712,18465
12712,23860
12712,22896
12712,8000
12716,6551
12716,22644
12717,9001
12717,16732
12721,9787
12725,20457
12727,10707
12727,20191
12727,14807
12727,13510
12727,19546
12726,23612
12726,13206
12726,7797
12736,15682
12736,24168
12736,4889
12736,5165
12736,10940
12728,5840
12728,1953
12728,4723
12728,13146
12728,2182
12733,2810
12733,24379
12737,10822
12737,4558
12737,2291
12737,8027
12730,20117
12730,18285
12730,13674
12730,24406
12739,5709
12739,23308
12739,21594
12739,20201
12739,7120
12740,8664
12740,10166
12740,7342
12741,5090
12742,9066
12742,16099
12743,22811
12743,21838
12743,6826
12744,20318
12744,14678
12744,12951
12744,5072
12731,17865
12746,20515
12748,4595
12747,476
12747,3549
12747,24407
12757,10966
12757,676
12757,21672
12757,3592
12757,16633
12759,16690
12720,937
12720,12407
12720,20955
12720,4067
12720,10291
12752,4693
12752,6785
12752,12425
12758,23476
12758,12644
12758,21828
12758,18020
12758,17080
12753,23087
12753,13926
12751,10398
12751,22219
12751,19322
12751,16257
12763,4643
12763,3305
12763,19828
12754,5342
12754,1841
12754,1299
12754,8417
12767,7207
12764,14787
12769,24999
12769,4467
12769,17170
12766,13372
12766,17134
12766,5289
12766,21167
12776,12502
12776,8728
12776,18029
12776,325
12697,2172
12697,3498
12697,21472
12697,20712
12697,10274
12774,3096
12774,7261
12774,18911
12774,14018
12779,4357
12779,2287
12779,3106
12781,20326
12781,3699
12781,22360
12781,24328
12781,8896
12762,22076
12762,19210
12762,11947
12762,23155
12762,1864
12783,18263
12783,333
12783,18496
12784,17843
12784,2386
12722,23531
12722,22007
12722,21330
12786,10278
12786,13788
12786,3182
12789,17740
12789,9733
12789,22598
12792,12405
12792,8856
12792,13317
12792,15289
12718,10637
12718,12535
12718,11724
12718,17252
12797,14319
12797,8176
12798,3325
12798,4162
12798,9266
12799,14536
12799,12307
12799,4120
12799,11958
12802,238
12803,3156
12803,13610
12801,22424
12801,17539
12801,3770
12801,17725
12804,2433
12804,21776
12804,22427
12806,7327
12805,3211
12805,12637
12805,22212
12805,16037
12810,14606
12810,22754
12822,6205
12820,6997
12820,11247
12820,20394
12820,1490
12820,1915
12826,4481
12827,9578
12827,18260
12827,16891
12828,3998
12812,15779
12812,3740
12812,18657
12829,15424
12829,5903
12829,16174
12829,15031
12829,20519
12834,3745
12834,15107
12834,12648
12834,17936
12834,10565
12813,14833
12813,10561
12818,2001
12818,4241
12818,9657
12811,8836
12811,13825
12811,18410
12814,10029
12814,7981
12814,12323
12814,21970
12814,13257
12819,18372
12819,24296
12819,22427
12819,21689
12809,3075
12809,23360
12809,17482
12809,658
12809,336
12816,17220
12816,15763
12816,22308
12816,21241
12816,17213
12839,17989
12839,20275
12836,22197
12840,15093
12840,12918
12842,14640
12846,20365
12846,23647
12846,12810
12846,2593
12846,4500
12849,2731
12849,3132
12849,715
12845,4654
12845,6879
12845,7779
12848,3081
12848,19264
12848,23418
12848,16724
12852,4011
12852,5338
12853,5478
12853,7456
12853,12473
12853,18957
12850,19194
12850,5985
12850,4150
12850,535
12850,6330
12860,15221
12857,8137
12857,24970
12856,10101
12856,7748
12854,11335
12854,7607
12854,3624
12854,16071
12854,19458
12858,17200
12858,21016
12858,17616
12858,20884
12863,2392
12863,12426
12863,15266
12865,12307
12865,22702
12865,14971
12865,13430
12870,3050
12870,15394
12870,2262
12870,23201
12870,18292
12875,20757
12875,16791
12875,3861
12875,20830
12872,822
12872,7039
12872,4203
12872,14090
12878,21796
12878,7794
12878,4625
12876,22983
12876,24134
12873,14213
12873,22422
12873,23782
12873,20534
12873,4716
12880,1762
12880,14268
12880,9425
12880,5295
12880,19184
12884,15474
12884,12172
12881,21788
12881,10074
12881,10634
12881,8041
12881,10130
12886,24510
12886,24362
12885,5154
12885,24058
12883,22315
12883,4202
12883,12790
12883,19701
12871,13498
12888,17779
12888,23841
12888,16280
12888,9822
12888,22284
12891,408
12891,5978
12874,16842
12874,24664
12874,22982
12889,22489
12889,2119
12889,13565
12892,10999
12892,13778
12896,6477
12896,1457
12898,21175
12898,22365
12908,21781
12902,5444
12902,22158
12902,14468
12901,4732
12901,8800
12914,14358
12914,14904
12920,12411
12920,17812
12920,15500
12920,16238
12910,9868
12910,20873
12910,12977
12910,11096
12910,7151
12923,15087
12923,11483
12923,2683
12923,10643
12923,23432
12924,18164
12924,43
12924,12987
12921,11901
12921,4620
12921,13754
12921,15249
12921,1776
12903,472
12916,7944
12916,24611
12916,5103
12927,7288
12927,920
12927,19541
12927,20025
12927,3694
12930,19454
12930,3012
12915,24248
12915,7064
12933,22264
12929,22098
12929,4152
12929,5760
12929,16659
12935,23880
12931,9000
12931,8181
12931,2304
12931,20464
12931,11721
12934,12144
12934,829
12934,19213
12934,2271
12925,9549
12917,8141
12917,4059
12913,1217
12936,18340
12936,11756
12936,9359
12936,22902
12936,1161
12912,14320
12939,23703
12939,20891
12939,8880
12941,6854
12942,3530
12942,23377
12942,1311
12942,9449
12944,24422
12944,7497
12944,6407
12945,20041
12945,2960
12946,5552
12946,1939
12948,8921
12949,6225
12949,6406
12949,24050
12949,18701
12949,18970
12953,21751
12950,12906
12950,13883
12950,24785
12954,3819
12954,18073
12951,13729
12951,10233
12951,12048
12951,13762
12958,23659
12958,9706
12958,1594
12959,22827
12959,9775
12959,5510
12955,18571
12955,4191
12955,17105
12955,21414
12955,10812
12960,5989
12960,14378
12960,20215
12965,22401
12965,7203
12962,19091
12962,4666
12962,15799
12962,24448
12962,11589
12970,12937
12967,1739
12967,20671
12967,2924
12968,889
12968,20113
12972,23476
12972,19486
12977,12652
12976,8551
12976,21375
12976,13850
12976,11237
12976,5170
12980,8044
12980,17214
12980,15848
12982,4693
12982,3017
12982,4402
12982,6465
12984,14350
12984,5146
12987,6829
12987,3962
12988,22491
12988,22871
12988,24221
12988,7193
12988,24190
12991,11226
12991,21530
12991,2455
12992,5962
12992,10996
12992,15465
12992,11523
12992,9764
12995,24431
12995,12810
12998,14724
12999,11031
12999,24444
12999,15343
12999,16585
13000,19615
13000,921
13000,16733
13003,22169
13003,16693
13003,21805
13001,22538
13001,983
13001,5588
13001,10123
13001,6242
13004,4626
13004,1556
13004,24397
13004,18254
13004,24661
13006,11748
13006,2291
13007,19546
13007,1589
13007,8995
13007,17023
13007,11099
13012,8002
13012,1925
13012,4124
13019,15929
13019,4193
13019,21133
13024,12044
13024,11222
13024,7192
13009,8432
13009,23796
13026,7791
13026,18030
13026,13525
13026,17527
13028,3612
13028,11707
13028,23242
13028,4045
13028,14870
13023,11400
13022,11094
13022,9683
13022,14915
13022,19807
13020,18942
13020,17828
13021,18987
13021,2150
13029,7719
13029,20875
13029,22479
13032,3080
13032,2845
13032,22406
13032,15866
13031,23778
13031,8650
13030,18716
13030,8727
13030,12153
13030,11919
13030,1835
13037,5113
13037,22858
13037,9483
13038,3871
13038,24060
13039,18695
13039,3498
13039,10972
13039,9003
13039,1284
13035,9874
13035,9456
13035,18215
13035,9806
13047,11852
13047,12416
13047,17804
13047,3853
13047,22865
13055,4452
13055,360
13048,10285
13057,3345
13057,19645
13057,416
13060,588
13060,18349
13051,10434
13065,3729
13065,15022
13065,18072
13066,3545
13066,17188
13061,6775
13061,19134
13061,18460
13061,4632
13042,13470
13042,20122
13042,22125
13042,446
13072,12586
13071,1118
13071,19657
13071,23063
13073,15297
13073,6016
13073,1798
13052,11597
13052,16014
13074,18625
13075,19182
13075,22774
13075,10571
13075,21259
13076,3396
13078,17297
13083,5553
13084,5381
13082,19538
13082,8715
13082,5509
13082,15074
13085,16071
13085,9931
13087,975
13087,14879
13087,20153
13088,18730
13088,20071
13089,22371
13089,7631
13090,10064
13090,11598
13090,17055
13092,19884
13092,11299
13092,2017
13091,17523
13091,6865
13091,2578
13091,8493
13091,8839
13068,7356
13068,14233
13046,12882
13095,5149
13095,6947
13095,9720
13095,17593
13094,3824
13094,13627
13094,1480
13094,11363
13094,24942
13097,7489
13097,9253
13097,4778
13097,896
13097,9187
13043,18203
13043,9023
13043,22310
13043,15814
13043,20184
13100,11789
13100,12282
13100,17167
13100,8604
13108,10534
13107,18753
13107,19380
13107,13736
13104,4880
13096,6465
13096,23134
13096,23751
13096,24705
13096,16891
13113,11539
13113,21198
13113,12277
13114,5688
13114,14352
13114,19923
13114,10957
13114,9990
13118,19700
13116,4739
13116,18616
13120,8800
13120,6864
13120,226
13121,18949
13121,21325
13121,2301
13121,7890
13127,17482
13127,16543
13122,22064
13122,23397
13126,19298
13126,20324
13126,21835
13126,13275
13126,5086
13129,14169
13129,21347
13109,3909
13109,19245
13109,2143
13109,20297
13109,535
13131,12613
13133,18820
13133,12510
13133,282
13133,9742
13134,20338
13134,11339
13134,17021
13130,20017
13130,181
13130,7110
13132,19577
13132,19217
13132,19955
13132,16137
13140,884
13140,7804
13140,603
13140,6527
13141,24893
13141,13113
13141,12791
13141,16630
13143,279
13143,4558
13143,6228
13143,10985
13142,1756
13142,4811
13142,12759
13142,4880
13105,14004
13105,12250
13105,2764
13138,13517
13138,10992
13102,4943
13102,3054
13146,21789
13146,1500
13146,630
13151,23513
13151,14632
13152,6848
13149,847
13149,13198
13149,83
13154,18645
13155,10093
13155,8258
13157,19807
13147,19454
13147,16981
13158,12598
13158,15924
13158,22089
13158,12327
13158,12649
13164,19361
13164,6506
13164,84
13171,7763
13171,17101
13172,2812
13170,2358
13170,14815
13170,11399
13170,21784
13170,19179
13161,21596
13166,10940
13173,24791
13173,10285
13173,22718
13176,8466
13176,14514
13176,14536
13165,22629
13163,12382
13163,2509
13163,23795
13163,23349
13193,18596
13193,14266
13193,9242
13187,16583
13187,785
13189,1544
13189,22816
13192,15263
13192,11654
13192,10385
13192,12188
13192,7776
13198,12336
13198,5364
13198,12249
13198,15951
13182,17850
13182,5967
13182,17721
13182,20513
13199,13915
13199,3895
13201,7026
13201,11845
13201,8114
13200,15038
13200,16405
13200,14205
13203,4924
13203,16434
13203,10950
13203,13267
13205,177
13205,24127
13205,23337
13205,4508
13205,24027
13208,7584
13208,10130
13206,24296
13206,11851
13209,3692
13209,2195
13209,5114
13210,10437
13212,11787
13212,23469
13212,3819
13212,10469
13212,2907
13213,23597
13213,19870
13216,7057
13214,23588
13214,2817
13214,18212
13214,14479
13214,21003
13217,14860
13217,2421
13218,6755
13218,10188
13183,12428
13183,8153
13183,23097
13220,11508
13220,7325
13220,2177
13221,7763
13221,4394
13221,21260
13221,22151
13225,17421
13225,14345
13225,14758
13224,1508
13224,18939
13224,17150
13224,11737
13224,14358
13226,15336
13222,15840
13222,14296
13222,12070
13231,3912
13231,3823
13231,22832
13231,15825
13197,8448
13197,3915
13197,4422
13197,14596
13197,8012
13229,19151
13229,8119
13229,17711
13230,11940
13230,9618
13184,5804
13195,8155
13196,6907
13233,11074
13233,11330
13233,20521
13234,458
13234,7125
13238,4030
13238,15824
13238,15774
13238,15934
13237,7542
13181,3725
13181,5906
13244,8691
13241,14166
13241,14301
13241,22646
13246,13616
13246,18926
13245,16521
13245,5010
13245,15416
13247,372
13247,3139
13248,3169
13252,3773
13252,10691
13252,5284
13252,3624
13255,10077
13255,15657
13243,8317
13243,16564
13256,8712
13256,11661
13256,24654
13258,10
13260,18732
13260,8087
13260,1106
13260,20889
13261,1531
13263,23906
13262,17528
13262,8370
13262,17107
13262,8346
13264,23676
13264,9419
13264,6958
13264,20203
13265,1455
13265,12264
13265,8554
13266,14708
13266,13475
13267,13240
13267,19099
13267,4776
13267,3931
13270,15204
13270,4710
13270,1581
13271,3354
13271,4732
13271,23033
13271,3201
13271,8872
13269,14740
13269,19975
13269,2310
13269,23937
13269,2285
13274,21470
13275,18723
13275,8182
13275,3959
13276,8609
13276,21656
13276,19913
13276,12076
13277,13156
13277,8897
13277,8358
13268,2049
13268,9552
13268,3701
13268,17133
13268,5418
13281,19166
13279,24945
13279,21408
13280,21677
13278,1046
13278,10157
13278,16436
13278,23779
13293,18772
13293,11738
13293,13314
13293,23418
13285,11450
13285,11700
13285,4209
13285,10840
13295,22048
13295,20712
13290,7293
13290,12293
13290,3666
13297,17848
13297,5966
13297,10426
13297,12837
13297,3262
13301,20412
13301,10997
13298,20763
13298,2012
13298,21037
13300,19250
13300,14810
13283,20439
13283,5141
13283,8457
13283,18090
13305,12062
13305,24923
13306,12190
13306,22994
13306,6050
13287,20943
13287,11839
13287,16597
13287,20792
13304,14704
13304,13374
13304,19825
13304,6755
13304,2513
13284,24683
13284,7088
13286,16236
13286,20551
13307,15233
13307,8160
13309,11901
13289,18053
13288,5097
13312,16034
13312,243
13312,461
13312,3354
13312,2619
13318,2066
13318,8874
13323,19036
13323,2982
13325,13988
13325,8908
13324,13632
13324,2296
13324,23750
13324,24156
13324,23056
13313,20023
13313,20017
13313,2911
13313,2479
13313,22481
13314,5043
13314,18361
13330,8965
13333,22850
13333,20703
13333,22203
13333,5173
13333,15194
13337,9596
13337,2039
13337,8533
13337,2785
13337,2989
13310,10021
13310,10985
13310,2604
13310,2487
13310,6666
13338,11462
13338,3299
13338,1377
13340,12708
13340,11306
13340,4418
13340,9939
13345,7150
13345,10138
13345,20359
13345,2542
13346,22908
13347,2648
13347,11707
13347,16761
13348,13253
13348,656
13336,23418
13350,10876
13350,6253
13350,1664
13350,20486
13350,14316
13351,6444
13351,8767
13351,6251
13351,11051
13351,20387
13352,4078
13349,15734
13349,3795
13349,2610
13349,9258
13349,11849
13331,4259
13331,24291
13331,17527
13331,2866
13331,4265
13332,17229
13332,11078
13332,3335
13326,7287
13326,21113
13326,1919
13326,14524
13354,9106
13354,19620
13354,17384
13354,13971
13354,7848
13356,9857
13356,22499
13356,11177
13356,11268
13356,4475
13355,10723
13355,24072
13355,19533
13355,1954
13355,3642
13357,3739
13357,10686
13357,15076
13358,8061
13359,18436
13359,12090
13359,15816
13361,7255
13361,13183
13360,21848
13360,9750
13360,6190
13360,16004
13372,7493
13372,12560
13372,12786
13372,9364
13371,21524
13371,2668
13374,17654
13374,3340
13367,1729
13367,8908
13369,20100
13369,979
13377,2124
13377,20570
13377,14245
13377,19842
13377,2964
13375,17860
13375,4156
13375,8341
13375,15454
13381,14879
13381,8232
13379,9960
13379,13622
13382,7232
13382,11806
13382,2051
13382,11851
13382,9162
13364,16918
13364,4790
13364,13875
13364,23019
13364,2048
13365,21419
13365,2946
13388,2307
13388,24961
13388,9601
13388,11362
13390,15426
13390,24771
13390,14817
13390,12968
13390,9923
13385,6226
13385,14384
13385,19380
13385,9712
13389,16380
13387,9391
13387,15497
13387,10787
13387,5618
13386,5442
13386,24618
13393,8654
13393,22132
13395,4616
13395,20202
13395,7642
13394,13233
13394,21268
13394,11859
13394,10936
13394,5816
13396,20863
13397,16630
13397,2202
13397,10215
13397,3134
13400,6222
13400,13900
13400,3868
13400,17677
13363,15359
13363,21351
13363,4748
13398,509
13398,20634
13398,18390
13398,20731
13398,1369
13408,11852
13408,535
13408,24027
13410,14733
13410,14057
13410,17481
13412,1430
13412,16366
13409,7282
13409,9403
13409,15483
13409,3029
13413,14390
13413,23675
13413,15380
13413,23707
13414,23743
13417,9862
13417,5043
13417,22508
13417,1561
13418,23658
13418,11118
13418,6418
13418,12485
13418,22393
13419,13233
13419,18800
13419,15810
13423,1627
13423,7984
13423,5347
13422,16119
13422,9869
13422,7176
13407,5240
13407,19377
13407,21038
13407,14590
13407,6398
13427,8791
13427,2033
13427,11016
13405,10639
13405,22149
13405,2181
13405,7563
13428,1231
13428,904
13401,4910
13401,19449
13401,5025
13430,19941
13430,16760
13429,11171
13429,1544
13432,13677
13431,15130
13431,3249
13431,11296
13435,1471
13435,15709
13435,11368
13436,14355
13436,4324
13436,14338
13436,23427
13415,181
13415,268
13415,52
13433,18165
13433,20585
13406,18929
13406,20490
13437,13510
13437,17916
13437,11962
13441,3935
13445,23520
13445,9452
13440,6511
13440,13690
13440,19949
13447,23942
13447,24852
13447,16913
13447,13092
13447,10517
13449,2384
13449,19138
13449,11779
13449,17558
13444,4820
13444,9589
13444,7087
13444,2708
13450,11605
13450,12293
13450,13312
13434,15540
13434,18183
13434,12466
13451,21350
13451,6276
13451,20621
13452,5075
13453,21024
13453,17440
13455,6965
13455,12181
13457,14785
13454,11711
13454,16550
13454,18392
13454,3224
13461,12654
13461,11912
13461,14424
13478,17213
13478,14715
13478,10316
13478,11076
13478,2118
13479,22004
13479,24473
13479,9030
13479,9202
13479,14683
13476,10004
13476,20942
13472,10159
13480,13060
13480,17916
13480,22110
13486,1759
13486,24377
13486,13754
13486,8050
13483,18948
13490,7659
13490,2275
13466,14889
13466,24084
13466,15052
13487,18870
13487,9165
13492,14698
13494,12764
13494,16938
13474,5597
13474,14975
13474,24490
13474,19975
13493,4852
13500,9548
13500,4784
13500,5250
13500,20305
13500,1470
13495,20197
13495,22436
13495,16426
13495,1928
13498,24144
13498,20526
13498,1327
13498,8530
13498,23979
13499,12228
13499,1345
13499,24390
13499,18428
13502,711
13502,19159
13502,308
13502,21347
13502,9781
13503,3611
13504,14785
13504,5190
13504,15956
13507,2072
13507,17229
13507,23314
13507,20390
13507,5065
13505,15788
13506,5306
13506,14682
13506,15268
13506,656
13506,19044
13510,11205
13510,7118
13511,1616
13511,8691
13514,20548
13514,4290
13514,560
13514,3416
13512,24086
13518,8911
13516,6737
13516,14772
13517,6897
13517,11281
13517,4853
13517,15213
13521,15154
13521,24684
13520,14101
13520,19313
13520,728
13520,1660
13520,23169
13515,3569
13515,11052
13525,3014
13525,5429
13525,18331
13525,7127
13527,3281
13527,23837
13527,8727
13530,19409
13530,8203
13530,22890
13528,22859
13528,10044
13528,18341
13528,18795
13529,14969
13529,4751
13529,21605
13529,12340
13531,7101
13531,24854
13531,16808
13531,22768
13531,2332
13536,455
13536,12706
13536,11308
13536,14968
13538,117
13538,191
13538,24869
13539,7926
13539,7165
13539,14582
13539,18437
13533,21584
13533,869
13533,4231
13534,14494
13534,6985
13534,17645
13534,8875
13534,3872
13549,13192
13549,523
13549,10911
13553,18243
13553,1528
13553,13302
13553,1783
13557,20442
13557,8036
13557,2821
13558,24911
13558,23614
13555,12800
13555,19269
13555,8209
13555,19230
13565,21074
13565,13923
13562,20079
13562,10115
13563,16560
13563,24215
13563,2441
13563,9377
13563,12553
13561,432
13561,12311
13561,711
13568,23384
13564,19425
13564,7050
13564,3630
13569,22472
13569,3094
13569,17916
13576,23935
13576,2047
13576,2375
13573,22297
13573,2265
13573,7457
13573,2232
13573,11634
13543,23865
13543,4545
13543,296
13572,11468
13572,21044
13572,11765
13542,8465
13542,18839
13542,17721
13545,2683
13545,9337
13545,15605
13545,20109
13577,24862
13577,19157
13577,5632
13577,6025
13577,15689
13579,207
13582,103
13582,2168
13582,691
13585,3226
13585,2458
13585,7550
13585,18084
13585,19327
13580,21455
13580,10462
13580,3191
13597,24204
13597,2008
13597,109
13597,10993
13597,4469
13593,1819
13596,19278
13595,6625
13595,3087
13595,1044
13595,3433
13608,803
13609,1046
13609,1538
13610,369
13610,7178
13602,10832
13602,11872
13615,16226
13615,1062
13615,21204
13612,21103
13612,16801
13603,6921
13624,20064
13624,11935
13624,4568
13624,17437
13623,13361
13623,10453
13623,22971
13623,23410
13625,13719
13625,13606
13625,5318
13626,6432
13606,20622
13606,23416
13605,17004
13605,4163
13605,15141
13605,19984
13605,21381
13616,10582
13616,2547
13616,23180
13616,4342
13619,16533
13619,8740
13619,1929
13620,10960
13618,22369
13598,3691
13598,11586
13598,163
13628,6110
13628,13325
13630,22665
13629,23675
13629,13611
13629,10625
13629,8763
13629,17433
13632,1935
13632,22834
13632,8205
13632,9641
13632,12770
13633,4353
13634,20099
13634,16827
13634,3960
13636,13430
13636,24768
13637,15334
13639,22519
13639,4182
13640,18815
13638,4297
13638,18957
13638,20163
13638,18819
13638,24127
13641,4193
13641,8704
13641,20955
13641,3272
13645,10722
13645,3353
13642,11062
13642,2629
13642,20350
13642,19256
13642,16454
13651,15519
13647,1809
13647,18101
13647,24261
13647,8835
13646,4932
13646,5126
13646,10395
13659,16176
13659,20678
13659,20074
13661,11198
13661,16913
13661,14775
13661,11569
13660,14998
13660,23906
13660,10687
13663,2932
13663,23909
13662,6565
13662,5604
13664,12844
13664,22541
13664,12146
13665,16354
13666,9274
13666,2119
13669,12183
13669,22663
13669,21824
13669,21089
13669,21071
13667,2621
13667,11144
13667,3615
13667,1855
13670,11995
13670,10635
13670,11921
13670,6420
13672,6074
13672,18103
13672,17170
13671,13829
13671,9554
13671,11634
13671,9864
13654,19968
13622,737
13622,3798
13622,21410
13622,9965
13622,16039
13677,2346
13677,13461
13678,474
13678,13269
13655,20029
13655,22493
13655,19202
13655,23581
13655,15483
13680,231
13684,10879
13682,8822
13688,24029
13688,12280
13688,7231
13688,2795
13689,10373
13689,12816
13689,21066
13691,16669
13692,7277
13692,544
13697,22514
13697,8618
13697,19024
13696,6677
13696,23379
13696,12878
13696,16455
13699,21389
13693,21745
13693,11865
13693,3516
13698,15073
13698,4894
13698,15633
13698,19370
13698,15436
13703,18085
13703,16652
13703,21572
13703,6719
13704,3642
13704,15150
13705,14923
13705,15543
13705,14965
13709,13051
13708,13331
13708,12289
13708,21519
13710,23584
13710,14121
13712,2865
13712,17338
13712,22937
13718,7000
13718,7881
13714,11897
13714,21066
13715,6572
13715,5952
13715,12481
13722,2642
13722,3860
13719,21089
13719,20592
13723,2949
13723,11185
13723,23268
13723,2357
13726,9377
13728,22530
13728,24167
13728,21317
13728,11427
13728,11142
13730,8650
13730,20360
13730,14873
13730,17572
13730,16175
13731,17519
13731,24846
13731,14739
13731,13109
13731,4135
13702,9449
13702,19970
13702,1704
13702,8951
13732,18226
13732,19454
13732,13914
13732,11526
13734,21281
13694,5882
13735,4071
13735,19009
13736,21748
13736,19388
13736,7051
13740,8443
13740,16276
13740,24326
13742,14632
13742,1669
13743,4314
13747,19344
13745,18428
13745,12311
13745,24280
13745,8610
13700,21956
13756,20252
13756,16443
13756,12626
13756,3830
13756,10451
13748,6631
13748,24181
13748,11790
13748,5353
13761,15541
13762,16067
13762,9855
13762,13157
13764,21248
13763,24010
13767,8404
13767,10290
13729,14281
13729,21386
13729,22725
13729,14498
13729,15602
13769,23872
13769,186
13769,21178
13769,10947
13769,3555
13766,24226
13766,18289
13766,21733
13773,11047
13773,17940
13772,9147
13776,19767
13776,22295
13778,7463
13778,24890
13775,24567
13775,11306
13775,24381
13775,12258
13779,12347
13779,11978
13770,17874
13770,15501
13770,23566
13770,17944
13770,16233
13777,2467
13777,21342
13777,19372
13777,18300
13754,18446
13754,21912
13754,10864
13780,22950
13780,13238
13749,14364
13749,11747
13749,12709
13749,20389
13749,1810
13781,15371
13781,15381
13753,10032
13753,3260
13784,17789
13784,22713
13783,19775
13788,18614
13788,15723
13788,10891
13789,5044
13789,21896
13789,10312
13789,10335
13799,1632
13803,9860
13803,822
13800,14519
13800,21127
13800,4845
13800,4452
13800,666
13790,15054
13802,16327
13802,3748
13802,6849
13810,19388
13810,20993
13810,16176
13794,22358
13794,20834
13812,11122
13812,20214
13812,8660
13812,11549
13809,5409
13809,18477
13809,1805
13809,14768
13809,21805
13811,7053
13814,3171
13814,17579
13796,16655
13813,593
13813,24031
13813,4502
13820,13605
13795,15580
13795,7288
13824,7052
13824,12648
13823,7446
13823,16719
13823,550
13827,9904
13827,1416
13827,3243
13827,2772
13827,16388
13830,3148
13830,19726
13830,4379
13830,9657
13830,22478
13831,22684
13831,3574
13831,18220
13833,11310
13834,19813
13834,12090
13834,15113
13826,22650
13826,9107
13826,19895
13832,6848
13832,1755
13818,19253
13818,22278
13818,8990
13829,14953
13829,19061
13829,12850
13829,6403
13829,9901
13821,4946
13821,7423
13837,9528
13837,6305
13837,400
13839,1949
13825,4157
13825,17469
13825,18186
13825,21695
13825,16038
13844,10267
13844,21671
13844,24191
13844,24594
13844,23982
13853,17759
13854,13076
13854,24784
13854,17845
13854,15172
13856,7375
13855,13662
13855,18091
13855,3379
13855,4249
13855,12619
13859,18159
13859,10609
13859,19872
13859,20892
13859,17054
13860,11206
13861,18537
13861,7191
13863,3673
13866,14756
13866,19570
13866,14282
13869,19178
13869,22510
13870,11868
13870,15193
13872,8605
13872,18550
13874,12783
13874,3830
13873,11919
13873,12787
13875,19049
13875,13989
13875,22386
13875,4041
13877,2462
13877,8153
13877,1380
13877,12785
13879,6726
13879,18216
13879,3229
13879,6847
13879,17068
13878,7300
13878,8877
13878,16105
13878,8399
13883,21472
13883,7179
13883,2945
13883,22291
13883,1857
13882,969
13881,12750
13881,11790
13881,7337
13881,5727
13894,19510
13894,15027
13895,18730
13895,22410
13895,16827
13892,23652
13892,7058
13897,10864
13897,9303
13889,4334
13889,1028
13900,7182
13900,18873
13900,19231
13896,9028
13896,7541
13896,4822
13904,22259
13904,8522
13904,24359
13903,19080
13903,9153
13903,24076
13903,11076
13908,24709
13908,590
13908,16978
13908,17381
13905,7448
13905,20248
13905,23469
13905,5926
13905,12070
13888,15494
13907,18006
13907,11357
13907,6159
13885,24387
13885,8624
13909,738
13909,13726
13909,9459
13909,10310
13910,22177
13913,8459
13912,14342
13912,17533
13912,14153
13912,10228
13911,22915
13911,3926
13911,24396
13911,9839
13911,24934
13915,9605
13915,14546
13915,22092
13917,13854
13917,21198
13917,461
13917,161
13917,24108
13918,23680
13918,8120
13918,15516
13918,22291
13920,3240
13923,6369
13919,11282
13919,18703
13919,11889
13919,5078
13919,14823
13924,23182
13924,491
13926,5240
13926,13394
13926,842
13935,16935
13935,12804
13929,22753
13939,602
13939,12993
13939,8038
13937,16310
13937,16990
13937,15255
13937,6199
13937,22864
13940,16726
13946,18638
13946,24948
13946,18867
13946,14414
13928,21132
13928,20553
13925,16371
13925,4872
13927,17346
13927,3101
13932,11978
13932,19954
13952,20585
13952,4520
13960,22968
13960,8767
13960,8622
13960,11408
13956,7878
13964,2142
13964,1912
13964,6400
13964,19701
13964,12415
13963,3931
13963,11019
13963,9153
13963,17979
13963,56
13965,16260
13965,21692
13965,5442
13967,2866
13957,17944
13957,4953
13957,10964
13957,16115
13969,15450
13969,20781
13969,6624
13951,14162
13951,11998
13951,17223
13970,2622
13972,24188
13971,1518
13971,1032
13971,7036
13971,14580
13968,22384
13968,17949
13977,15320
13977,7971
13981,5418
13981,11400
13981,658
13981,6453
13981,13160
13980,18901
13980,18870
13980,6952
13989,3875
13989,16753
13989,6389
13989,23916
13989,10750
13988,20052
13988,8484
13988,306
13988,24434
13988,9389
13991,24667
13992,10965
13992,21951
13992,23494
13973,140
13973,11308
13973,16447
13973,7010
13973,19337
13994,5932
13994,12181
13993,23251
13993,5416
13998,17332
13998,22984
13998,4202
13998,11169
13998,5442
13999,12183
13999,1725
13999,6591
13999,4387
14000,934
14000,18593
14000,17896
14000,14878
14000,2953
14003,20858
14006,14177
14006,10041
14006,4558
13985,5852
13985,16128
13985,15652
13985,12937
13995,6966
13995,11621
13995,11568
13995,2813
14002,20695
14002,20768
14002,8601
14002,15529
14005,14418
14005,7123
14005,17790
14005,7358
14007,11130
14007,21209
14007,6095
14008,21202
14008,17267
14008,1835
14008,18271
14011,20715
14011,6096
14011,18349
14011,16208
14015,22978
14015,14865
14015,17498
14015,18551
14015,5227
14009,23261
14009,21756
14009,22435
14009,3247
14009,19558
14023,16824
14023,940
14023,17453
14023,7027
14023,17647
14028,21297
14028,11257
14020,23773
14019,12562
14016,14357
14016,13358
14016,7441
14016,18520
14016,1069
14014,3382
14014,2742
14014,18338
14014,20042
14014,3546
14017,9679
14017,11986
14021,9691
14021,9824
14021,15455
14021,21976
14021,7937
14029,2271
14029,10771
14029,7400
14029,9124
14031,94
14031,3752
14031,3292
14031,5545
14033,4228
14033,9620
14033,11610
14033,16682
14034,22767
14034,4578
14034,4811
14034,5264
14034,6599
14037,406
14037,5690
14037,10498
14037,10295
14041,21218
14041,21043
14041,3643
14041,12894
14041,16585
14040,9642
14039,16655
14039,1958
14039,9255
14042,7264
14042,13109
14048,1809
14048,14173
14048,14948
14046,23013
14046,3357
14046,3171
14046,20404
14046,9133
14057,9564
14057,16405
14057,2820
14051,9901
14051,7641
14051,6625
14051,8041
14052,13235
14052,4266
14054,3291
14054,3290
14066,22233
14066,675
14066,13044
14067,13255
14067,19421
14067,10180
14067,23458
14071,2228
14071,6922
14069,22534
14069,3103
14069,11492
14069,2252
14069,11650
14053,10551
14053,19807
14053,10668
14072,13854
14072,4512
14072,1050
14047,21773
14050,3078
14050,17806
14050,23524
14045,2155
14045,17489
14045,1329
14045,20349
14075,1466
14077,352
14077,2994
14074,12237
14074,5472
14074,20332
14074,3099
14074,7392
14079,12965
14079,1779
14078,13919
14080,24576
14080,19791
14081,9620
14081,2247
14081,10221
14081,9968
14083,10113
14085,22627
14085,20985
14085,23959
14087,8765
14084,4173
14084,18842
14084,16434
14084,21878
14084,17977
14089,2800
14089,20990
14089,1118
14089,21264
14089,11867
14076,7541
14076,14275
14076,19644
14076,12791
14091,7907
14091,4099
14091,8574
14091,18819
14091,23984
14088,17633
14088,369
14088,1915
14088,3314
14088,13927
14094,9677
14094,4215
14094,20949
14097,22785
14097,7146
14097,19722
14098,23393
14098,9782
14098,8617
14101,21458
14101,23988
14101,9912
14105,16021
14105,18299
14105,3154
14102,8937
14102,10447
14102,4428
14102,7153
14112,22985
14112,18796
14100,1894
14100,6958
14100,16142
14100,12554
14106,12780
14106,15636
14106,16405
14106,19557
14106,20389
14114,4426
14114,21926
14114,16340
14114,10486
14119,10605
14118,24643
14118,16658
14122,21355
14122,4800
14122,16323
14123,12740
14127,2713
14124,152
14124,14972
14124,22763
14124,9829
14126,18842
14126,5335
14126,5991
14126,2801
14125,23158
14125,438
14125,6293
14128,9994
14107,24410
14108,9546
14108,16390
14108,4032
14131,20220
14131,12570
14131,19866
14131,20352
14131,20296
14132,16263
14132,15397
14132,14075
14132,15743
14132,22625
14140,5483
14140,21847
14140,21921
14140,10695
14140,4441
14141,18163
14109,20614
14144,23190
14144,20694
14142,21198
14142,7987
14142,15395
14142,13076
14142,15880
14134,11173
14116,15305
14116,22709
14116,20710
14116,1678
14135,1968
14135,9965
14149,3066
14149,17793
14149,7833
14149,8753
14149,23445
14152,7220
14152,16889
14152,12652
14148,6970
14148,5854
14148,17997
14147,14586
14147,21651
14147,23897
14147,23989
14147,10811
14146,10670
14146,16415
14153,21663
14153,37
14143,22529
14143,1686
14143,1756
14143,14092
14143,22489
14151,525
14151,21934
14151,10142
14111,14582
14111,16038
14111,977
14136,17378
14136,253
14157,9758
14158,3850
14158,14882
14158,12504
14159,6672
14159,408
14159,19070
14169,1815
14169,2703
14169,6913
14171,7830
14171,19148
14171,23664
14164,18473
14164,9079
14164,9622
14164,22880
14164,14706
14173,3237
14173,11219
14173,14298
14173,5066
14173,12188
14177,4938
14177,3773
14180,6316
14170,24554
14170,20097
14170,13482
14175,24445
14182,10668
14172,6199
14172,12174
14172,2381
14172,21530
14172,3865
14176,6886
14176,20255
14176,9378
14176,1073
14176,3068
14183,14947
14183,9867
14162,2906
14162,5431
14162,9668
14156,15346
14156,4956
14156,17132
14178,24762
14178,19335
14178,795
14178,4575
14165,23856
14165,17785
14165,7697
14165,9155
14160,8229
14160,20409
14160,12026
14160,21718
14179,461
14179,6347
14181,5668
14181,11366
14181,3545
14181,349
14188,6640
14188,14042
14187,6925
14187,2972
14187,18100
14190,21526
14186,8247
14186,12478
14186,18937
14186,1203
14186,5208
14189,16476
14189,11405
14189,15326
14189,23389
14194,13781
14194,4500
14194,6075
14194,13882
14193,20276
14193,18867
14199,11672
14199,5529
14199,13558
14199,10836
14199,7900
14196,23406
14196,8908
14196,6385
14196,6442
14196,8413
14201,24439
14201,21177
14201,453
14201,11496
14200,11377
14200,4164
14200,1255
14204,23686
14204,1046
14206,4963
14206,16453
14206,215
14208,10594
14208,24626
14202,1344
14202,22359
14202,7624
14202,12018
14202,13415
14216,14296
14215,19657
14215,19196
14217,15034
14217,14191
14217,5135
14220,12076
14220,18226
14218,5932
14218,9577
14218,2228
14218,12886
14222,17397
14221,1159
14221,6496
14221,7752
14221,24489
14221,14672
14207,11820
14226,17424
14226,2229
14225,10955
14225,19275
14225,3624
14225,20002
14225,18100
14230,22530
14230,5602
14230,24407
14230,966
14214,13447
14214,3601
14213,21870
14213,13374
14213,5409
14213,3850
14234,9828
14233,8443
14232,19254
14235,7901
14235,15913
14239,11845
14239,15286
14228,1153
14228,23141
14228,10328
14238,4843
14238,21822
14238,18592
14238,16658
14242,17153
14219,11485
14219,11365
14219,2818
14219,8328
14219,19099
14229,3037
14229,2018
14229,1584
14229,10375
14244,20585
14244,4036
14244,5800
14244,2440
14243,21166
14243,22894
14243,13763
14243,20360
14243,23706
14210,18999
14210,20616
14210,17140
14210,11880
14210,9771
14245,24093
14245,1645
14245,16466
14245,11673
14245,16834
14258,1085
14258,12113
14249,8091
14249,5157
14261,6058
14261,23158
14259,5250
14259,21045
14259,14347
14259,7299
14260,3636
14260,15382
14260,23478
14260,1676
14257,824
14266,16956
14266,8295
14266,13783
14266,19833
14268,11319
14267,19856
14267,2431
14267,24977
14267,8501
14262,3722
14269,5281
14269,7638
14269,4576
14271,12255
14271,19533
14270,3257
14270,7941
14270,18152
14270,20119
14274,10508
14274,5211
14274,16352
14274,3459
14254,9908
14254,22220
14251,10632
14252,14785
14252,2990
14252,23277
14252,18715
14277,4278
14277,8330
14277,11551
14277,9824
14280,2572
14280,17470
14280,13379
14280,9082
14256,10317
14256,5361
14255,22831
14255,10462
14255,19557
14255,14180
14255,599
14287,11143
14287,13916
14287,19796
14287,8817
14282,3734
14293,16498
14292,15726
14292,19035
14292,14088
14292,18886
14291,6385
14291,19865
14291,11108
14291,19665
14275,14506
14279,10990
14279,2209
14289,6878
14289,18039
14289,24195
14289,20376
14289,10622
14297,5774
14296,1462
14296,8230
14296,11259
14296,22688
14296,19502
14301,10130
14301,974
14301,20328
14301,23309
14302,10602
14302,12744
14302,117
14299,4824
14299,7448
14305,21529
14306,24463
14307,14338
14298,24880
14298,12487
14298,5446
14309,1976
14312,9948
14312,14965
14312,7807
14312,20610
14312,3228
14315,22735
14317,20212
14317,11953
14317,730
14317,16471
14319,21529
14319,5460
14319,3775
14310,19435
14310,1995
14311,14087
14311,24288
14311,14943
14311,7151
14324,18552
14324,15174
14325,15633
14325,5510
14325,15574
14328,2791
14328,10651
14321,2648
14321,8068
14340,18694
14340,15683
14340,20463
14340,19203
14340,6248
14342,17431
14342,6185
14342,17225
14342,21277
14342,18155
14336,17175
14336,9150
14336,7941
14336,14694
14336,10565
14331,7694
14331,8281
14331,9364
14331,24354
14349,24151
14349,15531
14349,17437
14349,5238
14351,5033
14351,19710
14351,9490
14352,17677
14355,2046
14355,4570
14355,1529
14355,1223
14353,20948
14353,1857
14353,14416
14353,15298
14334,18295
14334,22236
14334,4884
14334,22578
14330,19635
14330,11145
14330,20411
14330,9679
14330,24044
14354,7133
14354,23525
14354,23421
14354,11179
14354,21963
14356,23135
14335,15360
14335,15070
14339,12350
14339,6649
14339,228
14339,13049
14339,24927
14359,14965
14359,24191
14360,4732
14360,7814
14360,9832
14360,22739
14360,24363
14362,18533
14362,1103
14362,2007
14365,6773
14364,1700
14364,18817
14364,8550
14364,21092
14361,3103
14361,7147
14361,6638
14361,19536
14366,4286
14366,15900
14366,22545
14366,2776
14368,3542
14368,13797
14369,18280
14369,14276
14369,10277
14369,15682
14369,15144
14371,24452
14371,1705
14371,9607
14373,1217
14373,23713
14358,9920
14358,10345
14358,23760
14372,1235
14372,18559
14372,11368
14372,13884
14372,14475
14346,22161
14377,20919
14377,21314
14377,21834
14377,17361
14390,17209
14390,17078
14392,18165
14392,449
14392,17356
14392,6606
14392,345
14393,21500
14393,10585
14393,6654
14393,1514
14395,3578
14395,10011
14388,21531
14388,12043
14389,2610
14389,19823
14389,22830
14389,24456
14382,16238
14382,11459
14382,7457
14382,1254
14382,1353
14380,12013
14380,12851
14380,23158
14400,13869
14400,6537
14400,10976
14400,5677
14399,16895
14397,15289
14397,16611
14383,7015
14383,5896
14383,838
14383,23621
14383,4328
14403,12353
14403,15296
14402,2399
14402,21050
14402,12013
14402,24554
14402,3355
14404,16151
14406,6521
14406,12176
14406,10496
14406,15511
14407,21720
14407,12940
14407,13705
14407,9680
14407,35
14408,11519
14408,11711
14409,11969
14409,9373
14409,19538
14409,3990
14409,11076
14411,2927
14411,973
14412,5239
14412,5587
14415,24431
14415,20848
14415,17988
14415,179
14415,24248
14420,4920
14420,6364
14419,9596
14419,16484
14419,15055
14423,9639
14423,13988
14423,3742
14423,4680
14424,7500
14422,10571
14422,20689
14422,11047
14422,12448
14421,23634
14421,4544
14421,20845
14426,10428
14426,15684
14426,16954
14426,20470
14413,7136
14413,6950
14413,7963
14413,8022
14413,15263
14428,4237
14428,22847
14428,12153
14428,1707
14429,2886
14429,18906
14429,3305
14429,19277
14430,5341
14430,17186
14430,20852
14430,9857
14430,14886
14432,2485
14432,19427
14432,12554
14432,7783
14438,7944
14438,21131
14438,13075
14438,8971
14448,2985
14444,13270
14444,22652
14444,23539
14444,8078
14450,1977
14450,15138
14450,11609
14450,17135
14446,5501
14446,1900
14446,8022
14446,18389
14451,21893
14451,6776
14451,12811
14453,1896
14453,19569
14453,23660
14455,23268
14455,23629
14455,24366
14440,21005
14440,10237
14457,3884
14457,7262
14457,17981
14441,11895
14458,15134
14458,7097
14458,5483
14458,6587
14458,12713
14443,19195
14443,5972
14443,19271
14443,11501
14434,20041
14454,16554
14454,14282
14454,20468
14435,18310
14433,11498
14460,3809
14460,3628
14459,655
14459,19963
14461,22235
14461,566
14461,13265
14469,16501
14469,11514
14469,2771
14469,14536
14469,17893
14474,17709
14476,21043
14477,6464
14475,13092
14475,23755
14475,2544
14475,10698
14478,18412
14478,20521
14481,176
14481,156
14481,5420
14482,11539
14482,17864
14484,1946
14484,19117
14484,15242
14484,24784
14484,24164
14487,11978
14487,187
14487,17454
14489,1876
14489,4864
14489,6858
14490,14373
14468,15286
14468,4333
14468,24453
14468,4811
14468,23289
14488,22348
14488,7226
14488,2005
14488,19304
14488,3705
14471,8672
14471,15482
14471,10199
14492,19434
14492,2326
14492,9586
14472,9246
14493,23883
14493,21070
14493,17532
14496,15486
14496,4250
14494,556
14494,5934
14494,11562
14494,13446
14499,19560
14504,4100
14504,21022
14504,14511
14504,4487
14497,20025
14497,21055
14497,16786
14497,24018
14495,16982
14505,12739
14505,12450
14516,22829
14516,7947
14516,6607
14516,4389
14515,18005
14515,9751
14515,16836
14515,18930
14515,23454
14507,17408
14506,14849
14506,3350
14506,16486
14506,10597
14509,20242
14509,6797
14509,5039
14509,16886
14513,3247
14513,19580
14514,1571
14512,18895
14519,9931
14520,10378
14520,20782
14532,6776
14532,10862
14532,14372
14532,1937
14532,21728
14533,8428
14525,20297
14537,5101
14537,18364
14537,9376
14537,8908
14536,7798
14536,17401
14536,3088
14536,17399
14536,16763
14531,2504
14531,13680
14531,8905
14531,14915
14531,22295
14538,18916
14538,21362
14538,21249
14540,11892
14540,10391
14539,17251
14539,4024
14539,13315
14529,20842
14529,20719
14529,19304
14529,13637
14529,21857
14541,7189
14541,17764
14541,5714
14543,7108
14526,10844
14526,1544
14526,23920
14526,22732
14530,4782
14530,439
14530,13866
14530,11200
14530,12720
14551,24183
14551,24768
14551,4154
14551,3708
14551,9428
14553,21848
14553,4607
14555,17663
14555,17963
14555,16453
14555,24528
14549,15020
14554,23650
14554,11668
14554,3313
14554,1444
14554,10751
14560,22824
14560,14455
14560,13960
14564,23680
14564,8045
14566,373
14566,6870
14566,327
14566,16033
14556,16175
14556,7251
14556,11338
14556,15792
14556,15435
14542,17279
14542,1137
14570,5199
14570,11889
14570,7016
14574,5817
14576,2062
14577,9672
14571,19505
14571,10656
14571,3424
14575,4952
14575,24636
14575,18876
14575,2723
14575,17237
14580,19988
14580,17512
14580,7795
14580,5994
14580,19398
14572,22212
14572,23578
14572,3198
14572,7160
14572,3621
14586,3884
14586,23406
14586,11380
14590,23498
14589,24659
14589,19818
14589,9074
14589,8612
14591,13410
14591,12043
14591,6403
14591,19852
14591,19856
14583,5209
14592,18179
14592,9876
14579,13898
14579,23175
14579,1686
14579,17443
14579,6202
14584,4150
14584,19398
14582,12288
14582,12118
14581,536
14581,24032
14581,12929
14581,5990
14581,17661
14595,5052
14595,4611
14595,17119
14595,7075
14597,170
14597,24277
14597,8478
14596,3220
14596,5696
14600,24923
14600,16420
14600,19777
14600,24185
14598,10398
14598,5213
14601,8428
14601,6722
14602,22855
14604,1327
14604,17943
14604,9415
14604,10706
14603,18010
14603,1019
14603,15397
14603,10476
14609,23518
14609,19229
14609,3163
14610,5078
14610,18521
14610,12133
14613,4937
14613,20812
14616,20367
14616,18617
14616,21149
14617,12468
14617,2737
14617,17366
14618,21008
14618,10297
14618,14997
14618,2548
14618,15321
14624,23872
14624,3469
14624,12742
14624,16548
14624,10328
14607,23104
14607,24567
14607,8728
14607,9285
14627,24520
14627,4408
14627,17793
14627,8715
14627,6438
14628,20630
14628,8380
14628,16015
14628,6500
14640,5274
14640,7068
14639,21808
14639,13832
14639,16533
14639,12955
14639,11484
14642,10604
14642,2254
14642,17748
14641,7948
14641,14930
14643,10429
14629,4888
14629,4067
14629,24543
14629,23952
14629,24814
14645,12222
14645,15221
14647,20499
14649,372
14649,20689
14649,2759
14649,23517
14649,20049
14650,13807
14635,4545
14635,24621
14635,9337
14635,10252
14635,15095
14653,20910
14653,22787
14653,17975
14653,2869
14653,21793
14652,4657
14652,8181
14652,12764
14652,8797
14657,13600
14657,7948
14658,6954
14658,12616
14658,21192
14658,12818
14658,9797
14636,2415
14636,12639
14659,3808
14659,6731
14663,904
14663,8521
14663,10384
14662,13863
14662,5099
14638,6507
14638,19933
14638,7761
14638,9485
14665,3160
14665,18024
14665,295
14665,10632
14631,9960
14631,21156
14631,24337
14660,7409
14660,17384
14660,24617
14655,24036
14655,1786
14655,12569
14655,9407
14655,15632
14666,6427
14666,10709
14666,10517
14666,2127
14666,7547
14667,7539
14669,2835
14669,7420
14668,23257
14668,16766
14668,10131
14668,1322
14668,12285
14675,15168
14675,8955
14675,3700
14675,20468
14675,21913
14672,5788
14672,14084
14672,11092
14672,24987
14672,20249
14670,1180
14670,24663
14670,12953
14670,20625
14670,11614
14678,23856
14678,19368
14681,1717
14685,11441
14685,4264
14685,7631
14685,4398
14685,21039
14691,20015
14692,6245
14692,22788
14692,5496
14692,19550
14696,22220
14696,6724
14696,5562
14697,14691
14695,9099
14695,9691
14695,24847
14695,8987
14695,8964
14688,16993
14688,5343
14688,12265
14700,5251
14700,19535
14703,13113
14705,2976
14705,4605
14705,20387
14705,16336
14707,20453
14707,5841
14689,24457
14689,22176
14689,16078
14689,6501
14679,5145
14710,13153
14710,14480
14710,2721
14708,8308
14708,5541
14684,22063
14684,23181
14684,20496
14684,19833
14684,23344
14712,21719
14715,428
14715,8161
14713,16728
14713,13714
14713,18683
14713,19645
14713,4335
14714,18268
14714,23671
14714,7409
14714,16072
14714,9569
14722,21293
14723,15567
14723,6231
14724,17935
14721,10703
14721,13098
14721,23330
14721,5939
14717,10707
14717,677
14717,5329
14717,9840
14728,9791
14728,3879
14727,13628
14727,15274
14727,19049
14727,2232
14727,2498
14716,7131
14716,20431
14738,3721
14738,18449
14738,4087
14738,14462
14736,22107
14736,11159
14736,12313
14736,23524
14745,15918
14737,1112
14737,1675
14746,4845
14746,15329
14746,15667
14746,7274
14748,796
14748,4208
14732,16385
14732,3495
14732,9242
14732,23177
14732,3263
14749,24055
14749,24912
14749,1126
14750,7918
14750,1401
14750,21539
14750,16273
14742,19443
14742,12235
14742,16901
14742,16546
14742,5336
14735,17242
14735,18866
14735,8122
14733,18248
14733,9771
14733,18180
14733,6281
14731,292
14731,11280
14731,20796
14731,21600
14730,5943
14730,14132
14730,21143
14730,15430
14730,7579
14752,15812
14752,2243
14752,17892
14751,22265
14751,15641
14753,24415
14753,7778
14755,16655
14755,4257
14755,21624
14755,6686
14755,23883
14757,21682
14757,22229
14757,9271
14757,2482
14759,22924
14759,6409
14760,8000
14760,10448
14760,8385
14760,4548
14758,3536
14758,10361
14758,8569
14758,2115
14729,5667
14729,4067
14729,12988
14729,18415
14729,14737
14767,23180
14767,20749
14769,2474
14769,9931
14768,23961
14768,22094
14768,10180
14770,23175
14770,17171
14766,22625
14766,14942
14766,11880
14766,22661
14766,13829
14744,9938
14771,16123
14771,22028
14771,8136
14771,6478
14771,1387
14773,10534
14773,11020
14773,3694
14772,9730
14772,20728
14774,9153
14764,15489
14764,14820
14764,5441
14764,17971
14764,18143
14761,21709
14761,14326
14761,10839
14761,1509
14761,17846
14775,5086
14775,12328
14778,15554
14779,11724
14779,21350
14780,5877
14780,10661
14780,14957
14780,18461
14780,22638
14781,14633
14781,22557
14781,15976
14781,696
14781,11403
14784,3124
14784,9961
14784,19483
14784,22887
14784,825
14783,682
14783,17363
14783,20506
14783,8696
14785,13484
14785,16215
14785,12674
14785,9281
14788,10419
14788,1502
14788,18614
14788,17384
14789,15813
14789,23162
14789,22137
14791,11932
14791,14640
14791,1758
14793,6270
14796,9429
14794,12518
14794,9698
14794,20903
14794,9209
14797,22970
14800,15595
14800,19112
14814,4232
14815,16349
14816,23101
14816,4561
14816,17001
14816,9148
14818,1406
14818,19974
14818,23254
14818,11477
14817,6293
14817,3473
14811,10234
14811,2509
14811,19665
14811,14543
14820,23017
14820,17707
14820,4468
14820,11800
14802,19838
14802,8555
14802,23578
14802,11436
14821,179
14821,5160
14821,3260
14824,13704
14824,24780
14824,14552
14805,22172
14805,6379
14805,10369
14805,23371
14805,3149
14808,6283
14809,13759
14809,5478
14809,19989
14826,7039
14825,20444
14828,14193
14806,12606
14830,7340
14812,13288
14812,8545
14812,11463
14804,1184
14834,21996
14834,24233
14834,2315
14827,11094
14827,2867
14827,12921
14833,14294
14835,21082
14841,5630
14838,11672
14838,694
14840,9719
14840,12529
14842,18773
14842,2200
14842,3109
14842,9125
14844,6300
14844,23698
14844,1547
14846,9322
14846,1701
14849,8501
14849,14606
14849,2228
14849,3773
14849,23866
14852,16670
14852,7633
14850,24509
14850,24448
14850,10814
14850,12307
14850,19246
14853,23123
14853,4315
14853,1604
14853,1189
14843,11623
14843,23404
14843,14759
14843,112
14843,9906
14854,22048
14854,18687
14854,20384
14855,20959
14848,14506
14848,18579
14848,7142
14856,7721
14856,17662
14856,22018
14847,2122
14847,16398
14847,24339
14865,1985
14865,19796
14866,10832
14871,16894
14871,7018
14871,4472
14871,13486
14871,1058
14872,10604
14872,19524
14874,14029
14874,3587
14874,8397
14874,13504
14873,22829
14873,2440
14873,19107
14873,16865
14876,22178
14876,552
14876,15221
14857,6848
14877,24064
14880,21473
14880,18472
14880,12920
14870,652
14870,7234
14882,2927
14882,16950
14881,14653
14881,24430
14881,1772
14881,15193
14881,15279
14883,16504
14883,23507
14883,5310
14883,14985
14883,22814
14867,8828
14867,17537
14867,5204
14884,17368
14884,13381
14885,18238
14885,22002
14885,2520
14885,20371
14859,10653
14859,13435
14860,15430
14863,15191
14863,10726
14887,10562
14887,1532
14887,12378
14887,18145
14886,15596
14886,7291
14886,24106
14888,21637
14888,12786
14890,995
14890,23487
14890,7196
14890,7366
14890,15667
14889,7080
14889,22973
14889,16659
14889,20567
14889,4621
14892,3675
14892,19335
14892,7730
14892,7193
14893,17161
14893,3343
14893,17884
14893,20787
14893,23720
14894,12503
14894,15823
14894,5759
14897,20884
14897,4723
14897,18002
14897,14487
14897,17451
14900,5652
14901,5517
14901,3608
14901,762
14903,17948
14912,10427
14915,4733
14915,7186
14915,11504
14914,21608
14914,19532
14914,13525
14913,15583
14913,18790
14913,14870
14913,23471
14916,564
14920,12988
14920,24509
14918,8745
14918,16994
14918,16584
14918,11195
14922,19705
14922,13264
14922,5641
14923,15287
14923,21054
14923,22122
14898,20531
14898,11422
14898,4370
14902,790
14908,9308
14908,12293
14908,21852
14908,760
14904,5819
14904,19843
14904,14454
14904,22147
14904,1837
14927,15806
14907,19874
14907,20615
14907,7918
14907,23271
14907,14774
14905,13217
14905,9146
14928,9873
14928,2657
14928,12582
14926,12585
14926,8560
14926,16750
14933,21143
14934,1075
14934,14721
14934,4499
14934,9024
14936,21854
14936,6279
14936,19600
14935,13762
14935,4884
14935,14519
14939,7145
14938,1330
14940,18479
14940,356
14941,22136
14941,8732
14943,19306
14943,23223
14943,23667
14942,21793
14942,4437
14942,7186
14942,23922
14942,6385
14946,8180
14946,15854
14948,20668
14948,4333
14948,2883
14948,17298
14951,20242
14951,24716
14951,7553
14951,19632
14951,11331
14932,14919
14932,8293
14952,4762
14952,10241
14950,12176
14950,9395
14950,2012
14950,20223
14949,24806
14949,18328
14949,20926
14949,24215
14949,11292
14953,14381
14956,9773
14930,3414
14930,16586
14960,6054
14959,6088
14961,9030
14961,6091
14961,3427
14962,20719
14962,22973
14962,14711
14931,24213
14931,24504
14929,24847
14929,16898
14929,717
14929,2999
14964,10434
14964,2010
14964,14983
14964,22498
14964,3605
14967,5715
14967,22092
14967,16737
14967,4922
14971,23405
14971,1808
14971,15849
14971,18919
14968,10062
14968,6427
14970,17234
14970,449
14970,7174
14970,292
14982,2196
14983,9510
14983,19808
14983,17453
14983,4651
14983,6066
14987,5621
14987,20779
14987,22725
14987,17805
14987,4313
14991,12038
14991,22816
14991,12944
14991,16635
14975,14708
14975,8411
14975,3528
14993,24247
14993,10346
14993,24468
14994,23937
14994,10639
14996,21182
14945,12846
14945,17345
14995,2119
14995,22626
14995,15516
14995,22765
14995,6337
14999,58
14997,22835
14997,19822
14997,8444
14997,22223
14997,16869
14998,9672
14998,19643
15002,9944
15002,13156
15002,178
14981,4176
14990,17876
15005,21999
15005,20253
15005,21563
15005,24758
15005,16278
14969,24460
14989,19573
14989,2017
14989,21050
14989,2759
15006,5848
15006,9507
15013,19183
15013,8545
15013,16405
15013,8443
15013,17686
15003,2960
15003,13989
15003,13394
15003,6442
15010,14231
15010,6981
15010,12285
15011,4652
15011,12313
15014,22250
15014,13437
15019,9249
15019,16422
15019,22594
15019,14190
15018,20031
15018,14143
15017,18768
15017,17237
15017,24804
15017,2818
15021,24657
15026,17378
15026,5390
15026,23830
15026,22806
15008,19567
15008,12825
15008,2585
15008,2307
14973,4072
14973,15939
15028,19692
15028,868
15028,20402
15020,4046
15020,24556
15020,11396
15020,3880
15020,3844
15024,21136
15024,13062
15024,16174
15024,11693
15024,11198
15022,20017
15022,19309
15022,17346
15022,2485
15022,10818
15023,3499
15023,11350
15023,4350
15029,10175
15032,14349
15032,1574
15032,368
15032,22297
15032,20893
15031,23566
15031,7577
15031,24233
15031,4063
15038,140
15033,4326
15036,8671
15036,7054
15036,1309
15040,19648
15040,19078
15040,6518
15041,3444
15041,1569
15041,24666
15041,22346
15042,9767
15042,11403
15042,5380
15042,6336
15043,12173
15043,1498
15055,4332
15055,17371
15055,5082
15055,12172
15056,17465
15053,24944
15053,666
15053,2306
15053,6893
15053,4329
15059,17886
15063,1220
15062,18684
15062,16707
15065,16417
15065,14786
15061,10420
15061,22108
15061,7838
15061,11485
15061,22018
15067,6377
15067,9658
15067,20584
15067,13910
15067,495
15068,23320
15068,176
15068,5560
15068,2441
15068,11843
15044,17497
15051,23898
15051,14281
15051,2652
15045,1137
15045,16843
15071,14602
15071,4679
15071,22786
15071,5973
15072,21823
15072,16849
15072,5273
15072,22158
15072,22116
15050,9836
15078,16505
15078,16560
15069,22257
15069,13226
15069,15753
15069,19847
15069,12928
15076,19739
15076,20779
15081,21640
15081,2004
15081,11023
15081,12307
15083,22788
15083,22778
15049,19863
15049,20919
15085,23452
15085,2252
15085,14762
15085,14968
15085,24445
15087,14655
15087,904
15087,13203
15087,21053
15087,3358
15089,5216
15089,22467
15091,14338
15096,7645
15096,18586
15096,11273
15096,10119
15096,7686
15092,11074
15106,1835
15106,1486
15106,20811
15106,18349
15106,1557
15107,15233
15107,15567
15107,6338
15110,4366
15110,9436
15109,12773
15112,14141
15112,1655
15112,7768
15112,17246
15113,12554
15113,15347
15094,18052
15094,18165
15094,18081
15115,20066
15115,13876
15114,11673
15114,7661
15114,1040
15114,9255
15114,5826
15117,15744
15120,5127
15120,21037
15116,6957
15116,15763
15116,23384
15116,11284
15116,1229
15121,23229
15121,4705
15121,2734
15121,14944
15097,15659
15101,3240
15101,24196
15101,12697
15101,5310
15125,7870
15125,4103
15125,2794
15125,22123
15129,11007
15129,2366
15129,1699
15129,124
15127,13251
15127,24413
15127,6632
15100,15863
15100,4969
15131,19687
15131,4008
15131,21509
15131,5803
15133,14514
15133,14440
15133,12076
15118,24623
15118,10167
15118,4480
15118,17991
15141,24203
15132,10124
15132,492
15132,13124
15132,3991
15132,24352
15142,11886
15142,13094
15142,17100
15142,19544
15142,23077
15138,19879
15138,24002
15138,23526
15138,19866
15138,720
15136,1581
15136,8986
15136,5805
15136,4799
15136,12852
15102,24620
15102,13626
15102,13660
15102,23920
15102,9168
15143,3075
15143,18319
15143,11867
15143,18499
15143,1739
15145,5745
15145,19142
15145,21499
15145,5773
15146,6530
15146,11588
15149,7830
15149,1048
15147,6637
15147,13049
15147,9555
15147,18416
15154,17263
15154,12043
15150,22257
15150,20484
15150,11802
15153,8116
15157,2026
15157,7820
15137,3299
15137,24841
15137,1617
15137,7575
15158,2959
15158,8976
15159,11469
15152,22540
15140,10226
15140,18877
15140,13014
15144,2377
15144,16191
15144,8674
15144,9835
15161,2047
15161,22985
15161,17654
15162,12291
15162,15593
15162,19065
15162,8320
15162,7839
15139,22208
15139,15523
15139,14304
15139,18304
15165,2860
15165,8478
15165,1743
15164,2364
15164,23295
15164,9090
15171,2959
15171,9433
15171,8752
15171,16389
15167,2369
15168,20351
15168,10127
15168,6951
15170,14892
15170,23433
15166,24996
15166,2611
15166,5563
15166,1391
15166,7603
15172,19731
15172,1047
15172,11924
15172,15038
15172,17676
15175,11951
15177,10708
15177,8589
15177,23802
15177,9675
15177,13384
15178,9714
15178,769
15178,4699
15178,24888
15190,20632
15190,6362
15192,16018
15192,24330
15192,15446
15192,5919
15193,6176
15191,16653
15191,159
15195,18609
15195,14791
15195,5517
15195,7698
15195,22507
15198,7280
15198,6083
15198,5557
15198,17366
15199,21403
15199,24429
15199,16079
15200,1447
15200,11237
15200,2749
15187,14973
15187,21427
15187,16084
15187,21520
15187,328
15188,21408
15188,5903
15205,23698
15205,16390
15205,13731
15205,5518
15205,13685
15206,2428
15206,17000
15206,7460
15206,13854
15206,23218
15189,742
15189,3313
15189,9321
15208,13656
15212,22216
15212,22674
15214,22530
15214,14309
15214,9242
15213,7868
15213,22347
15213,16244
15213,6549
15213,19848
15218,19419
15218,2661
15218,15142
15218,13782
15218,20548
15215,17424
15215,1596
15219,2681
15219,18647
15219,18548
15185,22272
15185,22608
15185,5708
15185,13536
15185,18167
15180,23517
15180,12717
15180,7954
15180,13668
15180,17916
15223,17746
15223,17088
15221,3400
15221,9392
15224,21953
15225,5695
15225,3326
15225,15517
15225,22100
15230,8533
15230,9056
15230,8130
15228,16215
15228,3618
15232,1762
15232,4441
15232,18818
15232,15946
15234,2817
15226,12455
15226,14640
15226,11107
15226,15833
15226,21771
15233,16894
15233,9028
15229,7512
15229,23958
15229,10578
15238,14708
15238,327
15238,11257
15246,6470
15248,7712
15250,21842
15250,275
15250,21015
15250,8449
15250,16957
15249,16269
15249,23308
15249,21991
15249,1551
15251,15298
15251,1839
15251,14235
15252,12518
15252,1192
15252,11239
15255,15796
15255,21066
15255,19824
15255,2790
15255,4675
15256,16341
15256,6110
15258,4691
15258,10043
15258,66
15244,4231
15244,2670
15244,18852
15244,15934
15244,13437
15240,14820
15240,21531
15240,1083
15240,1953
15259,14405
15259,16292
15259,4908
15259,9705
15237,16165
15236,75
15236,24916
15235,24853
15261,21371
15261,19047
15239,2314
15239,13858
15239,8843
15239,7027
15264,17059
15267,6180
15267,21831
15267,18714
15272,24169
15271,14708
15271,5939
15271,20739
15276,4140
15276,24326
15276,11935
15275,8700
15275,2397
15275,4242
15275,13300
15274,22061
15274,14316
15274,10517
15274,21761
15274,13136
15278,1918
15278,5387
15278,6168
15278,21762
15278,2169
15279,9476
15279,11539
15279,6602
15279,8396
15279,12307
15282,19325
15281,3912
15281,19612
15281,8627
15280,7809
15280,19669
15283,14571
15283,7970
15284,14082
15287,15616
15285,12796
15285,2615
15285,16944
15286,14935
15286,7554
15286,12463
15286,23980
15286,8458
15298,45
15298,20023
15302,5090
15302,833
15302,5326
15301,19585
15306,17599
15306,20918
15311,17558
15311,1614
15304,6476
15304,17220
15304,24392
15304,22283
15304,7535
15300,2504
15300,20361
15300,8233
15300,5959
15300,6920
15317,19682
15310,2106
15320,7576
15320,22938
15320,13182
15313,5025
15313,12252
15313,1964
15313,4033
15322,5195
15322,9618
15322,24667
15322,15860
15326,2595
15326,21772
15329,24483
15329,24876
15330,20699
15325,17879
15325,4353
15325,5559
15333,1154
15334,16557
15335,19260
15335,17626
15335,15830
15335,1778
15336,15725
15336,18765
15338,18215
15338,19818
15337,17002
15339,21188
15339,3139
15339,10943
15341,17405
15344,18900
15344,4123
15340,22203
15340,24784
15340,2518
15347,15978
15348,9443
15348,23730
15348,20673
15350,12552
15350,13186
15350,15610
15353,18520
15353,21889
15353,13685
15353,12854
15343,17174
15343,11537
15343,8588
15343,11019
15343,1720
15352,23777
15352,21633
15352,16293
15352,8276
15357,6928
15357,21768
15357,20950
15357,23576
15357,20153
15362,19966
15362,11639
15356,11224
15356,11229
15356,13816
15358,9991
15358,13792
15358,10674
15358,1038
15361,15677
15361,22257
15359,8919
15359,1612
15359,19574
15359,23872
15359,3063
15354,18682
15363,16227
15366,24748
15366,21560
15375,18196
15375,11144
15375,18863
15376,24832
15376,20517
15376,2511
15379,3241
15379,2720
15378,11074
15378,11459
15378,9831
15380,20679
15380,22190
15380,19065
15381,10675
15381,1971
15381,21976
15370,11206
15370,18861
15370,21414
15382,5293
15383,5775
15383,17738
15383,3109
15383,14126
15383,19911
15386,24343
15386,16715
15386,6303
15385,285
15385,17867
15364,9491
15364,14525
15364,15362
15387,6520
15387,5122
15387,1780
15387,14175
15387,9335
15390,8393
15368,15337
15391,18430
15389,21550
15389,22663
15389,17176
15371,19556
15371,18673
15371,137
15373,9434
15373,21624
15373,14324
15372,20991
15372,1159
15392,2831
15401,7621
15401,21894
15401,5648
15401,16064
15403,9513
15402,8089
15402,2895
15402,8073
15404,11671
15406,18516
15406,5073
15406,17134
15416,21715
15394,7567
15394,983
15394,7710
15395,7039
15395,24034
15412,877
15412,10723
15412,15287
15412,15045
15414,5014
15414,23883
15408,5731
15408,8435
15408,19750
15398,11509
15398,19120
15398,15470
15398,24142
15413,16597
15413,18225
15413,18852
15413,22929
15413,21531
15415,5484
15415,19118
15415,5060
15415,3899
15428,24717
15428,12769
15428,8498
15428,12901
15431,300
15431,21734
15432,5920
15432,8936
15436,6301
15436,3777
15436,1682
15436,23881
15436,9945
15434,15141
15434,12740
15434,2442
15438,22043
15438,2781
15438,3680
15438,15542
15438,4288
15440,12121
15440,8768
15418,24292
15418,6134
15443,7698
15443,9043
15443,14494
15443,20031
15425,5085
15425,16602
15425,12085
15425,6725
15425,22738
15422,23521
15426,14832
15426,9283
15426,16975
15426,8196
15423,11570
15423,23959
15435,18540
15435,16941
15435,13192
15446,7492
15449,11947
15449,18660
15449,18707
15450,22207
15450,12282
15450,16612
15450,6623
15451,16932
15451,4594
15451,22985
15451,231
15453,4224
15456,2907
15456,3868
15456,3590
15448,16237
15448,14664
15448,545
15455,1563
15455,14042
15455,10720
15455,11730
15460,21398
15460,5618
15460,8603
15460,12828
15462,5012
15461,13772
15461,9078
15461,23854
15461,3566
15461,476
15463,7643
15463,15131
15463,11825
15464,14949
15464,336
15464,16276
15464,21589
15465,8410
15465,13729
15465,15407
15465,5253
15465,22293
15466,12428
15459,4545
15459,15133
15459,13001
15459,17365
15471,16996
15469,24780
15469,24100
15469,1009
15469,19060
15473,22754
15473,17117
15473,10342
15473,15044
15481,15668
15481,21496
15479,13398
15479,9917
15479,3035
15479,11066
15479,2838
15485,15376
15485,18355
15485,17657
15485,24413
15484,12115
15484,2591
15484,22851
15484,18044
15483,22405
15483,8157
15483,13164
15483,3453
15483,11725
15486,20216
15486,10166
15486,8761
15486,13035
15489,17673
15489,1474
15489,12971
15493,4183
15493,8488
15493,9430
15493,3093
15490,20304
15490,6997
15490,19391
15490,10114
15495,22309
15495,5676
15495,11130
15495,2523
15495,2176
15424,6926
15498,10794
15498,16035
15500,7240
15500,12758
15501,6717
15501,7907
15501,23188
15501,17082
15501,14371
15503,2512
15504,14316
15504,10498
15504,11544
15504,12725
15499,10926
15499,5857
15499,361
15499,8055
15499,2233
15506,2541
15505,15247
15505,3911
15505,21077
15505,17642
15507,4441
15507,23374
15507,22394
15507,7210
15507,15347
15508,6654
15508,12906
15508,2379
15508,23120
15502,18309
15502,3758
15502,18985
15502,8826
15472,19234
15472,22436
15472,5444
15476,2152
15447,695
15447,3686
15447,5854
15447,20021
15447,14246
15509,17329
15509,5865
15509,5753
15509,7427
15509,3186
15510,15149
15510,23032
15510,7568
15511,5343
15511,15452
15512,2384
15457,14500
15457,9157
15457,13519
15457,5677
15457,17950
15513,1058
15513,17255
15513,20585
15513,2421
15513,14042
15515,5994
15515,16776
15515,8151
15517,3116
15517,21323
15516,13482
15518,5884
15518,3251
15523,10940
15523,22996
15523,5139
15523,16556
15523,20090
15524,9009
15525,16255
15525,392
15527,13640
15527,21549
15527,3642
15527,4067
15527,24555
15526,12174
15526,21810
15526,10269
15526,20139
15526,16912
15531,13247
15531,16836
15531,12213
15531,13848
15529,9396
15534,8960
15535,2954
15535,1398
15535,21404
15532,19377
15543,3198
15543,5853
15543,4557
15543,10831
15543,22125
15552,13659
15552,2502
15552,1118
15545,8350
15554,2233
15554,17287
15554,14238
15554,22123
15553,22011
15553,5318
15553,14998
15555,6247
15555,14147
15555,15579
15555,24697
15555,3480
15559,20652
15559,12642
15559,11033
15541,24318
15557,5086
15557,4738
15563,11962
15563,15259
15563,2008
15563,14153
15560,12510
15560,3485
15560,5893
15560,16207
15562,5494
15562,2135
15562,24509
15562,21477
15562,14065
15565,14140
15565,14780
15565,7439
15565,12019
15565,15266
15542,6556
15542,15203
15547,10217
15547,2428
15547,16435
15547,10353
15547,3015
15538,23875
15538,9654
15538,10346
15537,1048
15537,21438
15537,8032
15537,18926
15537,10287
15566,3288
15566,11510
15566,5333
15568,15793
15568,5574
15568,11188
15568,4237
15568,1128
15572,21632
15575,22683
15575,19231
15575,10764
15575,2670
15576,6481
15576,3297
15576,7094
15576,7775
15569,18288
15569,5368
15569,2966
15569,12837
15569,640
15574,24958
15574,725
15574,2289
15574,6897
15574,21444
15578,19244
15577,17437
15577,19338
15577,222
15577,4335
15577,17955
15583,21353
15583,19060
15579,112
15579,24007
15579,14178
15579,10951
15579,22175
15584,15185
15584,10867
15584,2120
15581,10415
15581,16066
15581,16048
15581,16554
15585,6080
15585,16952
15585,18763
15585,6882
15585,24601
15586,7637
15586,21704
15588,22126
15588,3071
15589,14231
15589,5263
15589,13051
15589,14284
15591,11823
15591,24838
15595,24121
15595,10883
15590,5547
15590,5598
15590,18836
15590,12212
15590,5764
15597,5673
15597,4334
15597,8902
15592,15643
15599,174
15603,16839
15603,515
15607,5843
15606,18315
15609,12471
15609,14239
15611,21326
15611,20609
15611,5298
15604,22387
15604,2615
15604,2515
15604,14753
15604,17067
15608,6863
15608,1711
15608,12391
15608,21777
15594,20314
15605,18242
15605,14774
15612,23106
15612,14432
15612,23086
15612,7219
15622,16691
15622,16509
15622,19581
15622,5863
15622,24402
15610,20253
15618,13152
15618,7632
15618,1720
15616,17715
15616,8262
15616,4919
15616,7339
15617,17569
15617,4634
15617,5541
15623,11447
15613,24239
15613,23202
15613,916
15613,8924
15624,22912
15624,20255
15624,12729
15627,661
15627,6510
15625,13109
15625,23320
15625,6371
15630,8540
15630,14235
15630,15532
15633,4687
15633,2901
15634,10221
15634,12179
15634,23344
15635,11341
15635,6557
15635,352
15635,16797
15635,22264
15636,14033
15636,10227
15636,6116
15636,8678
15636,21146
15632,13107
15632,4045
15632,23818
15632,16716
15632,12540
15641,8842
15644,9593
15644,19497
15629,8696
15640,6348
15640,19870
15640,3491
15640,14677
15640,3172
15643,24937
15643,7767
15638,6708
15638,15718
15638,18243
15638,9441
15638,11981
15645,15488
15645,20873
15645,24114
15645,19473
15645,24657
15649,4851
15649,16056
15646,1112
15646,11625
15646,2283
15653,5382
15647,18194
15647,18380
15647,13701
15647,6422
15647,21834
15655,6948
15655,18923
15655,9049
15655,1204
15651,24349
15651,20709
15651,18873
15651,19822
15657,20379
15650,14853
15648,15713
15648,16264
15648,24589
15665,20736
15665,336
15665,10800
15659,14806
15659,5556
15659,5269
15659,8558
15659,11982
15661,10639
15661,10184
15661,20479
15660,21469
15660,4642
15671,14951
15671,10229
15671,5819
15673,21848
15673,14384
15673,13865
15673,10523
15673,15616
15676,21932
15676,14166
15677,1157
15677,5492
15674,2771
15674,1073
15674,17675
15675,1312
15678,23589
15678,4001
15678,13214
15678,5533
15680,11631
15679,2231
15679,22118
15679,7097
15679,22256
15679,4776
15682,19196
15682,15298
15682,2081
15682,2220
15662,8815
15662,15431
15683,2441
15683,9113
15685,8189
15685,16894
15685,14599
15685,8873
15687,19306
15686,23072
15686,4946
15686,3815
15686,13925
15686,10448
15668,21943
15668,17258
15668,5241
15668,5421
15669,5041
15669,12315
15669,9908
15669,24935
15669,4663
15664,18079
15664,8184
15664,4138
15691,8216
15691,4408
15691,22834
15693,14889
15693,24544
15693,18611
15693,12428
15692,22773
15692,967
15694,9174
15694,1064
15694,23332
15694,22870
15696,18641
15696,10473
15696,22415
15696,7378
15696,23565
15697,6403
15697,21621
15697,19533
15697,10607
15697,20155
15700,3520
15700,13591
15700,5443
15700,12041
15700,12893
15704,22442
15704,14769
15705,2887
15705,12959
15688,22223
15688,1183
15688,15652
15688,3620
15708,24292
15710,12945
15712,9161
15712,21769
15712,20148
15711,19433
15711,15396
15711,2462
15723,9790
15723,10306
15725,5344
15725,18940
15726,13042
15722,12335
15722,16984
15728,7969
15728,19356
15728,18782
15719,4703
15719,7916
15730,20754
15730,5365
15730,5741
15730,4553
15734,6090
15734,4609
15734,12467
15736,21844
15736,20314
15738,4885
15738,23165
15738,1088
15738,13944
15721,17772
15737,3211
15737,19453
15737,11236
15743,2546
15743,23866
15743,21375
15745,3991
15745,15379
15745,3582
15745,16558
15739,24587
15740,18344
15740,4629
15740,7190
15740,14960
15750,17192
15747,12379
15747,22716
15747,18606
15747,9800
15753,16319
15753,22057
15753,6791
15757,24291
15757,7612
15757,8763
15757,20103
15757,9054
15759,3136
15762,19110
15766,15233
15766,6671
15763,18582
15763,10493
15763,19746
15763,5536
15763,18065
15744,8498
15744,22889
15767,24522
15767,17925
15755,14552
15769,16159
15760,2513
15760,312
15760,19385
15760,18628
15760,16841
15761,599
15761,13183
15761,17908
15770,17074
15770,12694
15758,12501
15758,7002
15758,15096
15772,3280
15772,23082
15772,9253
15772,15156
15771,1271
15771,637
15771,15837
15751,21230
15751,20084
15751,1727
15773,6103
15773,2598
15776,8551
15776,23398
15776,10510
15776,3708
15776,19625
15775,20185
15775,13186
15777,22256
15777,7460
15777,5840
15777,15215
15780,24258
15780,10781
15782,19268
15782,5740
15781,10873
15781,19828
15781,3396
15786,15880
15778,20151
15778,11813
15787,12423
15787,11582
15787,19314
15787,8164
15787,23971
15785,17215
15785,5691
15785,3817
15784,5541
15784,3788
15784,21630
15784,11055
15790,16740
15790,6389
15790,4873
15790,10837
15792,9021
15791,129
15795,22718
15798,18504
15796,1779
15796,21686
15796,11118
15796,22821
15796,6643
15811,24917
15812,24406
15812,21259
15803,10131
15803,3251
15803,15732
15813,21200
15779,2819
15779,19647
15779,4441
15779,20830
15816,22699
15816,17934
15816,17298
15816,18476
15816,6582
15817,10439
15817,5644
15817,17127
15817,15996
15820,13411
15820,24699
15820,2326
15822,21342
15822,12397
15822,19981
15822,16945
15821,4416
15821,12614
15821,13623
15821,7668
15800,7658
15808,10646
15808,22318
15808,19806
15829,24954
15829,19128
15829,7802
15829,4781
15829,12662
15827,21370
15827,3236
15827,6426
15827,1878
15827,22453
15828,19555
15828,19420
15828,11387
15828,12647
15828,19651
15830,13294
15830,3058
15830,18652
15830,18633
15830,23659
15832,21029
15832,5664
15832,12364
15832,9204
15832,12714
15814,902
15814,3593
15814,12780
15814,15857
15801,12176
15802,23554
15802,7421
15802,6070
15802,19039
15824,8874
15824,1342
15824,2470
15824,5224
15824,20975
15836,6837
15836,16170
15836,12247
15833,11679
15837,11791
15837,12268
15837,24717
15837,3465
15835,3447
15835,3182
15840,4115
15840,10375
15840,3429
15842,5685
15845,1777
15845,24093
15843,17769
15843,7406
15843,14485
15850,24673
15850,24057
15846,12155
15846,4809
15844,4592
15844,12858
15844,18919
15844,21054
15848,5963
15848,12463
15851,15502
15851,12475
15851,3962
15851,24416
15851,319
15853,3053
15853,3001
15853,10737
15853,21876
15853,10124
15860,3761
15860,13170
15862,17682
15865,24710
15864,294
15864,23793
15864,20539
15863,4437
15863,12252
15863,18296
15863,2358
15854,3080
15854,8774
15852,20492
15852,278
15852,13017
15852,11746
15852,17050
15876,15171
15876,22993
15876,12764
15876,19778
15876,12366
15877,137
15877,1572
15877,9614
15877,12717
15877,15000
15878,23412
15878,16022
15878,14646
15878,1573
15879,15791
15879,5334
15879,20666
15879,7197
15881,21945
15881,16135
15882,19309
15882,20745
15882,15726
15882,15801
15884,14213
15884,3843
15884,2721
15888,3980
15887,10807
15887,18057
15873,24558
15873,11916
15873,15577
15873,11651
15871,1435
15871,18304
15855,8637
15855,8412
15855,4231
15855,11152
15874,19275
15874,18081
15874,17690
15857,3552
15870,2682
15870,736
15870,5641
15870,5324
15870,7767
15889,11995
15893,15660
15891,12671
15891,20686
15891,13227
15894,15662
15894,7558
15894,17351
15894,7509
15894,6093
15892,14345
15892,21523
15892,5220
15892,11400
15901,13795
15901,11773
15901,9184
15899,13025
15899,18060
15899,17731
15899,12010
15896,18351
15900,2066
15900,23760
15900,23367
15900,17252
15900,2529
15895,14515
15895,12402
15895,6684
15895,13468
15895,10619
15907,10530
15907,14941
15907,8878
15909,10922
15909,6569
15909,22075
15909,12870
15912,18131
15912,318
15912,9835
15902,19350
15902,19028
15902,829
15902,2338
15914,12830
15914,5050
15914,5847
15914,9570
15914,9285
15918,11507
15922,12884
15922,24684
15919,21718
15919,8854
15919,304
15913,24274
15913,19195
15913,6565
15913,876
15913,11787
15923,6121
15926,3372
15926,603
15924,24904
15924,16682
15924,15286
15924,15636
15924,14694
15927,19271
15927,323
15927,11086
15927,2901
15927,53
15929,24376
15929,19050
15929,11392
15917,12563
15917,9814
15932,14916
15932,14440
15932,3467
15936,14385
15936,24303
15936,4120
15936,1160
15936,7204
15937,21768
15937,23093
15937,16324
15933,17024
15933,21167
15933,24132
15940,10707
15940,17680
15940,13513
15942,15145
15942,2971
15942,21488
15942,18148
15942,10608
15947,5883
15947,3324
15947,20233
15949,13570
15950,21173
15869,3746
15869,9718
15869,19656
15869,18704
15930,21072
15930,2680
15930,9357
15930,15926
15906,1188
15906,10717
15906,24258
15931,22752
15928,15190
15928,24409
15928,18449
15928,17739
15928,22271
15955,21837
15951,14085
15951,3328
15951,6679
15951,23211
15951,15555
15952,18081
15954,14042
15954,23053
15954,6221
15954,13512
15954,24035
15960,19452
15960,17323
15960,3632
15960,14199
15958,16504
15958,20418
15915,4980
15915,3544
15915,10742
15915,23214
15915,16691
15967,6292
15967,14381
15967,17665
15944,4927
15944,2780
15963,3906
15963,7901
15970,24142
15970,2087
15971,23172
15971,17011
15969,18819
15969,14680
15969,18933
15957,9666
15957,996
15957,24724
15962,21126
15962,2228
15962,4888
15973,23182
15973,9056
15972,5283
15972,18823
15972,5723
15972,13115
15905,22239
15905,14786
15905,21766
15905,3315
15905,10377
15976,9204
15976,2999
15964,3543
15964,16520
15964,21445
15964,14624
15988,16958
15988,21196
15988,9080
15987,14473
15987,13949
15987,24505
15987,23559
15987,12784
15989,12824
15989,2831
15981,9248
15981,2277
15981,24110
15992,23288
15990,7940
15990,4325
15990,11423
15993,19466
15993,18659
15993,7140
15994,15289
15994,2820
15994,2265
15995,12380
15995,11415
15995,14018
15995,21867
15997,6948
15997,17368
15997,13380
16000,8510
16001,9639
16001,21597
16001,1619
16001,5394
15985,1698
15985,9204
15985,2969
15977,10719
15977,22709
15977,6705
15977,22444
16002,7526
16004,1960
16004,5968
16004,23810
16003,7055
16003,1774
16014,4154
16014,20203
16014,19212
16006,11771
16006,9723
16006,12973
16006,3494
16016,16893
16016,4835
16017,21053
15982,5075
16018,4273
16018,20845
16019,10395
16022,13524
16022,12255
16021,22371
16021,15391
16021,24456
16021,685
16020,22448
16020,13202
16020,24779
16020,3627
16020,14846
16023,5922
16023,13366
16023,16965
16023,17457
16023,3263
16011,5091
16011,7229
16025,2660
16025,12285
16025,22788
16025,9441
16012,8420
16010,23762
16010,18991
16008,21475
16008,9098
16008,5426
16008,21607
16008,23134
16028,8752
16028,22685
16028,12284
16028,16872
16028,1254
16013,15215
16013,1214
16015,7026
16015,5520
16015,8584
16015,2943
16015,11403
16033,551
16034,20026
16037,20483
16037,11478
16037,4455
16037,2659
16037,23987
16039,21875
16039,20671
16046,1400
16046,5033
16056,23761
16056,24463
16056,8874
16056,14522
16056,21236
16055,3660
16055,3894
16052,6399
16052,11573
16052,19850
16043,5950
16043,10881
16043,1938
16043,2554
16043,346
16048,23484
16048,1741
16048,20802
16048,4419
16049,13481
16049,2848
16058,12804
16065,24495
16065,21690
16066,21997
16066,1855
16066,23404
16066,8880
16066,21046
16068,2218
16068,12948
16068,264
16068,414
16068,17972
16069,6768
16069,23883
16069,18349
16069,18376
16069,13212
16071,12488
16071,9108
16070,22342
16070,2074
16070,22212
16070,1944
16070,10413
16072,16004
16072,13789
16072,14294
16072,5817
16072,14889
16060,4180
16060,16685
16073,22256
16073,15171
16073,23233
16073,1223
16073,9476
16074,7904
16074,4810
16077,21046
16075,23600
16075,22140
16078,22650
16080,8138
16080,7247
16057,7935
16057,11477
16057,19634
16057,23195
16079,5676
16079,10314
16079,20321
16079,22927
16054,17103
16054,2204
16054,4329
16054,1923
16054,16613
16059,9794
16059,19594
16059,5273
16059,8517
16059,22593
16062,11880
16061,14807
16061,17358
16061,9872
16063,6705
16082,22121
16082,20471
16083,10434
16083,15800
16083,16077
16088,20066
16088,19960
16088,15298
16087,8198
16087,12773
16087,23234
16085,2144
16085,23313
16085,22095
16085,10729
16085,8497
16090,3877
16090,18023
16090,20032
16090,23567
16091,12982
16091,627
16095,3038
16094,621
16094,19645
16094,16632
16094,4904
16094,5913
16098,23519
16098,19042
16096,15553
16096,9020
16096,1662
16096,14607
16104,22265
16104,19
16105,16922
16105,23326
16106,5655
16106,867
16106,3557
16106,244
16106,10271
16110,22050
16110,14649
16110,1604
16086,4757
16086,170
16086,23954
16086,9448
16086,4030
16111,15152
16111,4593
16111,16635
16111,3469
16111,18382
16120,20880
16120,5301
16120,2662
16120,24640
16112,17958
16115,8209
16115,4950
16115,17265
16115,9354
16115,289
16116,10011
16116,21376
16114,16355
16114,2506
16114,10898
16113,4786
16128,15723
16128,11571
16129,3282
16129,9477
16129,9746
16129,9688
16134,14224
16134,2505
16136,18617
16136,11528
16140,21386
16140,14981
16138,1764
16138,17157
16138,1884
16138,23952
16127,7731
16127,24515
16127,13920
16133,8360
16133,8153
16146,3640
16146,22422
16146,10914
16146,6837
16146,16516
16141,730
16141,3949
16141,19392
16141,2103
16141,567
16148,12388
16152,18182
16152,12849
16152,18765
16152,22108
16152,17768
16150,5591
16150,1696
16150,5301
16150,1784
16153,12945
16153,4557
16153,11722
16153,7952
16159,8402
16159,10069
16156,12243
16156,14815
16162,587
16162,4507
16162,15763
16160,6607
16160,2294
16160,23890
16160,11880
16160,4494
16161,16563
16161,17118
16161,20806
16161,21925
16164,2073
16164,16374
16164,20806
16164,2535
16164,21222
16137,7401
16137,15657
16137,18777
16149,15819
16149,7333
16167,6153
16167,13668
16151,4868
16151,6893
16169,11257
16169,20093
16169,14755
16169,5008
16170,5653
16170,13
16170,11760
16179,18025
16179,21244
16181,13967
16181,7328
16181,4607
16177,5855
16177,3146
16183,12758
16183,21755
16183,6704
16183,21928
16183,22037
16186,11867
16186,19087
16186,22462
16186,9666
16186,5958
16184,6610
16184,3715
16184,10920
16187,21116
16187,24634
16189,21955
16189,21599
16190,21180
16190,22995
16190,7704
16191,22796
16191,12781
16193,6714
16194,16277
16194,5562
16194,965
16192,12797
16192,5625
16192,8888
16195,22170
16195,23342
16195,22526
16195,19739
16195,5304
16196,826
16196,19346
16196,9340
16200,19969
16200,9902
16200,8526
16200,751
16201,3229
16201,19145
16201,6429
16188,24691
16203,24117
16203,24426
16207,5687
16207,11787
16207,15259
16207,4029
16205,4813
16206,16299
16206,14200
16206,14584
16206,13051
16208,20006
16208,7089
16208,23713
16208,13854
16208,21607
16211,20331
16213,15745
16213,1943
16213,22097
16215,10261
16215,14747
16215,21556
16215,4587
16222,966
16222,4598
16222,6273
16222,1765
16222,9614
16216,17753
16220,2482
16220,4532
16220,4037
16220,22418
16223,3776
16223,24555
16223,21167
16223,15356
16223,7881
16229,3877
16225,18565
16225,14385
16225,2919
16225,627
16225,14961
16231,17901
16226,14699
16226,14701
16226,8030
16226,24237
16217,16839
16217,16456
16217,1040
16217,10215
16217,16783
16233,9862
16235,15031
16235,16798
16235,9096
16235,20012
16232,18586
16232,17313
16232,16542
16230,3122
16230,14746
16230,5108
16230,22450
16230,21818
16234,20135
16234,3304
16234,15089
16234,4320
16234,13788
16237,13808
16237,10202
16237,11026
16237,6822
16237,5863
16238,6044
16238,16889
16239,24770
16239,15969
16239,22086
16239,19106
16240,14740
16244,24449
16244,4676
16248,1154
16246,7059
16246,18224
16252,23756
16252,23245
16252,17892
16254,19442
16254,3539
16250,3407
16250,21401
16250,19139
16250,23427
16250,13575
16255,18503
16255,279
16253,2233
16253,3977
16253,17396
16256,22297
16256,22052
16260,23660
16260,4686
16260,10059
16263,2894
16263,11919
16261,15819
16261,239
16261,11482
16265,4261
16265,8466
16265,6769
16265,13856
16266,14438
16266,16059
16268,18686
16268,17663
16268,17246
16273,19329
16273,10744
16270,23336
16274,17552
16274,15452
16275,18023
16275,5871
16275,10233
16275,12760
16275,14620
16276,15365
16276,15127
16280,20264
16280,9694
16280,24419
16281,24203
16281,5948
16290,20838
16290,2811
16290,8912
16290,9873
16278,19662
16278,12219
16278,23128
16278,7481
16296,5214
16296,14582
16296,16652
16287,6270
16284,1762
16297,5382
16297,10896
16297,23576
16292,1107
16300,23697
16300,23122
16300,20865
16300,24716
16302,18385
16302,12784
16302,5189
16302,14901
16304,17066
16304,2997
16304,15661
16304,18204
16303,14639
16301,21077
16307,1480
16307,5831
16307,110
16285,5809
16288,22919
16288,10640
16288,18171
16288,8224
16308,13571
16308,22680
16315,13145
16315,3945
16315,15430
16315,23955
16311,1889
16311,5334
16311,23823
16312,18904
16312,6026
16312,13384
16319,19525
16319,22787
16319,7506
16320,5556
16318,19952
16318,19407
16317,1389
16321,24378
16321,514
16321,7652
16322,9078
16322,639
16323,24092
16323,21344
16325,21268
16325,11604
16325,21769
16325,19052
16327,8426
16327,3178
16327,8208
16327,16111
16328,13684
16328,19896
16328,21356
16328,21950
16328,23868
16314,18708
16314,6013
16331,20436
16331,18757
16331,8290
16330,12824
16330,10424
16330,19726
16330,10798
16332,15489
16333,11992
16333,11763
16333,7980
16333,19447
16333,20722
16337,15451
16335,10385
16335,16827
16335,14000
16335,2629
16338,2275
16338,2127
16338,13050
16347,23261
16339,18366
16339,2668
16339,7666
16339,15075
16340,15669
16340,11635
16340,10317
16340,603
16348,22534
16351,13046
16351,14169
16349,12000
16349,980
16349,4959
16356,22546
16356,12054
16355,15668
16358,17584
16358,5387
16343,22258
16343,22049
16343,13595
16361,92
16361,24702
16361,20225
16360,23696
16360,4311
16342,5979
16342,22373
16345,2519
16329,1194
16329,1911
16365,3445
16365,2093
16365,9837
16365,1602
16365,11173
16368,19617
16368,13026
16368,19580
16368,9660
16368,14089
16370,18659
16370,6704
16370,3446
16371,15220
16371,17925
16371,18708
16371,9623
16374,3844
16374,19124
16374,75
16374,513
16374,568
16375,1199
16375,16490
16375,6273
16375,11074
16377,8290
16373,6945
16373,7029
16372,15555
16372,17211
16372,3002
16380,9900
16384,9477
16384,18012
16382,22688
16382,20970
16382,22900
16376,15030
16376,22174
16376,8887
16376,15969
16385,7241
16385,21217
16389,18687
16397,16752
16397,7464
16397,18740
16391,6177
16398,24817
16398,16013
16398,21127
16398,12837
16393,23961
16393,575
16405,20324
16405,23586
16400,16622
16400,5901
16400,10691
16400,6957
16400,15616
16401,21020
16408,22468
16407,6892
16407,12477
16407,20877
16396,10515
16388,22973
16388,1181
16388,4920
16388,16042
16386,18278
16386,313
16386,2098
16386,18410
16386,13521
16390,3830
16415,3586
16415,9818
16415,3667
16415,19637
16417,9203
16417,14756
16417,24455
16417,24266
16421,23335
16420,12994
16420,24836
16420,16543
16420,16818
16420,19382
16423,4536
16426,22767
16426,22707
16426,8253
16426,18908
16426,6761
16395,22121
16395,19222
16395,13737
16395,16176
16395,18426
16410,19855
16410,18082
16410,513
16431,13374
16433,10982
16433,19914
16433,14996
16433,3240
16433,12041
16435,2695
16435,8489
16435,22702
16436,15437
16436,9542
16436,10318
16436,24509
16436,24143
16439,987
16439,10496
16439,19397
16441,13515
16441,16390
16441,7266
16441,5136
16441,11061
16443,14019
16443,6984
16443,22562
16443,17302
16443,16374
16448,8974
16448,10287
16448,19884
16411,13691
16411,13570
16411,15758
16411,2015
16411,9550
16430,12946
16430,14876
16430,22300
16430,7996
16447,6335
16451,1130
16451,10503
16451,13042
16451,13624
16456,6655
16456,4453
16456,11263
16453,10364
16453,13731
16453,16670
16453,10462
16453,12250
16457,13751
16458,7952
16458,10638
16458,1598
16461,3209
16461,11796
16462,20347
16462,20165
16462,10265
16462,9589
16465,24969
16465,3011
16465,24707
16459,8679
16466,9080
16466,14002
16466,4965
16466,9084
16466,10976
16412,22153
16412,13831
16412,6839
16412,15071
16470,19345
16467,5694
16467,5562
16467,15466
16467,1878
16402,18193
16402,4858
16402,7507
16402,19399
16402,12639
16392,6096
16392,8233
16392,81
16392,5671
16392,18882
16471,4421
16471,7798
16471,18019
16471,17022
16473,3732
16473,6878
16474,14599
16474,6232
16477,9017
16480,14035
16479,6772
16479,5383
16479,10813
16479,6996
16479,24112
16482,12331
16482,9151
16482,12156
16482,1997
16482,18499
16481,13350
16481,11527
16481,2571
16481,1971
16481,13369
16478,5067
16478,16889
16486,21178
16476,358
16476,11774
16476,20181
16476,3319
16476,17934
16488,10345
16488,6684
16488,2627
16488,23861
16442,795
16442,19139
16492,16971
16494,11894
16494,4007
16493,867
16493,686
16493,13681
16493,24076
16495,6498
16495,14815
16495,19264
16496,13203
16496,3777
16496,2925
16498,16752
16498,11036
16498,10431
16498,637
16498,12835
16499,1924
16499,20480
16499,7382
16499,2168
16499,5526
16503,19545
16503,20010
16503,10346
16501,9811
16501,9852
16501,8661
16501,10530
16501,18395
16502,12601
16502,2190
16502,7511
16502,5434
16502,5357
16509,22553
16509,24402
16509,22867
16507,7101
16507,22994
16510,19445
16510,7220
16510,20709
16506,12148
16506,11596
16506,1248
16513,7741
16513,24150
16513,24145
16513,15995
16516,7532
16514,14535
16514,11236
16514,20976
16512,14127
16512,21264
16512,14043
16512,16635
16518,8105
16518,21819
16518,23271
16518,980
16518,6202
16520,23329
16520,5396
16520,23451
16525,5619
16525,11365
16525,9899
16525,16267
16525,10063
16527,10407
16527,16026
16527,2118
16527,6463
16527,15437
16523,3687
16523,140
16523,18986
16523,18785
16523,16997
16531,6570
16531,9315
16531,6477
16531,5667
16531,12739
16532,11315
16530,16557
16534,15500
16534,2441
16534,22277
16529,14116
16529,14052
16529,4898
16529,5845
16529,11845
16536,19654
16536,24738
16539,3191
16539,16752
16539,7953
16537,10955
16537,6083
16537,1873
16537,936
16537,4872
16538,2668
16538,4719
16538,19159
16538,9766
16538,5634
16540,11058
16540,2838
16541,5344
16541,16795
16541,2645
16541,9253
16543,23352
16543,17354
16543,20207
16543,7169
16544,20054
16544,18227
16544,21671
16544,930
16544,8078
16519,1595
16519,20733
16519,24398
16519,9915
16519,19542
16505,17812
16505,3421
16505,10147
16505,10004
16521,18219
16533,9375
16533,7563
16533,19260
16533,19299
16542,24106
16542,17374
16542,19091
16551,13244
16547,19280
16547,10638
16547,7861
16548,20459
16548,10371
16552,6040
16550,62
16550,15737
16550,21345
16556,673
16556,1224
16556,11683
16554,16990
16554,1067
16554,8360
16554,14553
16554,7836
16559,12456
16559,9102
16560,5146
16560,11767
16560,2916
16560,17908
16560,339
16562,18852
16562,22651
16562,11476
16562,17223
16562,14958
16564,14973
16564,12789
16564,19237
16566,21331
16567,20487
16567,4700
16567,4682
16568,7804
16568,5677
16568,11005
16570,7093
16570,4759
16570,17961
16569,22514
16569,5293
16572,13893
16572,21087
16572,3451
16577,3442
16583,22417
16583,15065
16583,12795
16582,9059
16586,8544
16586,5025
16586,5440
16586,16098
16587,23278
16579,1290
16579,20050
16590,23244
16590,24973
16590,6436
16590,8965
16592,17420
16592,18673
16592,17980
16593,7549
16593,1990
16593,8542
16593,21567
16581,14369
16581,8313
16581,22106
16581,15554
16573,14213
16574,22189
16574,10554
16574,24947
16574,56
16561,17340
16561,6176
16561,18962
16561,3833
16561,16514
16600,22821
16600,6565
16600,16288
16600,10242
16600,8854
16599,18766
16599,15978
16601,12362
16601,21237
16601,15213
16601,2313
16601,21006
16602,23895
16602,19805
16603,2149
16603,6538
16603,6732
16606,13428
16607,24457
16607,24359
16607,1316
16607,814
16609,8155
16609,12780
16609,11015
16610,9133
16610,19461
16610,18218
16576,786
16576,3250
16598,7117
16598,4759
16598,22775
16613,12554
16613,17005
16613,16237
16563,15699
16619,4900
16619,15744
16619,13302
16626,14345
16624,24575
16624,16358
16624,16566
16624,18469
16624,12913
16627,21624
16627,12181
16625,4410
16625,19037
16625,2859
16615,8549
16629,21378
16629,7365
16629,2197
16629,23681
16629,4191
16630,2540
16630,23459
16630,6263
16630,15327
16630,15894
16623,8283
16623,16892
16623,20014
16623,17440
16623,570
16591,21249
16591,10725
16591,22851
16591,413
16591,15414
16638,12070
16638,3165
16634,11893
16634,22654
16634,20517
16634,24214
16614,3612
16614,22291
16614,24204
16614,21345
16639,17747
16639,16854
16639,24807
16639,13814
16618,7356
16618,20842
16616,21345
16616,6759
16616,3239
16621,20885
16621,19941
16621,4907
16621,14948
16621,2234
16640,9475
16640,15053
16640,13736
16640,9504
16640,24492
16642,20529
16642,16886
16641,2646
16641,21769
16644,8146
16649,16146
16649,2740
16658,24161
16648,17627
16648,22570
16648,1558
16648,22761
16648,7977
16661,9952
16661,13534
16662,568
16665,11308
16665,19847
16665,15793
16665,23911
16664,16173
16664,2044
16664,14019
16664,23771
16664,11536
16668,372
16668,22055
16669,421
16669,12780
16657,23655
16657,2457
16637,9076
16637,16176
16637,12165
16637,11798
16670,11239
16670,24944
16670,21696
16670,24659
16672,16843
16672,16172
16672,9533
16672,16204
16673,16972
16673,23612
16673,19825
16673,14075
16666,15247
16666,3978
16666,10420
16666,13587
16666,12667
16654,18121
16654,17916
16654,21878
16654,11715
16654,23781
16655,14051
16677,20443
16677,14609
16681,14552
16675,11088
16683,1311
16683,12170
16683,6501
16684,7293
16684,20951
16688,22754
16688,13923
16651,21377
16651,20603
16651,6339
16651,393
16651,21429
16694,20114
16694,1568
16692,12037
16692,4314
16692,2298
16696,14672
16696,18880
16696,16384
16698,9942
16695,10875
16695,24418
16695,23535
16700,4030
16700,18050
16700,11335
16701,11617
16701,17523
16701,1880
16701,572
16701,15965
16702,12106
16702,22074
16702,10067
16702,12272
16702,22640
16703,20754
16705,2370
16705,10609
16705,23597
16705,24186
16705,3957
16704,20782
16704,15896
16704,2611
16704,6709
16704,19723
16708,2505
16712,14621
16712,7718
16712,11204
16711,18294
16711,5071
16713,24149
16713,2006
16713,11995
16713,19700
16713,1083
16707,235
16707,3895
16707,22942
16706,7255
16706,9018
16727,40
16727,1738
16727,14772
16731,15758
16731,20973
16731,6457
16731,22360
16719,11673
16734,22400
16734,14819
16738,18323
16738,3552
16738,7563
16720,3078
16720,22297
16720,4622
16720,18541
16721,11437
16721,5665
16721,8346
16721,12438
16721,3290
16714,11038
16714,15678
16717,2612
16718,23402
16718,4265
16723,12837
16723,8901
16723,9429
16723,5122
16736,10602
16736,5620
16741,22791
16741,10467
16741,14457
16742,4545
16744,19207
16744,1164
16744,23156
16744,19161
16745,19692
16743,1976
16743,23542
16743,18302
16747,18881
16747,4625
16747,3033
16747,1006
16747,17899
16750,14855
16750,3061
16750,20886
16750,20854
16748,8610
16748,13943
16748,18199
16751,18030
16749,867
16749,23269
16749,17372
16749,22937
16749,3996
16740,10362
16740,18974
16740,7230
16766,18526
16757,12964
16757,10157
16757,6726
16767,17793
16767,11736
16767,6093
16769,11130
16769,19466
16769,9824
16769,22635
16768,17988
16768,21153
16768,4211
16772,22308
16772,2533
16772,23282
16772,8141
16773,20055
16775,14653
16775,17816
16775,21876
16775,15528
16778,8215
16778,285
16778,3386
16778,2981
16759,3763
16758,8090
16758,5524
16758,5808
16758,22797
16779,24371
16780,20866
16780,9518
16780,13674
16780,10983
16781,38
16781,2306
16781,12050
16783,8652
16783,169
16783,179
16782,2231
16782,4608
16782,18330
16782,16875
16782,8176
16785,3171
16791,3938
16791,17004
16791,21776
16789,3093
16789,20869
16789,15083
16792,11417
16792,10712
16793,22285
16793,21951
16787,21954
16787,14619
16787,1932
16787,15094
16787,17248
16774,4032
16800,24552
16804,6117
16804,2938
16797,17121
16797,23258
16797,7635
16797,12315
16797,8429
16807,6682
16807,20398
16807,7376
16807,13634
16810,6237
16810,23919
16808,24754
16808,19912
16808,13490
16808,3277
16808,10972
16796,23323
16796,8542
16809,9706
16809,5222
16809,11504
16794,4251
16794,10412
16794,5478
16794,24098
16795,7049
16795,18255
16795,23905
16802,22712
16802,3057
16802,5849
16802,5609
16798,17719
16798,12333
16798,5493
16806,8709
16806,23428
16806,21847
16806,20258
16806,7265
16799,23554
16799,17667
16799,3766
16799,3118
16812,13953
16812,8324
16812,16023
16812,22684
16812,19815
16813,5536
16813,17605
16813,4304
16811,4488
16811,17318
16811,8325
16811,3724
16811,2757
16816,8154
16816,5531
16816,9344
16816,2460
16816,7845
16814,229
16817,6764
16817,11657
16817,14771
16817,7750
16818,24995
16818,7929
16818,9744
16818,6980
16822,16390
16823,21376
16819,20714
16819,13189
16819,2588
16819,11907
16819,15589
16821,8638
16821,12392
16821,6422
16821,6821
16820,1312
16820,11120
16825,23965
16825,20161
16824,7191
16824,8006
16824,14923
16826,7189
16826,22662
16826,15503
16826,1243
16831,6542
16830,13865
16830,5441
16830,7324
16829,9242
16829,313
16829,22894
16829,6808
16834,22860
16834,10364
16834,20454
16834,6600
16832,18500
16832,327
16832,20761
16827,19780
16827,16708
16827,8727
16836,98
16841,17555
16841,13169
16841,6664
16841,12087
16846,13246
16846,11588
16846,24397
16847,679
16847,12804
16847,19170
16845,15023
16845,19642
16845,144
16845,24933
16843,10864
16843,11323
16838,11444
16838,21409
16838,8132
16850,21477
16849,1645
16849,7885
16849,23241
16849,8067
16849,22067
16855,2949
16854,15963
16854,20866
16854,9932
16857,990
16857,14537
16861,14759
16861,14904
16856,21725
16856,11484
16865,14378
16865,6858
16865,17214
16865,23471
16864,15390
16863,6441
16863,5777
16863,18763
16853,14721
16853,23090
16853,22263
16853,4098
16853,3026
16867,10241
16878,23319
16878,14007
16860,7468
16860,16842
16875,3273
16870,24931
16870,6456
16870,7053
16870,24045
16870,593
16871,2365
16871,11708
16871,21230
16871,4273
16871,7197
16881,22706
16881,4269
16877,12616
16886,24525
16886,18924
16889,10947
16889,15281
16889,19752
16889,18676
16889,13933
16892,9424
16892,987
16891,15250
16891,6223
16891,14761
16891,9316
16891,17922
16885,17479
16885,6108
16885,23557
16887,17537
16887,13128
16883,21959
16883,3428
16899,23012
16899,18574
16899,16051
16908,7389
16908,14657
16908,10955
16908,16066
16912,8235
16912,14803
16912,17158
16896,23119
16896,21197
16911,17183
16911,7227
16911,5302
16911,1250
16911,9502
16914,23855
16914,16468
16914,9247
16902,13447
16902,8786
16902,10525
16903,1020
16903,4388
16903,11245
16903,9844
16915,3869
16915,7755
16900,12235
16900,7703
16900,5153
16900,8115
16901,14246
16901,19355
16901,11798
16901,23436
16901,14779
16904,12627
16904,18567
16905,24594
16905,7503
16905,10029
16905,18375
16907,24692
16907,2045
16907,19190
16907,20451
16929,17579
16923,11497
16923,22489
16931,11223
16931,12947
16934,18127
16934,21525
16934,4036
16937,16216
16939,10184
16939,5228
16939,12496
16939,22329
16938,3764
16921,3183
16921,16560
16921,20775
16924,6450
16924,21915
16924,18516
16924,19909
16924,17465
16941,11012
16941,14757
16941,22589
16941,13208
16941,16326
16918,14875
16918,4723
16918,8341
16918,16791
16918,15076
16942,4566
16942,5995
16942,8856
16917,6494
16917,7545
16944,7357
16944,17840
16945,2701
16945,11917
16945,3470
16945,12839
16945,11043
16946,20160
16946,23990
16947,19442
16948,9901
16948,1200
16948,10082
16948,20061
16948,15238
16949,22825
16949,3416
16952,1657
16955,11055
16955,8498
16958,19916
16958,5531
16954,19832
16954,22752
16954,13568
16954,3446
16960,23365
16956,15584
16956,4502
16956,10297
16962,14207
16962,6654
16970,8177
16970,14951
16970,19309
16964,14862
16964,3535
16972,3366
16966,1387
16966,7706
16967,5305
16967,4587
16967,1975
16973,21751
16973,1412
16973,21197
16975,5030
16975,13757
16975,16243
16975,19559
16975,19637
16968,13137
16968,22777
16968,22279
16968,2719
16968,21879
16983,9786
16983,23389
16983,20950
16988,16980
16985,23901
16985,8279
16985,15669
16985,10026
16979,4023
16979,23862
16979,11689
16979,19667
16979,15418
16990,22754
16990,19299
16990,20616
16991,9614
16989,2118
16989,23508
16989,19187
16989,21316
16977,4162
16977,17864
16977,18316
16994,357
16994,870
16995,21724
16997,21260
16997,23785
17000,20993
17000,5854
17000,17532
17001,15619
17001,21029
17001,10666
17001,6695
17001,15552
17003,942
17003,6260
17005,12670
16978,22408
16999,10292
17007,15340
17008,20604
17008,6779
17008,18877
17008,1348
17009,22223
17009,1569
17009,1660
17011,11206
17011,21099
17006,129
17006,6879
17006,7051
17010,19772
17013,17750
17013,21692
17013,11566
17013,1345
17014,22148
17014,15460
17014,18439
17014,19546
17014,16805
17015,10082
17015,23529
17017,3494
17018,8570
17018,21923
17016,24088
17016,4848
17016,19566
17024,10993
17024,2960
17024,14469
17021,6844
17021,12306
17021,3870
17021,23428
17021,434
17028,12301
17028,8348
17002,18270
17002,17921
17002,15233
17030,9908
17030,18439
17032,13215
17037,13449
17037,16829
17037,2118
17037,6759
17037,7087
17033,21030
17033,11182
17033,2794
17039,22077
17039,10435
17042,12113
17042,428
17054,14534
17048,183
17048,11920
17048,13191
17048,10820
17048,4875
17056,24405
17056,18999
17056,1441
17056,7018
17053,12991
17053,7093
17060,9373
17059,23533
17059,3128
17059,18405
17059,7305
17061,4825
17061,1489
17061,2556
17062,11392
17062,24324
17062,18590
17063,17271
17066,9846
17064,5622
17064,2038
17069,7308
17069,9766
17069,6105
17067,15342
17068,8404
17068,8730
17068,19740
17044,5092
17044,11972
17046,24573
17046,1445
17046,21631
17052,24083
17052,16291
17070,15490
17051,18835
17051,24730
17051,23443
17051,24600
17051,18484
17049,20699
17049,14271
17073,20696
17073,17806
17073,23124
17073,2946
17073,21064
17074,19214
17074,1686
17074,194
17074,13543
17074,15991
17072,8201
17072,19884
17072,7089
17072,10250
17072,2718
17078,21571
17078,18978
17077,1307
17077,9730
17077,2377
17077,1436
17081,8210
17081,13096
17081,16346
17081,3711
17076,12388
17076,16145
17076,20741
17076,14058
17047,21750
17047,19851
17047,21863
17047,8048
17071,2904
17071,8509
17071,18974
17071,6877
17071,2478
17082,19826
17082,23367
17082,19960
17082,5106
17088,24274
17088,21278
17088,24786
17088,3986
17088,160
17087,6894
17087,21818
17087,7922
17087,1811
17093,11329
17095,9827
17095,13197
17079,24256
17079,1093
17097,20986
17096,17550
17096,2688
17096,4651
17098,6180
17100,2823
17100,2652
17100,5730
17100,21046
17100,24789
17101,2448
17101,10239
17101,17938
17101,21990
17101,6809
17105,17859
17105,12152
17105,17643
17109,14568
17109,12954
17109,19146
17106,22247
17107,3931
17107,6453
17107,22299
17110,1386
17110,11461
17110,20305
17110,22407
17110,8106
17104,99
17104,4440
17104,6509
17104,5752
17104,12769
17112,12914
17112,23552
17112,11858
17112,13729
17113,17512
17113,16387
17114,5448
17114,356
17111,24106
17119,23809
17117,15444
17116,18751
17116,1135
17115,14541
17115,22494
17115,14147
17123,14068
17123,7187
17123,9324
17126,24967
17126,11674
17085,1378
17085,9431
17130,9922
17128,4729
17128,14872
17128,440
17128,14785
17128,12289
17131,16635
17131,17389
17131,6963
17132,15876
17132,10508
17132,18708
17132,2764
17124,24768
17124,2474
17118,946
17118,14490
17118,15700
17120,11544
17120,15976
17134,24424
17134,1643
17134,14055
17135,23806
17135,16116
17135,19444
17135,8773
17137,13871
17137,24518
17137,13947
17136,9877
17136,5024
17136,14998
17136,21808
17136,6766
17139,3993
17139,8042
17139,6728
17139,5560
17146,18600
17146,18934
17146,13935
17145,11047
17145,9708
17145,14808
17145,1172
17147,6032
17147,24469
17147,3385
17147,367
17148,10371
17148,7127
17148,6122
17148,22877
17140,1245
17140,9465
17140,9754
17149,2984
17149,6289
17151,120
17151,8065
17151,11339
17151,22562
17151,643
17163,23134
17163,15958
17163,11465
17163,21299
17164,16077
17164,22140
17150,6752
17150,16038
17161,5577
17161,10468
17161,21276
17165,5691
17165,21660
17167,3251
17167,15774
17167,24951
17167,9040
17169,17267
17169,3673
17169,3450
17169,13394
17166,4893
17166,20412
17166,7285
17166,15196
17166,15211
17172,21672
17174,13865
17174,18621
17174,14725
17174,10726
17176,17616
17176,23296
17176,24465
17153,21112
17153,15845
17154,20364
17154,8077
17154,13620
17154,10681
17154,17176
17157,9168
17157,11850
17177,12564
17159,24302
17159,10539
17159,15840
17159,23763
17152,5736
17152,22785
17179,21136
17181,24404
17181,12562
17181,4624
17181,18068
17180,18673
17180,20435
17184,2126
17184,2360
17184,22603
17184,21738
17184,16523
17183,180
17183,15396
17182,16774
17182,10726
17182,16861
17188,20722
17188,24205
17190,20942
17190,9002
17185,17893
17185,8467
17185,14528
17178,8459
17178,22201
17178,12391
17178,2283
17178,20722
17191,24452
17191,24122
17191,18810
17191,1355
17189,4181
17189,14570
17189,5190
17189,6817
17194,22642
17194,1048
17196,10551
17195,10137
17198,22942
17198,21298
17199,4930
17199,11599
17202,19357
17203,23521
17204,5833
17204,2649
17204,9042
17204,16805
17204,4114
17207,18152
17207,10524
17207,22731
17210,3853
17215,13190
17211,19234
17211,11978
17214,13634
17214,18090
17214,24304
17214,15355
17217,24301
17217,17493
17217,14801
17217,1025
17217,18271
17222,4241
17220,16373
17220,1021
17220,24453
17220,20778
17226,4120
17226,20244
17226,2867
17227,8557
17227,13197
17227,15009
17227,17267
17228,15191
17228,21904
17221,13627
17221,3143
17221,11431
17221,4274
17221,14575
17229,15603
17229,22669
17229,17968
17229,24733
17229,4683
17230,11400
17230,24323
17230,15257
17230,16534
17230,21891
17208,6406
17208,218
17208,2639
17223,6915
17205,24670
17205,11473
17205,19992
17205,17396
17206,3126
17206,17461
17213,13310
17234,11786
17234,15756
17234,16708
17209,1197
17209,20888
17209,10213
17209,23957
17239,15630
17239,14081
17239,13496
17239,10050
17239,4350
17241,23187
17241,14714
17241,21113
17241,22879
17240,6851
17240,3172
17243,21799
17237,18413
17237,12552
17237,5842
17237,5214
17244,10437
17244,23400
17244,13792
17247,4358
17247,15112
17247,17005
17251,17070
17248,21197
17248,7335
17248,22048
17248,4782
17248,8574
17254,21316
17249,18138
17249,17740
17249,5448
17252,21140
17252,2808
17257,15326
17255,18965
17255,5530
17255,9423
17259,15796
17259,20373
17261,21956
17265,13934
17266,14643
17266,6874
17266,17606
17269,12125
17268,11077
17268,20690
17268,15691
17268,97
17271,15184
17271,12054
17271,8985
17271,23858
17271,4595
17272,18256
17272,22129
17272,3642
17272,13249
17272,12947
17270,5669
17270,69
17270,19013
17274,12651
17274,14093
17274,15439
17274,1972
17274,11939
17275,2437
17275,21378
17275,16332
17262,3058
17262,5819
17262,5329
17277,10495
17277,1682
17277,9000
17277,21189
17281,19276
17281,11462
17281,13918
17287,23769
17287,12236
17288,8896
17288,1878
17283,10346
17293,7554
17293,12247
17293,20451
17293,14965
17290,20537
17290,14059
17290,1917
17294,1589
17294,835
17294,11097
17294,6674
17294,1056
17279,20659
17279,11754
17279,4196
17299,2345
17299,10438
17299,3004
17299,21338
17299,6866
17303,7306
17308,4735
17308,5503
17307,688
17307,21521
17307,323
17311,10707
17311,23139
17311,22508
17311,13843
17313,8025
17300,2734
17300,24870
17300,23030
17300,18847
17300,1343
17314,12475
17314,17200
17314,22899
17314,22942
17314,16964
17317,19949
17319,22624
17319,7854
17319,17725
17319,23026
17319,4560
17310,14430
17310,3555
17310,10353
17323,18614
17322,13108
17312,18217
17312,22168
17312,197
17324,10573
17324,1053
17297,3479
17297,6515
17297,5863
17306,17616
17306,22968
17326,16024
17326,23029
17326,8278
17326,12773
17327,23703
17327,18342
17327,24367
17328,23894
17328,22844
17328,6906
17328,20179
17329,10121
17329,9160
17329,15653
17329,15344
17329,24515
17331,3418
17331,11586
17331,24979
17331,2983
17333,16382
17333,20520
17333,4063
17333,21034
17333,11127
17334,10671
17334,19282
17334,3121
17334,14848
17334,16783
17337,8426
17337,8372
17337,21774
17336,17104
17336,5761
17340,19188
17339,21966
17339,18888
17341,16332
17342,12763
17342,8834
17342,5102
17351,16179
17350,17522
17350,17611
17353,12183
17353,19961
17353,4314
17345,12091
17345,22535
17354,17516
17354,5490
17354,4381
17354,16644
17356,24761
17356,19693
17356,2843
17356,13439
17358,14071
17360,23637
17360,15832
17361,18937
17361,22853
17361,20031
17361,11165
17364,16616
17364,10401
17364,2523
17364,21861
17364,19764
17362,1141
17362,21721
17367,3543
17367,18163
17367,9303
17367,11705
17368,1059
17368,24428
17371,19176
17371,14211
17371,3511
17372,10256
17372,16467
17374,10288
17374,6671
17369,16931
17369,6959
17369,4583
17369,17771
17369,15356
17375,5807
17375,8783
17388,1495
17388,8209
17389,1672
17389,17496
17389,19122
17390,18968
17391,8683
17391,23871
17384,12915
17384,10309
17384,13874
17384,4450
17393,16811
17393,22831
17393,22997
17393,16224
17393,18185
17383,19904
17383,10711
17395,147
17395,20741
17395,6922
17396,17644
17398,4792
17398,4467
17398,23288
17398,12969
17398,11771
17399,24618
17399,21578
17380,15671
17378,5578
17378,11164
17378,8250
17378,8216
17377,3261
17377,2790
17377,21138
17377,19951
17381,18177
17381,4489
17381,19227
17381,21821
17381,6211
17409,15070
17409,19142
17409,6608
17409,12170
17409,23618
17410,7709
17410,22517
17411,25000
17408,1955
17408,6371
17408,3062
17408,2315
17403,14469
17403,2959
17402,1557
17402,749
17407,9776
17407,10492
17407,20235
17407,20512
17413,6038
17413,14768
17386,12586
17386,1501
17417,22802
17417,6570
17412,21550
17412,3033
17412,14477
17412,13151
17419,12914
17414,19955
17414,5516
17414,23268
17414,24280
17414,10389
17415,1603
17418,1555
17418,18005
17422,4631
17422,6892
17423,16494
17387,10192
17387,24923
17387,22397
17421,2241
17420,17702
17420,1582
17427,23282
17427,6160
17427,20427
17427,15857
17427,14052
17428,5065
17428,5460
17428,2372
17430,14587
17430,15711
17430,14565
17430,1221
17430,7196
17431,1678
17431,5297
17431,4467
17433,3561
17433,2065
17433,18183
17433,24723
17433,991
17435,1045
17435,2897
17435,20926
17435,24593
17435,2955
17436,966
17436,2759
17437,22938
17438,24756
17440,646
17440,966
17440,4494
17440,24660
17445,11259
17445,16476
17443,5951
17443,23995
17443,14998
17443,7709
17444,15425
17448,13855
17448,13456
17448,60
17448,912
17448,16599
17458,18861
17455,4232
17455,8575
17455,22455
17455,7035
17450,6508
17450,2171
17450,6799
17450,11014
17450,11851
17459,5540
17459,21381
17459,9617
17459,21202
17459,4437
17461,11595
17461,398
17461,12065
17461,789
17462,14544
17462,24968
17460,24302
17460,17744
17460,18882
17460,24400
17464,4139
17464,11867
17464,5948
17466,8679
17466,24719
17466,2439
17466,7028
17469,10149
17469,21306
17469,14017
17469,19036
17469,14960
17451,2447
17446,3831
17446,9326
17446,15299
17449,20012
17449,19551
17449,22575
17449,5015
17449,3316
17441,19186
17441,20347
17441,13436
17447,15034
17447,21659
17470,18449
17470,20066
17470,4153
17470,13863
17471,1207
17471,21762
17471,24931
17472,18708
17472,22479
17477,18958
17474,12798
17474,21816
17474,9704
17474,6718
17478,19296
17478,17779
17478,24412
17481,8933
17481,20811
17482,18304
17482,21771
17483,17929
17483,4115
17483,18747
17483,19047
17476,23897
17476,895
17476,22752
17476,14496
17468,23352
17468,17625
17468,14933
17475,19598
17475,9064
17475,8460
17488,13565
17488,20551
17488,21038
17488,6730
17488,21818
17491,13432
17491,21589
17491,10253
17491,6215
17491,3170
17496,5472
17496,19380
17496,18707
17499,15504
17499,20165
17499,13759
17499,6958
17501,2945
17501,7859
17503,8184
17503,24042
17503,3282
17503,8999
17503,19287
17502,16342
17502,4892
17502,11700
17505,1391
17505,9403
17506,5099
17506,3324
17506,23875
17493,12317
17493,6515
17493,10092
17493,21634
17507,24122
17507,12077
17507,20860
17507,4461
17507,19946
17504,863
17504,10586
17504,4948
17504,8226
17510,21417
17510,21854
17510,24591
17510,6307
17508,8263
17508,6946
17508,21710
17508,10568
17511,4160
17511,13904
17511,23498
17512,6520
17494,18070
17494,19560
17494,2189
17513,5643
17513,16016
17513,17400
17513,7152
17513,16810
17515,11667
17515,11719
17515,20891
17515,13103
17515,9845
17516,24183
17516,6654
17490,5024
17490,10672
17519,9011
17519,17256
17519,12620
17523,22007
17523,8902
17523,23721
17523,14464
17524,21993
17524,157
17526,5224
17530,974
17533,15644
17533,14940
17517,7051
17486,5829
17484,14426
17514,2806
17514,24649
17514,9703
17514,24799
17487,6597
17487,16366
17520,4709
17520,20526
17520,7018
17520,18079
17520,12856
17521,5941
17521,9086
17521,23352
17539,392
17539,19222
17535,7676
17535,480
17535,10540
17535,8019
17535,14970
17537,428
17537,8861
17536,18758
17536,22392
17536,17742
17546,14623
17549,12771
17549,11250
17540,23220
17534,20809
17534,8467
17534,19977
17534,15724
17552,7844
17552,18098
17552,6154
17555,22487
17555,24896
17555,15060
17555,12253
17553,10148
17553,22036
17551,2897
17551,2600
17547,7813
17547,4044
17563,19193
17563,14002
17563,13769
17563,24478
17558,3666
17558,2017
17558,2036
17558,23349
17550,17537
17550,3979
17550,5017
17550,21328
17543,12634
17567,13014
17567,5717
17567,4879
17569,21654
17569,19683
17569,21601
17569,17278
17568,24178
17568,1862
17568,6506
17568,8955
17570,23741
17570,18212
17570,1059
17570,11335
17570,15287
17572,21529
17573,1449
17573,16973
17574,15251
17581,15375
17581,4624
17581,13058
17581,22722
17581,15006
17587,3663
17587,18652
17587,4091
17583,23969
17583,21859
17583,16652
17577,18072
17577,19324
17577,5374
17577,24629
17586,19466
17586,23639
17594,11690
17594,19444
17594,15484
17594,22506
17594,11977
17592,23565
17592,748
17592,20444
17592,517
17592,1940
17591,367
17591,1283
17591,5107
17601,19989
17601,5127
17595,17482
17595,3060
17595,21521
17595,12488
17595,14234
17602,5532
17602,10448
17602,24447
17602,3231
17598,11515
17598,5762
17597,11575
17593,17639
17593,8035
17600,2246
17600,19917
17608,6004
17608,20426
17608,2902
17608,2035
17612,7165
17612,15457
17612,1498
17610,12177
17610,15491
17610,18022
17606,503
17606,5232
17606,6348
17606,18479
17606,2398
17614,323
17614,23844
17614,14281
17613,17923
17613,21608
17613,23924
17613,9279
17613,15690
17615,13957
17615,3027
17615,21130
17617,10637
17589,10664
17589,9316
17589,5216
17589,6863
17589,19587
17607,8071
17607,1743
17607,7131
17619,1287
17619,8996
17619,10421
17622,9042
17622,13043
17622,24785
17623,139
17623,23851
17623,20591
17626,3504
17626,4502
17626,7324
17626,312
17624,10288
17624,7975
17624,17718
17624,18606
17624,23736
17628,5738
17628,18199
17627,16917
17627,14928
17629,13168
17629,11216
17629,9224
17629,4786
17618,24703
17618,8302
17635,16979
17635,5067
17633,12197
17636,24638
17636,12407
17636,5597
17646,1507
17646,15653
17646,19445
17646,19756
17648,22462
17648,10999
17651,6190
17652,11325
17652,9491
17652,3543
17652,12883
17650,19614
17650,4643
17650,12105
17650,14727
17650,22668
17656,4621
17656,22388
17656,7709
17658,23832
17658,23512
17658,22416
17658,9323
17659,20890
17659,12806
17659,21882
17659,7886
17660,13672
17660,12346
17642,379
17642,22824
17642,21273
17641,1838
17641,18727
17641,21857
17641,13706
17661,19858
17661,24481
17637,9188
17637,13032
17663,20025
17663,4608
17663,18916
17663,372
17662,21074
17662,22149
17662,11225
17662,6611
17662,6
17665,6962
17668,12479
17673,16053
17673,23767
17673,16944
17673,4508
17673,15102
17667,474
17667,3709
17667,14664
17667,6060
17667,14703
17672,24476
17672,7793
17672,7546
17672,24089
17675,23300
17675,21875
17675,24634
17674,1154
17674,18066
17674,13443
17674,24812
17671,24255
17671,2214
17671,20865
17671,23763
17671,21752
17677,16119
17677,7185
17677,22893
17677,16302
17677,8192
17687,13070
17680,24459
17680,16042
17680,13733
17680,16964
17683,17847
17683,6735
17683,24639
17683,22883
17685,18882
17685,12414
17685,45
17685,13323
17685,15727
17681,18610
17684,15950
17684,14056
17684,18889
17679,3064
17679,2642
17686,17937
17690,6999
17690,175
17692,20335
17692,23509
17692,16596
17692,15229
17706,7121
17706,3850
17707,21759
17708,23786
17708,1098
17710,2121
17705,9597
17705,22112
17705,7374
17705,10654
17705,3585
17695,12656
17695,4006
17695,21686
17717,3157
17717,4049
17717,16617
17717,20055
17717,13817
17698,919
17698,12356
17698,12774
17698,24806
17704,8469
17704,21837
17704,1439
17714,10920
17716,3408
17699,2294
17715,23727
17701,3799
17701,3979
17701,12384
17701,6608
17701,6834
17702,23574
17702,4438
17702,13497
17702,18402
17702,15157
17721,1973
17721,523
17721,16440
17721,16083
17721,17445
17730,15134
17730,11317
17730,12166
17730,3156
17730,18250
17723,19896
17723,6297
17723,23789
17723,17010
17723,390
17720,9652
17720,15254
17720,16990
17720,11177
17720,9653
17734,17231
17734,13828
17734,3780
17727,3590
17727,24485
17727,15380
17727,11111
17726,3540
17726,14237
17726,16587
17726,24419
17736,4128
17736,2754
17736,12740
17722,5372
17722,19601
17722,20120
17740,628
17740,14589
17740,13254
17728,8089
17728,1204
17729,4100
17729,474
17729,3996
17744,2474
17744,17207
17744,4669
17744,8574
17744,12566
17743,23034
17743,11250
17743,13710
17742,9714
17742,16948
17742,16550
17742,8660
17742,18686
17719,23601
17719,18109
17745,16606
17745,10173
17747,3724
17747,4607
17747,8329
17747,4489
17747,5256
17749,12259
17749,2879
17749,20153
17749,16875
17750,586
17750,9255
17750,1470
17750,1867
17750,13367
17752,20513
17752,15950
17752,4721
17753,21600
17753,4078
17755,23097
17755,12450
17755,7338
17754,20496
17754,19185
17754,4901
17754,7494
17757,16594
17758,13757
17758,2003
17759,12710
17759,6535
17769,3774
17769,22470
17769,920
17769,1762
17766,16113
17766,9072
17770,16170
17775,1532
17774,17564
17774,21370
17774,1100
17774,1966
17774,13334
17776,3669
17776,10863
17778,21582
17778,24328
17780,14238
17780,1124
17780,8466
17771,3021
17771,1041
17771,23401
17771,15242
17771,17643
17779,6070
17779,9094
17781,8474
17781,4623
17777,10351
17777,10102
17777,9870
17777,3299
17777,7433
17761,19049
17761,16199
17761,20329
17761,10001
17786,20284
17786,8299
17788,8845
17762,1163
17762,14768
17762,19797
17767,15633
17767,7636
17760,5516
17760,970
17760,10046
17760,20596
17789,11604
17782,20789
17782,14364
17782,2652
17782,15915
17782,7569
17791,1788
17791,18619
17791,22739
17791,149
17791,15018
17793,565
17793,19082
17793,21574
17794,14935
17794,2482
17794,10813
17794,7150
17794,20536
17804,10291
17804,11395
17804,1384
17804,1150
17806,21201
17806,19771
17807,1265
17807,20219
17798,1073
17811,18347
17808,22026
17808,16725
17808,17753
17808,22687
17813,21501
17813,14742
17813,8155
17813,15799
17814,1675
17814,6761
17812,13188
17812,10488
17812,23656
17815,6970
17815,11086
17815,16669
17822,23730
17822,12747
17822,8718
17822,20776
17822,21879
17824,14450
17824,20579
17816,23160
17816,1637
17816,24170
17797,12518
17797,5990
17797,12074
17826,13896
17826,14682
17826,23905
17826,10454
17827,85
17795,8705
17795,17876
17795,12360
17795,7089
17828,3281
17828,17778
17828,3795
17828,1984
17832,11215
17834,7514
17834,24499
17834,13453
17817,17763
17840,22274
17840,24446
17840,3082
17844,24096
17844,847
17844,17863
17844,3002
17844,7816
17839,20764
17839,8974
17839,23
17839,11163
17843,4780
17843,6969
17843,3406
17843,22563
17836,24238
17837,14934
17847,20753
17847,21302
17847,16789
17842,20876
17842,6508
17842,1431
17842,8260
17854,13609
17858,3654
17858,23847
17858,5249
17858,4154
17856,9522
17856,14515
17856,12026
17856,22840
17856,352
17861,15691
17861,1910
17861,19498
17861,20213
17829,714
17829,2357
17862,22143
17862,4838
17862,9142
17863,16417
17863,23435
17863,6931
17863,4139
17863,13520
17857,19246
17857,186
17857,12331
17857,23120
17857,10529
17818,15556
17818,8971
17845,13339
17845,19082
17845,6538
17845,10010
17845,10683
17799,7536
17799,1327
17865,13059
17864,9027
17864,7782
17864,4269
17864,15065
17869,12210
17869,23347
17871,15043
17870,1457
17870,16931
17870,11573
17870,22408
17874,9613
17877,21713
17877,1058
17877,22185
17876,17596
17876,12123
17880,11453
17880,22049
17880,4370
17882,1357
17882,22740
17882,21571
17884,12549
17888,17229
17887,5442
17887,13952
17887,16521
17887,4913
17889,4037
17889,5220
17889,13082
17889,20414
17892,3664
17892,17150
17892,2658
17892,520
17892,9411
17895,12120
17894,21208
17894,6702
17894,24057
17894,15048
17894,11304
17899,13189
17897,7512
17897,21026
17897,987
17897,23465
17897,20952
17906,23431
17906,20344
17906,24123
17906,9253
17914,16260
17905,13261
17905,10460
17905,20404
17905,4478
17905,24317
17909,16941
17909,19130
17911,3206
17911,14031
17911,1658
17911,21498
17915,24839
17915,2852
17915,19892
17915,11276
17917,16143
17917,22754
17917,4553
17917,18394
17917,18443
17912,13802
17921,19761
17921,17663
17921,13659
17923,3844
17923,6948
17923,15217
17924,12474
17924,21103
17924,17949
17924,7033
17924,11350
17925,21456
17925,23169
17925,13524
17913,22774
17913,14250
17929,10332
17929,4608
17929,1050
17929,11047
17927,22959
17927,4883
17933,6898
17933,1815
17933,16846
17933,23263
17932,7600
17932,21269
17932,9175
17932,955
17935,9638
17935,8336
17935,21789
17935,2850
17935,3690
17873,23277
17873,530
17916,20383
17907,13043
17907,17919
17941,7937
17942,20147
17943,16913
17944,1779
17946,15879
17946,15151
17946,19267
17946,1878
17946,2029
17947,4711
17947,9707
17947,12904
17918,3375
17918,9827
17918,16035
17918,4389
17948,11355
17948,13242
17948,4133
17948,6360
17910,23165
17910,24556
17910,6063
17951,8120
17951,23712
17956,20791
17956,17319
17956,18350
17956,13215
17960,19107
17960,1271
17961,13985
17961,15290
17961,19721
17961,7394
17961,13548
17962,5251
17962,5871
17962,17977
17963,15988
17963,7221
17963,5660
17963,652
17963,9583
17965,13169
17965,24086
17967,5006
17968,11211
17972,3899
17972,13368
17972,11924
17972,8605
17971,2452
17971,7997
17971,5481
17971,24699
17954,18660
17903,23596
17903,4846
17920,21883
17920,15785
17920,14381
17920,11365
17920,22924
17970,19737
17970,16683
17970,8503
17970,12656
17931,2866
17931,8451
17931,3578
17931,14928
17931,14736
17966,1972
17966,17376
17966,11857
17966,22612
17966,19067
17955,7121
17955,20708
17978,6479
17979,12648
17979,16519
17979,14457
17980,1372
17980,5592
17982,24434
17982,18902
17982,23963
17982,15987
17982,8422
17984,13357
17985,13957
17985,10999
17985,5200
17985,3609
17985,20610
17987,22525
17987,5868
17987,18999
17987,3025
17987,8197
17989,7641
17989,5261
17989,11701
17989,24754
17989,22759
17990,15709
17990,19786
17990,16105
17990,2026
17990,14317
17991,18652
17991,12145
17991,16914
17991,8743
17991,15576
17994,12640
17992,1031
17992,19272
17986,14971
17986,8018
17975,6630
17975,5005
17976,18806
17977,5655
17977,15831
17977,8837
17977,3046
17950,12821
17950,2604
17996,12505
17996,20997
17996,10500
17996,7635
17996,19530
17997,994
17997,23389
17997,4008
17997,14187
17998,17799
17998,16370
17998,13271
17998,18066
17998,20571
18000,24095
18000,23948
18000,24923
18002,15757
18002,6424
18002,2763
18003,13156
18003,22887
18003,7775
18003,13085
18003,2021
17999,22435
17999,14374
17999,24461
17999,2865
17999,2935
18005,8438
18005,22511
18005,22318
18008,12231
18009,20725
18009,16182
18009,9127
18010,17896
18011,2089
18011,451
18011,22959
18014,2999
18014,15430
18020,18090
18023,2228
18023,11350
18023,3776
18023,8250
18023,5857
18021,23151
18021,13866
18021,2629
18021,4205
18027,24302
18027,10892
18027,10077
18025,24820
18025,13256
18025,17143
18022,996
18022,9295
18022,19254
18026,12753
18031,23755
18031,15007
18031,8170
18031,8518
18031,1358
18030,20885
18035,12702
18035,3632
18035,19983
18036,849
18036,6894
18041,16383
18039,1738
18039,1377
18039,5563
18040,3618
18040,6676
18040,14437
18042,18561
18042,23611
18042,24095
18042,24645
18047,666
18047,16221
18060,19874
18060,21692
18060,4971
18059,11715
18065,8685
18061,19283
18068,19667
18064,10539
18064,19102
18064,24332
18075,15806
18075,22121
18075,17950
18070,333
18070,22680
18070,4925
18070,17663
18070,6848
18073,12398
18073,18867
18073,14773
18073,9480
18054,21886
18054,22190
18054,21770
18054,21743
18052,8484
18052,14568
18052,22323
18052,12320
18057,19458
18051,10602
18051,20832
18051,86
18051,857
18077,888
18077,19882
18077,11158
18085,1737
18085,20876
18085,6149
18085,9402
18085,629
18082,11745
18088,16657
18088,15652
18089,20229
18080,3081
18080,22329
18080,19739
18080,109
18080,17712
18083,988
18083,5963
18083,11932
18083,18918
18083,9374
18092,22751
18092,11391
18092,22085
18092,6170
18096,8931
18096,14065
18091,13195
18091,9503
18091,22647
18091,104
18091,6981
18095,9922
18095,24431
18095,12629
18095,3327
18099,2053
18099,5472
18099,1196
18097,4257
18097,17249
18097,15150
18098,1743
18098,19423
18098,12095
18100,14773
18100,9493
18100,14410
18102,1207
18102,16659
18102,3211
18102,7530
18102,21173
18094,4818
18094,6229
18094,14042
18094,5792
18094,5204
18086,9578
18086,1667
18086,6766
18086,24642
18086,14315
18106,4199
18108,3064
18108,14422
18108,20343
18104,15317
18104,7204
18105,23138
18105,4189
18105,19383
18105,9772
18110,3260
18110,22652
18110,7545
18107,17999
18107,24724
18112,7021
18112,5010
18112,12189
18114,7293
18111,5534
18111,21911
18111,3972
18115,19053
18115,15825
18115,7296
18122,3953
18119,24002
18119,958
18119,22258
18119,3191
18109,5151
18109,22864
18109,14109
18109,2916
18109,9832
18125,8102
18125,975
18125,20547
18125,11258
18125,19454
18120,20398
18120,10374
18120,24835
18123,22497
18126,746
18126,21983
18126,7351
18118,18865
18118,19718
18118,22969
18128,727
18128,20075
18128,4529
18130,1145
18130,19272
18131,9921
18131,8346
18142,10370
18142,5803
18132,1625
18132,12619
18132,1767
18132,779
18144,17819
18143,15617
18146,16380
18146,20842
18146,11034
18150,10822
18150,21948
18153,9467
18141,17652
18141,20787
18141,2142
18141,3753
18141,11821
18154,1835
18154,10456
18155,22155
18155,22929
18155,5078
18155,282
18157,15706
18158,22637
18160,12960
18160,14664
18136,12002
18149,11601
18149,21800
18139,24241
18139,24914
18139,15933
18139,14688
18137,1739
18137,12429
18137,22269
18138,3612
18121,17269
18121,20347
18121,22052
18170,20722
18170,22265
18170,14537
18170,19764
18170,12768
18169,17287
18169,1976
18169,1251
18171,7436
18171,5458
18176,1267
18176,16999
18176,15008
18177,5932
18177,15326
18177,9341
18177,24030
18177,19041
18178,3884
18178,3626
18179,11249
18179,9106
18179,23382
18181,23837
18181,6139
18181,20971
18181,10228
18181,10539
18162,1483
18182,24670
18182,19397
18182,22329
18184,18864
18183,15363
18183,11210
18183,12883
18152,20025
18152,7957
18152,5437
18172,15520
18172,23280
18172,8901
18164,3642
18164,5435
18164,8714
18164,17803
18164,12544
18193,423
18193,2858
18194,19657
18194,20130
18194,20974
18194,11953
18194,21953
18191,7230
18191,14907
18191,14011
18165,8545
18165,847
18200,13020
18198,3257
18198,14284
18198,24876
18198,9069
18202,24127
18205,19275
18205,24489
18207,18852
18207,11701
18207,15414
18207,21938
18209,11189
18209,3368
18209,182
18209,10544
18209,17132
18211,14688
18213,3609
18213,3834
18213,12990
18213,4971
18208,24454
18208,4091
18208,16686
18208,22024
18166,19454
18166,20655
18166,13157
18216,8106
18216,5195
18216,4931
18216,12329
18167,12634
18167,22950
18167,22428
18221,1892
18221,22256
18218,11683
18218,13791
18218,10155
18218,3001
18218,9311
18220,8664
18219,9085
18219,6206
18219,7667
18219,17182
18217,11261
18217,11814
18217,23556
18217,11603
18223,19306
18223,13984
18223,2212
18223,4187
18235,6031
18235,12094
18235,5017
18237,21795
18237,3743
18237,12613
18239,24378
18239,2046
18239,10479
18240,6789
18240,11594
18240,17098
18238,19908
18238,14409
18238,16142
18238,13605
18238,14047
18244,1966
18231,2635
18231,1487
18231,7634
18231,3541
18245,1782
18246,21967
18246,9087
18247,16012
18247,9350
18247,16674
18247,22994
18247,3745
18243,3333
18243,1515
18243,13979
18243,16363
18243,8705
18248,11235
18248,2861
18248,1322
18248,15723
18225,16219
18225,16703
18225,5616
18224,20548
18224,24324
18224,7307
18224,19301
18226,7470
18226,14701
18226,23237
18249,19408
18249,21632
18249,19059
18249,1535
18227,21919
18227,16072
18227,12376
18227,17658
18227,17432
18251,14115
18250,16650
18250,12348
18250,14239
18250,24587
18250,10773
18266,5597
18266,24487
18266,9033
18266,2555
18265,18568
18265,8152
18265,9329
18260,21109
18268,10907
18268,11089
18269,23143
18269,9855
18263,21237
18263,12324
18262,6905
18262,24687
18262,1064
18262,18105
18267,24928
18267,11743
18267,15499
18267,20391
18267,13279
18256,4888
18256,18179
18256,12161
18256,18892
18257,2860
18257,485
18257,1493
18257,15267
18257,6778
18274,24227
18274,7432
18274,14304
18277,9034
18277,2316
18277,16846
18277,24602
18272,18771
18272,10852
18272,5526
18272,18212
18272,6831
18273,23480
18275,18053
18275,9084
18275,5958
18282,23984
18282,3773
18261,8648
18261,11369
18261,6350
18285,14457
18281,956
18292,21335
18288,21951
18288,1745
18298,15076
18299,3996
18299,19236
18299,21936
18299,24927
18299,21675
18301,13846
18301,22186
18301,7932
18301,12001
18304,4267
18303,7347
18303,20159
18305,18696
18306,22911
18306,13563
18306,12702
18306,21832
18306,1124
18291,3390
18291,12203
18291,8869
18297,24819
18297,7477
18296,10813
18296,9403
18296,24620
18296,9393
18296,11428
18308,9972
18308,5990
18308,13519
18308,3475
18308,19409
18271,21003
18271,4043
18309,4509
18309,8290
18319,14948
18319,11563
18319,19616
18319,2945
18319,3172
18311,13231
18311,21988
18311,14503
18311,15063
18323,24562
18323,15717
18323,17446
18326,14130
18326,13535
18327,22659
18327,19947
18328,24170
18328,21436
18328,19454
18328,17928
18328,14012
18321,11546
18331,8592
18310,13480
18310,6314
18310,9433
18335,12856
18335,10242
18335,19616
18312,2674
18312,7907
18312,966
18312,6289
18337,18293
18337,19614
18337,10613
18313,17589
18320,18930
18320,8702
18320,7605
18317,14231
18317,16778
18317,17384
18317,10571
18318,8045
18318,23260
18318,362
18316,20001
18316,7297
18316,1384
18316,23267
18339,11257
18339,8772
18341,18714
18341,13521
18344,17067
18344,24531
18344,21138
18343,6051
18343,3449
18343,16886
18343,9396
18343,14399
18347,4176
18347,6222
18347,4462
18347,2741
18347,22368
18348,17451
18348,23093
18348,24221
18354,1230
18355,20875
18355,10955
18364,2029
18364,1262
18364,4634
18364,3876
18353,24029
18353,20018
18352,18266
18352,19330
18352,20259
18352,21125
18369,15778
18367,20140
18367,7729
18365,16303
18365,4615
18365,8420
18365,24884
18365,1838
18368,15233
18368,15721
18368,11597
18368,13186
18368,9189
18372,1148
18371,21193
18370,24698
18370,15726
18370,1818
18370,13477
18373,18510
18373,23307
18373,13374
18375,22574
18375,13843
18375,13427
18375,700
18377,5129
18377,15414
18377,16237
18377,15029
18379,810
18379,248
18379,4917
18360,19007
18360,2961
18361,15657
18361,21412
18361,9954
18380,8587
18380,8223
18380,5174
18380,9160
18380,20121
18357,4777
18357,9158
18357,3920
18357,16213
18357,6337
18386,10809
18386,14091
18390,7340
18388,23858
18388,4897
18388,23707
18388,11684
18389,24674
18389,9737
18389,23238
18389,14764
18392,1848
18392,22177
18393,13868
18393,17517
18393,21358
18393,8467
18393,18778
18394,1569
18394,3656
18394,23487
18394,19659
18398,4364
18395,1005
18395,15489
18408,4233
18408,17855
18397,7972
18397,6611
18397,9603
18397,18380
18397,10360
18405,14597
18405,13061
18405,17614
18405,8763
18411,3911
18411,7598
18411,4698
18411,17466
18404,11273
18404,21209
18404,15668
18404,1559
18409,1413
18409,23559
18409,94
18409,8253
18402,16157
18402,21075
18402,24942
18356,17767
18356,14998
18396,731
18396,22125
18396,5994
18396,10566
18399,14982
18399,12157
18423,18707
18423,11298
18423,9280
18423,1578
18423,24247
18426,21131
18426,16346
18426,18808
18428,22611
18428,8827
18430,16924
18407,4618
18407,1177
18407,6964
18432,23920
18432,14581
18432,23159
18432,12076
18433,21224
18433,120
18433,5774
18433,3451
18431,8399
18431,17654
18417,10683
18417,12936
18417,343
18417,2902
18417,24603
18413,10298
18413,6747
18416,14309
18416,22270
18416,15093
18412,24114
18437,5228
18437,7477
18414,21567
18414,5865
18414,15986
18414,7203
18414,15750
18444,18971
18438,6191
18438,6285
18447,2654
18447,6585
18447,2951
18447,2290
18443,24535
18443,19441
18443,12662
18443,9805
18443,3997
18445,20054
18445,17499
18445,21350
18445,14584
18439,4103
18439,1342
18439,24367
18439,10001
18446,12497
18446,19821
18446,8522
18446,22250
18446,9010
18418,14507
18418,3368
18418,1225
18418,22568
18448,9971
18448,8497
18448,19591
18442,4830
18442,18260
18442,6532
18440,18463
18440,15014
18440,15615
18440,14961
18450,20328
18450,13933
18450,13705
18436,22491
18436,4480
18436,12346
18436,13863
18451,1572
18451,2334
18451,23377
18451,6851
18454,4132
18454,12313
18453,893
18453,9587
18453,22833
18453,20067
18453,6875
18459,12967
18455,18403
18458,23074
18458,22958
18458,3556
18458,13258
18461,2329
18461,7770
18461,4635
18461,9170
18461,17499
18462,1995
18462,2347
18462,24545
18462,22806
18465,15419
18465,18910
18465,2933
18456,1019
18456,12346
18470,2622
18470,7855
18470,406
18470,364
18468,6192
18468,4609
18468,24526
18468,13755
18471,23647
18471,14468
18473,12772
18473,20326
18473,4129
18473,24283
18477,7072
18477,24184
18469,8805
18475,17919
18475,8328
18475,18848
18476,17530
18476,17321
18476,19180
18476,14689
18476,20915
18481,12762
18481,12319
18481,1537
18481,6542
18474,23118
18474,14786
18474,15665
18489,13157
18489,13392
18484,10265
18495,13372
18495,4793
18495,19279
18492,21296
18492,20716
18497,20366
18499,17472
18499,8139
18499,968
18502,3631
18503,17374
18501,17576
18501,11218
18501,20025
18501,9077
18504,8757
18504,7660
18505,17071
18505,9049
18500,5233
18500,23010
18500,4725
18500,1028
18500,12309
18508,18675
18508,7290
18508,11823
18483,8373
18483,18027
18483,3214
18518,3892
18519,16227
18519,19418
18519,21010
18515,20681
18515,2498
18516,12659
18516,587
18516,289
18516,19157
18525,21923
18525,10434
18521,22935
18521,3334
18527,11356
18531,12662
18526,24830
18526,15326
18526,21259
18526,16191
18526,9890
18529,18531
18529,22829
18529,20468
18529,22329
18533,18210
18533,12052
18532,17027
18532,15684
18542,3844
18542,21475
18542,15508
18547,7251
18547,12233
18547,11336
18547,20050
18547,13455
18548,6989
18545,21509
18545,22671
18545,15267
18550,5514
18552,8316
18552,1999
18552,3236
18552,1252
18552,11221
18549,8474
18549,21445
18549,14927
18558,14927
18558,14157
18558,15677
18558,2040
18561,20905
18561,11531
18561,17403
18561,22675
18562,23968
18562,8458
18562,7338
18562,15380
18560,24300
18559,1512
18559,22429
18559,20815
18559,12097
18565,16081
18565,9729
18565,9677
18565,9388
18565,15383
18568,5968
18568,13418
18567,2986
18567,6968
18567,11083
18567,3031
18570,12629
18570,12496
18570,4634
18570,15138
18573,2654
18576,14420
18576,22585
18576,17737
18576,7768
18490,8982
18490,11920
18490,6616
18490,17096
18578,14039
18581,19753
18581,16393
18575,11884
18575,19478
18575,22471
18575,641
18579,4148
18579,14766
18579,14646
18579,21985
18584,18269
18584,20669
18584,16249
18513,10902
18513,20714
18513,24129
18582,24970
18582,17961
18587,6235
18587,9751
18588,21320
18588,6100
18588,23688
18592,18126
18592,8339
18592,19855
18572,12309
18572,4325
18572,7568
18590,24582
18590,3577
18596,18835
18596,9344
18597,24568
18571,8597
18571,6850
18594,8661
18594,668
18594,21524
18594,23527
18594,2841
18511,617
18514,1641
18514,20071
18514,2701
18514,15700
18598,24951
18598,3882
18598,21856
18607,10248
18607,21569
18607,22562
18607,15419
18608,8056
18608,17090
18608,16400
18608,5685
18609,21783
18609,9892
18604,21863
18604,24829
18604,21242
18604,3103
18600,11540
18600,14831
18600,21754
18600,5367
18614,957
18605,21911
18605,7077
18605,21724
18605,18245
18615,3979
18615,14052
18615,24431
18615,12936
18618,275
18618,20088
18618,6517
18618,14725
18617,14687
18617,10707
18620,23694
18620,16069
18620,5628
18620,14972
18620,5622
18603,5442
18603,8342
18603,3337
18599,7124
18599,18157
18599,7491
18599,21456
18606,14085
18606,19893
18606,13407
18606,5836
18535,13704
18535,13871
18535,12532
18535,12658
18535,19346
18622,15347
18624,17501
18625,24071
18625,7413
18625,8570
18625,21955
18625,8784
18627,7411
18627,4760
18629,6302
18634,23720
18634,22104
18634,3884
18631,15295
18631,9817
18631,18260
18631,12077
18631,18940
18633,21283
18633,21400
18633,3366
18633,1676
18639,12896
18639,15071
18638,2044
18638,1478
18638,20819
18638,23346
18638,22195
18640,4041
18640,24538
18640,18345
18640,18476
18642,23994
18642,12584
18644,9566
18644,10815
18644,10337
18644,17695
18643,1096
18643,1585
18643,23320
18643,3536
18643,14591
18653,20379
18653,13987
18653,10520
18653,22299
18655,14922
18655,8406
18655,20700
18655,13200
18657,10864
18657,5962
18648,24385
18662,1
18662,13293
18662,23675
18662,15527
18660,5957
18660,11847
18660,2735
18660,296
18660,7264
18664,373
18664,17678
18664,11419
18664,2760
18664,5770
18668,5973
18668,16016
18666,15579
18666,9698
18666,24169
18666,20045
18666,23924
18645,14819
18645,21418
18645,923
18645,18479
18646,21391
18646,1339
18646,3402
18669,18316
18647,11016
18647,18286
18652,16066
18652,15394
18652,2790
18652,23366
18652,23042
18641,20647
18641,3947
18641,10656
18641,12899
18641,6522
18651,20552
18651,19955
18651,24430
18651,14587
18673,12182
18673,9339
18673,18351
18676,7245
18676,24144
18676,5138
18676,12767
18678,1874
18678,16278
18678,3694
18678,10840
18678,5100
18681,4732
18681,8628
18681,3264
18677,5180
18680,23970
18680,5875
18684,12947
18684,13102
18684,11745
18686,18892
18688,24109
18688,8396
18688,5819
18688,3473
18682,19561
18682,5895
18682,862
18682,8913
18682,22019
18689,15455
18689,15926
18695,21431
18695,7659
18695,17396
18695,18499
18695,21115
18696,9278
18696,5696
18698,2660
18700,21574
18700,1102
18700,13623
18699,18779
18705,19097
18705,16939
18705,1870
18697,3294
18706,8976
18706,2209
18706,19726
18706,20937
18707,22435
18707,22371
18707,9408
18708,11115
18710,9922
18710,11730
18710,14627
18714,5993
18712,10203
18712,10628
18712,3538
18711,13855
18711,6312
18711,3223
18711,5258
18711,10925
18713,18853
18713,9814
18716,2596
18716,1699
18716,550
18717,24284
18717,24610
18717,10012
18717,16673
18726,15458
18719,17071
18719,21105
18719,5484
18719,1144
18719,13265
18727,21618
18727,19721
18727,6269
18727,1037
18718,9903
18718,14967
18721,17135
18721,9774
18721,77
18721,11434
18720,14664
18720,5063
18724,3590
18724,16142
18724,12731
18728,19495
18728,19127
18728,15985
18728,18740
18723,13218
18723,10853
18723,24342
18729,11563
18729,15316
18730,4878
18730,21916
18730,23466
18731,20821
18733,2970
18734,21518
18734,6820
18734,17748
18735,4135
18735,9121
18736,20043
18736,15621
18736,1384
18736,17547
18736,22598
18737,5482
18737,16373
18737,8845
18738,22330
18738,5202
18738,23138
18744,18483
18744,5771
18744,19717
18744,23559
18739,21438
18739,17871
18739,750
18739,3190
18747,19709
18746,16654
18746,13685
18742,1329
18742,12096
18749,5262
18749,24915
18749,185
18749,13277
18749,21252
18753,1277
18753,15249
18748,23929
18754,16037
18754,13544
18754,2533
18754,11262
18757,1054
18758,9588
18767,8018
18767,24406
18768,21303
18765,2949
18772,11386
18774,5000
18774,2840
18774,15939
18774,2119
18776,12887
18776,21738
18776,5585
18776,6813
18777,24076
18777,4241
18779,17997
18779,3572
18779,115
18780,23815
18781,5840
18778,10830
18778,9819
18778,9727
18778,10058
18778,2752
18782,3774
18782,24153
18782,22712
18782,20233
18783,23526
18783,7350
18783,16354
18784,252
18784,1645
18784,7641
18784,6983
18786,686
18786,12823
18787,8224
18787,9096
18802,6921
18802,10006
18802,1451
18802,3109
18802,20085
18794,5398
18794,17326
18794,116
18794,6096
18800,6664
18800,2631
18800,19363
18803,10758
18803,15705
18803,9890
18803,10630
18804,18208
18807,6596
18807,18823
18807,22689
18806,14331
18806,20618
18806,10377
18805,10274
18805,13018
18811,18840
18811,7660
18811,20160
18810,2592
18810,23304
18810,20703
18810,785
18813,3354
18813,6210
18813,4931
18813,23233
18812,1046
18812,14754
18812,12128
18812,13298
18812,12279
18798,19557
18798,6738
18798,13233
18797,1292
18797,1038
18797,18926
18797,3062
18797,13494
18821,22867
18822,16965
18822,7397
18822,14383
18826,21889
18830,7347
18830,19388
18830,18317
18818,15088
18818,24271
18818,5150
18831,9391
18831,14244
18831,18675
18838,15922
18839,11917
18840,12180
18840,21445
18840,22698
18841,20878
18841,17028
18842,3904
18842,5936
18842,13128
18842,22915
18799,10479
18799,14606
18799,7604
18845,399
18847,8895
18847,1686
18846,4840
18846,14936
18846,17281
18846,258
18846,18270
18796,14853
18796,6965
18851,3857
18851,24784
18851,13286
18851,12241
18852,24751
18852,21577
18852,6436
18852,8353
18856,18189
18856,8557
18856,21049
18856,7100
18836,23489
18862,16149
18862,17777
18862,15220
18862,12566
18862,23908
18864,16098
18864,12884
18864,15323
18865,9447
18865,3662
18867,7355
18871,6787
18871,16282
18871,18020
18871,21702
18868,22312
18868,16072
18868,15369
18868,24280
18873,7457
18873,1951
18873,23339
18873,20203
18873,13937
18874,5947
18874,6857
18874,6207
18877,16437
18877,22057
18878,19718
18878,17405
18879,12650
18879,395
18879,20147
18880,3787
18881,11293
18881,18120
18853,17367
18853,5019
18853,2511
18882,24392
18883,20022
18883,5418
18883,10102
18883,12313
18884,16423
18888,14147
18889,23680
18890,13228
18890,12819
18890,5168
18890,13448
18890,23822
18869,21376
18869,10664
18869,11931
18893,20955
18850,2391
18850,12466
18850,4017
18860,895
18860,13302
18860,11019
18860,13152
18860,7018
18897,13826
18902,12017
18899,18498
18899,21411
18899,16309
18898,3555
18898,15444
18898,4438
18903,14902
18903,7563
18903,4469
18903,1544
18905,17002
18905,17723
18910,9370
18909,2261
18909,6930
18920,18413
18920,24649
18924,10399
18924,9038
18924,24854
18921,6441
18921,21781
18921,18589
18921,11174
18922,6002
18922,21657
18922,2999
18923,24528
18923,18316
18923,13418
18919,18998
18917,5712
18917,11614
18928,9253
18932,22836
18936,19825
18936,17861
18936,17518
18936,8314
18936,18848
18935,2189
18935,24796
18918,21418
18918,9761
18937,8888
18938,10755
18938,23169
18934,6421
18934,20068
18927,15220
18927,20045
18927,20463
18927,7058
18927,3402
18925,4265
18925,23848
18925,20671
18925,21106
18925,13952
18939,1816
18939,19905
18943,23077
18943,2761
18943,14007
18943,10737
18943,2505
18947,22927
18948,14321
18952,14432
18952,3818
18952,859
18952,17325
18959,21356
18959,21375
18959,20414
18962,4036
18950,4929
18950,13343
18950,9110
18950,4558
18950,10082
18901,15902
18901,14019
18901,7999
18901,8930
18904,22540
18957,14514
18957,23844
18957,5320
18957,17971
18957,24554
18958,6584
18958,12060
18958,1071
18958,23468
18960,19923
18960,22142
18960,20710
18967,23777
18968,12483
18968,8334
18968,1499
18976,23844
18976,1211
18976,7937
18979,18648
18979,11548
18979,1962
18989,17632
18983,10908
18983,1566
18983,20059
18983,10881
18988,9315
18988,82
18988,21251
18988,16536
18988,14855
18985,2458
18985,13002
18985,469
18985,22073
18994,4483
18994,24612
18994,6623
18997,19010
18997,16856
18997,14651
18996,15513
18999,10909
18986,12765
18986,5146
18986,9264
18986,11825
19000,12176
19000,15542
19001,20307
19001,12370
19001,7826
19001,9036
19003,11477
19003,20214
19003,8567
19003,9810
19002,23218
19002,9206
19002,9093
18987,11770
18987,798
18987,2798
19004,758
19007,12603
19007,10194
19007,7193
19008,23962
19008,2202
19008,668
19008,21171
19005,13032
19005,20907
19011,18142
19011,16020
19012,17357
19012,21930
19013,21703
19013,507
19010,12940
19010,22374
19010,22364
19010,23327
19010,5536
19016,24952
19015,6224
19015,22269
19015,18122
19015,3957
19015,11298
19017,21423
19017,5897
19018,18024
19018,24499
19021,4210
19020,2163
19020,7922
19020,24193
19020,16126
19020,15120
19023,10017
19023,23997
19023,9070
19019,21669
19019,9358
19019,10172
19019,7632
19025,6176
19025,5339
19027,21184
19027,8731
19027,10697
19024,17456
19024,217
19024,22959
19024,8364
19024,10364
19026,10476
19034,17694
19034,3576
19034,8658
19030,1728
19030,23629
19030,13364
19030,15722
19030,16864
19037,14691
19037,7580
19037,1342
19037,2356
19037,9201
19032,10455
19032,10663
19032,20883
19038,16577
19038,19745
19038,7093
19038,14581
19039,4674
19040,24646
19040,21482
19041,6681
19041,5931
19041,7861
19041,5152
19035,4535
19035,1598
19035,15096
19035,9765
19045,17275
19042,2106
19042,3499
19052,24407
19052,16568
19052,3523
19044,22113
19044,4830
19050,18610
19050,11295
19050,17391
19050,10103
19051,5896
19051,4469
19051,7826
19051,22026
19055,23899
19055,2260
19055,1677
19055,10055
19058,19867
19064,1797
19064,11088
19064,23264
19064,16022
19067,12016
19067,8792
19067,13313
19068,21652
19068,16077
19068,982
19068,9588
19068,1197
19053,16466
19053,22413
19053,23986
19053,428
19070,13262
19066,6580
19066,11184
19073,8722
19072,6006
19072,17119
19072,4865
19072,19334
19075,11002
19075,12172
19075,7610
19077,3073
19077,13701
19077,24007
19074,22153
19080,6925
19080,18271
19062,20018
19062,6437
19082,15941
19082,17003
19060,24031
19060,12431
19083,14994
19083,5284
19083,21751
19083,7230
19056,24618
19056,15330
19056,17386
19056,1936
19054,17472
19054,1037
19054,11449
19061,19171
19061,20431
19061,18136
19061,11078
19078,3337
19078,2817
19078,4553
19078,8534
19057,11798
19057,12115
19084,19420
19091,3663
19092,4937
19092,24884
19092,12159
19092,18563
19092,4241
19090,18374
19090,5671
19090,19170
19090,11673
19086,15529
19086,23695
19086,8567
19086,24983
19093,15236
19093,313
19093,21933
19093,16725
19093,17328
19097,5876
19097,2061
19097,12756
19100,6808
19100,14518
19100,11275
19100,14759
19103,9084
19103,17548
19102,11293
19102,20145
19102,9851
19102,12492
19089,22397
19089,24456
19107,18195
19108,392
19108,9274
19087,13405
19087,5186
19087,13482
19087,19932
19088,22974
19114,15483
19114,5933
19114,139
19113,24004
19113,20708
19113,24889
19113,18212
19112,11533
19112,11249
19112,11797
19112,8646
19112,14099
19116,22667
19118,9989
19118,2191
19118,1179
19117,8292
19117,19536
19117,21926
19085,19091
19085,20456
19085,4446
19085,15182
19119,7636
19123,2249
19123,9039
19121,2424
19121,4969
19121,16735
19121,11200
19121,12392
19124,15495
19124,8432
19124,14906
19125,1476
19125,13036
19125,7281
19128,24417
19120,2239
19120,20134
19132,15376
19130,21283
19136,20384
19136,21697
19136,13305
19133,3752
19133,5942
19133,8246
19133,5444
19126,4113
19126,7898
19139,1412
19139,8931
19141,23520
19141,147
19141,8406
19147,20851
19147,13941
19147,6887
19147,12977
19147,23528
19146,12557
19146,14220
19146,6300
19146,2027
19146,24537
19145,1784
19145,2307
19145,12391
19145,1505
19145,1094
19134,1953
19149,1523
19149,4169
19153,10400
19153,10902
19151,565
19151,10289
19151,8803
19151,15179
19154,15781
19148,24986
19156,9043
19160,10496
19160,9018
19160,5129
19160,12141
19160,9824
19158,21123
19158,6550
19158,20036
19158,16817
19158,7596
19164,21849
19164,24118
19164,23045
19165,10863
19165,4200
19165,17892
19165,5326
19165,6839
19168,19553
19168,15804
19173,17932
19173,18734
19173,5099
19179,14036
19179,13628
19175,12178
19175,23081
19175,5324
19172,22617
19172,6371
19172,7884
19172,20110
19182,24978
19182,20727
19187,19872
19185,12647
19185,17533
19185,4781
19185,13958
19185,11366
19188,4847
19188,23783
19190,22480
19190,21185
19190,23844
19190,15365
19190,6174
19169,19009
19169,11297
19193,5028
19174,10871
19196,13578
19196,2255
19196,1990
19198,21086
19198,19606
19171,24805
19171,17693
19171,5400
19171,19050
19171,4880
19206,12928
19206,1090
19206,16536
19206,16103
19207,16069
19207,14384
19207,16931
19205,17114
19205,13976
19205,5181
19210,23551
19210,7935
19210,19777
19210,1164
19210,4895
19200,22695
19200,20618
19200,24368
19212,11896
19214,6856
19214,9298
19214,15958
19214,9038
19214,21906
19199,19080
19199,22082
19199,22615
19199,4933
19199,24787
19204,6274
19204,13034
19201,23945
19201,4810
19201,14440
19213,22859
19213,3403
19215,24524
19215,6399
19215,1204
19217,7531
19217,2263
19217,18029
19218,18430
19219,16218
19221,10298
19221,8905
19221,18349
19221,20748
19223,8452
19223,24019
19223,11789
19223,14864
19225,11623
19225,20421
19225,20365
19225,20747
19228,14665
19228,10003
19229,13496
19229,24542
19229,11248
19229,21205
19230,14505
19230,11331
19230,2420
19231,15209
19231,15794
19231,11620
19231,7173
19231,2007
19209,18598
19209,19047
19209,14559
19203,4867
19203,24207
19203,19970
19232,13466
19233,6453
19234,15875
19237,16240
19237,18509
19238,1114
19238,1412
19238,14245
19238,12655
19239,5614
19239,2148
19239,21391
19239,4559
19243,24310
19240,15520
19240,7023
19240,17506
19240,2811
19244,15404
19244,2343
19244,6585
19244,14106
19244,13307
19242,10790
19242,8113
19242,11925
19242,776
19245,7100
19246,9210
19252,1691
19252,24364
19257,7558
19257,22629
19257,3022
19257,2925
19257,15339
19256,11115
19256,17433
19256,7759
19256,1177
19260,8027
19260,15223
19260,14222
19260,11770
19260,1318
19259,8773
19259,12618
19259,2538
19259,13232
19248,14519
19248,21433
19248,24306
19248,8858
19258,11015
19258,1531
19258,12050
19258,15805
19258,23812
19262,15783
19262,13644
19262,20352
19263,12407
19263,4816
19265,4419
19265,11157
19264,531
19264,11570
19264,21693
19264,18053
19267,17254
19254,3358
19272,4520
19269,458
19269,656
19269,3468
19269,20455
19269,24567
19266,16957
19266,4323
19266,22328
19266,16393
19266,18126
19253,12741
19253,19560
19273,3873
19273,1290
19273,21848
19273,2034
19271,777
19276,8864
19251,4501
19278,14294
19278,16046
19278,15256
19274,20971
19274,22269
19274,1762
19274,2441
19274,10288
19143,16129
19143,19183
19143,24085
19143,51
19279,9710
19279,5489
19279,10327
19279,8058
19282,22022
19286,10266
19286,19105
19286,13487
19286,4768
19286,11769
19290,2460
19290,21655
19290,13582
19291,24903
19285,13365
19285,17412
19285,9306
19285,18618
19292,852
19293,10119
19293,21222
19293,21674
19293,4404
19295,8501
19295,21784
19295,2229
19295,22835
19295,20389
19283,11513
19296,21646
19296,9159
19296,22177
19296,22408
19296,18728
19289,5434
19289,4305
19289,7961
19249,22789
19249,20496
19249,11622
19249,12959
19301,19375
19301,17237
19301,24439
19301,15417
19301,21604
19300,5098
19300,17330
19297,12416
19297,19153
19297,9243
19308,8873
19308,13266
19308,952
19299,8737
19299,12360
19299,12203
19299,3683
19299,15188
19298,16859
19298,895
19313,19240
19316,14124
19315,23691
19315,6709
19315,17800
19315,15601
19317,110
19317,6104
19317,22214
19321,5440
19320,19755
19320,16005
19320,20313
19320,13697
19314,15161
19314,332
19323,6650
19323,11686
19303,14403
19303,4919
19303,14105
19302,5433
19302,1703
19302,9382
19302,10609
19304,23101
19304,251
19304,7955
19304,4813
19304,16699
19325,10919
19325,2720
19325,15709
19325,18741
19328,20589
19328,15580
19328,9771
19328,278
19328,7250
19331,10206
19331,6646
19331,15133
19329,8189
19329,20029
19319,6533
19319,7928
19319,19440
19319,9095
19319,5730
19334,878
19334,24892
19340,13665
19337,23452
19337,15201
19337,639
19342,17609
19343,13496
19343,13430
19346,2205
19345,10719
19345,11824
19347,16028
19347,9945
19347,2174
19348,9419
19348,4708
19348,13575
19348,18525
19348,9232
19344,10356
19344,11825
19344,2182
19349,14423
19349,6911
19349,21300
19351,16934
19353,9561
19353,17059
19353,1438
19353,11123
19354,1451
19356,21760
19356,7790
19356,17482
19356,21651
19356,2800
19359,6312
19360,19832
19360,8630
19360,7230
19360,6991
19360,11401
19361,8518
19361,16004
19362,4531
19362,12865
19362,21935
19362,12204
19376,24087
19376,19926
19376,17579
19376,24810
19376,8505
19377,15675
19377,5726
19377,12957
19363,9277
19363,23238
19363,720
19363,7320
19363,8558
19378,8956
19378,1258
19378,14030
19379,6729
19379,17892
19379,3258
19374,19496
19374,9794
19374,14875
19374,6701
19369,10670
19380,21325
19380,7955
19380,3007
19380,188
19380,10289
19381,19675
19381,11693
19381,23205
19381,19375
19384,20478
19384,15340
19388,24698
19386,2491
19386,17096
19386,2233
19386,12
19386,22369
19385,22416
19385,797
19385,9365
19385,8862
19367,16898
19367,16867
19367,18819
19367,24335
19367,6641
19390,24140
19390,17921
19390,21897
19390,20033
19390,17512
19389,18646
19389,14875
19389,10773
19389,20094
19389,10241
19368,20883
19368,4819
19368,18937
19391,24286
19364,17512
19364,8764
19364,17091
19373,20078
19373,22691
19373,14218
19373,9845
19394,13318
19394,17813
19393,12229
19393,14797
19393,886
19396,4957
19396,9696
19396,11932
19396,19814
19397,16915
19397,15665
19397,12106
19397,8463
19399,1397
19399,14331
19398,15137
19398,15478
19398,5544
19398,24265
19400,9619
19400,21395
19400,3678
19400,16711
19400,13033
19401,17488
19401,11710
19401,21162
19401,11994
19401,14420
19404,5426
19404,18816
19404,23737
19403,11027
19403,10069
19403,21277
19403,24051
19403,24711
19402,4611
19402,2984
19402,12596
19406,19168
19406,24711
19406,1881
19406,2114
19406,247
19408,4036
19408,11818
19409,10807
19409,1413
19409,2217
19410,18509
19412,17981
19415,23699
19415,4933
19415,16333
19419,13297
19419,22480
19419,15414
19419,22670
19419,22386
19420,1220
19420,16728
19422,12272
19422,24850
19423,17251
19423,7259
19423,9830
19425,2389
19425,16886
19427,11638
19427,2241
19427,9679
19428,7334
19431,20161
19431,14121
19431,19158
19431,23513
19372,18531
19372,12717
19429,17071
19429,20505
19429,18296
19433,3913
19440,19828
19440,6906
19440,23394
19442,3121
19442,7641
19442,16821
19442,10384
19426,8524
19426,24371
19447,24836
19447,5804
19446,16855
19446,21357
19446,2305
19445,12947
19445,1488
19445,24645
19434,3539
19434,14715
19434,13322
19434,18002
19434,5395
19449,11125
19449,726
19449,10007
19437,366
19437,7139
19439,11452
19439,18934
19439,10427
19439,15565
19439,17174
19455,8526
19430,20709
19430,4411
19430,6358
19430,24705
19452,445
19452,13807
19452,17577
19452,3755
19452,15238
19438,9441
19436,394
19436,23160
19436,24242
19436,3153
19436,7054
19454,22898
19458,13220
19458,23431
19458,24671
19458,5876
19458,11513
19457,18064
19457,24062
19457,11308
19457,24108
19450,11783
19450,22080
19450,16222
19450,10531
19450,14647
19459,21629
19459,24248
19459,19960
19459,18684
19459,22829
19461,19274
19461,2671
19461,23804
19460,20705
19460,20260
19460,21300
19448,7783
19448,7320
19463,20231
19463,2219
19464,14484
19464,13900
19464,5203
19466,14446
19466,24578
19466,24438
19466,14487
19469,23259
19467,24182
19472,13921
19465,18498
19465,4503
19465,8214
19465,12253
19465,22924
19474,23449
19474,10785
19474,3932
19476,8318
19482,10097
19489,18458
19489,3920
19489,7459
19491,24391
19479,8528
19497,24456
19497,5119
19500,15968
19500,18858
19496,6879
19496,19458
19496,6875
19496,7445
19496,7329
19499,14382
19499,20277
19499,9515
19499,4220
19501,22653
19501,17049
19501,2396
19505,10852
19505,5390
19505,656
19503,5910
19502,888
19502,2862
19502,21017
19487,375
19487,20947
19487,16481
19487,6064
19507,15789
19508,22249
19508,16091
19508,7621
19484,3017
19484,8878
19484,16523
19511,9919
19513,2310
19514,11131
19514,22753
19512,8064
19512,21454
19512,17085
19516,6008
19516,5362
19515,23707
19522,20718
19522,17035
19522,3607
19519,9717
19519,13311
19519,17969
19523,5944
19523,22666
19523,9695
19524,3038
19527,15233
19527,10752
19527,9139
19527,13307
19532,10121
19532,14413
19532,3821
19532,22928
19531,23854
19531,21178
19477,20613
19477,18275
19477,20475
19477,13391
19535,15400
19535,16367
19535,8049
19521,5293
19536,22727
19483,10530
19483,19715
19483,5033
19483,23647
19483,19812
19540,13793
19540,3696
19540,20905
19540,5200
19539,19268
19545,3790
19545,1912
19545,18156
19545,7172
19538,7531
19541,10824
19541,19116
19541,7120
19541,11007
19541,23592
19546,10664
19546,40
19546,13312
19546,10309
19547,2863
19547,7395
19547,18304
19547,11453
19547,4926
19534,20254
19534,22897
19534,7721
19534,22026
19478,10304
19478,2245
19478,20116
19478,6630
19551,15636
19551,17091
19506,15649
19552,19747
19552,22483
19552,19639
19552,13358
19552,20469
19554,17664
19558,23490
19558,23854
19558,2818
19558,16081
19558,14921
19556,2336
19556,22665
19556,22789
19556,10253
19556,11277
19561,4208
19561,4646
19560,19548
19560,4326
19560,24862
19560,14586
19563,10343
19563,15907
19563,12002
19567,291
19566,7777
19566,21729
19566,20528
19566,23821
19566,6433
19564,13849
19564,6834
19569,7390
19569,5830
19569,19399
19569,12594
19565,21734
19570,7747
19570,5454
19570,4022
19570,24904
19570,15898
19578,24090
19578,1390
19578,16510
19578,5670
19578,8411
19573,23071
19573,11375
19573,22037
19573,21478
19574,6728
19574,12648
19574,22753
19581,19181
19581,8374
19581,1210
19580,13769
19580,2627
19580,6910
19580,15991
19562,2207
19562,16831
19562,16646
19562,4726
19583,13400
19583,21484
19586,4686
19586,24544
19586,12425
19589,18524
19589,3872
19589,3492
19589,19028
19588,777
19588,5556
19588,22555
19593,17794
19593,14137
19593,11682
19593,5139
19592,23924
19592,1050
19592,7703
19592,6055
19587,17341
19587,12835
19595,19792
19595,8650
19595,9510
19595,7041
19595,21531
19594,10229
19575,18101
19575,18017
19575,14562
19575,19107
19575,20763
19577,11022
19577,191
19577,21306
19577,7802
19591,19819
19591,24132
19591,17234
19591,2350
19598,4760
19598,7561
19598,3519
19598,17194
19598,3358
19603,17265
19603,13074
19603,1147
19599,5517
19599,16609
19605,10618
19604,1628
19604,6395
19604,16008
19604,17591
19606,17992
19606,21186
19606,21952
19601,9930
19601,4781
19601,2489
19608,11334
19609,21531
19609,16757
19609,5703
19609,19385
19609,16748
19600,1951
19600,24552
19600,20040
19600,11061
19600,22136
19614,19196
19614,21383
19614,6719
19614,2348
19614,3390
19618,23120
19618,18029
19618,464
19618,4512
19618,6692
19620,12677
19620,6878
19613,22401
19624,24158
19624,23618
19624,22406
19625,21878
19625,18621
19625,5689
19625,22282
19617,5889
19617,9216
19617,12553
19617,19903
19617,14450
19626,1744
19626,10062
19627,14340
19627,1504
19627,14701
19627,15899
19627,10493
19628,20536
19628,21091
19628,2688
19628,22291
19629,7504
19629,24493
19629,17736
19629,24689
19630,9441
19630,17552
19630,8854
19630,14015
19632,5017
19632,16117
19615,19526
19615,6395
19615,1173
19633,3381
19633,5813
19633,22709
19633,18301
19636,23288
19639,9176
19639,4970
19639,21406
19639,21441
19639,15595
19641,23394
19641,14567
19641,15550
19641,6056
19642,3249
19642,14539
19642,14047
19642,20125
19644,743
19644,3421
19643,5203
19645,4192
19646,1299
19646,13936
19646,19546
19638,9172
19638,13288
19638,18057
19661,3289
19660,17596
19663,18694
19664,9708
19664,14419
19664,18090
19657,4491
19657,2137
19657,20746
19665,3127
19665,18590
19665,4570
19665,17343
19665,14362
19662,4666
19659,6540
19656,16118
19671,17166
19667,9191
19673,21846
19673,1932
19673,20433
19673,17764
19648,695
19648,15446
19654,22455
19654,10382
19654,9151
19654,20799
19652,20431
19652,24991
19650,23592
19650,14966
19672,10530
19672,4037
19647,6158
19647,10153
19647,14606
19647,13503
19670,8323
19670,2445
19676,22769
19678,13350
19678,2482
19678,5086
19678,675
19679,23120
19679,24556
19679,11284
19681,4102
19680,21781
19680,293
19680,8999
19680,18278
19680,21181
19683,7390
19683,24586
19683,10942
19685,6522
19685,24358
19684,7126
19684,9366
19686,1470
19688,22174
19690,9873
19690,24626
19694,10225
19694,6833
19694,24858
19694,10493
19703,4685
19693,1079
19693,7512
19696,6557
19696,20339
19696,9004
19696,960
19696,23505
19704,828
19705,10480
19707,1058
19707,5627
19710,12113
19710,5316
19706,6711
19706,12172
19706,23487
19711,1370
19711,13912
19708,17545
19708,13890
19708,23759
19708,7890
19708,24302
19712,1446
19712,887
19716,20306
19716,3683
19699,18919
19695,3021
19695,14248
19700,12915
19700,16194
19700,1702
19700,9998
19700,1861
19713,2127
19713,8992
19718,18195
19718,12105
19718,10660
19697,5451
19697,16335
19697,6268
19697,7666
19723,761
19722,11798
19722,2593
19725,24490
19725,17604
19725,10575
19725,12156
19726,24937
19726,15916
19726,22443
19726,13326
19726,12121
19729,13975
19729,23975
19729,12430
19714,22530
19714,16598
19714,23668
19714,8466
19714,11204
19734,19420
19734,7203
19735,18849
19735,21398
19735,11647
19735,22413
19735,7648
19715,11047
19715,19357
19715,22568
19715,18005
19715,8180
19737,431
19737,5139
19737,19401
19717,8668
19717,20828
19740,2084
19740,18952
19740,9811
19740,17931
19743,3140
19743,9460
19743,20380
19749,12404
19749,24606
19746,15649
19746,23335
19751,22080
19751,3584
19751,19084
19748,7500
19748,19330
19748,6321
19748,15044
19748,719
19747,6948
19747,5157
19747,7062
19747,7259
19747,24497
19750,15433
19750,17594
19750,757
19750,24998
19752,8857
19752,12634
19757,9051
19757,21321
19754,5854
19754,22130
19754,19656
19755,6666
19755,21785
19755,20267
19755,13947
19760,5002
19762,23288
19762,4132
19762,11825
19763,3239
19764,22225
19764,3663
19759,11822
19759,24036
19759,4861
19768,13018
19768,20208
19768,912
19768,1464
19768,21724
19769,19728
19769,9448
19772,16289
19772,4306
19772,5834
19772,15126
19771,12685
19776,5743
19777,6979
19777,19341
19777,8817
19775,16029
19775,8513
19775,9343
19775,20608
19780,17619
19779,9541
19778,18597
19778,2558
19778,21686
19778,3045
19774,17183
19774,17767
19774,3543
19774,17857
19784,6061
19786,3223
19786,24226
19786,9668
19786,3124
19786,11645
19794,2061
19782,1388
19782,18872
19782,4504
19782,327
19793,20902
19793,2818
19785,1703
19785,1789
19785,12812
19785,17333
19787,17232
19797,189
19797,18825
19798,19844
19798,20024
19798,4450
19798,1037
19798,19485
19799,19886
19799,213
19799,2952
19799,8008
19799,12515
19790,3135
19790,14500
19790,12851
19790,4136
19795,9246
19801,16907
19801,18826
19801,2302
19796,24059
19796,13609
19796,11921
19796,21438
19796,8580
19789,21627
19789,5640
19789,6938
19802,11657
19802,18646
19788,3157
19788,8622
19788,24570
19788,22262
19788,2877
19806,7079
19806,518
19806,9247
19810,21557
19810,11703
19810,11614
19811,21348
19811,22501
19811,10066
19813,2859
19813,15207
19813,6147
19813,19950
19815,1912
19815,14795
19815,4516
19815,9919
19816,4403
19816,2759
19816,16827
19816,8073
19817,14813
19817,19746
19817,23272
19822,12799
19821,744
19821,11986
19821,14194
19821,1057
19821,19829
19825,24110
19825,8183
19825,15528
19820,24779
19820,8940
19820,21922
19820,24231
19820,238
19829,20255
19829,704
19829,22763
19827,22494
19827,15795
19827,14580
19827,24659
19828,16725
19828,9003
19831,19270
19831,5702
19830,20000
19836,12026
19843,20101
19845,12134
19845,1663
19845,16709
19845,7626
19845,16639
19846,981
19846,7732
19847,7010
19847,17627
19847,22711
19847,9393
19847,1230
19848,20993
19848,9208
19848,5149
19850,14477
19850,3694
19850,4478
19850,8314
19851,12159
19851,15374
19851,974
19851,14135
19852,7081
19853,20995
19853,597
19853,16320
19853,24880
19853,8056
19856,18119
19856,21766
19837,4622
19854,21376
19855,12446
19832,3601
19832,362
19834,2824
19834,12421
19834,2018
19834,8448
19834,22422
19835,1809
19835,6542
19835,16984
19863,15312
19863,23559
19863,13497
19863,2673
19860,3126
19860,6651
19861,7774
19865,21257
19865,14154
19865,11271
19867,5617
19867,14000
19867,24799
19870,17301
19870,24751
19870,13368
19870,8320
19875,23839
19877,7225
19877,3686
19877,11899
19877,20919
19857,15355
19857,2429
19880,12016
19880,10134
19862,21347
19862,13359
19862,6957
19862,23513
19862,7935
19872,6604
19872,17534
19866,6771
19866,6252
19866,4679
19866,3031
19866,6948
19873,142
19873,4545
19871,5636
19871,10100
19871,20479
19871,22298
19882,24230
19882,20128
19882,20949
19882,1303
19883,2314
19883,9916
19883,16162
19883,20451
19883,10372
19876,9814
19876,19938
19876,15108
19885,24390
19885,16772
19885,17836
19885,13043
19887,10974
19887,13113
19887,6814
19889,11504
19889,9698
19889,14284
19890,13865
19890,19682
19891,1162
19891,23603
19891,11320
19891,7545
19891,11906
19886,14982
19886,18733
19884,8791
19884,10417
19895,13813
19895,16192
19907,23153
19903,4716
19896,17995
19896,21526
19897,12313
19908,12223
19909,6680
19909,554
19912,2690
19913,16852
19913,18320
19914,22460
19914,15659
19914,16834
19902,21530
19911,12439
19911,18936
19917,1209
19917,13512
19905,12943
19905,2245
19905,6137
19905,12876
19919,10512
19919,7268
19906,1112
19898,12846
19923,16238
19923,24087
19901,21724
19901,24822
19901,15013
19901,12492
19901,3551
19920,10131
19920,7954
19899,6291
19899,21335
19899,24700
19899,23820
19899,7735
19900,14396
19900,23169
19900,7488
19924,11443
19924,2016
19924,19789
19934,24802
19927,18307
19927,2727
19927,6386
19927,23640
19926,16012
19926,4467
19926,17119
19926,16450
19939,21057
19938,15542
19938,2660
19938,19682
19938,14996
19929,4887
19929,3995
19929,20386
19929,12750
19929,21872
19944,23411
19944,5251
19944,16012
19944,19833
19947,9752
19928,14147
19928,17339
19943,9898
19950,20583
19952,12686
19952,3809
19949,11166
19935,20431
19966,22661
19966,21166
19966,19720
19966,1140
19966,8869
19959,12728
19959,7563
19959,4608
19959,836
19964,13408
19964,7860
19964,4983
19964,19749
19964,352
19970,24384
19970,20212
19970,13346
19970,22393
19970,8463
19971,3905
19971,2610
19971,6399
19971,15425
19971,24778
19953,563
19974,21621
19972,17816
19972,8368
19972,5462
19972,16010
19972,15346
19975,465
19975,21040
19975,3841
19977,4898
19977,17773
19977,22406
19976,14198
19976,9654
19958,16855
19958,23499
19958,11045
19958,24702
19958,21195
19969,19805
19954,14555
19954,10485
19954,10201
19954,10807
19979,13823
19979,18140
19979,19179
19979,189
19980,9906
19980,13163
19980,1007
19980,7383
19980,11500
19989,21952
19968,6717
19968,21610
19968,8705
19968,1483
19987,20761
19987,8427
19987,24419
19987,21656
19993,18190
19993,19175
19995,8396
19995,4512
19995,5879
19995,19400
19997,4917
19997,21860
19994,1865
19994,12674
19994,6607
20000,11224
19986,18519
19986,432
19986,15386
19986,16549
19984,9210
19984,15433
19984,4275
19984,21265
19957,20929
19957,10426
19957,10980
19957,23531
19957,17479
19982,8119
19982,11090
19982,3121
20003,13442
20003,14436
20003,15668
20003,951
20003,926
20006,4553
20006,19650
20006,10702
20006,14056
20006,14693
20005,7935
20005,14614
20005,6397
20005,4203
20013,21541
20013,15982
20016,15183
20016,17361
20016,19906
20017,19389
20017,5747
20017,4766
20017,9063
20015,13909
20015,22887
20015,19742
20015,16540
20022,16804
20022,2982
20022,7507
20020,4869
20020,6969
20020,13657
20020,6559
20020,11959
20010,13348
20021,13263
20021,6920
20023,18998
20023,24329
20025,23877
20025,14097
20025,4380
20025,20024
20025,13432
20026,4428
20026,1832
20008,16236
20008,8694
20008,14463
20008,15293
20008,9409
20028,14485
20028,18963
20030,549
20031,20816
20031,7373
20031,8086
20031,21462
20031,1617
20035,24055
20035,8561
20036,18611
20036,12789
20036,18685
20036,21769
20032,195
20039,23842
20039,9297
20040,10965
20040,18465
20041,1615
20041,7358
20041,17887
20054,20520
20054,1083
20047,15011
20047,19585
20047,3253
20058,3625
20058,4433
20058,17317
20061,872
20060,1763
20060,3972
20060,4046
20060,24833
20063,17959
20063,20268
20063,6996
20063,3739
20065,24656
20065,6637
20065,20051
20065,15717
20066,19507
20066,9298
20048,473
20048,18923
20048,23121
20048,12782
20049,8346
20049,18258
20071,20946
20071,8472
20071,10221
20071,13994
20073,15463
20073,11937
20073,20971
20075,11078
20044,24944
20044,12155
20044,14282
20044,253
20078,16891
20078,19599
20078,9877
20078,9586
20079,9370
20079,2835
20079,10639
20083,14887
20083,24082
20080,7093
20080,4476
20080,5530
20080,11505
20084,14709
20087,13548
20087,19516
20087,22820
20087,16643
20089,620
20089,8378
20090,24340
20042,15077
20043,24160
20043,22436
20043,7097
20043,2533
20043,9378
20070,12437
20070,20344
20070,20993
20070,18992
20095,4023
20095,23867
20095,10509
20097,10081
20097,2923
20097,11374
20093,478
20093,21392
20093,20585
20099,17411
20100,9917
20100,21636
20100,12067
20101,11173
20101,23389
20101,5002
20068,24832
20102,9150
20102,15761
20103,5613
20103,22383
20103,13250
20098,22889
20098,2080
20106,2278
20108,17414
20108,4946
20108,8735
20105,7153
20105,2188
20109,20260
20109,9413
20109,2485
20109,18838
20110,17682
20110,10789
20110,23288
20110,10119
20111,12724
20111,8107
20111,20533
20111,20252
20111,17308
20069,8109
20069,21259
20069,11655
20069,12250
20112,18670
20112,22460
20112,16048
20112,4926
20112,16984
20113,14037
20113,1385
20113,23953
20086,17762
20086,4547
20046,6302
20046,11654
20046,19223
20046,21890
20046,6530
20116,21600
20116,14913
20116,21790
20116,22213
20117,17372
20117,2586
20091,19690
20091,16819
20091,9175
20091,15934
20091,1077
20115,9104
20115,13013
20115,7175
20115,17639
20118,99
20118,8583
20118,17691
20119,19750
20122,4297
20122,11943
20120,18083
20120,19807
20120,1331
20120,306
20125,9667
20125,5783
20125,18100
20126,3642
20126,2615
20126,21641
20127,8719
20127,12356
20127,10175
20127,20487
20127,7830
20131,17019
20132,2130
20132,20968
20132,6853
20134,10837
20140,6421
20130,1147
20130,2182
20130,14090
20130,9992
20143,24831
20143,3298
20145,13431
20145,10424
20145,11452
20133,21960
20133,3975
20133,24196
20148,12692
20150,22750
20150,7924
20150,10699
20150,24422
20151,24822
20151,75
20149,1473
20149,11389
20149,14637
20146,23018
20146,1563
20146,23406
20146,11874
20128,6891
20128,19080
20153,18914
20154,4573
20156,4567
20156,7116
20156,20188
20158,19511
20158,14306
20160,5786
20160,21727
20160,1495
20160,23957
20159,17512
20159,22381
20159,3404
20159,15343
20165,22763
20166,16708
20169,24042
20162,23297
20162,16435
20171,7893
20171,11276
20171,13007
20168,7399
20168,18754
20168,15895
20168,11288
20168,6642
20173,6929
20173,9618
20173,10313
20173,11627
20173,8987
20175,15025
20175,18028
20175,18271
20175,9784
20175,16834
20176,15656
20176,19728
20176,19968
20176,21310
20182,16436
20180,5329
20180,8672
20181,17382
20181,17265
20181,10143
20181,17663
20186,21346
20191,6352
20191,4628
20195,24145
20195,429
20196,917
20184,8761
20201,7823
20201,6567
20203,1242
20205,8887
20205,5972
20205,4606
20205,9486
20204,12436
20204,13883
20204,20711
20204,23550
20204,5298
20198,20703
20198,21246
20198,1971
20198,14944
20208,22925
20207,20414
20207,3601
20207,4092
20210,1669
20210,19823
20210,20113
20209,3771
20209,20945
20209,6357
20209,22190
20211,23739
20211,24256
20211,24374
20193,8713
20193,9289
20193,2996
20193,22787
20188,12428
20188,15492
20188,22990
20188,20240
20192,14149
20192,17283
20192,4994
20192,12796
20192,24710
20212,7104
20213,9759
20213,23102
20213,15040
20213,399
20213,21821
20219,4317
20217,12745
20218,9784
20218,813
20218,18896
20218,9975
20218,13137
20222,18229
20222,19811
20223,8697
20223,3028
20223,23522
20220,16422
20220,2381
20220,2408
20220,20955
20226,9862
20226,424
20226,24244
20226,9419
20229,19099
20229,16631
20229,11349
20225,19675
20225,21486
20225,1391
20225,4881
20225,7682
20232,3427
20232,1761
20187,20873
20187,12544
20187,9398
20187,14611
20187,24840
20244,19480
20242,199
20242,22242
20242,10923
20242,7511
20242,9475
20240,20838
20240,3370
20240,12627
20243,21911
20243,10985
20243,13152
20243,7075
20246,11989
20246,14406
20246,20313
20246,1411
20247,24240
20247,16110
20247,6516
20247,15558
20254,17400
20254,24472
20254,13218
20254,15897
20254,6552
20236,22864
20259,5013
20259,24219
20261,7010
20261,19637
20261,1032
20235,4576
20265,21999
20265,3072
20265,9506
20266,304
20266,14135
20266,3911
20266,9834
20241,2553
20269,13652
20269,8665
20269,21932
20268,5639
20268,7602
20268,694
20268,9357
20257,2618
20257,6868
20257,43
20271,12303
20271,23297
20271,124
20271,19148
20270,10572
20270,11875
20270,10982
20270,5078
20270,1225
20272,3664
20273,270
20273,5597
20273,9412
20273,12574
20273,17664
20256,13769
20256,23331
20256,12508
20256,16119
20280,24646
20280,21395
20280,5592
20280,3643
20279,13028
20279,5623
20279,7641
20279,16935
20283,20632
20283,21182
20283,11375
20283,21848
20283,2399
20281,2801
20281,21376
20281,13595
20288,4984
20288,20216
20288,3263
20288,11337
20278,14833
20278,20482
20278,6515
20278,9144
20278,4002
20289,106
20289,8516
20289,20509
20289,13896
20289,24502
20291,24405
20291,10399
20291,20926
20291,20188
20293,13021
20293,6743
20293,7786
20295,15512
20295,2788
20292,19515
20292,14636
20292,7258
20292,8705
20292,15158
20282,6066
20297,21589
20297,7157
20297,5458
20297,6772
20297,9684
20299,18995
20299,6710
20299,6682
20301,15500
20301,7161
20301,17598
20304,13066
20306,16026
20306,3369
20306,14219
20303,24247
20303,20750
20303,13378
20308,19039
20308,4463
20308,18518
20308,1729
20307,13143
20307,1176
20311,19341
20311,16995
20311,22031
20311,9371
20311,16713
20312,15369
20310,5854
20310,24228
20310,2546
20310,17464
20310,20067
20314,21375
20314,7445
20315,5425
20315,22987
20315,18619
20317,7802
20317,18674
20317,1981
20309,11295
20309,19980
20309,7333
20319,3280
20319,7086
20316,17609
20316,10356
20316,3769
20316,9154
20316,12156
20320,8910
20320,9586
20320,19706
20320,3773
20320,10861
20324,8527
20324,5924
20322,418
20322,18934
20322,8671
20326,14588
20326,23651
20326,24321
20327,24447
20327,7218
20327,11048
20327,23571
20327,5020
20328,22881
20328,23418
20328,15365
20328,13252
20328,2391
20329,8032
20329,20567
20329,9546
20329,11851
20329,24933
20331,278
20337,14319
20336,3510
20336,14705
20336,1388
20336,7624
20339,20193
20339,24203
20339,6977
20339,19438
20339,11514
20345,8758
20345,9745
20345,852
20344,1851
20344,24364
20344,10229
20344,3407
20347,6955
20350,15912
20350,13777
20348,16407
20348,20014
20348,6208
20348,3502
20348,4197
20351,7057
20351,12328
20353,5541
20353,19651
20354,9017
20354,21956
20355,12243
20355,23288
20355,789
20357,20520
20357,12256
20357,13206
20357,20428
20358,10006
20358,11846
20358,1550
20343,18523
20343,18929
20343,19314
20343,18379
20360,9250
20360,3741
20360,3331
20360,22702
20360,4944
20340,1666
20340,10000
20332,6853
20332,612
20332,20900
20335,4511
20335,9388
20335,22406
20365,6711
20333,14988
20333,10823
20333,22901
20333,21079
20363,1299
20363,9704
20363,24615
20363,23117
20363,22249
20369,12303
20372,14607
20372,15547
20372,20170
20372,22103
20371,8981
20371,2541
20371,6152
20373,12156
20373,6062
20373,4161
20373,24606
20378,5996
20378,19379
20378,18392
20378,9050
20378,19384
20379,17835
20379,6976
20379,5048
20379,14348
20380,9692
20380,901
20380,14668
20380,1663
20380,17544
20381,20535
20381,24678
20387,1868
20387,20939
20387,328
20387,24688
20384,7009
20384,21579
20384,8496
20386,16769
20386,22701
20385,2902
20390,6836
20389,5185
20383,24413
20383,21277
20383,10098
20383,108
20383,20847
20398,5267
20398,17232
20398,4796
20398,119
20399,19097
20396,14212
20396,7594
20396,23454
20396,1183
20397,7658
20395,18715
20395,17038
20395,20506
20395,2729
20395,13005
20406,18781
20400,1443
20400,5636
20400,12953
20400,4124
20400,22547
20403,12403
20403,18356
20407,6326
20407,20855
20407,19706
20407,6268
20412,24248
20412,16316
20412,7140
20410,23117
20410,14216
20410,15360
20410,228
20410,15650
20404,14248
20404,20412
20404,3664
20411,14052
20405,22780
20405,6310
20405,12025
20405,6295
20414,11262
20414,9470
20414,14445
20414,5743
20414,19953
20417,17625
20417,4518
20417,12681
20417,2105
20420,18933
20420,6139
20423,3427
20423,8522
20423,8439
20425,22317
20425,18460
20425,23134
20425,1482
20425,15241
20415,14212
20415,14169
20415,5189
20415,23997
20415,12010
20416,9247
20416,20646
20416,3219
20416,18505
20418,24899
20418,14575
20418,19945
20418,2765
20421,16
20421,24016
20421,4276
20427,14755
20419,3420
20419,12358
20424,5069
20424,13287
20424,13982
20428,17675
20428,14144
20431,22603
20431,680
20431,5034
20431,24622
20430,11262
20430,22824
20430,12906
20441,9155
20441,9969
20429,2528
20429,6229
20429,7089
20429,13704
20429,12598
20443,19373
20446,16718
20446,103
20446,13295
20446,11770
20451,10001
20451,7895
20451,19791
20447,9289
20447,14883
20447,14181
20447,15373
20449,8250
20449,24087
20449,13668
20449,17426
20453,2961
20453,3137
20453,19629
20453,5463
20454,12105
20454,5711
20454,11110
20454,19205
20454,5827
20460,10868
20457,24400
20463,20692
20463,6936
20466,15835
20466,5136
20466,13932
20466,8463
20467,6914
20467,5663
20467,17017
20467,10716
20467,19714
20465,8707
20465,15549
20469,7533
20469,2746
20469,17874
20433,4971
20433,17332
20433,729
20433,22808
20468,7400
20468,1011
20468,10482
20470,513
20470,2468
20470,3311
20470,2758
20470,9523
20472,16795
20474,12759
20474,8071
20471,23163
20471,13578
20477,10316
20477,19508
20477,18852
20478,16518
20478,5818
20478,23160
20478,17480
20479,24741
20479,2294
20479,7014
20479,9506
20479,22274
20462,3920
20462,18578
20462,19117
20483,17850
20483,24560
20483,11225
20483,16449
20483,14008
20488,19367
20488,2289
20485,9214
20485,20554
20485,7623
20485,9935
20485,21415
20489,8659
20489,22176
20489,19276
20491,10710
20491,18597
20491,228
20491,11509
20491,2172
20492,6343
20492,7653
20492,3390
20492,4518
20492,122
20494,8095
20494,15626
20494,12397
20494,23797
20494,19831
20497,18201
20501,12602
20501,80
20498,14755
20498,12542
20498,4885
20503,13460
20503,24324
20503,1321
20503,24944
20502,18518
20502,15212
20507,11998
20507,17922
20507,5018
20506,1010
20506,16805
20506,20127
20509,10944
20512,15485
20512,15798
20512,16643
20512,11028
20512,15880
20490,24164
20490,1280
20458,2603
20458,14687
20448,22454
20448,641
20448,10424
20448,24563
20513,16709
20513,2381
20513,21568
20513,6687
20513,20198
20515,8012
20515,559
20515,3696
20514,21318
20524,5922
20524,21696
20524,17302
20524,4652
20524,19456
20456,2209
20456,7612
20456,14233
20456,14799
20456,15418
20526,14086
20525,9209
20525,7254
20525,9393
20525,19812
20525,22416
20528,8277
20528,9410
20528,17489
20529,7632
20529,12047
20529,13699
20527,24126
20527,13339
20527,6434
20527,10363
20527,12868
20519,20022
20519,15738
20480,6081
20480,9886
20480,6582
20521,23288
20521,15929
20521,10475
20522,8720
20522,13676
20522,20807
20522,10441
20522,7325
20520,10235
20531,2929
20531,11744
20531,14502
20530,12138
20530,14827
20530,7990
20530,18626
20504,2358
20504,23864
20504,3609
20504,6555
20535,16594
20535,396
20535,9179
20535,11400
20535,17613
20543,18450
20537,8677
20537,17008
20537,20666
20537,5133
20537,4774
20545,2081
20545,1498
20545,6728
20539,18852
20539,16930
20539,9836
20539,16380
20539,7043
20546,12699
20548,14296
20547,13599
20547,3319
20547,547
20547,20376
20547,8922
20540,20552
20551,16164
20551,12230
20542,12744
20542,4136
20542,11998
20542,1654
20542,22911
20552,1064
20552,364
20552,14695
20552,20496
20556,3565
20554,5082
20554,15939
20558,11881
20533,23097
20533,7028
20533,15531
20559,1768
20559,12603
20559,21194
20559,9836
20559,14545
20536,17456
20541,7790
20541,9534
20532,10918
20532,6325
20532,11000
20532,16260
20532,915
20562,7700
20562,7935
20562,19397
20538,19742
20538,2516
20538,12909
20538,15765
20563,8296
20563,14233
20563,1531
20566,12798
20566,23588
20566,17565
20566,3251
20566,11818
20568,8897
20570,17613
20570,20380
20570,20119
20570,21441
20570,12574
20569,8854
20569,17686
20569,11663
20572,24049
20572,9546
20572,2584
20572,11565
20572,6685
20574,19115
20574,1884
20575,13528
20575,15777
20577,18137
20577,20802
20577,18795
20586,23581
20586,18326
20586,14719
20586,19374
20586,21128
20583,21636
20583,9889
20583,14205
20590,8248
20590,23521
20590,870
20590,15000
20584,12566
20584,20629
20584,10656
20587,19736
20587,12144
20587,15094
20587,13018
20587,11013
20595,5452
20595,21815
20594,20732
20599,10261
20598,21616
20598,21469
20600,22422
20600,12202
20604,17552
20602,3914
20602,36
20602,21737
20602,19372
20602,11070
20605,1042
20603,24732
20603,12364
20603,18596
20603,14454
20603,13103
20585,5703
20585,21222
20585,202
20585,20061
20609,2044
20609,4469
20609,10764
20610,8931
20610,12285
20610,2366
20610,6891
20610,21231
20608,19183
20608,788
20608,13073
20608,1893
20582,17112
20582,17982
20589,20073
20589,5365
20589,18348
20589,14442
20589,24858
20588,17509
20588,7058
20592,24899
20592,14575
20592,20891
20592,9654
20614,6855
20614,11561
20614,1928
20614,1059
20614,16220
20611,14042
20611,8802
20611,13534
20611,1586
20615,6991
20613,19195
20613,423
20616,5592
20616,10983
20618,3741
20618,3060
20618,5517
20618,8399
20619,21534
20619,16388
20619,10809
20619,8691
20620,21215
20624,24937
20624,22821
20624,9375
20624,3543
20627,9308
20628,14376
20628,10316
20628,14696
20630,2601
20629,2342
20629,9596
20632,15225
20632,14668
20633,2217
20633,1274
20634,23044
20634,19468
20638,75
20638,12227
20638,18984
20636,9274
20636,21455
20636,14653
20636,12698
20637,20877
20637,13568
20637,17257
20637,217
20635,13410
20635,23308
20635,16588
20635,22392
20622,6442
20647,9194
20647,6131
20647,21229
20647,10102
20647,8973
20642,10788
20642,22465
20642,7512
20642,529
20649,20457
20649,20630
20649,1762
20648,22822
20648,10131
20653,10635
20643,2785
20643,3820
20654,7556
20654,7994
20654,18819
20644,16550
20641,11559
20641,19031
20641,2350
20641,8048
20641,9364
20655,8101
20655,20619
20655,22569
20655,24997
20655,17898
20662,3983
20662,2508
20662,19561
20662,18505
20662,12872
20656,12466
20656,15668
20656,12117
20670,5388
20670,5477
20671,13394
20664,12436
20674,13969
20674,7192
20675,9951
20675,11610
20675,7292
20675,1506
20668,2595
20668,1576
20668,7723
20668,24859
20679,15527
20678,10557
20678,9225
20680,19277
20673,4771
20681,17893
20681,20360
20681,10217
20663,15936
20663,10382
20663,10867
20661,21777
20660,12736
20660,18317
20666,13668
20666,19592
20666,24823
20666,7892
20666,6873
20685,16126
20685,870
20685,8826
20685,14339
20685,23615
20687,19873
20687,1827
20687,7757
20687,19752
20690,5623
20690,521
20690,16912
20690,21080
20690,18595
20692,4257
20692,5055
20692,19631
20688,11986
20694,20124
20694,14499
20694,18607
20694,4719
20694,15860
20693,7295
20693,7635
20693,2784
20691,10153
20691,12451
20691,24567
20683,10458
20683,6796
20683,21553
20695,12394
20695,2362
20695,11259
20695,4287
20684,6539
20684,19261
20684,2982
20684,20805
20684,8545
20696,14376
20702,545
20702,16432
20702,4649
20702,896
20702,16712
20711,10496
20711,24125
20711,3737
20711,19021
20711,14869
20709,9036
20709,14719
20713,6459
20713,13444
20713,4990
20713,12277
20713,24595
20715,14264
20715,2903
20717,2037
20717,4652
20716,4664
20716,14061
20716,21977
20716,11759
20716,15702
20720,4931
20720,7859
20718,19574
20704,4600
20704,2504
20704,15724
20704,1161
20721,17017
20721,13686
20721,15144
20721,23068
20721,24613
20700,4608
20700,8163
20700,20172
20700,17864
20700,9647
20724,3619
20724,21166
20724,23854
20724,20327
20724,11576
20725,4017
20725,13120
20725,22241
20728,8305
20728,10462
20729,5389
20729,16197
20729,19383
20729,320
20729,17023
20730,24574
20730,2565
20730,18736
20730,20920
20731,22486
20732,13996
20732,12333
20732,2397
20732,14312
20732,13583
20733,3461
20701,11339
20701,20179
20740,4476
20740,18326
20740,8160
20740,12598
20699,6647
20699,17271
20699,4602
20699,16616
20699,16235
20743,10262
20743,5445
20743,8461
20750,24473
20752,9061
20751,5067
20751,9860
20741,14560
20741,22340
20741,1502
20754,15875
20755,24847
20755,7907
20755,16650
20757,17488
20753,7551
20753,24518
20753,12326
20753,896
20746,16803
20746,2702
20760,17447
20760,22312
20759,24646
20763,15108
20762,17069
20762,11638
20762,19792
20762,15029
20765,16121
20764,107
20764,7395
20764,23407
20745,3734
20745,1239
20744,14848
20744,9183
20744,24753
20748,20762
20748,6444
20767,10475
20767,282
20767,12774
20770,11683
20770,13376
20770,21894
20749,22288
20749,3173
20749,16311
20749,18036
20771,10640
20771,12728
20771,10131
20772,6845
20772,13597
20775,24511
20775,6176
20775,2754
20776,10364
20776,17132
20777,20011
20778,18746
20778,22653
20778,24525
20779,6327
20779,2501
20779,10302
20774,10939
20774,540
20774,13752
20774,17642
20783,1531
20783,14221
20783,720
20797,4819
20797,17179
20797,22083
20797,18385
20797,9321
20801,15189
20798,17783
20798,15898
20798,12190
20798,18281
20798,10738
20799,15157
20799,10735
20799,21799
20802,14191
20802,14716
20802,23636
20802,795
20800,7960
20800,10512
20800,1403
20805,24979
20805,15737
20805,10104
20789,1636
20790,10523
20784,13028
20784,22239
20784,16976
20784,15095
20784,9787
20792,2954
20793,12753
20793,17758
20793,4517
20806,16198
20810,22062
20810,17178
20810,6826
20812,17649
20812,24479
20811,18955
20811,11324
20811,110
20786,24998
20786,5957
20786,11047
20813,4621
20813,19690
20813,2969
20815,6606
20815,17085
20815,10355
20814,4725
20814,2837
20814,11156
20814,16070
20819,22081
20819,16096
20819,16518
20819,23525
20821,16030
20818,12918
20818,16132
20818,21635
20818,13778
20818,1411
20820,7604
20820,203
20820,10188
20824,16207
20824,14389
20824,16631
20825,10523
20825,17939
20825,16061
20828,10723
20828,23672
20828,14487
20829,19889
20829,18384
20829,10173
20829,9774
20831,9125
20831,13529
20830,16617
20833,829
20836,9058
20836,4016
20835,14904
20835,17747
20835,12921
20837,1517
20837,5993
20832,11012
20832,13508
20832,19456
20842,13115
20842,14086
20842,5794
20844,8665
20844,18837
20844,14493
20840,23321
20839,1224
20839,21951
20839,814
20839,21768
20839,20849
20848,14821
20848,9743
20846,4285
20846,10398
20846,22307
20846,6133
20846,11333
20838,4049
20838,3770
20838,19264
20841,14464
20849,14270
20849,3983
20849,23426
20849,8876
20855,6926
20855,24839
20853,18246
20853,12287
20853,8213
20858,3055
20858,5534
20858,15283
20854,19330
20854,10667
20854,3617
20854,12991
20857,17188
20857,8058
20857,2763
20857,5656
20857,11668
20860,20411
20860,12728
20860,14747
20860,8809
20860,1547
20859,13704
20859,9377
20861,10221
20862,24229
20862,2529
20862,12717
20862,1867
20862,14368
20866,17426
20866,2313
20866,9992
20866,16117
20870,4438
20868,4456
20868,4894
20868,16352
20871,10250
20871,7841
20871,4583
20872,8990
20872,19518
20872,23181
20867,20776
20867,8803
20867,19775
20867,351
20880,16153
20880,20620
20880,382
20880,2291
20880,8828
20882,16085
20882,22902
20885,16059
20885,12754
20885,23225
20885,14101
20892,8602
20893,12358
20893,15461
20893,5067
20894,8533
20894,24804
20894,4654
20894,22792
20894,10716
20895,12565
20895,12660
20898,18499
20900,8877
20900,2119
20900,19341
20900,21244
20900,5403
20901,20695
20901,18439
20901,16731
20901,8815
20899,9992
20899,17781
20899,18885
20907,8223
20907,2913
20907,5730
20907,8051
20907,1504
20908,19685
20908,10308
20908,5641
20908,197
20908,2807
20909,8748
20909,10695
20909,23549
20909,12148
20909,12841
20913,20591
20913,2596
20787,3244
20915,3846
20915,11107
20808,4332
20843,16250
20843,2529
20843,15487
20843,14439
20843,16948
20850,6488
20850,24937
20850,1922
20850,23817
20924,8159
20924,21498
20924,17297
20920,10755
20920,13160
20920,4402
20926,24184
20926,1558
20926,1969
20926,14853
20928,20341
20928,19573
20930,23243
20930,5403
20930,9906
20930,18275
20930,1890
20932,24136
20932,7475
20931,11081
20931,9162
20931,16466
20931,6838
20931,19662
20934,4292
20934,14163
20919,5284
20919,5143
20919,17152
20933,9926
20933,17110
20933,9865
20933,8070
20935,14642
20935,2992
20935,14355
20935,9713
20923,424
20923,14094
20923,18991
20877,15259
20877,13062
20940,19148
20940,14344
20940,14980
20878,20260
20878,13661
20878,4886
20879,214
20879,641
20879,3528
20879,23303
20948,1953
20948,553
20945,6054
20945,20682
20945,17345
20945,15931
20945,10977
20946,22269
20946,23006
20946,21013
20946,13503
20946,21517
20949,2450
20949,8573
20949,21697
20949,12420
20950,17419
20950,24268
20950,12435
20950,7590
20951,5328
20951,19339
20951,6335
20951,13448
20951,18324
20958,11663
20966,8337
20966,10836
20954,2166
20954,6798
20954,11846
20954,22852
20954,15413
20965,24952
20955,9511
20955,295
20955,9375
20955,3334
20969,12681
20972,9022
20970,3160
20970,7454
20970,20827
20970,11935
20970,19208
20957,4104
20957,9936
20957,15334
20957,2477
20971,3612
20971,17509
20971,8168
20971,9467
20971,13444
20956,12668
20956,20869
20956,19856
20956,4437
20956,3770
20977,10261
20979,4407
20964,14772
20964,8176
20964,1204
20964,9894
20963,16781
20963,1380
20963,19668
20963,20220
20963,23421
20961,13780
20961,2333
20961,22381
20961,21581
20961,4410
20978,2657
20978,16131
20978,21426
20978,14416
20978,19039
20959,8614
20959,18886
20959,20844
20959,22603
20962,13153
20962,17710
20962,22514
20984,12541
20984,9855
20984,22528
20984,16665
20981,1198
20981,7269
20981,22183
20981,4606
20981,4195
20986,5694
20986,4609
20986,20666
20986,12689
20982,6394
20982,2306
20990,9357
20990,2660
20991,12866
20991,7782
20989,13343
20993,24915
20993,13705
20993,18049
20992,18608
20992,10691
20992,10005
20992,11457
20997,22328
20997,5556
20997,19739
20998,13668
20998,4775
20998,13981
21003,13106
21002,24902
21002,24824
21002,14096
21005,8621
21005,1095
21005,1391
21005,3219
21014,22992
21014,12224
21009,1997
21019,14011
21017,24900
21017,10820
21017,16620
21017,4447
21020,14020
21020,10180
21020,15864
21004,14082
21004,8404
21004,3047
21004,15683
21025,2038
21025,17647
21025,6078
21006,7032
21006,3888
21006,1464
21006,13081
21006,23323
21028,14450
21028,22398
21028,18767
21027,14406
21027,18515
21027,14653
21027,20900
21012,10561
21012,8638
21012,2367
21012,1669
21012,4333
21007,16004
21007,7457
21013,4660
21013,9492
21013,6411
21013,18174
21011,2632
21011,12741
21011,8390
21021,6902
21021,11589
21010,20311
21024,22297
21024,3906
21022,13914
21029,2264
21029,11043
21029,754
21029,18626
21029,17378
21031,12479
21031,10062
21031,12769
21031,4608
21034,12435
21036,1954
21036,24754
21036,22519
21033,11697
21033,14439
21033,19480
21033,19781
21037,8188
21037,19113
21037,15741
21037,20299
21038,20610
21038,2713
21038,13484
21038,6378
21040,1699
21040,14953
21039,12833
21039,3472
21039,23885
21039,4731
21046,17243
21046,22528
21046,13605
21046,2793
21046,24578
21058,21797
21058,19516
21058,19509
21058,14741
21059,19138
21060,18431
21060,19420
21061,24913
21061,3349
21061,17358
21061,4647
21044,22377
21063,23097
21063,23877
21063,4570
21063,22155
21063,20409
21062,12446
21062,14206
21062,8955
21062,16969
21062,9665
21066,11299
21066,13340
21066,6686
21049,13014
21049,20655
21049,11419
21049,18165
21067,11771
21067,4744
21064,1740
21064,18490
21068,19299
21071,2066
21056,24320
21056,12390
21056,3259
21056,15913
21072,4974
21072,9903
21072,14893
21072,8003
21073,777
21073,1118
21073,9151
21073,13510
21073,17378
21074,12450
21074,3499
21074,19099
21074,15508
21055,7901
21055,22393
21055,8868
21055,19031
21055,2467
21052,612
21076,14211
21076,9742
21075,18897
21075,22337
21075,14696
21077,18741
21077,24027
21078,14858
21078,7173
21079,16087
21079,11000
21079,20507
21079,13693
21079,7064
21082,13578
21083,1461
21083,13693
21083,19075
21083,5502
21051,9614
21051,24734
21051,1911
21085,421
21085,23487
21084,8839
21084,8355
21084,24777
21084,10591
21084,21787
21088,10121
21088,17050
21088,2892
21086,14816
21086,10455
21089,2437
21089,7761
21089,15106
21091,10269
21091,23144
21092,17034
21092,21427
21092,14889
21092,4867
21093,9499
21093,8288
21093,14231
21095,17429
21096,24392
21096,9361
21096,11397
21094,10045
21094,21740
21094,6139
21094,6806
21094,14186
21097,480
21099,5121
21100,10857
21103,23345
21103,3245
21107,12483
21107,13598
21107,18316
21106,7263
21106,16519
21106,18287
21106,5104
21108,15909
21108,408
21109,21604
21109,9715
21109,3525
21110,20918
21110,8732
21110,7253
21111,1183
21111,20430
21111,13591
21111,4171
21114,5703
21115,18579
21115,8409
21115,12328
21117,2818
21117,4951
21117,15544
21117,24556
21126,3314
21126,11125
21126,4405
21125,15207
21125,2951
21130,6429
21130,23950
21131,3001
21131,14473
21129,12767
21129,2000
21135,11603
21135,9285
21135,16326
21135,10603
21123,21260
21123,2898
21137,21156
21137,21154
21137,19997
21138,19623
21138,3447
21138,2707
21138,790
21138,22887
21119,7653
21119,20361
21119,13784
21119,23378
21119,18701
21116,1546
21116,24173
21116,4932
21116,11702
21116,6591
21121,4621
21121,21424
21121,17457
21121,8748
21121,5698
21139,20249
21139,20357
21139,19505
21141,5565
21141,18718
21141,24862
21141,13782
21140,23315
21140,20782
21140,14046
21140,18458
21127,20953
21145,10498
21145,5750
21145,8071
21144,8907
21144,14473
21144,1849
21144,6346
21144,22661
21118,8165
21118,5567
21118,18431
21150,9221
21150,2580
21150,17735
21146,4881
21146,14546
21146,16017
21146,17038
21148,16664
21148,11937
21152,752
21152,13521
21152,16864
21154,643
21154,9456
21159,4622
21159,7102
21156,12132
21156,7980
21156,4877
21156,11237
21156,9693
21160,17963
21160,1596
21160,2204
21160,6461
21166,13207
21162,7904
21170,9255
21170,19767
21170,16066
21170,9423
21170,13820
21171,18402
21172,6150
21172,23357
21174,14668
21174,16463
21175,6125
21176,18301
21176,23071
21176,6846
21176,8948
21176,21155
21183,19063
21183,10906
21183,14946
21179,4101
21179,23972
21190,10952
21190,471
21190,12882
21190,3948
21190,7312
21192,10182
21192,19175
21192,8538
21192,4337
21192,8783
21191,10652
21191,13015
21191,23482
21191,15671
21199,21607
21195,14174
21195,6365
21195,21975
21185,14957
21185,1806
21185,8117
21185,7722
21185,11137
21198,4322
21198,10742
21198,3966
21198,6970
21198,11197
21196,18267
21196,9910
21196,5705
21197,2101
21197,24443
21197,7136
21197,20572
21197,23324
21189,24295
21189,10160
21189,23628
21189,12982
21202,5772
21202,18975
21202,21017
21202,22668
21201,690
21201,21781
21201,21813
21201,8478
21201,23173
21186,10509
21186,10992
21186,5627
21186,1519
21187,3978
21187,14642
21187,5609
21187,22928
21204,11262
21204,5828
21204,14403
21204,13472
21207,2398
21203,16011
21203,19210
21203,2541
21203,8952
21203,8660
21210,12750
21210,2125
21210,696
21210,24249
21212,10018
21212,1229
21211,7645
21211,13834
21206,11155
21215,10826
21215,15822
21215,23832
21215,13149
21215,21987
21217,9744
21217,6012
21217,22773
21218,17684
21214,20527
21214,12636
21214,2149
21214,22584
21222,19721
21222,20516
21222,7113
21222,18284
21222,21419
21223,14198
21223,10594
21223,18622
21225,24529
21225,20449
21225,3127
21225,19476
21221,2631
21221,23968
21227,2275
21227,16121
21227,19717
21229,21747
21229,177
21229,10264
21229,11438
21232,16669
21232,11978
21232,18458
21236,9267
21236,9068
21233,10899
21233,24056
21233,6570
21233,6676
21233,10374
21234,3972
21237,7076
21237,16463
21237,2991
21238,8772
21238,16656
21238,2145
21238,23925
21238,15947
21241,21989
21243,21328
21243,19268
21242,20006
21242,22753
21242,18331
21147,10537
21147,12313
21147,664
21147,5781
21248,24359
21248,5486
21248,16176
21248,5893
21248,14275
21246,456
21246,6300
21246,12463
21246,18933
21249,20081
21253,7943
21253,22584
21253,2241
21253,6070
21256,24788
21256,13644
21256,24855
21256,8019
21256,3771
21255,6029
21255,3240
21255,4339
21255,18759
21255,16780
21258,5724
21258,16845
21257,18899
21257,18522
21257,14692
21262,16598
21260,15115
21260,13036
21260,13783
21260,8816
21235,6459
21235,16641
21235,10571
21235,21202
21235,15654
21252,5972
21252,4885
21252,21658
21252,56
21276,15581
21274,15867
21269,22924
21269,1891
21269,1617
21263,8379
21280,14610
21278,16065
21278,22573
21278,23777
21278,12041
21278,19174
21282,8960
21284,15398
21284,2331
21286,13098
21286,15867
21285,4486
21285,23657
21285,17134
21285,646
21272,14337
21272,19753
21272,15677
21264,14054
21266,23835
21266,4362
21266,10510
21266,24039
21266,2446
21271,2786
21267,3718
21267,2485
21267,16243
21267,2893
21288,17772
21288,5015
21288,12574
21288,12456
21288,1132
21291,13725
21294,16343
21294,17356
21294,15852
21294,17193
21295,13682
21295,19263
21295,20973
21290,10496
21290,747
21290,1779
21299,8297
21299,6946
21299,10159
21299,19198
21299,23835
21300,3157
21300,2502
21300,21520
21300,21290
21301,9815
21301,19994
21301,8379
21301,15042
21298,1446
21298,1549
21298,4862
21305,19079
21305,21336
21305,20979
21304,16502
21303,7086
21303,16915
21303,15823
21306,11980
21306,15565
21306,19511
21306,9822
21309,7338
21309,21392
21309,4430
21309,14234
21309,15299
21311,7847
21311,1790
21311,19865
21311,3427
21311,2499
21310,6041
21310,23307
21310,21712
21310,10049
21310,15740
21307,1396
21307,23924
21307,3275
21307,6320
21308,3333
21308,1512
21308,22004
21308,12070
21308,1803
21313,14404
21313,8267
21313,9812
21313,21593
21313,19166
21325,24628
21325,9252
21325,18837
21322,7557
21322,20739
21322,21069
21322,19541
21326,10443
21326,22977
21326,17959
21326,2946
21320,15700
21323,16453
21323,18240
21323,7150
21328,6992
21329,23997
21329,21347
21329,11848
21329,982
21331,6365
21331,400
21331,9525
21331,2443
21337,5826
21337,4320
21334,4456
21334,24259
21333,12360
21333,10584
21333,10688
21333,5245
21330,8627
21340,5900
21340,21677
21340,8406
21340,22544
21339,9602
21339,14020
21339,10688
21336,47
21336,10679
21336,13762
21336,19718
21342,3358
21342,12556
21342,6479
21342,16327
21342,18851
21316,21571
21316,3708
21316,1049
21321,21784
21321,9216
21321,3939
21321,17005
21321,15043
21344,15109
21344,7290
21344,24695
21324,14041
21324,23452
21324,955
21324,8950
21324,8339
21341,22206
21341,9237
21341,19695
21341,1809
21346,11350
21346,17583
21346,6997
21346,8737
21347,3045
21347,7710
21347,6717
21349,20570
21349,18636
21349,11896
21349,24692
21349,6500
21348,1792
21348,2969
21348,7350
21348,704
21351,19960
21351,13396
21351,6689
21351,21750
21352,17032
21352,7037
21352,2450
21317,24554
21317,4744
21317,9370
21356,5578
21356,11199
21354,16474
21354,15610
21355,16128
21355,4880
21355,23737
21315,12582
21315,10428
21318,8673
21318,17639
21360,14875
21360,8351
21360,2429
21368,5754
21368,15896
21368,7277
21368,11348
21368,20008
21373,21966
21370,14786
21370,22454
21374,17982
21374,13163
21374,9892
21374,14206
21376,1018
21375,2807
21375,5707
21375,23257
21375,6341
21375,5083
21377,2934
21377,13297
21377,7273
21364,5076
21364,16272
21357,6595
21381,11094
21381,21514
21381,424
21381,11002
21382,2344
21382,16409
21387,14173
21395,19569
21395,20852
21395,4857
21395,9438
21383,18626
21383,1593
21401,5883
21402,1533
21402,1124
21402,14596
21403,14422
21403,14656
21403,13653
21398,7018
21400,11912
21400,8433
21400,18798
21400,10516
21400,20371
21397,24085
21397,5173
21397,14522
21397,4351
21397,4895
21405,23701
21405,15901
21408,24218
21407,11270
21407,15555
21407,9009
21407,16445
21406,3380
21406,19490
21406,16605
21406,8669
21406,14699
21404,9494
21404,19038
21404,15286
21404,10029
21389,12412
21389,10439
21384,15558
21384,11233
21384,10580
21384,2997
21386,5408
21391,4323
21391,10573
21391,7112
21393,20794
21393,10664
21393,8638
21393,298
21393,451
21410,21791
21410,5354
21410,24395
21422,2044
21422,21092
21422,16078
21422,8676
21414,18350
21414,21644
21414,17229
21414,23395
21414,20105
21420,705
21418,4717
21418,24428
21418,519
21418,23670
21425,23395
21425,4325
21425,13997
21424,8845
21424,18974
21424,20342
21428,7760
21411,11229
21411,21347
21411,15293
21411,13463
21427,21999
21427,6476
21427,10107
21427,15937
21430,23973
21430,13636
21431,539
21431,5368
21431,15087
21431,23261
21433,12049
21415,9822
21415,7632
21415,10753
21415,17213
21436,401
21436,720
21436,4191
21436,4923
21436,15921
21413,1328
21413,18896
21413,16294
21413,1234
21417,10275
21417,14390
21417,1474
21417,6006
21417,11514
21421,15416
21421,13294
21421,2494
21421,9434
21437,14550
21437,5758
21439,3514
21439,8374
21439,14348
21439,21699
21441,23585
21441,18946
21441,21259
21441,16036
21441,81
21442,9471
21442,22092
21443,3653
21443,441
21443,5661
21443,1455
21449,17256
21449,5885
21449,273
21449,22571
21448,9577
21448,3374
21448,1446
21448,19832
21454,6558
21454,6608
21452,5348
21452,3471
21452,13053
21452,14938
21447,7467
21447,20293
21447,19508
21455,23143
21445,13297
21445,4193
21445,8714
21445,17074
21456,2385
21460,21798
21457,24589
21457,24304
21457,467
21457,15160
21463,5559
21469,7142
21465,3792
21470,8135
21470,12639
21470,21022
21462,10517
21468,6145
21477,11016
21477,10156
21467,22938
21471,22325
21471,7291
21471,22357
21471,17315
21471,22937
21481,7978
21481,13321
21480,18543
21480,5103
21480,6370
21480,18290
21480,16
21479,13973
21479,18808
21479,15364
21479,4250
21478,678
21478,6559
21478,15871
21478,15323
21478,7605
21475,3494
21475,6075
21475,3140
21475,5511
21474,12838
21472,19116
21472,4333
21472,4046
21476,296
21476,1581
21476,11790
21476,16731
21488,19803
21488,9852
21495,3818
21495,5316
21495,10410
21496,4818
21496,9836
21496,23132
21496,3065
21494,9588
21494,10664
21494,19577
21498,21202
21498,18599
21464,14026
21464,7563
21464,21036
21499,11435
21499,17723
21501,14194
21500,9690
21500,12827
21503,24573
21502,16492
21502,11147
21502,5523
21502,9241
21502,12163
21506,23148
21505,6725
21505,7049
21423,9271
21423,22646
21423,24317
21423,12751
21510,1230
21510,18707
21510,3745
21510,12315
21508,16643
21508,10293
21508,8565
21508,7557
21509,4537
21509,16444
21491,9441
21489,13246
21489,3644
21489,8315
21489,22588
21490,11482
21490,11102
21490,5574
21492,13303
21492,13287
21511,1517
21516,9107
21517,15972
21517,1626
21518,20592
21518,4668
21518,12642
21523,9381
21523,21552
21523,63
21519,19502
21519,10964
21519,21266
21519,14505
21524,12076
21524,11093
21524,4114
21520,3262
21532,10608
21532,7759
21532,12294
21532,10463
21537,7595
21537,14277
21537,11067
21537,15996
21540,24666
21540,1038
21540,5033
21534,8981
21534,14966
21534,11687
21545,5497
21543,21990
21543,23670
21543,1855
21543,10524
21546,21054
21546,19381
21546,14264
21546,14979
21547,1531
21547,19212
21544,13303
21548,8214
21548,12183
21548,4493
21549,18409
21549,14414
21525,6312
21525,3756
21525,3799
21525,21005
21552,6253
21552,3339
21552,4273
21555,7764
21555,22894
21555,5538
21555,19198
21554,9700
21554,2416
21554,21040
21554,8354
21551,842
21551,22214
21551,20895
21551,11896
21561,16560
21558,9493
21559,4890
21559,11721
21553,21522
21553,20954
21553,7397
21553,24355
21553,10501
21557,689
21557,12969
21568,8567
21568,8525
21568,13014
21568,14139
21570,14597
21570,175
21570,12154
21570,23143
21565,16181
21575,3869
21575,6120
21575,16258
21575,21109
21575,2512
21574,12293
21574,1989
21574,8955
21574,2078
21574,13008
21572,1781
21572,24769
21572,20788
21572,5516
21572,23982
21573,11804
21573,17066
21573,8638
21580,4891
21579,17385
21567,3738
21567,23545
21567,3343
21583,21004
21583,22678
21583,20729
21583,11492
21584,9987
21588,4462
21588,15069
21589,2483
21589,22972
21587,2190
21587,123
21587,19919
21587,4873
21585,12882
21585,17734
21585,16694
21585,15221
21585,22567
21590,21975
21590,4275
21591,4647
21595,2441
21595,24406
21595,22387
21593,145
21593,22625
21593,4730
21593,11589
21586,8478
21586,1412
21586,4135
21586,1989
21586,3397
21596,4839
21596,16371
21596,21633
21596,12273
21596,17022
21594,16723
21594,15046
21594,20443
21594,16458
21600,17861
21600,24621
21605,3068
21605,3662
21605,13797
21605,19440
21602,3420
21602,4474
21602,6922
21602,15339
21602,8557
21604,11520
21604,1212
21604,3965
21604,13061
21606,12282
21606,14289
21606,18439
21601,23977
21599,24092
21599,23336
21599,19980
21599,15254
21608,18134
21608,8400
21610,19722
21611,23632
21614,7377
21618,24823
21618,21003
21618,20993
21617,13167
21617,1030
21617,13912
21617,525
21615,4679
21615,15951
21615,1462
21615,10473
21615,6384
21624,1638
21624,17855
21624,9626
21623,17103
21625,10523
21625,22943
21625,20507
21631,11182
21631,20281
21631,16581
21631,15819
21629,6776
21629,2337
21634,18520
21634,5331
21633,15711
21633,8003
21633,6762
21633,9720
21635,21767
21635,16163
21635,23796
21635,12562
21638,21056
21640,21326
21639,6856
21639,24644
21639,4278
21639,11452
21643,3070
21643,15128
21643,13124
21643,4319
21644,140
21644,8033
21641,8303
21641,19688
21641,13469
21641,2527
21646,6279
21646,18734
21646,22782
21647,17906
21647,13325
21647,20811
21647,16096
21647,6422
21653,9829
21653,11007
21653,23488
21642,3731
21655,20439
21655,24925
21655,11761
21657,20730
21657,17561
21657,22857
21657,3995
21659,17814
21659,11214
21659,12996
21659,5254
21666,16795
21666,9131
21666,23972
21671,12393
21671,8878
21664,3861
21664,21940
21664,1829
21664,17352
21668,10519
21668,13700
21668,17908
21674,2566
21674,8283
21674,12513
21674,23131
21675,1667
21675,6695
21676,12982
21676,5210
21676,629
21676,22971
21677,21157
21677,715
21677,14361
21677,17137
21677,18223
21680,10593
21680,1788
21684,17690
21684,9852
21679,22041
21679,4523
21679,19717
21679,13621
21679,5488
21683,2485
21683,24222
21683,17862
21683,7841
21687,13314
21687,9900
21687,7807
21687,3847
21687,23829
21691,3601
21692,4880
21692,2654
21693,18534
21693,21345
21693,23905
21693,15899
21693,18082
21669,15819
21669,1264
21662,16565
21662,13388
21662,4413
21662,13032
21695,23387
21706,21573
21703,23418
21703,20223
21702,20568
21702,3337
21701,10549
21701,7207
21701,24664
21701,21848
21701,20025
21714,15529
21714,1193
21714,17574
21714,18200
21713,11875
21713,7902
21713,12546
21713,22015
21713,16378
21715,16055
21715,21867
21715,17552
21718,14147
21718,20022
21716,12748
21716,18163
21716,16783
21716,245
21720,5422
21720,5690
21720,3352
21719,209
21719,16467
21719,19155
21709,2222
21709,7598
21724,13969
21725,23099
21725,4267
21725,12019
21725,8878
21728,10522
21728,16408
21728,20038
21728,5806
21728,273
21729,11362
21729,18534
21729,48
21732,18874
21732,24072
21732,5496
21732,17983
21732,3068
21730,24505
21730,2068
21730,66
21730,5256
21730,6220
21700,4091
21700,3924
21711,14272
21711,7591
21711,24542
21711,7675
21711,22878
21736,21212
21737,17606
21738,22683
21738,6423
21738,21205
21738,7157
21727,14031
21727,24501
21727,21806
21727,2816
21743,23000
21743,24523
21743,17132
21742,8071
21742,13028
21741,24237
21741,9523
21726,3618
21726,22711
21726,22640
21726,5298
21707,14505
21707,13822
21707,10081
21707,13489
21707,3667
21750,23975
21749,14391
21749,20193
21749,24188
21744,21983
21751,10211
21751,10906
21754,3553
21754,6899
21754,12252
21705,8610
21705,8146
21761,3424
21761,19664
21761,12310
21765,11988
21765,24002
21765,5896
21766,2331
21766,3942
21766,16054
21766,14300
21766,23307
21768,21928
21753,993
21753,23144
21753,13269
21753,9065
21753,7796
21770,12248
21770,3620
21770,7366
21770,745
21769,7624
21769,24343
21771,13906
21771,12235
21771,13798
21771,10352
21771,19539
21759,8568
21759,3920
21759,18369
21772,7167
21772,3810
21772,22152
21772,13165
21772,21402
21777,9084
21763,21486
21763,6006
21780,7340
21780,17105
21780,22592
21778,19552
21778,446
21776,1044
21776,20016
21776,10509
21776,19597
21785,4520
21785,17495
21785,12511
21785,20482
21785,22758
21787,19632
21788,20914
21788,12579
21788,7237
21788,8496
21788,14590
21791,7171
21791,8831
21793,20764
21793,15304
21793,772
21793,23951
21793,7440
21798,10889
21760,12362
21760,20950
21802,2865
21802,19943
21803,6746
21803,5681
21795,2369
21795,20437
21795,12580
21795,9192
21795,18851
21800,15916
21800,22861
21800,5918
21800,4287
21800,17698
21807,13110
21809,8880
21809,14995
21809,19043
21809,13466
21809,7043
21812,20719
21810,13683
21810,24017
21810,8236
21810,5412
21808,22222
21808,18647
21808,2032
21815,135
21815,7672
21815,17207
21815,18428
21820,17139
21821,14968
21821,23582
21821,18421
21821,4186
21821,13957
21823,18452
21823,7720
21823,2610
21823,24697
21825,21052
21825,15080
21786,10763
21827,24072
21827,5318
21826,560
21826,11031
21826,10266
21826,7094
21826,22973
21835,8929
21835,12343
21838,19461
21833,22470
21833,11589
21833,12933
21833,4204
21841,7766
21841,9968
21841,18319
21840,2206
21840,20057
21840,22534
21840,21396
21839,13685
21839,18844
21839,2802
21839,12772
21839,20630
21842,19055
21842,17475
21794,24023
21811,7880
21811,21450
21811,11392
21844,7220
21844,15698
21847,20822
21850,16251
21850,2138
21850,4964
21849,8597
21849,15058
21849,18107
21849,9265
21849,20825
21848,16062
21848,1293
21848,17081
21848,3393
21848,20816
21853,4997
21853,23701
21845,144
21845,9295
21845,6548
21845,2931
21845,18468
21852,18924
21852,3284
21852,16791
21852,2856
21852,5114
21857,18685
21857,24749
21857,15827
21857,17313
21856,17611
21856,20703
21855,18374
21855,17750
21855,8335
21858,18177
21858,537
21858,10272
21858,13234
21859,18829
21859,21164
21859,23703
21859,545
21859,21375
21860,6851
21860,2929
21860,1193
21860,12331
21862,7877
21862,2718
21862,10363
21863,21565
21863,14365
21863,6035
21863,20713
21863,8430
21864,20450
21864,12599
21874,15409
21875,23023
21875,4556
21875,1924
21876,15298
21876,9567
21876,10718
21876,2603
21869,19527
21878,21781
21871,8501
21880,24165
21880,8730
21880,13691
21879,7088
21879,21475
21879,16925
21879,23788
21879,6670
21873,18539
21873,14466
21873,1532
21883,2728
21883,18511
21883,24423
21872,6752
21872,19264
21885,14283
21885,11723
21885,3868
21885,3731
21882,7167
21882,15369
21882,21134
21884,16764
21884,5832
21884,24017
21886,19906
21886,17723
21886,18073
21886,22566
21887,24282
21887,18652
21866,15361
21866,16951
21866,4815
21890,3593
21890,15719
21888,13889
21888,5463
21888,22401
21888,17202
21888,4587
21870,20424
21870,16898
21889,2081
21889,4520
21889,3163
21889,4534
21889,321
21891,19292
21891,6518
21891,12
21897,10994
21897,7805
21894,1033
21894,13478
21894,12735
21894,19694
21894,12915
21865,12713
21898,7183
21898,20777
21898,9301
21898,5319
21898,7597
21902,6323
21902,8355
21902,1415
21902,19427
21902,20304
21903,24976
21903,1474
21903,16906
21903,20072
21903,23384
21908,7551
21908,2042
21908,2804
21908,7668
21908,6247
21909,20085
21896,15323
21896,14090
21904,15863
21904,9880
21913,13882
21917,8251
21915,17371
21915,9306
21915,2067
21915,332
21915,3233
21923,21300
21921,4765
21921,24921
21921,1761
21921,22183
21922,15817
21922,8109
21922,11989
21922,922
21924,13070
21924,5329
21924,14342
21924,4665
21926,17338
21928,5185
21929,16372
21929,740
21929,18821
21930,13245
21930,20415
21930,14734
21930,10235
21930,20930
21931,7820
21931,5935
21931,13289
21931,18624
21932,6674
21932,11606
21933,5850
21933,21521
21933,21501
21933,19706
21933,13302
21934,7801
21937,4418
21937,1704
21937,1826
21937,4030
21935,15148
21935,19534
21935,10799
21935,150
21940,22815
21938,16345
21938,8552
21938,6090
21938,9384
21938,2456
21939,19285
21907,13782
21907,12750
21907,24384
21952,21260
21952,9402
21952,1765
21952,1836
21952,20783
21954,22190
21954,13731
21954,11655
21954,13312
21954,14254
21955,6059
21955,5076
21955,16837
21956,13954
21956,24384
21956,15963
21957,9543
21957,16670
21957,5033
21957,18775
21957,18978
21958,15792
21958,18736
21958,6869
21958,2840
21959,18723
21959,21854
21959,13660
21960,11031
21960,21735
21961,7569
21961,21319
21961,14525
21963,2549
21963,13019
21963,8709
21965,8535
21965,10853
21965,220
21965,14009
21964,24836
21962,2492
21962,8069
21962,13148
21962,21025
21968,19302
21968,400
21967,7612
21967,5318
21967,23081
21967,3578
21967,21486
21973,3485
21975,4527
21975,24201
21971,12156
21971,10993
21971,3694
21971,3900
21971,2788
21977,7405
21977,15674
21977,13594
21977,1058
21977,20621
21966,6810
21966,17003
21966,10257
21966,3317
21966,6454
21979,13148
21979,23645
21979,20762
21978,12806
21978,9047
21974,7201
21974,15591
21946,9178
21946,16498
21945,10596
21945,4088
21945,133
21945,696
21980,15045
21980,22112
21980,6968
21980,19518
21980,136
21969,16598
21969,11551
21969,18293
21969,559
21969,202
21983,19068
21983,18513
21983,18772
21983,215
21988,20153
21988,1486
21988,12495
21949,16836
21949,650
21949,6300
21949,636
21987,7817
21987,18137
21987,6449
21982,15047
22002,6848
22002,11856
22002,8740
22002,20482
22003,12429
22003,6924
22001,15751
22001,5350
22001,5460
22004,22814
22004,11758
22004,4618
22005,1834
22005,24090
22005,9274
22008,2672
22009,17371
22009,14312
22009,5263
22009,15705
22011,12661
22011,14496
22011,13294
22011,15786
22012,18552
22012,21361
22012,16200
22012,7607
22014,22516
22014,12080
22014,1074
22014,17184
22023,23676
22023,21947
22027,5729
22027,7422
22027,3644
22019,15035
22019,10277
22019,2419
22019,17282
22019,9308
22020,18813
22020,16007
22020,16197
22024,505
22024,19903
22024,19087
22024,22786
22013,9221
22025,19427
22025,19260
22025,10573
22017,16
22017,4174
22017,21720
22017,22716
21972,18403
22026,8416
22026,11255
22026,15612
22026,4511
21985,16708
21985,14620
21985,19565
21985,20144
21985,15377
21993,2678
21993,18125
21993,21976
21993,24476
21993,23136
22030,4189
22030,6719
22030,17430
22033,18363
22033,10590
22033,13422
22034,6787
22034,15916
22034,23574
22034,15141
22035,4398
22037,9196
22037,12232
22037,8954
22037,6448
22037,3229
22039,13042
22039,24031
22039,7556
22039,12652
22050,2611
22050,11187
22047,23390
22047,22269
22047,15512
22047,10231
22047,21244
22054,20959
22054,13693
22054,17452
22054,20100
22054,20364
22056,24966
22056,21290
22056,8004
22056,18050
22056,4823
22057,10377
22060,5690
22060,13511
22060,5107
22060,14408
22063,11027
22064,22387
22064,9548
22064,8728
22064,22768
22064,13850
22059,17767
22059,20354
22059,13936
22059,6801
22059,10332
22045,9279
22067,20561
22067,16254
22067,3407
22067,8317
22052,4879
22052,11445
22052,8435
22052,19187
22046,16015
22046,13399
22046,3493
22043,17563
22043,3239
22043,3222
22043,20325
22043,6608
22069,3475
22069,1877
22071,2420
22074,1634
22072,23038
22072,13675
22072,15060
22072,21251
22077,855
22077,24819
22077,9869
22077,6290
22075,22132
22075,2123
22075,3700
22075,22733
22073,22704
22073,2052
22073,17342
22080,6951
22081,5165
22079,11971
22079,4137
22079,11193
22079,8420
22082,6590
22082,15111
22082,5953
22082,21239
22082,6858
22083,19700
22083,15488
22083,22396
22083,14500
22084,14726
22084,2398
22084,5240
22084,20054
22084,15133
22086,16103
22086,14741
22086,20181
22086,6173
22089,14151
22089,3720
22089,773
22089,1180
22089,7398
22090,14848
22090,21099
22090,20134
22090,7209
22091,3017
22091,5186
22091,219
22092,17476
22092,22212
22092,17218
22095,24695
22095,20548
22094,2271
22094,1398
22094,11336
22094,16777
22094,17687
22099,3089
22099,17711
22099,6745
22109,7352
22109,16807
22109,7421
22115,21853
22115,11885
22115,12973
22115,1339
22111,14339
22111,10289
22111,5763
22111,18509
22111,6553
22117,22753
22118,22207
22107,14324
22107,11799
22120,15590
22120,12919
22120,5569
22120,502
22105,24633
22105,9175
22105,11221
22105,2637
22121,21492
22121,22814
22124,12307
22124,2531
22124,610
22125,11794
22125,9841
22125,15743
22125,156
22097,6404
22126,19492
22126,10138
22126,10253
22127,2356
22127,13655
22127,21992
22127,5860
22127,19417
22129,3868
22129,496
22129,11266
22129,3462
22130,5420
22130,4009
22130,14621
22136,15148
22136,22282
22136,5031
22136,24656
22136,15220
22141,13288
22141,21658
22141,14771
22141,1048
22141,17193
22134,23062
22133,20563
22133,8468
22133,18098
22102,21348
22102,12696
22102,7039
22102,3998
22102,5228
22143,17037
22143,1506
22148,11449
22148,4314
22150,22368
22150,9429
22150,9698
22147,11419
22147,1739
22147,9901
22151,10187
22153,19704
22153,23510
22153,23559
22152,5268
22152,10859
22152,15512
22152,2938
22157,10144
22154,21710
22158,4866
22158,668
22156,10790
22156,21575
22156,23028
22156,1077
22156,16633
22162,10515
22163,9964
22163,6044
22159,23310
22159,23381
22159,24860
22159,12360
22159,21811
22166,4259
22166,23960
22166,10395
22166,17806
22168,1547
22145,13525
22145,9304
22169,22698
22169,23120
22164,15423
22164,21662
22164,14997
22164,19722
22164,24107
22170,7249
22170,23952
22170,21773
22170,5154
22171,13383
22171,8005
22171,1996
22171,20547
22172,1785
22172,6998
22172,18950
22172,21465
22175,9192
22175,10404
22175,19242
22175,9953
22173,19461
22173,13394
22173,10862
22173,14282
22176,13839
22176,17740
22176,4685
22176,10673
22177,17050
22177,13122
22177,23606
22178,24888
22182,2618
22183,22887
22186,20668
22186,14736
22186,5078
22186,18792
22186,17069
22190,18427
22190,17610
22190,9101
22194,14563
22194,19511
22192,22571
22192,17395
22192,19970
22192,2924
22195,24098
22195,16974
22195,10317
22195,6801
22197,1456
22197,23919
22185,21488
22185,16452
22185,12594
22185,5478
22205,13970
22205,4108
22205,23641
22205,11202
22205,3513
22210,23628
22210,17476
22210,19153
22210,1168
22212,12613
22212,10622
22212,7826
22212,11627
22212,19764
22213,17302
22213,1014
22213,13587
22213,7313
22213,2420
22202,19691
22202,5549
22202,4046
22202,19546
22202,5268
22201,2482
22201,2722
22201,16019
22201,23024
22201,7844
22216,10235
22216,2118
22216,2424
22228,19885
22229,10365
22229,22637
22229,19070
22229,18642
22218,1351
22218,1945
22231,8828
22221,588
22221,19825
22221,6683
22221,15510
22224,2183
22224,8859
22224,24981
22233,17357
22233,816
22233,1895
22236,7956
22236,1051
22235,4994
22235,7536
22235,24011
22238,21439
22238,8398
22239,9905
22239,1366
22239,21506
22239,24049
22240,10943
22240,5939
22240,12395
22217,12013
22217,20293
22217,19271
22217,3939
22243,8504
22243,5531
22243,13255
22243,24072
22242,19396
22242,6667
22242,635
22242,20669
22246,13328
22244,14238
22244,12335
22244,14580
22244,17583
22244,10451
22226,14190
22223,2171
22223,5817
22223,21517
22223,4049
22223,10288
22219,22073
22219,18992
22219,10217
22252,9341
22252,18707
22256,540
22256,1340
22256,9454
22255,2785
22255,4384
22255,17539
22255,16210
22260,17928
22254,20025
22254,22416
22254,110
22254,14489
22254,8719
22261,24076
22262,16670
22265,14979
22265,23269
22265,6965
22265,9216
22268,23668
22267,10081
22267,8525
22267,16161
22267,9551
22259,16545
22276,5690
22276,7574
22276,448
22276,19243
22276,19278
22272,9968
22272,3995
22272,6832
22272,24835
22273,4095
22273,17886
22273,22907
22273,23081
22273,20293
22274,19720
22274,15748
22274,10077
22274,20501
22283,15390
22283,23446
22283,12252
22284,2454
22284,5211
22284,15626
22285,17689
22285,558
22285,11116
22288,21203
22287,16286
22287,6255
22287,8526
22291,16018
22291,5313
22291,15868
22291,19581
22291,7880
22290,22178
22290,5012
22290,16608
22290,5999
22279,1632
22279,11801
22279,7105
22279,10695
22279,13843
22294,10142
22294,24295
22294,4070
22294,10555
22294,9114
22297,3784
22297,15915
22297,14534
22297,17599
22278,12411
22277,207
22277,24410
22277,8051
22275,19034
22292,5118
22292,6672
22292,23701
22302,18170
22302,2253
22302,16926
22303,14396
22303,3495
22303,23652
22304,24752
22304,16163
22304,2877
22304,6080
22304,15764
22305,8104
22305,425
22305,13753
22305,2749
22305,24615
22309,43
22307,1919
22307,3524
22307,9354
22306,21388
22306,19744
22306,9174
22306,22436
22306,14737
22310,5228
22310,15076
22310,1383
22310,10947
22310,5316
22311,12812
22311,19707
22311,9783
22311,20165
22311,15053
22320,20937
22317,24659
22317,21182
22317,14725
22329,21165
22329,5096
22329,4703
22328,24739
22328,38
22328,3878
22328,1308
22328,22675
22331,14933
22333,16216
22334,19041
22334,8177
22334,10594
22334,3694
22337,11622
22337,15355
22323,6186
22323,15828
22323,21541
22323,17870
22316,9901
22313,12565
22313,14779
22313,22009
22318,14846
22318,20286
22347,21515
22347,16729
22347,13079
22346,6394
22348,1142
22348,4502
22348,705
22350,24667
22350,3895
22350,6790
22351,23700
22352,16601
22352,12250
22352,7607
22355,6454
22353,21438
22353,23357
22354,16436
22354,2902
22354,13404
22358,6001
22358,12311
22359,2243
22359,22492
22338,21391
22338,2902
22340,18457
22340,4837
22373,17966
22373,20975
22373,3733
22373,13139
22372,7539
22372,19986
22372,3949
22374,5860
22374,7397
22377,17111
22377,302
22377,11490
22375,7460
22370,4603
22370,14627
22370,23906
22370,417
22370,15291
22376,17597
22376,12747
22367,18450
22361,3244
22361,24931
22361,6965
22361,5083
22361,17046
22380,8220
22362,3077
22362,14357
22386,4177
22386,14362
22386,9554
22386,21366
22386,3005
22363,16979
22363,5684
22363,21104
22392,7191
22392,13125
22396,11474
22396,719
22391,10176
22391,7934
22391,4769
22391,21166
22391,8706
22385,10111
22390,11764
22398,11502
22397,4255
22394,6491
22394,17068
22394,18227
22394,13335
22399,20127
22399,18971
22400,16288
22400,2118
22400,6718
22402,21495
22406,16455
22406,11468
22406,24883
22408,11811
22408,18066
22411,5239
22411,12235
22411,10502
22411,9437
22410,11070
22387,18998
22387,8961
22387,17944
22387,7785
22387,10486
22422,5303
22422,6361
22422,18852
22422,11293
22422,7358
22418,22088
22425,10695
22425,12863
22425,2729
22425,9292
22412,2806
22412,9341
22412,20903
22429,21710
22414,511
22414,9212
22414,7247
22414,11674
22414,17760
22431,24754
22431,14627
22431,6910
22434,4723
22434,10460
22434,6510
22434,6355
22435,15497
22435,13637
22437,583
22437,21187
22437,16338
22438,8327
22438,565
22440,9735
22440,14973
22440,9043
22443,12864
22443,5679
22443,19869
22446,11373
22446,8391
22446,16087
22446,15549
22415,5435
22415,8015
22415,13558
22415,2097
22415,6774
22448,12779
22445,21647
22445,6404
22445,9038
22445,24623
22451,23737
22451,22655
22454,941
22459,16671
22466,2209
22466,18212
22466,17424
22469,5786
22469,4323
22469,1058
22469,19852
22470,11485
22470,22381
22470,16171
22470,3493
22472,5448
22472,4577
22467,6086
22467,1190
22467,11091
22467,14571
22473,17723
22473,13292
22471,21651
22471,24954
22471,8310
22471,20519
22471,7759
22457,7967
22457,19979
22462,9378
22462,16671
22462,12070
22463,15562
22463,15251
22464,13380
22464,16101
22464,11991
22474,21765
22474,14806
22474,21582
22476,5014
22476,4922
22476,17532
22479,9456
22479,2747
22479,13118
22478,6399
22478,22071
22486,20594
22488,11629
22485,9836
22485,12723
22489,4427
22490,23015
22490,4514
22490,7041
22490,2852
22491,15512
22491,13711
22492,12944
22492,588
22492,2442
22492,13742
22492,3631
22495,8325
22493,9038
22493,8719
22493,9614
22493,10448
22493,21181
22494,488
22494,6543
22494,21237
22496,6890
22484,1112
22484,11531
22484,3274
22484,1192
22484,6745
22501,10487
22501,24999
22501,7374
22503,23638
22499,22914
22513,20111
22514,13597
22514,7941
22516,21104
22516,7490
22516,14182
22516,11916
22521,16127
22521,13554
22520,20606
22520,11907
22520,6933
22519,21580
22519,15566
22519,9953
22519,5844
22524,4616
22524,10330
22524,9750
22526,8356
22526,19522
22526,2441
22526,24887
22505,12878
22505,1098
22505,15038
22505,20714
22525,18316
22525,3260
22525,4101
22525,1220
22528,21190
22531,2114
22534,9478
22533,87
22533,15810
22533,23998
22535,19182
22532,21604
22532,19916
22532,1229
22532,21127
22532,16564
22508,23968
22508,8330
22508,11674
22508,22881
22508,22698
22510,14737
22510,7218
22510,5743
22510,6921
22538,21683
22538,19568
22502,3499
22502,11068
22502,361
22539,6850
22539,15202
22539,16144
22539,11817
22536,1907
22536,6577
22536,22333
22500,11983
22500,1033
22500,15402
22543,3284
22543,9889
22543,325
22543,3390
22541,18918
22541,1072
22541,16407
22541,7699
22530,5667
22507,1929
22507,6907
22507,3602
22507,18499
22453,21341
22453,14590
22453,7408
22453,14188
22453,4101
22546,111
22546,6413
22549,24979
22549,4663
22549,4698
22550,7253
22550,6761
22550,1010
22550,13583
22550,10137
22547,7219
22547,6876
22547,11290
22551,686
22551,21264
22551,2609
22551,13062
22554,6244
22554,4751
22554,5686
22553,22428
22553,22010
22553,16975
22553,926
22553,22647
22552,9792
22552,17184
22552,17965
22552,1565
22552,22983
22557,835
22557,600
22557,2944
22559,16272
22559,23242
22559,12033
22559,19481
22559,21818
22556,2953
22572,9308
22572,6220
22567,19293
22573,20266
22573,13737
22573,14050
22574,24349
22575,14983
22575,13597
22569,15667
22569,18097
22569,19812
22569,23282
22581,21042
22581,12442
22582,14387
22579,4653
22579,22701
22579,10751
22583,7532
22584,12082
22584,21676
22566,2181
22566,9832
22566,1094
22586,3239
22586,22994
22586,10640
22586,7198
22561,14486
22561,12637
22565,15252
22565,17265
22565,10823
22565,7125
22580,19704
22562,17914
22562,23276
22563,10668
22563,846
22568,22881
22568,9216
22570,22274
22570,4621
22570,3445
22570,20982
22570,18461
22587,10561
22587,21981
22587,8360
22587,24806
22587,22585
22590,4779
22590,9069
22590,22716
22590,10912
22591,17932
22591,21665
22594,5203
22594,12414
22589,19360
22589,20608
22589,20464
22589,24109
22589,12835
22598,23387
22598,4204
22598,1721
22599,14823
22599,19871
22601,13321
22601,7302
22601,3101
22601,4999
22600,7841
22600,20387
22600,20471
22602,4801
22602,12385
22602,15559
22602,6182
22602,5535
22592,5651
22592,24099
22592,1507
22604,13172
22604,10848
22604,10287
22604,12745
22604,18891
22606,18394
22606,19523
22606,18933
22606,5951
22606,12937
22618,10458
22618,24669
22607,14527
22607,15896
22607,3855
22607,23474
22617,4052
22617,9490
22608,17141
22608,14790
22608,4094
22620,9659
22621,16597
22621,10635
22621,7018
22621,22816
22619,16507
22619,1805
22619,10683
22619,20314
22622,21711
22622,14904
22622,13420
22622,17076
22624,10615
22624,534
22623,16892
22623,1216
22623,23771
22623,14181
22623,14724
22625,11912
22625,14246
22625,17594
22626,16109
22627,14748
22627,8420
22630,16193
22630,868
22630,4178
22630,19599
22630,11212
22631,17789
22633,1746
22632,18971
22632,3416
22632,424
22616,10719
22614,24928
22614,23751
22614,12777
22614,2005
22614,18804
22615,16121
22615,3050
22615,17792
22615,24694
22636,23665
22636,11466
22638,22378
22638,18311
22638,14403
22638,15154
22611,10226
22611,15294
22611,17419
22611,6357
22634,5596
22634,19550
22637,1014
22637,16946
22640,18151
22610,6163
22610,14010
22610,14022
22641,22444
22641,24614
22644,17673
22644,15264
22642,2558
22642,4258
22646,18788
22646,21891
22646,4267
22645,17811
22645,2030
22645,11637
22645,6871
22645,9518
22649,17996
22649,10203
22654,2231
22654,2649
22653,4418
22653,486
22656,24017
22656,9227
22656,2266
22657,17003
22657,18484
22655,14948
22655,14657
22655,18953
22655,19583
22658,10810
22658,6165
22659,3087
22659,7899
22650,872
22652,292
22652,19345
22652,21091
22652,17297
22660,23839
22660,13405
22661,15317
22661,17450
22661,1261
22661,16038
22661,4464
22664,22851
22664,15892
22664,3271
22663,534
22663,2619
22651,2104
22651,10318
22651,23740
22651,14881
22667,19436
22667,24272
22666,15095
22666,1835
22666,18053
22666,8725
22666,7094
22674,10026
22674,7126
22673,293
22673,24626
22673,21332
22673,1526
22673,21652
22675,2893
22675,15508
22676,4350
22678,3761
22678,5840
22678,19714
22677,2072
22677,24063
22677,5099
22677,18945
22679,4900
22679,17683
22681,17803
22681,1591
22681,3092
22681,765
22681,10532
22692,4692
22692,6109
22692,7646
22692,8141
22692,18853
22694,19736
22694,22132
22694,20267
22694,6747
22697,9151
22697,18723
22697,17614
22697,920
22697,4624
22699,10329
22695,8917
22695,23112
22695,11652
22695,15780
22698,17399
22698,5602
22696,14263
22696,22900
22696,4353
22696,21019
22684,2359
22700,19274
22700,20604
22705,24406
22690,6436
22690,4354
22690,6747
22690,22095
22708,20526
22708,8766
22703,24182
22703,18836
22703,10220
22703,20269
22703,3175
22707,8443
22707,4355
22707,18072
22707,18707
22709,10677
22709,15254
22709,22961
22709,18866
22709,1337
22713,11771
22713,8285
22715,5536
22716,14990
22723,13245
22723,2159
22723,33
22723,24793
22723,13251
22721,3742
22721,10225
22721,13546
22721,6831
22724,11438
22724,10814
22724,9300
22724,7442
22724,16302
22719,20830
22719,6333
22719,14830
22726,5518
22726,17092
22726,10976
22720,24302
22720,16735
22720,3572
22720,18707
22727,14597
22727,22945
22727,5063
22727,24121
22729,12458
22730,12453
22730,15882
22733,16241
22733,4352
22733,2764
22733,3806
22733,7980
22735,12765
22735,9209
22735,23965
22735,2331
22735,19049
22738,10433
22738,8285
22740,686
22739,17349
22739,13767
22739,17788
22739,14376
22739,8281
22744,22426
22743,9513
22743,4395
22745,3239
22745,11553
22745,24372
22745,22716
22745,18969
22748,2468
22748,3640
22748,22771
22748,12259
22752,23335
22752,11703
22750,9617
22750,12176
22750,12299
22750,24944
22736,10800
22736,12156
22736,3504
22736,2366
22736,19864
22756,14867
22756,11872
22756,723
22758,12315
22759,18952
22761,22879
22761,3581
22763,6209
22763,2177
22763,9752
22753,23117
22753,4417
22753,18525
22764,13447
22764,23195
22687,22226
22687,13711
22687,13549
22687,5173
22755,16001
22755,11108
22755,16668
22755,5763
22755,11184
22686,3901
22686,3114
22686,7489
22725,16838
22725,14184
22725,12162
22725,7434
22725,12830
22746,18830
22746,25
22746,10301
22746,4775
22746,21662
22768,12648
22768,18924
22768,21656
22778,3485
22779,15898
22781,17496
22780,14154
22780,18820
22780,1168
22780,53
22783,10166
22783,13274
22783,1424
22783,24940
22783,1889
22787,18988
22787,21616
22787,21171
22787,21949
22790,5441
22790,1229
22765,12666
22765,1771
22765,3312
22765,24511
22769,1966
22769,23844
22769,6891
22769,11896
22769,16722
22794,19331
22794,24212
22793,12360
22801,17582
22801,24950
22802,5435
22802,23524
22802,2031
22802,20225
22800,17792
22800,19509
22800,7274
22800,14332
22804,2720
22804,14049
22804,3539
22806,7496
22806,14831
22806,15996
22806,8517
22806,4655
22792,22050
22792,990
22792,20824
22791,16186
22791,15825
22772,23775
22774,11631
22774,871
22774,22975
22774,13850
22814,17719
22814,13762
22814,8472
22823,9189
22823,12180
22823,16979
22825,3853
22825,8741
22825,9952
22825,24069
22826,5729
22826,7125
22826,24630
22826,14287
22827,22819
22827,24303
22827,11853
22827,10547
22828,22347
22828,7191
22828,20817
22829,15523
22829,12626
22829,2688
22829,22752
22832,5939
22832,2891
22832,23161
22832,7692
22830,20980
22830,15803
22833,16031
22833,1323
22833,22740
22837,7842
22837,22142
22815,19264
22818,21286
22818,10326
22818,2046
22818,9499
22813,22462
22813,20668
22813,2982
22813,20313
22813,7651
22811,17678
22811,23635
22811,17355
22811,10088
22811,14485
22809,8615
22809,19140
22841,14518
22841,21099
22841,19857
22841,10241
22843,6575
22844,21459
22844,7923
22844,18190
22844,8691
22845,11077
22846,10108
22846,17035
22846,16516
22846,20259
22846,24612
22849,2849
22849,4401
22849,16395
22851,13308
22851,7150
22852,350
22852,7807
22852,12731
22848,23025
22848,9524
22848,21360
22848,246
22847,9062
22847,12502
22856,22676
22863,18756
22863,6592
22863,20567
22863,8860
22855,16039
22865,24400
22865,14597
22865,7039
22858,13074
22858,8849
22858,19073
22858,11157
22858,4228
22857,6823
22857,20052
22857,4471
22870,23939
22870,24022
22870,3691
22867,15251
22867,12552
22867,8667
22867,17711
22869,22333
22869,2298
22869,11987
22869,15296
22869,683
22874,9831
22874,21431
22874,9693
22874,12959
22877,13535
22877,11461
22877,16618
22877,6273
22879,6970
22879,6049
22879,10000
22878,5243
22878,17581
22878,24003
22878,4832
22878,12297
22873,20944
22873,19981
22873,23010
22884,18521
22884,16240
22884,22761
22884,23997
22884,10950
22894,24576
22894,15099
22895,5807
22895,70
22895,1806
22882,1058
22896,14255
22896,14104
22896,18233
22887,5160
22887,4350
22887,23050
22887,5078
22893,4867
22893,21310
22899,9343
22899,24977
22899,68
22899,5715
22902,10924
22902,413
22902,13683
22902,12698
22902,12473
22888,14341
22888,1186
22888,2668
22906,9029
22906,8725
22906,12475
22906,22040
22906,2147
22909,8351
22909,4560
22904,11868
22904,5722
22904,18033
22889,14051
22889,16051
22889,2658
22889,8132
22891,15028
22891,720
22891,14871
22898,22065
22898,7475
22898,1031
22898,18140
22886,197
22886,5800
22886,17732
22886,22304
22885,21436
22890,7242
22892,19487
22892,15819
22892,20477
22892,18209
22892,10383
22915,10196
22911,2491
22911,8687
22911,9597
22911,15303
22913,20816
22918,2298
22921,800
22921,10981
22923,67
22923,13825
22924,7185
22920,7215
22920,11283
22930,17374
22930,6891
22933,6547
22933,2312
22927,5078
22927,23092
22934,274
22934,22503
22939,10161
22939,14339
22937,9954
22937,1412
22937,23801
22937,17732
22937,7783
22940,20955
22940,2264
22940,24889
22940,6660
22940,17193
22941,21652
22941,4126
22942,8262
22942,14113
22938,5758
22938,11375
22938,18444
22943,22053
22943,20406
22943,18821
22943,6453
22943,2183
22944,6591
22946,20389
22946,23664
22945,24398
22948,2160
22948,15431
22956,2533
22953,13793
22953,22846
22953,15463
22953,23922
22953,5817
22962,18025
22962,11171
22962,17565
22965,23471
22969,10993
22969,8796
22969,19807
22969,13907
22972,425
22972,13867
22967,4029
22971,4599
22971,12937
22968,1360
22968,18163
22968,4350
22968,640
22970,473
22970,21247
22964,18697
22975,19133
22975,18669
22975,852
22975,23461
22975,24646
22977,4009
22977,392
22977,4199
22977,21574
22977,14724
22973,12234
22973,11906
22973,18169
22979,3170
22979,2650
22979,15782
22979,19102
22979,17408
22983,1845
22983,14225
22983,16824
22958,18779
22984,918
22984,22091
22982,23216
22982,18578
22982,12391
22982,18721
22982,13365
22985,24903
22985,13888
22985,739
22985,6148
22986,23332
22986,4759
22986,20479
22987,5369
22987,20182
22987,6119
22987,11126
22991,24256
22990,21550
22990,2012
22990,1563
22990,8073
22988,20696
22988,23599
22988,8948
22988,19676
22997,6870
22997,23963
22997,9253
22997,7198
22998,6137
22998,22112
22998,209
22995,12886
22993,18027
22993,7886
22993,15361
22993,24770
23011,14756
23012,15976
23012,15228
23012,24999
23012,6394
23007,18234
23008,7148
23008,13244
23008,10239
23008,2640
23008,19595
23002,3629
23002,20889
23013,23410
23013,24730
23013,9550
23013,12936
23013,11364
23020,4170
23020,1072
23020,1704
23020,18637
23021,23722
23021,7684
23021,1487
23021,3345
23021,22853
23019,11192
23019,6755
23023,24745
23023,12264
23023,18104
23023,13628
23014,9447
23014,4204
23024,11965
23024,6784
23018,16638
23018,14960
23018,15618
23025,8111
23022,14138
23022,12896
23022,20831
23022,6707
23027,6170
23027,6228
23027,11133
23027,20929
23027,8175
23029,8000
23029,16069
23029,3262
23034,16736
23034,9375
23034,19623
23034,5540
23035,21662
23035,897
23035,5339
23041,20331
23041,9047
23041,15977
23041,3611
23041,652
23038,17320
23038,20883
23038,16249
23045,16433
23045,3769
23045,8995
23044,16267
23048,14212
23048,19374
23048,19760
23048,10018
23048,20389
23060,7777
23060,20167
23060,17564
23060,19460
23060,18870
23061,12346
23063,5548
23063,6870
23063,24906
23046,3467
23046,23741
23046,18242
23046,12908
23046,5437
23062,18073
23062,11489
23062,5116
23047,13568
23047,1964
23047,20560
23047,23600
23047,19439
23069,2548
23069,6637
23069,17059
23070,6613
23071,852
23071,4321
23071,9520
23071,10958
23053,20433
23053,15471
23053,16054
23053,9876
23055,18131
23055,5727
23054,23740
23054,934
23054,8163
23050,5886
23050,7373
23050,24157
23050,20785
23067,16515
23067,15754
23067,5265
23067,19084
23067,18921
23073,19205
23073,16790
23073,22131
23073,13627
23073,22307
23065,11134
23086,11611
23086,19645
23086,9558
23086,16373
23088,23075
23088,22117
23083,18858
23083,1750
23089,17408
23089,17213
23089,560
23089,24245
23089,10448
23090,1536
23090,22641
23090,19848
23090,12964
23090,14541
23091,16504
23091,12381
23091,21731
23094,14663
23094,24786
23094,21678
23093,7531
23093,17283
23093,1692
23093,3684
23093,3645
23099,8638
23099,16331
23099,17207
23100,6910
23100,3691
23103,20855
23103,17173
23103,21384
23097,8595
23097,15268
23097,17463
23097,1045
23097,6161
23109,23815
23109,15100
23109,11206
23109,261
23109,11115
23112,23343
23112,10362
23112,18441
23112,1565
23112,18146
23111,4509
23111,22604
23111,16701
23118,5883
23118,327
23118,18563
23118,2771
23118,15455
23120,1765
23120,14491
23120,12608
23120,18808
23119,10751
23119,14238
23119,18210
23119,655
23124,4627
23124,16521
23113,14871
23113,20734
23116,1487
23116,11978
23116,2034
23123,24637
23123,7102
23128,371
23128,6773
23128,11691
23128,7141
23131,6376
23131,22648
23117,17956
23117,24354
23117,24540
23117,23729
23141,7602
23141,21137
23141,9736
23140,19583
23140,1985
23140,13931
23133,4996
23133,2142
23133,22977
23133,24291
23133,4422
23136,10304
23136,7123
23136,13454
23136,4036
23130,17447
23134,1072
23134,12049
23146,4091
23145,9243
23149,15176
23149,6206
23148,8351
23148,11539
23150,2605
23151,189
23152,5431
23152,21210
23152,15561
23152,8873
23154,10001
23155,17331
23155,11499
23155,14166
23157,7902
23157,16757
23158,14827
23158,5898
23158,5340
23158,19546
23142,51
23156,11161
23156,11893
23156,14487
23138,14745
23138,19977
23138,4175
23138,5349
23138,11689
23137,13528
23137,6680
23137,5637
23137,12608
23165,1111
23167,14475
23167,1587
23139,13977
23139,19980
23139,16518
23139,13302
23139,11007
23168,23040
23168,16401
23168,1606
23168,17798
23164,6352
23164,17485
23164,10617
23164,16547
23166,10301
23166,6379
23170,23552
23170,12458
23170,7323
23170,21502
23173,7885
23173,12272
23173,23061
23173,6109
23171,22067
23171,6874
23171,18220
23171,14934
23171,8330
23175,15006
23175,6849
23175,18051
23175,12835
23176,20311
23176,7110
23176,9216
23172,13536
23172,5431
23177,21427
23177,15084
23177,10309
23177,7973
23177,24759
23169,11270
23169,16895
23169,21499
23169,1160
23169,15496
23180,5591
23182,17544
23182,20414
23181,3506
23181,5112
23193,19378
23193,18052
23193,2759
23193,15346
23194,14902
23194,14026
23195,24106
23195,5478
23195,1424
23195,10353
23198,5826
23198,19105
23198,12819
23202,14214
23202,5099
23203,1302
23203,14543
23203,3485
23203,11982
23203,1308
23209,1368
23209,16537
23209,15976
23209,22629
23209,19902
23190,7883
23190,5909
23190,4612
23190,9009
23190,12989
23183,11924
23183,8023
23183,22337
23183,1793
23184,19808
23184,16387
23184,24841
23208,7365
23208,17767
23192,3850
23192,9227
23191,20990
23191,11737
23191,20911
23214,3369
23214,12887
23213,9003
23213,7318
23213,206
23213,7145
23213,4389
23211,22923
23211,2185
23211,9531
23211,20186
23211,11789
23215,7708
23215,21667
23215,19618
23215,12318
23212,15995
23212,3583
23212,4553
23212,2073
23212,5089
23216,23077
23216,1625
23216,11273
23220,14262
23219,8863
23219,16810
23219,1934
23219,17387
23219,18691
23222,7034
23221,17217
23223,5707
23231,5627
23231,1835
23231,7467
23225,1610
23225,4627
23225,22155
23225,11910
23225,6442
23228,22193
23228,902
23228,678
23228,1680
23233,24895
23234,15744
23234,2474
23232,11657
23232,22807
23232,11296
23235,13012
23235,9367
23235,269
23235,18128
23239,19359
23239,3555
23239,15679
23227,10206
23227,19905
23227,7802
23227,7764
23227,18283
23240,4530
23241,381
23241,23491
23244,965
23242,22542
23242,8676
23242,13029
23229,1557
23229,3960
23229,21028
23248,11481
23248,14118
23248,6455
23248,4891
23248,15448
23250,12813
23251,12282
23249,15001
23253,5683
23253,20463
23253,18929
23246,20399
23246,11458
23252,12888
23252,12347
23256,10754
23256,7387
23256,17711
23256,7346
23257,2057
23257,2108
23255,2900
23245,21070
23245,16147
23259,2067
23259,12877
23259,15396
23259,2345
23261,16128
23261,10720
23261,21167
23263,17527
23263,5034
23263,22963
23264,1823
23264,8409
23264,13955
23264,21954
23265,13667
23265,11131
23265,17920
23266,9233
23266,18439
23268,21383
23267,24856
23267,13412
23271,15333
23270,23275
23270,12856
23270,1843
23270,1209
23273,14289
23273,7055
23272,22733
23272,2082
23272,7068
23272,24363
23272,16381
23280,7220
23280,5786
23280,15380
23280,5948
23280,7659
23287,9955
23287,20430
23287,14486
23285,6102
23285,6007
23285,3181
23285,7748
23289,6765
23289,15414
23290,1663
23291,4420
23293,14129
23292,14891
23294,23798
23294,12262
23298,19695
23298,5173
23299,20378
23299,17611
23299,14156
23299,17628
23283,20902
23279,21303
23279,4548
23279,18952
23279,4912
23279,19087
23277,20228
23277,9279
23281,4696
23281,7501
23281,1490
23301,3129
23301,15766
23301,19216
23301,23370
23301,11281
23304,21529
23302,11385
23302,12459
23302,15339
23278,4893
23278,6740
23278,21150
23305,352
23305,15328
23303,5090
23303,10313
23303,12207
23303,13961
23319,61
23316,18730
23316,13146
23316,11573
23316,21918
23317,19360
23307,23805
23307,6173
23307,5202
23318,15329
23323,18082
23321,24239
23321,4225
23326,6805
23325,9291
23325,3441
23325,8768
23325,15211
23325,5339
23329,19499
23308,8597
23308,20826
23308,10446
23334,19422
23334,22612
23311,1277
23311,16779
23311,5745
23311,8806
23337,3026
23332,19050
23332,13801
23310,20102
23339,1945
23339,10561
23339,11229
23339,1605
23336,18683
23336,12751
23327,470
23327,12772
23327,2425
23331,19093
23331,22568
23331,24283
23331,3067
23335,18409
23335,1068
23335,21065
23313,7883
23313,14772
23313,5800
23313,257
23313,4043
23312,16935
23312,19264
23312,451
23312,14996
23341,19485
23341,7025
23346,19968
23346,5495
23343,6845
23343,15963
23343,6682
23354,16897
23354,24819
23347,9010
23347,4846
23356,3452
23356,18096
23356,8632
23357,6490
23357,10317
23357,16264
23357,15443
23342,12234
23342,8564
23342,5559
23342,9847
23359,23506
23359,21050
23360,22770
23360,16933
23363,16952
23363,11594
23350,9522
23350,19682
23352,12199
23352,11330
23352,3759
23353,19529
23353,18655
23353,2725
23353,16046
23353,4150
23351,4807
23366,8605
23366,2926
23366,2797
23366,17154
23362,15744
23362,24944
23362,11501
23368,2290
23368,1183
23368,23801
23368,19569
23365,241
23365,8552
23365,13062
23365,12331
23370,19613
23370,2116
23370,5846
23372,18326
23372,5069
23372,3998
23372,22207
23372,15606
23367,15231
23367,16308
23371,3542
23371,2129
23371,12508
23371,9614
23371,14157
23373,7718
23373,13296
23373,13907
23374,21148
23374,10809
23374,12443
23374,10050
23374,17472
23378,17145
23379,14696
23379,4332
23379,4070
23382,22077
23382,854
23382,6579
23382,13855
23382,13179
23381,23482
23381,12093
23381,13101
23381,21237
23385,3498
23385,7365
23385,7152
23383,1057
23383,20863
23383,12917
23383,6610
23383,11816
23390,18840
23390,9489
23390,19279
23391,22191
23391,9237
23391,3861
23391,9376
23392,17303
23392,8456
23392,8690
23392,5375
23396,3766
23395,12911
23395,2815
23398,21326
23398,23852
23398,2647
23398,19675
23399,14632
23399,21983
23400,12527
23400,4713
23400,14401
23400,11138
23400,7033
23405,18492
23405,18155
23406,10436
23406,2306
23406,1790
23406,21953
23406,11431
23409,12552
23409,16147
23409,14815
23410,18922
23410,13430
23410,22999
23411,1180
23412,7466
23412,17885
23412,3643
23413,24427
23413,2951
23413,4404
23413,9650
23415,20510
23415,18104
23415,6544
23415,13710
23415,13363
23419,3194
23420,18654
23423,4809
23423,14791
23422,5441
23422,9510
23422,2441
23422,11890
23422,636
23428,3971
23425,16966
23425,17284
23427,2620
23427,13197
23427,4914
23430,9343
23430,13433
23430,24825
23430,20965
23430,1055
23432,5150
23431,17537
23431,75
23431,6321
23431,12115
23438,17635
23436,20548
23436,4660
23436,1382
23434,2502
23434,9947
23434,1462
23434,3943
23434,9106
23446,8562
23446,14994
23446,19302
23446,12880
23447,18872
23435,17107
23435,14670
23435,3088
23435,10483
23437,22915
23437,14615
23437,11731
23441,2303
23441,22678
23454,16307
23454,9423
23457,9308
23457,430
23439,14622
23439,7988
23439,3651
23439,8022
23443,24173
23443,2586
23443,21169
23440,20441
23440,18882
23442,11664
23442,17852
23442,337
23442,6651
23445,2511
23445,5028
23445,4279
23456,17791
23456,19178
23456,5465
23456,10888
23456,15620
23444,4344
23444,11872
23444,7529
23444,6644
23448,6644
23448,22893
23448,7980
23448,17023
23449,20255
23449,15444
23449,6025
23450,5957
23450,5295
23450,378
23450,8393
23450,280
23463,9588
23463,7554
23463,2440
23463,4685
23463,22646
23465,12319
23465,20976
23465,22269
23467,8138
23467,1993
23467,24515
23467,10398
23462,3128
23462,21195
23462,15177
23462,17468
23462,9990
23469,1780
23469,15092
23469,18559
23469,4645
23470,22836
23470,6515
23470,15458
23470,18823
23471,21932
23471,23392
23471,16340
23471,17430
23474,10536
23474,14435
23474,4741
23475,24590
23475,9628
23466,8777
23466,19335
23466,5050
23466,24810
23472,15867
23472,10661
23472,6979
23472,9357
23477,9344
23477,4850
23477,17875
23479,6179
23479,20113
23479,6587
23479,6577
23479,8570
23478,1976
23478,20302
23478,18166
23478,938
23478,9276
23480,7356
23468,23343
23468,2522
23468,1143
23482,4784
23482,13008
23481,18287
23481,18653
23481,19736
23481,4177
23481,4537
23476,24851
23476,23571
23476,24896
23483,22948
23483,20769
23486,10102
23486,12668
23486,24967
23486,6486
23487,20331
23487,12430
23487,10707
23487,11539
23487,11674
23490,23452
23490,9091
23489,5188
23489,16488
23489,9011
23491,19968
23488,23854
23488,12709
23488,14153
23488,8266
23488,6704
23485,19206
23485,24552
23497,9977
23497,23874
23497,9611
23500,8088
23501,4950
23501,8472
23501,5979
23498,17800
23498,12776
23498,6210
23498,15639
23498,23464
23503,12798
23502,3883
23502,10832
23502,6284
23504,10143
23505,13084
23505,10269
23505,24562
23512,14412
23512,17435
23512,3677
23513,88
23515,4301
23515,21797
23515,15500
23515,15947
23509,14548
23509,18882
23509,20094
23509,20985
23509,6745
23514,7575
23506,15833
23506,20554
23506,20102
23506,677
23506,1303
23511,18990
23522,17733
23523,11107
23523,633
23524,18874
23524,17213
23524,24034
23524,4559
23526,17922
23526,6163
23526,23756
23525,19006
23525,12663
23525,1464
23528,13745
23528,2283
23528,6560
23528,19434
23530,23450
23530,7149
23530,4377
23530,2022
23518,3028
23518,12731
23518,7018
23518,557
23516,6673
23516,12183
23516,18618
23532,21376
23532,16247
23534,20117
23534,4972
23534,24221
23534,18226
23534,7569
23535,19682
23535,3656
23535,9168
23535,7486
23535,15559
23539,8801
23539,14654
23539,6691
23539,24646
23519,2459
23519,21039
23519,22748
23542,13924
23542,16148
23542,15080
23542,16503
23542,4686
23540,10707
23540,9495
23540,18883
23510,15211
23510,22270
23510,12106
23541,20519
23541,20710
23541,7034
23520,21814
23520,16353
23544,2715
23544,3906
23544,3063
23544,23998
23544,13718
23548,10022
23548,81
23551,19852
23551,16435
23551,21182
23551,22394
23551,20344
23550,5777
23550,16950
23550,21953
23550,23400
23546,7374
23546,5335
23546,19382
23546,10341
23546,2255
23521,13077
23521,9621
23521,19720
23521,16154
23521,23421
23547,18531
23538,4568
23538,658
23538,328
23538,23741
23538,9543
23562,9260
23559,4975
23559,8743
23560,21896
23561,20689
23561,2431
23561,22232
23554,19804
23554,13457
23554,7229
23554,22787
23554,23166
23543,5251
23557,3470
23577,1793
23577,1050
23577,16447
23577,20311
23565,13087
23565,3539
23565,11729
23565,6470
23580,3212
23579,1072
23579,7028
23579,20499
23579,6001
23579,6609
23566,1281
23566,2038
23566,21398
23566,11929
23566,20713
23567,10237
23567,18210
23567,10710
23567,13149
23572,6264
23572,21850
23563,14314
23563,23978
23563,8309
23563,3404
23563,3957
23573,22549
23573,17101
23573,5772
23573,11093
23574,21350
23574,6071
23574,6231
23574,18382
23574,9338
23586,4177
23586,7593
23593,766
23593,23871
23593,22512
23593,11548
23593,6863
23583,6681
23583,4527
23583,12684
23594,14118
23594,10897
23594,14429
23594,20268
23596,13759
23596,5185
23597,7467
23597,11023
23597,22711
23597,7157
23597,19258
23601,14709
23601,3012
23601,24761
23604,22171
23604,14253
23603,23499
23603,15880
23603,2435
23602,3713
23602,6618
23602,16435
23606,14616
23606,18831
23606,5868
23606,15477
23589,20824
23585,10671
23585,16865
23585,16545
23587,23287
23587,4306
23587,3963
23587,9648
23587,11794
23588,2593
23588,23191
23588,6089
23591,10243
23590,16345
23590,11983
23590,10306
23590,15216
23608,24719
23607,7792
23607,16811
23607,19195
23609,12808
23613,13375
23613,9684
23613,9625
23613,18140
23618,4558
23615,11409
23615,666
23615,23753
23615,6180
23615,6541
23617,17615
23617,12035
23617,24135
23617,11247
23617,20525
23620,24449
23620,23720
23620,14147
23620,1988
23620,1318
23621,17529
23621,9106
23621,17522
23626,7668
23626,3186
23626,16333
23626,21031
23626,9552
23624,10663
23624,21388
23624,592
23624,21441
23633,968
23633,5535
23635,21466
23635,15652
23636,21360
23632,12294
23632,21632
23632,24803
23638,1396
23637,11319
23637,14203
23641,23808
23641,19293
23641,2993
23644,11275
23643,23724
23643,21501
23643,21525
23643,18923
23640,14936
23640,21666
23640,5501
23640,16599
23640,6340
23645,16096
23645,3138
23599,17144
23599,12016
23625,15764
23646,15863
23646,23545
23646,12365
23646,13443
23627,19865
23627,14536
23647,12141
23647,8939
23647,21694
23647,16069
23647,9348
23648,3479
23648,2831
23648,18246
23648,19229
23654,23606
23654,21778
23653,10996
23653,9863
23653,11001
23652,311
23652,187
23655,23416
23656,8114
23656,2472
23660,21214
23660,16054
23660,712
23658,22099
23658,23444
23658,18239
23661,14519
23661,16132
23661,14507
23663,3737
23663,11761
23662,6801
23666,20618
23666,20723
23667,23444
23671,15726
23671,21289
23664,16294
23664,21755
23664,10979
23664,19944
23664,22262
23673,17275
23673,19808
23675,16102
23675,8219
23689,8012
23689,6981
23690,2546
23690,14994
23690,11047
23686,10157
23686,7150
23686,5900
23686,11462
23692,18642
23692,11812
23692,9208
23692,1336
23677,19725
23677,22439
23677,23292
23677,6344
23677,5948
23695,11123
23695,6265
23695,2924
23696,8108
23696,23050
23696,9667
23696,12197
23697,24028
23697,15301
23697,12705
23697,19875
23697,2671
23698,11322
23698,19256
23684,4654
23680,2699
23679,18232
23679,9160
23683,524
23685,4582
23685,7640
23702,4293
23702,14597
23702,8527
23702,12722
23708,24793
23708,21079
23710,12994
23710,18727
23714,8708
23714,4980
23715,4023
23716,10080
23716,23214
23716,22572
23717,10496
23721,19579
23721,8950
23721,9037
23721,16791
23709,1044
23711,8565
23711,15649
23700,24784
23700,2446
23682,21047
23682,9535
23682,19454
23722,4320
23722,1197
23722,3075
23722,24151
23722,18525
23727,21633
23727,17767
23727,3172
23734,1211
23734,5798
23735,3779
23735,22070
23724,21983
23737,16555
23737,20068
23738,10574
23738,2373
23740,24719
23740,3586
23740,13072
23740,10400
23740,14519
23741,5342
23741,9350
23741,11415
23741,19848
23733,9743
23733,11179
23733,4939
23733,1803
23733,9380
23744,6279
23744,864
23745,11539
23745,19599
23747,13209
23747,24608
23747,8179
23747,8339
23742,22889
23743,4931
23743,6803
23743,23918
23743,18827
23726,4687
23731,15449
23731,9466
23731,13148
23731,3915
23723,18023
23723,23360
23723,11526
23723,12626
23728,7759
23728,22519
23728,6075
23728,1200
23728,8727
23756,23984
23756,19363
23756,12713
23756,16782
23756,23527
23749,15484
23749,19632
23757,20859
23757,8615
23757,4769
23757,526
23758,3051
23758,11843
23748,7345
23748,8714
23748,13774
23748,23784
23748,17168
23761,10805
23761,4804
23761,24721
23763,19853
23763,9583
23763,8702
23763,12754
23762,1911
23762,12285
23729,13627
23729,20040
23764,16186
23764,7679
23764,4076
23764,7529
23766,7056
23766,18160
23766,6670
23766,15168
23765,12147
23765,8912
23765,3760
23765,2207
23750,21161
23750,23898
23750,1690
23750,24344
23750,340
23767,15677
23725,8433
23725,23335
23725,23848
23771,1384
23771,4168
23771,5520
23771,20301
23772,19345
23773,11469
23773,7851
23773,298
23773,14565
23773,9617
23776,7772
23776,4318
23776,11825
23777,17823
23777,8364
23777,3982
23777,14168
23780,24401
23780,2705
23780,19449
23784,854
23784,17301
23790,20786
23790,9263
23791,5849
23792,16015
23792,6893
23792,7632
23782,9579
23782,6160
23782,4762
23782,15494
23755,4517
23755,9874
23796,22494
23796,14276
23796,16748
23796,16152
23798,6992
23794,22788
23794,21769
23794,9449
23794,11098
23794,4773
23801,14794
23801,8747
23801,12004
23801,1741
23801,5612
23786,21248
23800,12114
23800,9184
23800,2011
23800,2439
23804,1636
23804,6226
23804,4297
23804,328
23785,16355
23785,17618
23785,8684
23783,16170
23783,11257
23813,1719
23813,16943
23813,13933
23813,17265
23816,5441
23816,19345
23816,20219
23816,4092
23816,6801
23799,13001
23799,10394
23808,19504
23808,9089
23810,18133
23810,9882
23810,7968
23824,5563
23824,16550
23824,4980
23824,18304
23818,19248
23814,3558
23814,7579
23814,3239
23815,14451
23815,8743
23815,21644
23815,21166
23832,23249
23829,11491
23829,23579
23829,19533
23834,8242
23834,5543
23835,7276
23835,15533
23835,22709
23835,3490
23835,11379
23836,14342
23836,5189
23836,15423
23836,12791
23836,16756
23846,20539
23846,12036
23846,4434
23805,11890
23805,3805
23845,13314
23845,23317
23845,6726
23845,11931
23844,10736
23844,14487
23844,673
23844,13696
23849,23027
23849,12248
23849,16355
23849,23173
23847,12594
23847,13993
23848,24692
23848,2330
23848,14281
23848,7545
23851,7356
23851,16142
23851,12552
23851,23724
23851,4519
23820,2444
23820,23920
23820,20817
23811,5510
23811,4435
23811,21010
23811,17399
23812,13256
23812,10958
23812,5665
23812,3171
23853,1770
23853,24952
23853,17234
23853,8205
23855,6891
23855,10121
23855,22339
23856,13321
23856,18207
23860,10684
23860,21005
23861,6363
23861,24506
23861,3553
23862,18066
23862,23525
23864,12824
23863,16380
23866,23730
23866,3407
23873,24750
23873,8233
23873,24378
23873,22138
23873,24364
23881,4951
23880,8296
23880,15942
23876,4136
23876,23600
23876,22861
23876,9085
23882,16195
23882,8396
23882,11625
23882,11204
23874,20873
23874,23948
23874,22190
23868,20487
23867,17024
23869,23904
23869,1334
23869,5042
23869,20873
23869,6240
23870,5760
23870,15099
23870,5568
23870,23975
23870,22433
23879,23877
23894,20757
23894,19366
23894,16071
23896,6228
23896,23491
23896,1511
23900,16427
23893,20890
23893,2872
23893,18485
23893,18130
23893,9688
23906,6079
23906,22325
23906,3767
23906,16809
23907,12103
23907,7185
23907,2490
23871,422
23871,3502
23871,6767
23886,18008
23886,22800
23886,8043
23910,20203
23911,14430
23914,12078
23913,16206
23913,769
23913,2007
23913,850
23913,6920
23917,5923
23915,20363
23915,2721
23915,4601
23915,20682
23915,15180
23919,7541
23919,16436
23919,2529
23919,10865
23919,10562
23887,21209
23887,9741
23887,5948
23920,21761
23921,7118
23921,5800
23921,16050
23918,6359
23918,24224
23918,19409
23918,15270
23918,14914
23923,2263
23923,19071
23923,4225
23923,16908
23923,8407
23916,13132
23926,8793
23933,1227
23934,22762
23935,9714
23912,7368
23912,23869
23932,10134
23932,9847
23932,24304
23932,4925
23936,9107
23936,14514
23936,9156
23936,13315
23936,20624
23940,381
23938,16436
23938,2450
23938,4799
23941,22198
23941,7741
23942,10217
23942,10874
23947,21173
23947,5842
23946,4403
23946,1005
23946,18997
23946,12173
23946,1498
23925,24213
23925,17853
23925,16053
23925,20141
23929,18586
23929,17396
23929,24378
23929,18850
23929,5770
23928,13964
23928,5571
23928,22286
23928,3509
23928,4837
23943,3590
23943,17716
23927,10577
23927,12867
23927,2345
23927,15211
23949,22061
23949,4846
23951,11218
23951,4057
23951,20138
23951,17844
23930,1503
23930,96
23930,11023
23930,19589
23930,3477
23950,2613
23950,4560
23950,9019
23952,7841
23952,24789
23952,3446
23953,19254
23891,4452
23955,19450
23955,18367
23955,7351
23955,9862
23955,10224
23954,6686
23954,2548
23954,10427
23954,5342
23954,11589
23957,10192
23957,2510
23958,10806
23959,20034
23959,16421
23959,12755
23959,7921
23959,16033
23960,21940
23960,23732
23961,21194
23961,2669
23962,20100
23962,12166
23962,24029
23962,2802
23962,18876
23963,18286
23956,11546
23956,11473
23956,9922
23956,20213
23956,3816
23966,5091
23966,104
23966,15881
23966,5115
23967,2711
23965,13340
23965,10498
23965,9062
23965,10884
23965,9304
23970,8148
23970,5969
23892,2297
23892,8245
23892,7079
23972,2913
23972,7382
23972,21083
23978,2616
23980,15458
23980,15905
23986,14514
23986,5257
23986,24749
23979,7968
23979,3054
23979,16809
23979,6891
23990,17179
23990,22924
23992,12826
23992,6006
23992,13527
23992,1329
23991,3391
23994,18633
23994,5437
23995,6096
23995,3717
23995,513
23988,14165
23988,20993
23988,12969
23988,7532
23988,10520
23985,20919
23999,2799
23999,2016
23999,1203
23999,8795
24001,7764
24001,13884
24001,5108
24002,12741
24002,21457
23977,20972
23981,14131
23981,11937
23981,6709
23974,12119
23974,19949
23974,8809
23974,12744
24003,22019
24003,23621
24003,4988
24003,19549
23975,10586
23975,19340
23975,456
23975,5554
23975,24907
24004,20041
24004,19812
24006,451
24006,21249
24006,10274
24006,24373
24010,11931
24010,1474
24010,3365
24010,19659
24007,20308
24007,10162
24007,18147
24012,14705
24012,8233
24014,13
24014,22200
24014,4636
24014,18582
24013,21887
24013,21728
24013,18681
24013,3331
24016,22436
24016,4762
24016,21750
24016,22027
24018,19592
24019,23672
24019,18123
24019,11226
24015,16108
24017,13310
24017,14935
24021,13753
24021,10203
24023,23259
24023,13067
24023,8676
24024,22837
24024,23143
24024,24341
24024,14763
24024,22120
24025,1501
24025,24683
24026,24901
24026,5857
24026,19582
24026,17243
24020,15329
24020,2634
24020,17475
24020,20817
24020,12038
24028,9321
24031,12722
24031,15485
24031,9263
24033,17220
24033,20143
24039,657
24039,4807
24039,21042
24039,3183
24041,6178
24041,6454
24041,23855
24043,7337
24048,21618
24050,9659
24049,14656
24049,19810
24049,15641
24044,11344
24044,3073
24044,20100
24044,19034
24044,18908
24045,24996
24045,18783
24054,19117
24054,12264
24054,23305
24056,21845
24056,22096
24055,6035
24055,22829
24055,4235
24055,11094
24055,13061
24058,7794
24058,2512
24058,19186
24058,11636
24060,23948
24060,10213
24060,341
24060,11662
24059,14737
24059,7935
24059,21182
24059,13989
24062,18924
24062,4679
24063,10107
24063,18283
24063,19828
24063,21254
24066,21378
24066,15667
24066,16242
24066,13049
24070,2261
24070,998
24069,11989
24068,7342
24068,9582
24068,21633
24083,10496
24083,13287
24084,17119
24084,11622
24084,2858
24084,13280
24084,7783
24080,7690
24080,6226
24085,12669
24085,24463
24085,14705
24085,5506
24085,3134
24082,24192
24082,8779
24082,7880
24082,9657
24086,1812
24086,17404
24090,1974
24090,17023
24090,2783
24090,21376
24088,16486
24088,7072
24095,12495
24095,2628
24092,20891
24092,24270
24092,4022
24093,4086
24098,20191
24073,4989
24073,233
24073,13624
24081,10010
24081,6590
24081,1251
24081,651
24076,23161
24076,9023
24076,7065
24076,798
24076,6153
24077,781
24077,9573
24100,11934
24100,7545
24100,15221
24100,22526
24100,6024
24101,7486
24101,4442
24101,3510
24101,19929
24107,725
24107,6892
24107,10599
24107,10051
24108,2100
24108,1307
24108,22212
24108,1568
24111,6108
24109,24916
24117,4612
24117,13387
24117,1072
24117,14538
24117,13930
24118,12742
24118,12494
24118,6380
24118,1836
24119,15108
24119,13028
24119,22251
24119,4790
24121,21034
24121,10227
24121,16983
24121,11223
24121,3648
24122,6700
24122,9889
24124,6940
24124,4108
24123,24903
24126,15488
24126,14380
24126,5491
24128,17692
24128,23194
24127,24109
24127,2797
24127,6329
24129,7120
24129,6298
24131,7681
24131,24286
24131,24642
24131,20379
24133,20222
24132,4530
24132,10640
24132,10184
24132,11647
24132,18495
24137,12274
24139,2229
24139,4357
24139,12566
24143,23866
24143,17961
24141,449
24141,275
24141,23945
24141,11104
24142,24475
24140,18851
24149,3947
24151,22527
24146,17954
24146,143
24146,9141
24147,12203
24147,1868
24147,14263
24147,23959
24147,6779
24144,10451
24144,18143
24144,7541
24144,8763
24153,17396
24153,14548
24153,16652
24155,16950
24155,4818
24157,13963
24157,24944
24157,16405
24157,2421
24154,16312
24135,23671
24158,19763
24158,1486
24158,15621
24158,16644
24161,750
24159,10082
24159,191
24159,1773
24159,21043
24159,8617
24145,12651
24145,15795
24168,4827
24168,8582
24168,10082
24168,19360
24160,132
24171,431
24171,6883
24172,13243
24166,11714
24166,6075
24166,21231
24148,21873
24148,530
24148,19014
24148,4592
24177,19445
24177,1122
24177,4663
24163,4403
24163,16778
24163,18521
24163,16557
24163,7520
24185,10679
24185,1682
24185,11611
24183,18803
24183,7181
24183,419
24183,4149
24183,12549
24187,666
24178,4464
24178,13996
24180,16339
24180,16185
24180,18170
24179,21408
24179,11467
24189,18043
24189,4227
24176,19442
24176,5784
24176,7307
24176,21735
24190,8161
24190,5840
24190,12036
24190,4046
24190,3092
24195,10477
24195,8450
24195,17163
24195,4529
24196,13850
24196,3460
24196,2439
24196,16561
24196,9571
24194,23020
24194,646
24194,726
24194,5815
24194,3807
24197,1561
24198,5488
24199,467
24199,4385
24199,12491
24184,24760
24184,8659
24184,14303
24184,10453
24191,2921
24202,7490
24200,24786
24200,1850
24200,17476
24200,18226
24200,5953
24203,9930
24203,14796
24203,9524
24205,8806
24205,18769
24208,451
24204,16955
24204,4546
24204,9466
24204,10493
24204,22492
24211,4335
24211,12921
24221,19235
24221,10399
24221,24694
24221,2234
24221,22806
24222,6957
24222,20065
24222,9616
24222,22188
24222,8
24219,6800
24219,19282
24219,21813
24219,20540
24226,23848
24226,15915
24228,14941
24228,4279
24228,23829
24228,9253
24227,9592
24227,5633
24227,15802
24227,21306
24227,9554
24229,17513
24230,21431
24207,4253
24216,10844
24216,3058
24216,22924
24216,12729
24216,5459
24210,7082
24210,13722
24215,7275
24213,15773
24213,3799
24213,4370
24213,5418
24213,4971
24212,18414
24212,18191
24212,2070
24212,1151
24212,23740
24233,24775
24233,7150
24233,7291
24218,5024
24231,14263
24231,2394
24234,1594
24234,6369
24234,11401
24234,19011
24237,12627
24237,5631
24237,2439
24244,21816
24244,16229
24242,9209
24242,20741
24242,4583
24242,5208
24247,1081
24245,21149
24245,21907
24245,6715
24245,21570
24245,1952
24249,13230
24249,1579
24249,16505
24250,21261
24253,8125
24253,18395
24253,5154
24253,10868
24257,12040
24257,10025
24239,4835
24239,4605
24239,4034
24258,3688
24256,8652
24256,14829
24256,18729
24256,20954
24256,18851
24243,22010
24243,1464
24243,7594
24243,4792
24255,17785
24255,22628
24240,10459
24240,13607
24240,16424
24240,9695
24261,12871
24262,15222
24262,10177
24260,3515
24260,19093
24260,10380
24260,217
24260,1892
24267,19960
24267,11278
24267,1571
24268,2352
24269,1829
24269,4092
24270,6921
24270,8626
24270,3842
24270,4307
24270,12215
24266,13246
24266,15351
24265,19692
24265,6143
24265,8569
24265,24515
24265,4892
24277,18374
24277,1253
24278,23898
24278,1969
24275,18154
24275,24452
24276,23552
24276,1993
24276,18161
24276,21647
24276,20472
24280,12010
24280,18673
24280,12266
24280,16039
24283,5041
24283,17896
24283,13136
24283,2578
24283,15731
24279,8557
24279,480
24279,2518
24279,11307
24279,15210
24287,12428
24287,19821
24287,9787
24287,18030
24289,17423
24289,12603
24289,6036
24289,266
24289,11707
24286,6304
24290,7836
24290,3844
24292,3677
24292,24236
24292,12083
24295,15259
24293,9829
24293,21221
24293,21202
24300,3743
24300,20134
24300,19004
24300,15777
24301,14935
24301,21319
24301,11824
24302,11106
24302,9450
24302,21900
24304,7068
24309,9010
24306,75
24311,24780
24311,4486
24316,3795
24316,19954
24308,907
24308,16325
24308,5720
24310,17025
24310,22014
24310,4714
24310,24198
24310,21356
24305,4708
24305,13984
24305,23574
24317,1614
24317,3382
24317,17439
24317,912
24317,413
24324,14457
24324,4362
24322,20757
24322,8906
24315,16467
24315,5992
24315,4113
24315,23801
24315,4636
24318,3745
24318,14126
24327,9843
24320,14624
24320,231
24334,10576
24334,18863
24334,24037
24334,6387
24326,4029
24326,10288
24326,12550
24325,15029
24325,17151
24325,21619
24325,20455
24337,19739
24329,12879
24329,8497
24338,24798
24341,1636
24341,7857
24330,9582
24330,20739
24330,16792
24330,22491
24330,2166
24333,6046
24333,22632
24344,10863
24344,9940
24344,5905
24344,10772
24332,9030
24345,21630
24345,9703
24345,988
24346,10116
24346,614
24347,24480
24347,21231
24347,12698
24348,1147
24348,4716
24348,19570
24348,8110
24348,18939
24351,18022
24351,7125
24351,19419
24352,3864
24352,10426
24358,7118
24358,977
24356,24296
24356,18319
24356,12443
24356,12994
24356,18223
24354,831
24354,22584
24354,24762
24365,506
24365,20881
24365,3820
24359,18815
24359,3642
24359,5980
24359,16719
24369,12905
24369,10293
24369,1040
24369,11596
24370,9964
24370,11233
24353,11137
24353,1863
24353,1109
24353,3627
24373,17016
24373,9030
24373,9154
24373,22752
24373,13969
24377,14378
24377,4946
24379,5204
24379,11019
24379,4009
24378,42
24378,22091
24378,21311
24378,21020
24378,4642
24380,9808
24380,5440
24380,20011
24380,1633
24380,22324
24362,22121
24361,4561
24361,12766
24361,12819
24364,8007
24364,9154
24364,15206
24364,18292
24383,650
24383,2357
24383,5841
24384,19243
24384,17443
24384,130
24390,17950
24390,17057
24389,17986
24389,1778
24389,5637
24389,20901
24389,3476
24392,23846
24392,5238
24392,3337
24391,22445
24391,6530
24393,3756
24393,2565
24395,24803
24396,17456
24396,5908
24396,5873
24396,10571
24408,9982
24408,16560
24408,21963
24408,3608
24408,23934
24402,22958
24402,16919
24402,11817
24402,12120
24409,9636
24409,9711
24409,22937
24409,3193
24403,20206
24403,22212
24403,10252
24403,3072
24412,2662
24410,7165
24410,7957
24410,8703
24410,12043
24410,19116
24404,16931
24404,18268
24404,13919
24404,2518
24404,20945
24413,6995
24413,8372
24405,9833
24405,8873
24405,21079
24405,16499
24405,1719
24394,23698
24394,5540
24394,6409
24394,14368
24394,19069
24417,14986
24417,24283
24417,668
24418,21794
24418,1453
24414,11092
24414,7849
24414,12738
24414,5170
24414,16574
24419,20902
24419,17576
24419,4323
24419,14471
24421,4030
24422,7006
24422,4126
24422,6349
24422,452
24415,13587
24415,23516
24415,1314
24415,24619
24415,198
24420,11716
24420,21424
24420,6624
24420,12928
24428,16901
24428,4735
24398,20255
24430,11214
24430,6995
24430,17867
24430,16865
24427,10077
24429,21768
24429,7869
24429,9714
24429,14632
24429,4379
24431,19053
24431,4515
24431,16036
24431,22641
24435,650
24436,9701
24436,14343
24436,17067
24437,7840
24437,2449
24437,8700
24437,4018
24438,6428
24438,7973
24438,16476
24438,3498
24440,5264
24440,9492
24440,18684
24440,3941
24441,23400
24442,14052
24442,8687
24442,23969
24442,7709
24442,3597
24445,23689
24445,22722
24445,14338
24447,16112
24447,15796
24448,6980
24448,15687
24450,10231
24450,11114
24450,13385
24450,12965
24452,9887
24452,8147
24456,17816
24455,16297
24455,12087
24455,11877
24454,17275
24454,10755
24457,8982
24457,11322
24460,22214
24462,18748
24462,20967
24462,14958
24463,22453
24463,16235
24459,12713
24459,3158
24459,18351
24459,16870
24464,7848
24464,9566
24465,13905
24465,4867
24465,7002
24465,16920
24465,9883
24467,14531
24467,12941
24467,17571
24467,19116
24466,8551
24466,11647
24466,12985
24466,6562
24468,16316
24468,7034
24468,12142
24468,24106
24468,13384
24470,19282
24469,12759
24469,10695
24469,16077
24469,10400
24472,24667
24472,17207
24472,21193
24472,19553
24471,141
24471,10991
24471,7166
24473,10882
24473,7740
24473,10349
24444,11450
24478,7901
24478,16331
24476,11023
24476,14152
24476,5748
24479,8461
24479,919
24480,14514
24480,14644
24481,14875
24485,4695
24485,14521
24485,22474
24485,22912
24486,17220
24486,614
24486,23251
24486,18469
24492,23138
24497,14542
24497,18258
24496,10984
24496,20359
24496,5677
24496,21978
24499,6911
24499,2725
24499,14419
24499,421
24499,15238
24503,8540
24503,12165
24503,1889
24503,24798
24506,2284
24506,9451
24506,3981
24506,10327
24506,12542
24505,1140
24505,11000
24505,6490
24505,19658
24505,6303
24507,17211
24507,12940
24509,6463
24510,3267
24510,9221
24510,23545
24510,287
24511,19306
24511,2448
24511,23943
24511,18089
24517,3351
24517,4480
24518,2907
24516,14696
24516,22925
24516,2576
24516,9161
24523,15633
24523,11391
24523,11356
24523,18166
24522,12029
24522,21546
24522,14530
24522,13493
24521,5987
24521,24255
24521,12040
24521,8616
24521,6446
24526,6851
24526,24395
24528,6856
24528,4629
24519,19627
24519,22207
24519,16584
24519,8506
24519,9730
24529,6637
24529,15590
24529,9601
24529,28
24530,15307
24530,8731
24531,7306
24531,4805
24531,1357
24531,13164
24531,15415
24532,19454
24532,10573
24532,16450
24536,22010
24533,9126
24533,14465
24533,18505
24539,5151
24539,14120
24537,12706
24540,17867
24540,11988
24540,8341
24540,19142
24540,12661
24545,6641
24548,3788
24548,18709
24548,17589
24548,9506
24482,23203
24482,23195
24482,17776
24547,1760
24547,24471
24547,14010
24547,21465
24550,14169
24550,14964
24550,2440
24550,1772
24550,3648
24546,15380
24546,19049
24546,21707
24546,12047
24555,16142
24555,14994
24555,7615
24557,18534
24557,23180
24557,24691
24557,18372
24551,5029
24551,4397
24551,15974
24551,20092
24559,5297
24564,5638
24564,2506
24565,6688
24565,17288
24562,5515
24562,10380
24562,19926
24562,1058
24494,17249
24494,23404
24494,4099
24494,5186
24494,4199
24525,10751
24525,13062
24525,13066
24525,2902
24525,4522
24538,7885
24549,18554
24549,4158
24549,20879
24556,17520
24556,14482
24576,2272
24576,9122
24576,8064
24576,11878
24577,21556
24577,2642
24577,2439
24578,10057
24578,8104
24575,12696
24581,14168
24581,9669
24580,24317
24580,18924
24580,9000
24570,23092
24570,19341
24570,19705
24570,16528
24570,20836
24568,6078
24571,11996
24571,11890
24571,2117
24571,8295
24572,18025
24572,14998
24572,9731
24582,20398
24582,6081
24582,712
24582,22461
24583,10392
24583,17240
24583,11074
24583,14179
24585,20661
24586,4737
24587,161
24587,20647
24587,5925
24587,4405
24589,6688
24589,14989
24589,162
24592,23653
24593,9869
24593,6958
24593,18330
24593,23292
24593,469
24594,3081
24594,21652
24594,16565
24594,14607
24594,7308
24597,22843
24597,5879
24599,9925
24600,21983
24600,19260
24601,10963
24513,14923
24513,8703
24513,13367
24603,433
24603,6334
24560,8351
24560,20709
24596,18499
24596,7763
24604,21273
24605,19130
24605,19047
24606,18805
24606,20807
24606,19350
24606,15387
24607,17816
24610,6591
24610,5814
24610,19839
24610,4117
24611,22318
24611,21551
24611,20725
24611,17077
24611,9059
24613,18418
24613,12258
24613,15336
24613,12893
24612,19863
24612,13007
24612,9298
24612,16430
24616,6564
24616,3213
24616,5719
24616,13254
24616,18326
24617,7255
24620,22093
24620,9944
24620,11668
24630,7657
24630,10768
24630,18121
24623,17451
24623,21345
24631,388
24631,15131
24631,18676
24628,2866
24628,5355
24632,14725
24636,14762
24636,5135
24636,20299
24636,7521
24636,12912
24638,13556
24638,19277
24638,5709
24637,9236
24637,11284
24637,21063
24637,567
24640,14385
24640,15731
24640,21267
24640,2555
24642,16104
24642,15853
24643,23436
24643,14951
24643,13071
24643,3906
24643,24515
24621,1235
24621,4101
24625,5953
24625,18586
24625,22141
24626,20546
24627,4101
24627,12140
24627,6889
24627,3857
24619,9590
24619,1072
24619,937
24619,12176
24622,20022
24622,413
24618,23047
24618,1441
24618,22145
24618,16497
24644,1848
24644,175
24641,20230
24648,12037
24648,8691
24651,4079
24650,36
24655,679
24655,10911
24655,5483
24646,9905
24658,23092
24658,12897
24659,6087
24659,15721
24656,20344
24656,14717
24661,21368
24657,8253
24657,4208
24653,7784
24653,1205
24653,21814
24653,10597
24653,19859
24663,8746
24663,6295
24663,14136
24663,16649
24663,2664
24664,3687
24664,24913
24664,15374
24664,13174
24664,24627
24665,15994
24665,12261
24665,5431
24666,13789
24666,10346
24674,2183
24674,24909
24674,4323
24674,16108
24674,219
24672,3213
24672,2145
24676,17246
24679,22375
24679,9043
24679,22932
24679,5564
24681,16266
24681,11703
24681,12004
24681,16528
24681,23276
24686,7011
24686,17428
24685,2711
24685,1526
24685,6965
24685,6728
24685,3542
24683,251
24683,9308
24683,4404
24683,17423
24675,16662
24675,19246
24675,7763
24687,9828
24687,2421
24687,11735
24687,4176
24687,18216
24689,7944
24689,24145
24688,10728
24688,24727
24688,11904
24693,9890
24693,225
24692,15179
24692,18551
24692,6061
24692,11433
24670,4196
24680,608
24680,20698
24680,24415
24680,10756
24668,466
24668,3087
24696,2520
24696,16840
24696,24319
24696,18213
24696,21098
24703,8969
24703,23698
24703,4579
24703,17793
24703,4594
24705,1073
24708,351
24708,18537
24708,7306
24708,12791
24701,14973
24701,2192
24701,7667
24701,21697
24701,11646
24707,5422
24707,19356
24707,9029
24702,3887
24702,21714
24712,15134
24712,24695
24711,12488
24710,446
24710,10006
24714,11947
24714,14815
24714,24971
24706,12568
24706,3589
24706,7477
24706,21493
24725,21276
24725,21817
24725,8263
24725,1453
24722,15507
24722,16501
24721,18833
24721,13220
24721,11768
24721,14720
24721,4418
24730,749
24719,23017
24719,2761
24719,10126
24719,6562
24726,10532
24726,6472
24726,5857
24726,19319
24723,22952
24723,16825
24723,22286
24723,7166
24731,12897
24731,3934
24731,7638
24731,1755
24718,3579
24718,16878
24718,4829
24718,1557
24718,15893
24734,12091
24734,2021
24734,14989
24734,5623
24734,7947
24737,23385
24737,21071
24736,177
24736,18048
24736,17175
24736,2988
24736,7612
24738,4403
24740,869
24740,13849
24742,6901
24742,5556
24742,22329
24746,6500
24746,17087
24746,1435
24746,19005
24745,5052
24745,19005
24747,7388
24747,15954
24747,14558
24748,6948
24748,16256
24748,2054
24750,17005
24750,18569
24753,5522
24753,16313
24753,11904
24753,12642
24753,9938
24761,2429
24758,16453
24758,13735
24758,10404
24766,1844
24766,17790
24766,13206
24765,175
24765,21660
24765,23854
24765,8905
24765,24183
24767,18171
24767,11895
24767,7575
24767,16595
24769,12590
24769,939
24769,18474
24769,2032
24770,11674
24770,16330
24770,21985
24770,20093
24770,16418
24772,14438
24774,24403
24774,16655
24774,22429
24754,22568
24776,4949
24776,11779
24776,52
24776,3457
24755,10989
24755,21020
24757,14430
24757,12152
24757,10233
24757,14347
24778,19924
24778,3025
24778,5980
24778,21438
24778,22106
24751,5786
24759,24438
24759,21172
24759,16579
24752,13743
24752,16402
24752,7220
24752,13663
24777,18679
24780,9408
24780,13734
24779,10020
24779,7374
24779,19595
24779,14695
24779,19074
24782,12796
24782,6484
24781,62
24781,16423
24781,18328
24781,2494
24783,1639
24783,7546
24783,6403
24789,6808
24788,6460
24788,8966
24788,1305
24786,2466
24786,24957
24786,12083
24786,2301
24791,5719
24791,17734
24791,10605
24791,23200
24793,2457
24793,11251
24793,21553
24793,9578
24793,2493
24795,1648
24795,11909
24799,21136
24799,7674
24799,24944
24799,11711
24799,16237
24805,19647
24805,421
24805,18165
24805,1834
24806,15131
24806,10806
24807,4718
24808,6593
24808,23640
24811,2474
24813,24616
24810,12660
24810,12437
24810,1636
24810,12156
24814,22816
24814,23344
24809,11232
24815,17235
24815,24648
24815,5886
24815,17295
24794,18120
24800,20103
24800,20178
24800,5629
24800,13865
24800,13346
24792,15614
24792,11453
24792,9617
24797,4244
24797,20036
24819,18912
24819,14771
24821,11100
24821,6001
24822,10565
24822,5771
24822,11096
24826,6703
24826,18812
24826,14306
24826,15121
24825,13469
24825,19109
24827,657
24827,7806
24827,23253
24827,19571
24828,6749
24828,5228
24828,17457
24798,16148
24798,24634
24798,13086
24798,14293
24829,8448
24817,11497
24817,9020
24817,18537
24817,3174
24669,19889
24669,9194
24832,3527
24832,7849
24832,8907
24832,15924
24832,5223
24840,15750
24840,16166
24840,23020
24844,5333
24830,8860
24830,14959
24830,7286
24830,24818
24830,17707
24838,4023
24833,9165
24833,3988
24833,7571
24833,17230
24833,7772
24834,158
24845,18923
24845,24385
24847,3751
24847,6848
24847,22910
24836,24604
24836,1255
24831,15902
24837,19045
24837,8372
24837,16279
24837,14917
24837,11124
24849,6399
24849,6153
24849,23414
24849,4562
24850,17575
24850,17836
24850,8329
24850,21459
24842,7345
24842,709
24842,7780
24842,4140
24853,1680
24853,4539
24855,21713
24855,8024
24857,21914
24858,15652
24858,23618
24860,4810
24860,16766
24860,3225
24861,3553
24861,4595
24861,8035
24861,7389
24862,14534
24862,1197
24863,14296
24863,8420
24863,11986
24864,12356
24864,18728
24865,13945
24865,21312
24865,6079
24865,13451
24866,19805
24868,20006
24868,11779
24868,23240
24868,10301
24874,8212
24874,13564
24876,14358
24876,12264
24876,20155
24876,4870
24876,17877
24875,2548
24875,12117
24875,4324
24875,23514
24878,18660
24879,14780
24890,14665
24890,5026
24888,18320
24888,2306
24888,18352
24888,12658
24897,5551
24898,24104
24898,10561
24898,5367
24898,6590
24898,23980
24887,24222
24887,10800
24880,14607
24880,4492
24880,23904
24880,24441
24880,23181
24885,23363
24884,7718
24884,9666
24884,13296
24900,10501
24900,12206
24900,18972
24900,4021
24902,18677
24902,21238
24902,3002
24902,5294
24901,20402
24901,5786
24901,16499
24901,5571
24901,11880
24905,23648
24886,17319
24892,777
24892,9085
24881,11914
24881,5288
24891,13507
24891,22402
24891,19506
24911,18991
24911,5630
24911,7541
24911,22360
24913,3180
24913,23457
24913,2676
24915,17050
24915,16294
24915,2875
24915,14736
24916,20744
24916,10529
24916,8104
24916,11457
24909,15093
24918,17329
24918,14616
24918,24488
24920,1026
24920,24890
24920,16930
24906,18050
24906,1495
24914,20373
24914,20772
24914,23682
24914,22684
24925,11658
24922,6064
24922,9625
24924,4176
24924,21465
24926,22552
24926,7432
24926,19939
24926,8816
24928,23450
24928,11189
24928,23897
24928,15634
24921,10729
24921,4268
24921,8621
24921,22816
24921,23078
24930,21505
24930,346
24932,16918
24932,11896
24935,16198
24935,11965
24935,8424
24935,7612
24935,8849
24937,10068
24937,18813
24947,18589
24947,16220
24948,13963
24948,21264
24944,13208
24953,19745
24953,13762
24956,4078
24956,21446
24956,1835
24934,13645
24934,19115
24934,16186
24941,21664
24941,24871
24957,4299
24957,15099
24957,519
24957,5834
24960,7327
24960,21072
24960,12103
24960,23265
24962,18335
24962,22658
24961,24533
24961,53
24965,4597
24942,13923
24942,21520
24942,9991
24942,5254
24942,13771
24946,16480
24972,4275
24972,20633
24971,5831
24970,4659
24967,11356
24967,10064
24967,12295
24982,22176
24982,1296
24982,2766
24982,6090
24983,13375
24987,20021
24987,16629
24987,19813
24987,410
24943,14195
24943,18881
24943,7702
24943,16560
24943,7104
24978,21330
24978,1561
24964,23113
24964,3254
24964,13707
24964,13018
24964,3818
24979,8443
24979,22083
24980,13151
24980,9895
24980,4686
24990,22744
24939,12606
24939,10920
24992,8428
24992,5509
24989,12600
24989,16472
24989,8849
24989,22683
24994,15477
24998,8201
24999,14562
25000,14388
25000,5936
25000,20622
